{"type": "FeatureCollection", "meta": {"alignment_id": "via_existing", "method": "lock-on-edge with KNN bootstrap and topological junction continuation", "densify_step_m": 50.0, "stay_threshold_m": 30.0, "snap_dist_reject_m": 500.0, "junction_bearing_tol_deg": 60.0, "n_matched_segments": 4}, "features": [{"type": "Feature", "geometry": {"type": "LineString", "coordinates": [[-73.5657451, 45.499756399999995], [-73.56457462540098, 45.49919037014996], [-73.56395910000002, 45.4988847], [-73.56300750000001, 45.49844499999999], [-73.56278830000001, 45.498334400000005], [-73.56249090000001, 45.4981955], [-73.5621639, 45.4980409], [-73.56193691256716, 45.497934549732115], [-73.56140768905831, 45.49768511885821], [-73.56079090000001, 45.4974364], [-73.5600939, 45.49710830000001], [-73.55979257938947, 45.49696616674766], [-73.55926403106963, 45.49671604039829], [-73.55865830000002, 45.496430800000006], [-73.5582050873242, 45.49621773656086], [-73.55767495922714, 45.495969179810956], [-73.5576431, 45.4959543], [-73.5575141, 45.4958921], [-73.55742680000002, 45.4958479], [-73.55733950000001, 45.4957991], [-73.55725090000001, 45.4957493], [-73.5571601, 45.4956935], [-73.557091, 45.4956492], [-73.55700590000001, 45.495589800000005], [-73.5569319, 45.4955334], [-73.5568569, 45.495475], [-73.5567807, 45.49541140000001], [-73.5567106, 45.4953489], [-73.55664910000002, 45.49529089999999], [-73.5565849, 45.4952278], [-73.55651850000001, 45.49516020000001], [-73.5564445, 45.4950692], [-73.55638980288036, 45.49499986214759], [-73.55613401368335, 45.494584000442174], [-73.55603010000002, 45.4941747], [-73.55600800000002, 45.4940988], [-73.55598580000002, 45.4940087], [-73.55596650000001, 45.49391940000001], [-73.55595050000001, 45.4938339], [-73.55593850000001, 45.49372799999999], [-73.55593559504801, 45.49369992867816], [-73.55594340000002, 45.4931967], [-73.55598580000002, 45.4928052], [-73.55603364068449, 45.492351961548785], [-73.55609990000002, 45.491718799999994], [-73.55612410000002, 45.4915032], [-73.5561302169866, 45.49145503242439], [-73.55619543090592, 45.49100749182056], [-73.55626347087227, 45.490560384408134], [-73.55633039795413, 45.490113178657815], [-73.55642349981619, 45.48967002571233], [-73.55642020000002, 45.4891623], [-73.55648740000001, 45.48876], [-73.5565349, 45.4883457], [-73.55654900000002, 45.4882495], [-73.55655900000001, 45.4881445], [-73.55656400000001, 45.48804090000001], [-73.5565659, 45.4879076], [-73.55656620000002, 45.487798], [-73.5565614, 45.487687099999995], [-73.55655270000001, 45.487560699999996], [-73.5565431, 45.4874639], [-73.55653786065149, 45.487423777620606], [-73.55643844156674, 45.48698202788134], [-73.55624910000002, 45.4865724], [-73.55620860000002, 45.4865049], [-73.5561638, 45.4864376], [-73.5561116, 45.4863678], [-73.5560655, 45.4863067], [-73.5560162, 45.4862478], [-73.5559638, 45.4861876], [-73.5559007, 45.4861204], [-73.55584890000002, 45.48606740000001], [-73.5558006, 45.48602060000001], [-73.55575060000001, 45.4859744], [-73.55569810000001, 45.4859277], [-73.5556433, 45.4858815], [-73.55558470000001, 45.4858344], [-73.55555394810463, 45.48581138699219], [-73.55521930000002, 45.4855862], [-73.55488140000001, 45.4854045], [-73.55465360000001, 45.485312300000004], [-73.55454326513764, 45.48527332695734], [-73.553949869009, 45.48510272368768], [-73.5539105, 45.4850941], [-73.55380200000002, 45.4850735], [-73.55370240000002, 45.48505819999999], [-73.55358320000002, 45.4850417], [-73.55347020000002, 45.4850279], [-73.5533704, 45.4850187], [-73.55332506084866, 45.48501533323134], [-73.55267871489451, 45.48500944563065], [-73.5525489, 45.4850164], [-73.5524236, 45.4850269], [-73.55231090000001, 45.48503740000001], [-73.55214590000001, 45.4850569], [-73.5521165, 45.4850604], [-73.55191940000002, 45.48508850000001], [-73.55171460000001, 45.4851239], [-73.55151100000002, 45.485162800000005], [-73.551292, 45.4852071], [-73.55114630000001, 45.4852399], [-73.55107980000001, 45.4852549], [-73.55080120000001, 45.4853202], [-73.54997670000002, 45.4855196], [-73.54871760000002, 45.485825], [-73.54845110000001, 45.485889], [-73.54813340000001, 45.485965900000004], [-73.54704260000001, 45.4862305], [-73.54659300000002, 45.4863384], [-73.54635490000001, 45.48639510000001], [-73.54613180000001, 45.48645], [-73.54603420000001, 45.4864737], [-73.54601556991335, 45.48647821706564], [-73.5454133543131, 45.486622912590015], [-73.54538210000001, 45.4866304], [-73.5449493, 45.4867348], [-73.54481095117603, 45.48676720001934], [-73.54420271933974, 45.48689742198907], [-73.543486, 45.487048800000004], [-73.54326340000001, 45.4870986], [-73.54303340000001, 45.4871523], [-73.5429154, 45.4871789], [-73.5426985, 45.487231], [-73.54259100000002, 45.48725710000001], [-73.54249090000002, 45.48728320000001], [-73.5421095, 45.48738490000001], [-73.54185970000002, 45.4874522], [-73.54178933339732, 45.487470547852844], [-73.5411397, 45.4876249], [-73.54060601783236, 45.48780344515247], [-73.54042530000001, 45.487905], [-73.52542310000001, 45.4929864], [-73.52513943621413, 45.4930802893035], [-73.52456587699852, 45.49327442267098], [-73.5226591, 45.4939214], [-73.519509, 45.4949843], [-73.51825521299126, 45.49541004759395], [-73.51768155537032, 45.49560429954361], [-73.51710883407326, 45.495799892391965], [-73.51605330000001, 45.4961566], [-73.5154159, 45.4963731], [-73.51538780402336, 45.49638251969609], [-73.51481369685166, 45.4965759005605], [-73.51402520000002, 45.4968445], [-73.5126309, 45.4973163], [-73.5119125, 45.4975604], [-73.51145070000001, 45.4977165], [-73.511156, 45.4978166], [-73.51082990000002, 45.4979275], [-73.51079952928525, 45.49793766901672], [-73.5104186, 45.4980647], [-73.50948730000002, 45.4983794], [-73.5090311, 45.4985339], [-73.50850441351133, 45.498713521403644], [-73.50817060000001, 45.4988255], [-73.50723470000001, 45.4990927], [-73.50675571371211, 45.4992552071686], [-73.5061830067623, 45.49945062631699], [-73.5051726, 45.49979160000001], [-73.50448950000002, 45.5000234], [-73.50438060000002, 45.50005939999999], [-73.5042877, 45.50009060000001], [-73.50418400000001, 45.5001259], [-73.50408790000002, 45.50016], [-73.50399560000001, 45.50019060000001], [-73.50361630000002, 45.5003198], [-73.50326480000001, 45.5004392], [-73.502755, 45.5006118], [-73.50231800000002, 45.50076020000001], [-73.50188460000001, 45.5009058], [-73.50121260000002, 45.5011346], [-73.50074560000002, 45.5012921], [-73.50027920000001, 45.50144920000001], [-73.5000776, 45.5015172], [-73.49966030000002, 45.501658299999995], [-73.49927030000002, 45.501788700000006], [-73.4986133, 45.502000499999994], [-73.49840820000001, 45.5020662], [-73.4982017, 45.502132599999996], [-73.49798860000001, 45.502198], [-73.49767380000002, 45.5022921], [-73.49730220000001, 45.5024054], [-73.49706080000001, 45.50247699999999], [-73.49680740000001, 45.5025501], [-73.49655890000001, 45.5026209], [-73.49632400000002, 45.5026882], [-73.4960833, 45.5027554], [-73.49566830000002, 45.5028692], [-73.49522680000001, 45.5029848], [-73.49482200000001, 45.5030902], [-73.49458960000001, 45.503150100000006], [-73.4942991, 45.5032232], [-73.49411740000001, 45.5032674], [-73.4939272, 45.5033129], [-73.49370180000001, 45.503365], [-73.4936633, 45.5033745], [-73.4935871, 45.503392], [-73.4935127, 45.50340969999999], [-73.49333800000001, 45.50344989999999], [-73.49318860000001, 45.50348290000001], [-73.49298350000001, 45.5035272], [-73.4927519, 45.503576900000006], [-73.49249570000002, 45.5036308], [-73.49221940000001, 45.5036857], [-73.4919682, 45.5037367], [-73.4916332, 45.5038042], [-73.4912996, 45.503864899999996], [-73.49110310000002, 45.5039006], [-73.49089530000002, 45.5039383], [-73.4906682, 45.5039781], [-73.49042160000002, 45.5040199], [-73.49014890000001, 45.5040654], [-73.48985110000001, 45.5041146], [-73.489607, 45.5041523], [-73.48936840000002, 45.5041888], [-73.489112, 45.5042254], [-73.48847390000002, 45.5043155], [-73.48804320000002, 45.5043724], [-73.48765730000001, 45.5044196], [-73.48735180000001, 45.5044558], [-73.48708230000001, 45.5044867], [-73.4866058, 45.5045352], [-73.48615660000002, 45.5045818], [-73.48594450000002, 45.5046025], [-73.48555970000001, 45.504636600000005], [-73.48512670000001, 45.5046725], [-73.4846915, 45.5047053], [-73.48421520000001, 45.5047403], [-73.4837869, 45.50476979999999], [-73.48271440000002, 45.5048398], [-73.48216100000002, 45.504876], [-73.48099350000001, 45.5049556], [-73.480378, 45.5049965], [-73.48025498986688, 45.505004751560165], [-73.4796217675484, 45.50504714417961], [-73.4783588, 45.50513120000001], [-73.4770305, 45.5052183], [-73.47566680000001, 45.505308400000004], [-73.47472150000002, 45.5053698], [-73.4732452, 45.50547], [-73.47189590000002, 45.5055593], [-73.47054520000002, 45.5056496], [-73.46990420000002, 45.50569070000001], [-73.469614, 45.50571], [-73.4691569, 45.505741099999995], [-73.4686867, 45.505771], [-73.46745490000002, 45.5058555], [-73.4671579, 45.5058749], [-73.466765, 45.5059008], [-73.46658820000002, 45.505912099999996], [-73.4660576, 45.5059476], [-73.46569073762602, 45.505972110970085], [-73.46510690000001, 45.5060117], [-73.46489840000001, 45.506025], [-73.46427840000001, 45.5060654], [-73.46325770000001, 45.5061322], [-73.462568, 45.5061798], [-73.46179940000002, 45.5062292], [-73.46130080000002, 45.5062641], [-73.4608264, 45.5062945], [-73.46062475455264, 45.50630768252818], [-73.45999129838802, 45.506348366943456], [-73.45946410000002, 45.506383799999995], [-73.45918420000001, 45.5064023], [-73.45890020000002, 45.50642129999999], [-73.45815460000001, 45.50647029999999], [-73.4576114, 45.5065061], [-73.45745841519235, 45.50651623121206], [-73.45717500000002, 45.506535], [-73.45637220000002, 45.5065878], [-73.45538200000001, 45.5066542], [-73.45445150000002, 45.5067153], [-73.45363920000001, 45.5067683], [-73.4525438, 45.5068408], [-73.4513622, 45.5069199], [-73.4491317, 45.5070663], [-73.44868540000002, 45.507096], [-73.4481186, 45.5071335], [-73.44795958181238, 45.507143711656724], [-73.44732621645046, 45.50718484251183], [-73.44699240000001, 45.5072069], [-73.44566380000002, 45.5072957], [-73.44470390000001, 45.50735999999999], [-73.44357260000001, 45.5074331], [-73.4428224, 45.50748359999999], [-73.44170430000001, 45.5075575], [-73.44072620000001, 45.5076226], [-73.4401966, 45.50765619999999], [-73.43980170000002, 45.5076836], [-73.43891390000002, 45.507742], [-73.43846330000001, 45.5077708], [-73.437152, 45.5078562], [-73.43702910000002, 45.50786370000001], [-73.4357879, 45.50794530000001], [-73.43517870000001, 45.5079869], [-73.43415450000002, 45.5080533], [-73.4332559, 45.5081135], [-73.4331468, 45.508120500000004], [-73.43276119816689, 45.508145323118015], [-73.43212774266574, 45.508186543099534], [-73.43149451530962, 45.50822857534895], [-73.43077200000002, 45.50831490000001], [-73.4286162, 45.5084574], [-73.42531710000002, 45.5086749], [-73.4229169, 45.5088332], [-73.42085100000001, 45.50897080000001], [-73.41905150000001, 45.50908840000001], [-73.41618770000001, 45.5092766], [-73.41484830000002, 45.5093671], [-73.41401770000002, 45.509419], [-73.41285560000001, 45.509496], [-73.41173660000001, 45.5095706], [-73.4112609, 45.509601599999996], [-73.41078290000002, 45.5096326], [-73.4098616, 45.509693199999994], [-73.40846010000001, 45.5097856], [-73.40708350000001, 45.5098755], [-73.40594220000001, 45.509952899999995], [-73.4053752, 45.509989700000006], [-73.40435660000001, 45.5100565], [-73.40377550000001, 45.5100946], [-73.4030675, 45.5101414], [-73.4027085, 45.510163899999995], [-73.4016063, 45.51023510000001], [-73.40096910000001, 45.5102779], [-73.4002769, 45.51032330000001], [-73.3989642, 45.5104093], [-73.3970839, 45.5105332], [-73.39544370000002, 45.5106406], [-73.39314530000001, 45.510792300000006], [-73.39294470000002, 45.5108059], [-73.3914151, 45.510906], [-73.38992210000002, 45.5110013], [-73.3888722, 45.5110734], [-73.38718460000001, 45.51118219999999], [-73.3866951, 45.5112123], [-73.38590368150587, 45.51126730264093], [-73.38527012429002, 45.51130810140605], [-73.3842346, 45.5113381], [-73.3830227, 45.51141440000001], [-73.38180750000001, 45.5114978], [-73.37703227508557, 45.511810053378774], [-73.37639908194978, 45.511852000538724], [-73.3766548, 45.5118357], [-73.37426870000002, 45.51198779999999], [-73.3732767, 45.5120552], [-73.37323234934529, 45.51205808712324], [-73.3728646, 45.5121198], [-73.3719847, 45.5121718], [-73.3713374740721, 45.51221887807413], [-73.37070420712043, 45.51226234486442], [-73.36968530000001, 45.5123306], [-73.36885100000002, 45.5123847], [-73.3670891, 45.512497100000004], [-73.36587800000001, 45.5125766], [-73.3646686, 45.5126559], [-73.3632051, 45.512751900000005], [-73.36166780000002, 45.5128523], [-73.36075170000001, 45.5129132], [-73.3463276, 45.5138489], [-73.3438046, 45.5140126], [-73.3437165, 45.5140183], [-73.34355460000002, 45.51402819999999], [-73.3434912, 45.51403239999999], [-73.34030457041239, 45.51424563936189], [-73.33967138295284, 45.514287997843], [-73.3388072, 45.5143458], [-73.3375951, 45.51444690000001], [-73.33644050000001, 45.5145688], [-73.33523970000002, 45.5147534], [-73.33403260000001, 45.5149856], [-73.33309710000002, 45.515207100000005], [-73.3321193, 45.5154745], [-73.32963650000002, 45.5162096], [-73.32779090000001, 45.51676350000001], [-73.3258033942587, 45.51735522658937], [-73.32521748513241, 45.51753024596794], [-73.3180499, 45.519673499999996], [-73.31798070000002, 45.5196942], [-73.31781310000001, 45.5197441], [-73.31774870000001, 45.519763299999994], [-73.3121714, 45.52142489999999], [-73.3088854, 45.5224112], [-73.3071942, 45.5229176], [-73.305453, 45.5234413], [-73.30466940000001, 45.5236731], [-73.3032253, 45.52410559999999], [-73.30244360000002, 45.5243389], [-73.3023483, 45.5243677], [-73.3021934, 45.5244143], [-73.30213040000001, 45.5244332], [-73.2893963, 45.5282407], [-73.28930150000001, 45.5282703], [-73.28279880000001, 45.530214300000004], [-73.2809164, 45.53077609999999], [-73.28064330000001, 45.53085709999999], [-73.2792975, 45.5312609], [-73.27807300000002, 45.5316266], [-73.2775817, 45.5317743], [-73.26956874031325, 45.53417295628939], [-73.26898108404127, 45.53434496196349], [-73.268366, 45.5345293], [-73.253531, 45.5389569], [-73.2446776, 45.5416001], [-73.24464000000002, 45.5416113], [-73.24452290000002, 45.54164600000001], [-73.24193680000002, 45.542413399999994], [-73.23499719631954, 45.54449099443169], [-73.23441126976981, 45.54466608709398], [-73.23142180000002, 45.5455583], [-73.22913647312521, 45.54623822847123], [-73.22855039971215, 45.54641275580009], [-73.22749120000002, 45.5467289], [-73.22693760000001, 45.5468919], [-73.2265845, 45.5469946], [-73.2262367, 45.5470922], [-73.22592400000002, 45.547175499999994], [-73.22547560000001, 45.547287], [-73.22513530000002, 45.5473701], [-73.2246446, 45.5474765], [-73.2243694, 45.5475344], [-73.2239799, 45.5476095], [-73.2235364, 45.54768769999999], [-73.2231931, 45.5477426], [-73.22277870000002, 45.547804500000005], [-73.2222761, 45.54787230000001], [-73.2218487, 45.5479226], [-73.22138490000002, 45.5479704], [-73.2207717, 45.548024600000005], [-73.220247, 45.548061100000005], [-73.21987740000002, 45.5480848], [-73.2194775, 45.54810260000001], [-73.21936741311465, 45.54810680379514], [-73.2187311610084, 45.54812910710043], [-73.21809533575886, 45.54813436818908], [-73.2179551, 45.5481352], [-73.21659830000002, 45.5481297], [-73.2152225, 45.5481227], [-73.21415290000002, 45.5481201], [-73.21300695883792, 45.548114887385545], [-73.2125041, 45.5481126], [-73.20791893501433, 45.548098835528215], [-73.20728536977407, 45.54810696910315], [-73.2072179, 45.548109600000004], [-73.20700550000001, 45.5481226], [-73.20678510000002, 45.54814520000001], [-73.20661220000001, 45.5481679], [-73.20638410000001, 45.548202], [-73.2061564, 45.5482461], [-73.206043955174, 45.54826914713807], [-73.20545217543199, 45.548433293006795], [-73.20490019901926, 45.5486481632834], [-73.20430010000001, 45.54891839999999], [-73.2041545, 45.5490113], [-73.20398980000002, 45.549124400000004], [-73.20386540000001, 45.5492174], [-73.2037195, 45.5493373], [-73.203569, 45.5494709], [-73.20344080000001, 45.54959579999999], [-73.203222, 45.5498394], [-73.2029274, 45.55025], [-73.2023259838263, 45.55114879139177], [-73.20205224900792, 45.55155470554519], [-73.200272, 45.554178400000005], [-73.1985054, 45.5567881], [-73.19847470000002, 45.5568334], [-73.19489962949505, 45.56209727479734], [-73.19462465071103, 45.562502989188296], [-73.1945168, 45.562749], [-73.19153380000002, 45.5671661], [-73.1894525, 45.570247800000004], [-73.18919209881639, 45.570635940807364], [-73.18891379267434, 45.57104049636477], [-73.18866230000002, 45.5714089], [-73.18841090000001, 45.5717834], [-73.1880829, 45.5722579], [-73.18791000000002, 45.572508], [-73.18774090000001, 45.57274060000001], [-73.1875274, 45.573014], [-73.1873068, 45.5732746], [-73.18711980000002, 45.573477100000005], [-73.1868765, 45.573722200000006], [-73.18659180000002, 45.573985099999994], [-73.18623810000001, 45.5742867], [-73.1860098, 45.5744608], [-73.18568720000002, 45.5746921], [-73.1852732, 45.574964800000004], [-73.1848835, 45.5751966], [-73.18454000000001, 45.57538579999999], [-73.1841343, 45.5755889], [-73.18367740000001, 45.5757941], [-73.18324770000001, 45.5759704], [-73.1827232, 45.5761606], [-73.18241170000002, 45.5762619], [-73.18179050000002, 45.576444499999994], [-73.18122550000001, 45.5765856], [-73.1803782, 45.5767768], [-73.17969610000002, 45.5769279], [-73.17933210000001, 45.5770083], [-73.17811982322118, 45.57727685704261], [-73.17751285931566, 45.5774112474935], [-73.17421890000001, 45.5781386], [-73.17259390000001, 45.5784993], [-73.17019850000001, 45.5790296], [-73.1691865, 45.5792549], [-73.1618753, 45.580906500000005], [-73.1593139725197, 45.581465620338705], [-73.15870626893475, 45.58159829519737], [-73.15737520000002, 45.5818517], [-73.1551201, 45.5823439], [-73.14766570000002, 45.5839967], [-73.14472710000001, 45.5846399], [-73.1418337, 45.585281099999996], [-73.12702820000001, 45.5885306], [-73.1089156309169, 45.592570925896204], [-73.10830860548654, 45.59270594121509], [-73.1077004874138, 45.59283846174193], [-73.09675937090952, 45.59522108133601], [-73.09614907186787, 45.59535042980993], [-73.09601930000001, 45.5953767], [-73.09463190000001, 45.5956837], [-73.0821887199783, 45.59843728562462], [-73.0817571, 45.5985328], [-73.07710670000002, 45.5995353], [-73.0607677, 45.6031331], [-73.05265380000002, 45.6049234], [-73.03710560000002, 45.6083385], [-73.03258380000001, 45.60933909999999], [-73.01953740000002, 45.6121992], [-73.00502660000001, 45.61537150000001], [-72.99997390000001, 45.6164859], [-72.99729580000002, 45.617083400000006], [-72.99565420000002, 45.61744970000001], [-72.98804481263315, 45.61911860974589], [-72.9874377082652, 45.61925252533181], [-72.98683043711642, 45.61938642782618], [-72.9869718, 45.6193556], [-72.97460500000001, 45.6220525], [-72.97164115142284, 45.622711061268404], [-72.9713921, 45.6227664], [-72.9668189, 45.62375260000001], [-72.96252495806704, 45.624700005050485], [-72.96191749796529, 45.62483283214043], [-72.9615493, 45.6249121], [-72.9582627, 45.6256383], [-72.95413010000001, 45.6265404], [-72.95098277618992, 45.627230504570925], [-72.9503754884364, 45.6273638757093], [-72.94893060000001, 45.627719], [-72.9481327, 45.6278946], [-72.9452054, 45.628537599999994], [-72.9449256483889, 45.628602585064634], [-72.94431872801238, 45.628737161200235], [-72.9443464, 45.6287311], [-72.9430416, 45.62901690000001], [-72.94189470000002, 45.6292768], [-72.94128643980021, 45.629414598939796], [-72.93971640000001, 45.629762899999996], [-72.93824459100318, 45.63006978964253], [-72.9370169, 45.63033099999999], [-72.93411760000001, 45.630966], [-72.9206534, 45.6339134], [-72.91272387587401, 45.6356492065862], [-72.9121163703619, 45.63578180229967], [-72.90971600000002, 45.6363046], [-72.90945640000001, 45.63636369999999], [-72.9091963, 45.636427], [-72.9090751989744, 45.636458333233946], [-72.90848088055624, 45.63663066709845], [-72.9076887, 45.6368778], [-72.90746560000001, 45.6369422], [-72.9072336, 45.6370073], [-72.907018, 45.6370646], [-72.90680080000001, 45.6371185], [-72.90671857303953, 45.63713757549874], [-72.90621880000002, 45.6372467], [-72.90418770000001, 45.6376899], [-72.90246348678416, 45.638065903338486], [-72.90185587763216, 45.63819871778032], [-72.90225990000002, 45.6381103], [-72.89622820000001, 45.6394303], [-72.89412600000001, 45.6398914], [-72.89366000000001, 45.6399979], [-72.89335457387207, 45.640070908137204], [-72.89278660000001, 45.6402108], [-72.8923637, 45.6403214], [-72.8919721, 45.64042930000001], [-72.89155560000002, 45.64054990000001], [-72.89114850000001, 45.6406717], [-72.8907431, 45.640799], [-72.89030930000001, 45.64094260000001], [-72.88990070000001, 45.64108480000001], [-72.88699744591699, 45.642124311739785], [-72.88643158421189, 45.64232974504082], [-72.8860211, 45.6424788], [-72.8844075, 45.643063], [-72.8836047, 45.6433548], [-72.88233530000001, 45.6438137], [-72.88052770000002, 45.6444738], [-72.87528830000001, 45.6463731], [-72.87342710000001, 45.647042], [-72.87152530000002, 45.6477362], [-72.8702263, 45.6482039], [-72.8687674, 45.6487358], [-72.8673778, 45.6492358], [-72.86597980000002, 45.64974539999999], [-72.8649043, 45.6501315], [-72.8642014, 45.6503874], [-72.86352490000002, 45.65063510000001], [-72.86267700000002, 45.650942], [-72.86150570000001, 45.6513663], [-72.8601522, 45.6518549], [-72.85574860000001, 45.6534489], [-72.85473390908982, 45.65381490917407], [-72.85454550000001, 45.6538845], [-72.853442, 45.65428140000001], [-72.85234950000002, 45.654679], [-72.851876, 45.6548527], [-72.85151470000001, 45.6549916], [-72.85119450000002, 45.6551175], [-72.8510147, 45.655188100000004], [-72.85076280000001, 45.65529780000001], [-72.85055800000002, 45.65538850000001], [-72.8502021, 45.6555504], [-72.8499266, 45.655687500000006], [-72.84964650000002, 45.6558305], [-72.84940100000001, 45.6559613], [-72.849127, 45.656114599999995], [-72.8489306, 45.6562294], [-72.8487403, 45.656345], [-72.84852070000001, 45.6564854], [-72.84825200000002, 45.65666180000001], [-72.84807580000002, 45.6567817], [-72.84792530000001, 45.65689059999999], [-72.84779570000002, 45.6569841], [-72.84765830000002, 45.65708720000001], [-72.84751490000001, 45.65719940000001], [-72.84735050000002, 45.6573272], [-72.8472013, 45.657452], [-72.84705430000001, 45.6575765], [-72.84692430000001, 45.6576876], [-72.84677980000001, 45.65781779999999], [-72.8466394, 45.6579483], [-72.84650520000001, 45.6580768], [-72.846388, 45.65819400000001], [-72.84625080000002, 45.6583308], [-72.84612810000002, 45.6584642], [-72.84599950000002, 45.6586045], [-72.84585630000001, 45.6587685], [-72.84573920000001, 45.6589054], [-72.84561930000001, 45.65905209999999], [-72.84548640000001, 45.6592226], [-72.8453802, 45.6593607], [-72.8452428, 45.6595461], [-72.8451106, 45.659730700000004], [-72.84488080000001, 45.66005950000001], [-72.84426950000001, 45.6609457], [-72.84374320000002, 45.6616995], [-72.84281290000001, 45.6630411], [-72.84177450000001, 45.6645433], [-72.84115610000002, 45.6654409], [-72.84077764119975, 45.66598876177783], [-72.84049854660088, 45.666392879066755], [-72.84036470000001, 45.6665867], [-72.83788590000002, 45.6701662], [-72.83762070000002, 45.67055100000001], [-72.837431, 45.67082009999999], [-72.83730540000002, 45.6709958], [-72.8371399, 45.671227], [-72.83702540000002, 45.6713854], [-72.836883, 45.6715744], [-72.83673250000001, 45.6717684], [-72.8366253, 45.6719005], [-72.83651130000001, 45.6720396], [-72.8363842, 45.6721866], [-72.8362562, 45.6723377], [-72.8361258, 45.6724849], [-72.8360137, 45.6726102], [-72.8358839, 45.6727527], [-72.83575190000002, 45.6728909], [-72.83560320000001, 45.6730409], [-72.83545240000001, 45.6731944], [-72.8352824, 45.67335990000001], [-72.8351252, 45.6735101], [-72.83498220000001, 45.67364310000001], [-72.8348363, 45.6737782], [-72.8346892, 45.6739068], [-72.8345228, 45.67405099999999], [-72.83432450000001, 45.6742198], [-72.83405630000001, 45.6744386], [-72.8338008, 45.674639600000006], [-72.8335659, 45.6748184], [-72.83331360000001, 45.6750037], [-72.8330484, 45.67519579999999], [-72.83280050000002, 45.6753676], [-72.8325836, 45.6755134], [-72.8320298, 45.6758883], [-72.8291394, 45.6778064], [-72.82502720000001, 45.6805342], [-72.82276400000002, 45.6820336], [-72.8225057, 45.68220829999999], [-72.82084060000001, 45.68331289999999], [-72.81975140000002, 45.6840336], [-72.81939860000001, 45.6842655], [-72.81900520000002, 45.684523], [-72.8187982, 45.6846575], [-72.81859640000002, 45.6847864], [-72.81837390000001, 45.68492320000001], [-72.818138, 45.685066], [-72.817906, 45.6852036], [-72.817694, 45.6853259], [-72.81753070000002, 45.6854194], [-72.81737910000001, 45.6855039], [-72.8171916, 45.68560599999999], [-72.81698090000002, 45.6857154], [-72.81679610000002, 45.6858121], [-72.8166141, 45.6859053], [-72.81639170000001, 45.6860158], [-72.81620950000001, 45.6861056], [-72.8159922, 45.6862091], [-72.81574780000001, 45.6863191], [-72.8155287, 45.6864186], [-72.81533120000002, 45.6865061], [-72.81514620000002, 45.686585], [-72.81493900000001, 45.6866707], [-72.81470890000001, 45.6867641], [-72.81452320000001, 45.6868392], [-72.81431840000002, 45.68691820000001], [-72.8141407, 45.6869844], [-72.81396760000001, 45.6870509], [-72.81376550000002, 45.687124499999996], [-72.813571, 45.6871926], [-72.8133643, 45.68726329999999], [-72.81318010000001, 45.6873251], [-72.81298350000002, 45.687390400000005], [-72.81282030000001, 45.6874447], [-72.8126454, 45.6874995], [-72.81248020000001, 45.68755120000001], [-72.81234140000001, 45.6875933], [-72.81215010000001, 45.6876491], [-72.81194960000002, 45.687708], [-72.8117788, 45.6877562], [-72.8115866, 45.68780910000001], [-72.81139670000002, 45.68785859999999], [-72.81118930000001, 45.6879113], [-72.8109836, 45.6879625], [-72.8107763, 45.6880142], [-72.81056710000001, 45.68806330000001], [-72.8103562, 45.68811130000001], [-72.81013220000001, 45.6881612], [-72.8099246, 45.6882048], [-72.80971570000001, 45.6882486], [-72.809534, 45.688287100000004], [-72.80926150000002, 45.6883413], [-72.80885320000002, 45.6884231], [-72.80675975079582, 45.68883158605327], [-72.8061516, 45.6889506], [-72.8051291, 45.6891508], [-72.80402180000002, 45.689367], [-72.80345960000001, 45.689476400000004], [-72.80308142983404, 45.68955009736522], [-72.80246901216077, 45.689671330707796], [-72.800823, 45.6899997], [-72.7934481, 45.6914347], [-72.79113490000002, 45.6918836], [-72.78652675730743, 45.69277770877576], [-72.78591374483065, 45.692897454042], [-72.785309, 45.6930162], [-72.78425910000001, 45.6932297], [-72.78407780000002, 45.69327070000001], [-72.7839012, 45.693312500000005], [-72.78372490000001, 45.693355], [-72.78355500000002, 45.6933982], [-72.78340060000001, 45.6934398], [-72.7832556, 45.6934807], [-72.78311460000002, 45.693521], [-72.78297530000002, 45.6935639], [-72.7828392, 45.6936065], [-72.7827036, 45.6936504], [-72.7825678, 45.6936952], [-72.7824341, 45.6937419], [-72.7822867, 45.6937948], [-72.7821352, 45.69385139999999], [-72.7819963, 45.693904], [-72.78184950000002, 45.69396270000001], [-72.7817076, 45.6940211], [-72.78157430000002, 45.6940779], [-72.7814441, 45.6941337], [-72.7813163, 45.6941922], [-72.78118030000002, 45.6942564], [-72.7810351, 45.694327], [-72.78089980000001, 45.6943935], [-72.7807715, 45.69446000000001], [-72.780647, 45.6945261], [-72.78052040000001, 45.694597], [-72.7804032, 45.6946624], [-72.7802812, 45.694732599999995], [-72.780164, 45.6948023], [-72.7800514, 45.69487170000001], [-72.779945, 45.694938], [-72.7798363, 45.6950075], [-72.77972730000002, 45.695079299999996], [-72.7796205, 45.6951494], [-72.7794231, 45.695282], [-72.77927589914218, 45.695381621546645], [-72.7789781, 45.6955864], [-72.77502950000002, 45.6982942], [-72.77405590000001, 45.6989763], [-72.76542560000001, 45.7049208], [-72.75671770000001, 45.7109342], [-72.75290480000001, 45.713558], [-72.74921640619318, 45.716099640634745], [-72.7487604536211, 45.71641318371297], [-72.7478442, 45.717044699999995], [-72.74315780000002, 45.720275300000004], [-72.73154350000002, 45.728274], [-72.7273727, 45.731145], [-72.7248945, 45.732849800000004], [-72.72461437329964, 45.73304504949598], [-72.72416590000002, 45.733356699999995], [-72.7064138, 45.7455563], [-72.69999777105448, 45.74998026066786], [-72.6999777, 45.7499941], [-72.68282840000002, 45.76178500000001], [-72.67636300000001, 45.7662321], [-72.67604530000001, 45.7664432], [-72.67571340000002, 45.7666572], [-72.67538720000002, 45.7668617], [-72.6750419, 45.7670667], [-72.67473810000001, 45.7672394], [-72.67444220000002, 45.767403], [-72.67414240000001, 45.76756399999999], [-72.67385560000001, 45.7677166], [-72.6677009, 45.7708919], [-72.66662780000001, 45.7714456], [-72.6650908, 45.77223659999999], [-72.663941, 45.7728292], [-72.662515, 45.7735651], [-72.6595337, 45.7751011], [-72.65811180000001, 45.7758354], [-72.65322290000002, 45.7783526], [-72.65226171686031, 45.77884786201733], [-72.6519715, 45.7789974], [-72.64886430000001, 45.7806003], [-72.6467941, 45.7816648], [-72.64333150000002, 45.7834509], [-72.6387312, 45.7858177], [-72.6371524, 45.786631], [-72.63584760000002, 45.7873006], [-72.63485390000001, 45.7878128], [-72.63301190000001, 45.78876240000001], [-72.62783540000001, 45.7914271], [-72.62501237478014, 45.792879184129966], [-72.62449812379501, 45.79314381914847], [-72.6249095, 45.792932099999994], [-72.6216252, 45.7946224], [-72.61876430000001, 45.796095], [-72.61596220000001, 45.7975371], [-72.60682280000002, 45.8022379], [-72.60464490000001, 45.8033588], [-72.60260970000002, 45.80440349999999], [-72.59421560000001, 45.8087205], [-72.5907009, 45.8105284], [-72.58643542010805, 45.81271873708958], [-72.5860353, 45.8129242], [-72.58195380000001, 45.8150212], [-72.5796016, 45.8162324], [-72.5792617, 45.8164076], [-72.5789481, 45.8165744], [-72.57862480000001, 45.8167493], [-72.5783274, 45.8169172], [-72.57802460000002, 45.8170932], [-72.5777539, 45.8172571], [-72.5774814, 45.8174265], [-72.57719430000002, 45.8176116], [-72.57691790000001, 45.8177974], [-72.57666530000002, 45.8179721], [-72.5764226, 45.8181462], [-72.5761977, 45.8183138], [-72.5759826, 45.8184801], [-72.57576590000001, 45.818652], [-72.57555720000002, 45.818821], [-72.575344, 45.8189964], [-72.57512890000001, 45.8191766], [-72.57491720000002, 45.81935730000001], [-72.5700642, 45.823516], [-72.5654724, 45.827461], [-72.5536559965557, 45.83760289116212], [-72.55325195709753, 45.837950211032954], [-72.5528631, 45.8382846], [-72.55042158199059, 45.84038018253814], [-72.55010000000001, 45.8406562], [-72.54954110000001, 45.8411288], [-72.54936240000002, 45.8412738], [-72.5491978, 45.84140610000001], [-72.5490324, 45.841537100000004], [-72.54885690000002, 45.841672800000005], [-72.54866800000002, 45.841813], [-72.54847440000002, 45.8419543], [-72.5482943, 45.8420831], [-72.54811420000001, 45.8422086], [-72.54794800000002, 45.8423235], [-72.547784, 45.84243270000001], [-72.54760880000002, 45.8425473], [-72.5474587, 45.842643699999996], [-72.54730280000001, 45.8427423], [-72.5471454, 45.842841], [-72.54699140000001, 45.8429327], [-72.54682570000001, 45.843031700000004], [-72.5466603, 45.8431288], [-72.5465072, 45.8432169], [-72.54634130000001, 45.8433096], [-72.54618820000002, 45.8433943], [-72.54602570000002, 45.8434818], [-72.54586400000001, 45.8435677], [-72.5457029, 45.8436528], [-72.54554180000001, 45.84373370000001], [-72.54534690000001, 45.843830700000005], [-72.54514200000001, 45.8439321], [-72.54493820000002, 45.844029], [-72.54472590000002, 45.8441283], [-72.54451630000001, 45.84422279999999], [-72.54430160000001, 45.8443179], [-72.54408360000001, 45.844411], [-72.54386780000002, 45.844502], [-72.5436532, 45.8445905], [-72.54343370000001, 45.84467870000001], [-72.54321340000001, 45.844764600000005], [-72.5429889, 45.8448511], [-72.54275130000002, 45.844939700000005], [-72.54252060000002, 45.84502259999999], [-72.542303, 45.84510250000001], [-72.54209250000001, 45.8451774], [-72.54095550000001, 45.8455808], [-72.53919210000001, 45.84620530000001], [-72.53730810000002, 45.8468731], [-72.53679240000001, 45.84705640000001], [-72.53529102678932, 45.84759003255571], [-72.53472177541677, 45.84779067201514], [-72.534987, 45.8476968], [-72.53157450000002, 45.8489046], [-72.5267591147178, 45.85060856395266], [-72.52637270000001, 45.8507453], [-72.52513320000001, 45.8511859], [-72.52456260000001, 45.85139160000001], [-72.52425920000002, 45.8515075], [-72.523989, 45.851613500000006], [-72.5237503, 45.8517086], [-72.52352960000002, 45.8517995], [-72.5232991, 45.851895], [-72.52308690000001, 45.8519866], [-72.5228533, 45.8520889], [-72.5226408, 45.8521848], [-72.52242850000002, 45.8522828], [-72.522219, 45.852383], [-72.5220144, 45.85248210000001], [-72.521803, 45.852588399999995], [-72.5216016, 45.8526903], [-72.52141400000001, 45.8527881], [-72.52121480000001, 45.8528939], [-72.5210145, 45.8530037], [-72.52082330000002, 45.8531097], [-72.52064330000002, 45.8532119], [-72.5204395, 45.8533311], [-72.52022490000002, 45.853460600000005], [-72.5200127, 45.853590800000006], [-72.51980690000002, 45.8537219], [-72.5196092, 45.853848], [-72.5194153, 45.8539763], [-72.51921710000002, 45.85411090000001], [-72.51903020000002, 45.854242400000004], [-72.5188523, 45.854368], [-72.51867220000001, 45.85450000000001], [-72.5184888, 45.8546368], [-72.5183143, 45.854769], [-72.5181365, 45.854907], [-72.51795970000002, 45.855048499999995], [-72.5177811, 45.85519200000001], [-72.51762580000002, 45.85532160000001], [-72.51761185701467, 45.85533345055055], [-72.51720562809805, 45.85567939016821], [-72.51711420000001, 45.8557575], [-72.5169521, 45.8558987], [-72.5167946, 45.8560372], [-72.51615330000001, 45.85659890000001], [-72.51526730000002, 45.8573749], [-72.5151591, 45.8574701], [-72.5140116860628, 45.85847987024178], [-72.51361272396817, 45.85883013627208], [-72.51390290000002, 45.85857550000001], [-72.51005400000001, 45.86195300000001], [-72.5071901, 45.8644673], [-72.50443656241899, 45.866885764707575], [-72.50401900000001, 45.86725009999999], [-72.5011985, 45.8697304], [-72.49928210000002, 45.871411699999996], [-72.49885247758941, 45.87178995988923], [-72.49859110000001, 45.8720201], [-72.49798550000001, 45.872550499999996], [-72.4962986, 45.87403290000001], [-72.49429950000001, 45.8757853], [-72.4932597, 45.8766965], [-72.4932175, 45.8767321], [-72.49317500000001, 45.8767687], [-72.49156900000001, 45.8781792], [-72.4914557, 45.8782786], [-72.4913463, 45.8783746], [-72.49120370000001, 45.87850350000001], [-72.49104900000002, 45.8786453], [-72.49093460000002, 45.878755], [-72.490821, 45.8788665], [-72.4907152, 45.8789725], [-72.4906033, 45.87908850000001], [-72.490527234274, 45.87917107134732], [-72.49019067797097, 45.87955195864217], [-72.4900512, 45.87971640000001], [-72.48993340000001, 45.87986310000001], [-72.48981880000001, 45.8800122], [-72.48970290000001, 45.88016170000001], [-72.48958770000002, 45.8803075], [-72.4894896, 45.8804359], [-72.48938390000002, 45.8805722], [-72.4892908, 45.880692], [-72.4886103, 45.881567800000006], [-72.4882562, 45.88202700000001], [-72.48782290000001, 45.8825864], [-72.4877778, 45.8826434], [-72.48773253044862, 45.882700614740365], [-72.48741758395404, 45.8830914855319], [-72.48739420000001, 45.8831186], [-72.4873086, 45.8832136], [-72.48722100000002, 45.88330909999999], [-72.4871392, 45.88339200000001], [-72.48706545093889, 45.883466519286316], [-72.48667941987372, 45.883823755250276], [-72.48631370000001, 45.8841405], [-72.486178, 45.8842501], [-72.48603240000001, 45.8843628], [-72.4859098, 45.88445719999999], [-72.48578790000002, 45.8845479], [-72.48566870000002, 45.8846346], [-72.48554360000001, 45.8847239], [-72.48540800000002, 45.8848191], [-72.4852458, 45.8849308], [-72.48507300000001, 45.885046900000006], [-72.48489730000001, 45.8851624], [-72.48460230000002, 45.885351], [-72.48399788759856, 45.88573904323421], [-72.482529, 45.8866834], [-72.48129010000001, 45.8874782], [-72.48117064821636, 45.887551762454684], [-72.4806771453256, 45.887836412341294], [-72.48009070000002, 45.8881415], [-72.4799179, 45.88822780000001], [-72.479744, 45.888317900000004], [-72.47957660000002, 45.8884051], [-72.47941070000002, 45.88849619999999], [-72.47923960000001, 45.8885902], [-72.47905440000001, 45.888695], [-72.4788813, 45.8887974], [-72.4787152, 45.888897], [-72.4785497, 45.88900099999999], [-72.47837780000002, 45.8891104], [-72.47821440000001, 45.8892177], [-72.47803480000002, 45.88933959999999], [-72.4778716, 45.8894536], [-72.47728847705727, 45.88987458631964], [-72.47715410000002, 45.88997160000001], [-72.47345640000002, 45.892658600000004], [-72.4731818, 45.8928619], [-72.4728939, 45.89308079999999], [-72.47259730000002, 45.8933105], [-72.47230160000001, 45.89354530000001], [-72.4699625, 45.8955184], [-72.46982600000001, 45.89563199999999], [-72.4696764, 45.895754499999995], [-72.4695233, 45.8958745], [-72.46935520000001, 45.8960003], [-72.46919780000002, 45.8961146], [-72.46904250000001, 45.89622130000001], [-72.46888650000001, 45.8963215], [-72.4687443, 45.8964074], [-72.46859210000001, 45.8964945], [-72.4684379, 45.8965781], [-72.4682832, 45.8966559], [-72.46813090000002, 45.896729500000006], [-72.46796990000001, 45.8968038], [-72.4678071, 45.8968773], [-72.46762010000002, 45.896959], [-72.467436, 45.897036400000005], [-72.46696540000002, 45.8972336], [-72.46448870000002, 45.898263899999996], [-72.4639826, 45.8984927], [-72.4638173, 45.898564900000004], [-72.46362290000002, 45.8986533], [-72.46343510000001, 45.8987417], [-72.46325830000002, 45.8988269], [-72.46308850000001, 45.8989142], [-72.4629328, 45.8989955], [-72.4627661, 45.8990858], [-72.4626069, 45.8991774], [-72.46245970000001, 45.8992645], [-72.4623054, 45.8993599], [-72.46215770000002, 45.899453599999994], [-72.4620099, 45.899551], [-72.46186960000001, 45.8996467], [-72.46173670000002, 45.89974300000001], [-72.4615936, 45.8998475], [-72.46146170000002, 45.8999477], [-72.461335, 45.90004530000001], [-72.46121650000002, 45.90013929999999], [-72.461102, 45.900230900000004], [-72.46051592221008, 45.900713598836745], [-72.46010320167275, 45.90105586685667], [-72.46043530000001, 45.90078], [-72.45502430000002, 45.90527480000001], [-72.45164580000001, 45.9080809], [-72.45133640000002, 45.908334999999994], [-72.45061858421934, 45.908930839309285], [-72.4504834, 45.9090436], [-72.44197650000001, 45.916103], [-72.43376690000001, 45.9227937], [-72.4272138, 45.9281273], [-72.42546770000001, 45.9295465], [-72.4252316, 45.9297339], [-72.42502210000002, 45.9298979], [-72.424845405459, 45.930031420309284], [-72.42431510000002, 45.9304224], [-72.42404240000002, 45.9306143], [-72.42377180000001, 45.9307937], [-72.42346990000001, 45.9309894], [-72.423163, 45.9311818], [-72.42285890000001, 45.9313652], [-72.42254420000002, 45.9315481], [-72.4222288, 45.9317293], [-72.4209737, 45.932443400000004], [-72.41099480000001, 45.9380985], [-72.40965780000002, 45.938855000000004], [-72.40776520000001, 45.9399299], [-72.40039260000002, 45.944110099999996], [-72.39672490020426, 45.94619097837063], [-72.39622912334158, 45.946472654339836], [-72.39514780000002, 45.9470876], [-72.39495340000002, 45.9471992], [-72.39475690000002, 45.9473158], [-72.39457640000002, 45.947423699999995], [-72.3943808, 45.947546900000006], [-72.39418890000002, 45.947673099999996], [-72.39400080000001, 45.947801], [-72.39381860000002, 45.9479283], [-72.3936509, 45.94805120000001], [-72.39348990000002, 45.9481736], [-72.3933378, 45.9482935], [-72.39318130000001, 45.9484174], [-72.3930093, 45.9485611], [-72.39296523712342, 45.9485985386589], [-72.3927657, 45.9487689], [-72.39217320000002, 45.9492848], [-72.3919903, 45.9494465], [-72.39181650000002, 45.9496051], [-72.39164440000002, 45.949764800000004], [-72.3914608, 45.9499455], [-72.39131750000001, 45.9500952], [-72.39116060000002, 45.95026560000001], [-72.39101400000001, 45.9504347], [-72.39087330000001, 45.95060899999999], [-72.39073690000001, 45.9507888], [-72.39060500000001, 45.950971], [-72.3904894, 45.9511449], [-72.39037090000001, 45.9513388], [-72.39026010000002, 45.9515291], [-72.39016470000001, 45.951709099999995], [-72.39007090000001, 45.9518963], [-72.38998430000001, 45.95208950000001], [-72.38990190000001, 45.9522881], [-72.38983100000002, 45.9524809], [-72.3897669, 45.9526731], [-72.3897148, 45.9528515], [-72.38966860000001, 45.95302970000001], [-72.38963280000002, 45.9531929], [-72.38960660000001, 45.9533294], [-72.3895812, 45.9534724], [-72.38956080000001, 45.9536312], [-72.3895433, 45.953795099999994], [-72.3895319, 45.953938], [-72.38952480000002, 45.95407850000001], [-72.38952230000001, 45.9542258], [-72.38952240000002, 45.9543872], [-72.3895302, 45.9545427], [-72.38954240000001, 45.9547108], [-72.3895588, 45.95488160000001], [-72.38958220000002, 45.9550437], [-72.3896081, 45.9552127], [-72.38963650000001, 45.95536200000001], [-72.38967440000002, 45.9555229], [-72.3897148, 45.9556788], [-72.3897637, 45.9558473], [-72.3898134, 45.9560025], [-72.38986390000001, 45.956145], [-72.3899144, 45.9562767], [-72.3899675, 45.9564048], [-72.3900245, 45.9565351], [-72.3900823, 45.9566655], [-72.39014750000001, 45.9568034], [-72.39021440000002, 45.9569417], [-72.39028300000001, 45.9570829], [-72.39037600000002, 45.9572735], [-72.39162792552388, 45.95979345472912], [-72.39183762043479, 45.96021801262578], [-72.39419480000001, 45.964954], [-72.3952437, 45.967067], [-72.39868820000001, 45.9739919], [-72.40013480000002, 45.9769071], [-72.4021321, 45.9809053], [-72.40235560000002, 45.98136600000001], [-72.4027597, 45.98217110000001], [-72.4035648, 45.9838019], [-72.40534180000002, 45.9873743], [-72.40566570000001, 45.9880359], [-72.4057671, 45.9882403], [-72.4058691, 45.9884607], [-72.40596540000001, 45.9886892], [-72.40605320000002, 45.9889183], [-72.4061372, 45.989146899999994], [-72.40620840000001, 45.98937], [-72.40627530000002, 45.9895944], [-72.40633540000002, 45.98982000000001], [-72.4063906, 45.99007360000001], [-72.4064323, 45.99029370000001], [-72.40646710000001, 45.99050100000001], [-72.40649170000002, 45.9907077], [-72.4065116, 45.990906], [-72.40652810000002, 45.99110000000001], [-72.40653900000001, 45.99127300000001], [-72.40654430000001, 45.991477], [-72.4066152, 45.994033300000005], [-72.40667300000001, 45.9964337], [-72.40699280038515, 46.00884657570881], [-72.4070040964291, 46.00929622603888], [-72.407012, 46.0096153], [-72.40705100000001, 46.01122530000001], [-72.40708130000002, 46.012502], [-72.40728371956686, 46.02098753229427], [-72.4072914, 46.02130950000001], [-72.4073146, 46.02232430000001], [-72.4073147, 46.0225531], [-72.40730760000001, 46.022801199999996], [-72.407287, 46.0230524], [-72.4072545, 46.0233018], [-72.40721780000001, 46.0235089], [-72.40717110000001, 46.02374350000001], [-72.40711150000001, 46.0239768], [-72.40704300000002, 46.024203], [-72.40695920000002, 46.0244429], [-72.4068678, 46.0246827], [-72.40675480000002, 46.0249311], [-72.40663080000002, 46.0251793], [-72.4064932, 46.0254298], [-72.4063453, 46.02567500000001], [-72.40619980000001, 46.0258957], [-72.40604650000002, 46.0261098], [-72.40588740000001, 46.0263156], [-72.40571600000001, 46.0265236], [-72.40552910000001, 46.0267369], [-72.40535610000002, 46.0269235], [-72.40529829493325, 46.026981162250046], [-72.40519420000001, 46.027085], [-72.40382137818568, 46.02844608101116], [-72.4034525341295, 46.02881239884748], [-72.39888420000001, 46.0333515], [-72.39866980000001, 46.0335732], [-72.39846510000001, 46.0338001], [-72.39827210000001, 46.0340288], [-72.3980877, 46.03426610000001], [-72.39790050000002, 46.034527499999996], [-72.39772940000002, 46.03479130000001], [-72.3975732, 46.0350587], [-72.39744360000002, 46.0353049], [-72.39732690000001, 46.035549100000004], [-72.39722460000002, 46.0357894], [-72.39714320000002, 46.03601140000001], [-72.39707150000001, 46.0362222], [-72.3970056, 46.0364536], [-72.39694820000001, 46.03669300000001], [-72.39690070000002, 46.0369255], [-72.396859, 46.03720030000001], [-72.3968321, 46.0374393], [-72.39681850000001, 46.0377094], [-72.39681580000001, 46.0379539], [-72.3968209, 46.0381988], [-72.39683130000002, 46.0384054], [-72.39684500000001, 46.0385896], [-72.3968674, 46.0388341], [-72.39706480000001, 46.0408117], [-72.39723160000001, 46.0425345], [-72.39729377759133, 46.04318289420146], [-72.39733690976938, 46.04363139984519], [-72.397408, 46.0443158], [-72.3976032, 46.0463058], [-72.3978202, 46.0484927], [-72.3980458, 46.0507913], [-72.39834050000002, 46.0537734], [-72.3984166, 46.05453979999999], [-72.39846300000002, 46.05497669999999], [-72.39849389772291, 46.055295900320175], [-72.39853690596256, 46.05574451193675], [-72.39861360000002, 46.0565019], [-72.3990143, 46.0605405], [-72.39920555855896, 46.06247392786826], [-72.399249935488, 46.06292256254706], [-72.40018182926555, 46.07234388840619], [-72.40022486258071, 46.0727926973532], [-72.4002449, 46.07301780000001], [-72.4002632, 46.073246600000004], [-72.4002756, 46.0734768], [-72.40028130000002, 46.0737215], [-72.4002781, 46.0739682], [-72.4002698, 46.074165400000005], [-72.4002497, 46.0743611], [-72.40022040000001, 46.07459419999999], [-72.40017930000002, 46.0748286], [-72.40012390000001, 46.0750804], [-72.40006540000002, 46.0752907], [-72.40000190000002, 46.0754977], [-72.39992760000001, 46.0757075], [-72.39984930000001, 46.0759111], [-72.3997611, 46.0761147], [-72.3996471, 46.076352], [-72.39952790000001, 46.07658000000001], [-72.39939490000002, 46.07680659999999], [-72.3992567, 46.0770253], [-72.3990975, 46.0772552], [-72.3989234, 46.077484500000004], [-72.39875490000001, 46.077692], [-72.39859300000002, 46.0778839], [-72.3984133, 46.0780743], [-72.3982358, 46.07825259999999], [-72.39805670000001, 46.0784247], [-72.3978579, 46.0786071], [-72.39775580420746, 46.07869771785272], [-72.3973510252932, 46.07904540207542], [-72.39463230000001, 46.081349499999995], [-72.3941162, 46.0817921], [-72.39246072648186, 46.083188405804876], [-72.39205269456905, 46.08353336771251], [-72.3780178, 46.0953996], [-72.37775900000001, 46.095624900000004], [-72.3775058, 46.0958533], [-72.37728680000001, 46.09606039999999], [-72.3770581, 46.0962815], [-72.37685030000002, 46.0964926], [-72.3766238, 46.0967264], [-72.3764219, 46.096947699999994], [-72.376237, 46.097159], [-72.3760395, 46.0973863], [-72.37586110000001, 46.097604], [-72.3756849, 46.0978257], [-72.3755223, 46.0980399], [-72.375374, 46.0982431], [-72.37522340000001, 46.0984553], [-72.37508050000001, 46.098666], [-72.37494750000002, 46.09886569999999], [-72.37455835413957, 46.09946794775621], [-72.37429593323908, 46.09987736514628], [-72.37403482807088, 46.10028747877068], [-72.37417010000001, 46.1000752], [-72.37325097347173, 46.101517561698984], [-72.37318200000001, 46.1016258], [-72.37194091249361, 46.103566595277506], [-72.37167876066482, 46.103976355812144], [-72.37092470000002, 46.1051548], [-72.37063087601697, 46.10561553982394], [-72.37036994518984, 46.106025740983064], [-72.36991550000002, 46.1067355], [-72.3697907, 46.1069277], [-72.36965720000002, 46.1071266], [-72.36951750000001, 46.1073207], [-72.36937390000001, 46.10751], [-72.3692477, 46.1076654], [-72.36911990000002, 46.10781540000001], [-72.36898840000002, 46.1079624], [-72.36886240000001, 46.1080978], [-72.36873510000001, 46.1082254], [-72.36860490000001, 46.1083515], [-72.36847010000001, 46.108475], [-72.3683325, 46.1085986], [-72.36818810000001, 46.1087216], [-72.36801440000002, 46.1088644], [-72.36785170000002, 46.1089907], [-72.3676884, 46.10911480000001], [-72.36751160000001, 46.1092453], [-72.36733750000002, 46.1093713], [-72.36683738360817, 46.10972925294056], [-72.36639039460299, 46.11004918126168], [-72.3611901, 46.11377230000001], [-72.3589771, 46.1153487], [-72.35690280000001, 46.11683489999999], [-72.35416090000001, 46.118797], [-72.35252705512542, 46.119962556538624], [-72.35207743554784, 46.120280949721405], [-72.35154680000001, 46.12065510000001], [-72.35135800000002, 46.120784300000004], [-72.3511667, 46.1209148], [-72.35095760000002, 46.121052], [-72.35076090000001, 46.1211743], [-72.35056740000002, 46.1212898], [-72.3503703, 46.1214035], [-72.35015830000002, 46.121519], [-72.34996620000001, 46.1216181], [-72.3497708, 46.1217151], [-72.34954970000001, 46.121822], [-72.34933410000001, 46.12192180000001], [-72.34754196691401, 46.12273538693853], [-72.34730360000002, 46.1228436], [-72.34135950000001, 46.1255266], [-72.33744750000001, 46.12728890000001], [-72.33376870000001, 46.1289411], [-72.333589, 46.12902350000001], [-72.32965810000002, 46.1307962], [-72.3282141, 46.1314449], [-72.3237828, 46.133443799999995], [-72.3200247, 46.135137], [-72.31209230000002, 46.1387224], [-72.31018870000001, 46.1395861], [-72.29773680000001, 46.1452273], [-72.29062370000001, 46.148439100000004], [-72.2812564, 46.1526652], [-72.28088660000002, 46.152831000000006], [-72.28052010000002, 46.1529943], [-72.2801387, 46.15315940000001], [-72.2797678, 46.1533173], [-72.2793786, 46.1534815], [-72.2789893, 46.1536438], [-72.27858180000001, 46.1538111], [-72.2766678, 46.1545864], [-72.2724718, 46.1562861], [-72.27069320000001, 46.1570038], [-72.2699445, 46.157307], [-72.26839140000001, 46.1579329], [-72.26544070000001, 46.1591269], [-72.26343723527178, 46.159934436379935], [-72.2633299, 46.1599777], [-72.2604399, 46.1611474], [-72.25840340000002, 46.1619687], [-72.2559264, 46.162968600000006], [-72.2537632, 46.1638453], [-72.2524752, 46.1643619], [-72.2481672, 46.1661016], [-72.24390620000001, 46.167819400000006], [-72.24077410000001, 46.16908900000001], [-72.239648, 46.1695452], [-72.235812, 46.17108890000001], [-72.23416533443542, 46.1717546629537], [-72.2332056, 46.1721407], [-72.21885030000001, 46.1779505], [-72.2157508, 46.17920169999999], [-72.2146993, 46.17962620000001], [-72.2117896, 46.1808008], [-72.2049062, 46.1835845], [-72.2003477, 46.18542990000001], [-72.19607013754185, 46.18716006113476], [-72.19551792300074, 46.18738321652561], [-72.1913806, 46.189054999999996], [-72.1885079, 46.19021659999999], [-72.18399840000001, 46.19203589999999], [-72.18116013725235, 46.193184318836266], [-72.18060804073873, 46.19340762532037], [-72.1791518, 46.19399609999999], [-72.17894850000002, 46.1940785], [-72.17873940000001, 46.1941656], [-72.17853280000001, 46.19425429999999], [-72.17834000000002, 46.1943393], [-72.1781412, 46.1944291], [-72.1779553, 46.1945179], [-72.17776030000002, 46.1946122], [-72.17757430000002, 46.1947044], [-72.1773777, 46.1948025], [-72.1771945, 46.19489639999999], [-72.17701240000001, 46.1949916], [-72.17682250000001, 46.19509300000001], [-72.17331938633977, 46.19700074253019], [-72.17281491161289, 46.197274644288825], [-72.1719929, 46.1977208], [-72.16956050000002, 46.19904700000001], [-72.16707460000002, 46.2004024], [-72.16626579118345, 46.200843369058816], [-72.1657621068414, 46.20111797465977], [-72.1657839, 46.2011061], [-72.1624127, 46.202943], [-72.1607232265206, 46.203862151904545], [-72.1605147, 46.20397560000001], [-72.15885670000002, 46.204872900000005], [-72.15868360000002, 46.2049649], [-72.1585128, 46.20505510000001], [-72.15831760000002, 46.2051553], [-72.1581531, 46.2052371], [-72.1579942, 46.2053139], [-72.15783500000002, 46.2053887], [-72.1576633, 46.20546709999999], [-72.15750160000002, 46.20553970000001], [-72.15732740000001, 46.2056154], [-72.15716370000001, 46.2056859], [-72.15701010000001, 46.2057512], [-72.15685480000002, 46.2058169], [-72.15603990000001, 46.2061518], [-72.1534744, 46.20719890000001], [-72.1470859, 46.2098251], [-72.14391914436942, 46.211120485862374], [-72.14335, 46.2113533], [-72.14116848660579, 46.21224898217713], [-72.14061818580163, 46.212474397673134], [-72.13951720140517, 46.21292488773064], [-72.13896770137255, 46.21315189185044], [-72.13879010000001, 46.2132326], [-72.13863860000001, 46.2133061], [-72.13850280000001, 46.2133756], [-72.1383862, 46.2134415], [-72.1382695, 46.2135155], [-72.13815620000001, 46.21359069999999], [-72.13803570000002, 46.2136809], [-72.13792770000002, 46.2137675], [-72.1378242, 46.2138615], [-72.13773730000001, 46.2139486], [-72.13765690000001, 46.2140362], [-72.13758270000001, 46.2141258], [-72.1375133, 46.21421600000001], [-72.13744880000002, 46.21430720000001], [-72.13738660000001, 46.2144025], [-72.1373314, 46.2144998], [-72.13728420000001, 46.214596300000004], [-72.13724410000002, 46.21469259999999], [-72.1372094, 46.2147887], [-72.137183, 46.2148734], [-72.13715850000001, 46.2149597], [-72.1371385, 46.2150468], [-72.1371229, 46.215123], [-72.1371086, 46.2152076], [-72.1370967, 46.2152972], [-72.13708500000001, 46.215405399999995], [-72.1370757, 46.2155072], [-72.13700250270341, 46.21629124945683], [-72.13696085128171, 46.21674004667174], [-72.1362891, 46.2240095], [-72.13547100000001, 46.232908599999995], [-72.13529450000001, 46.2348279], [-72.134968, 46.23839529999999], [-72.1347622, 46.240601100000006], [-72.134355, 46.24507289999999], [-72.13391080371562, 46.24995017709231], [-72.13386913814111, 46.250398859760956], [-72.13380270000002, 46.2510867], [-72.13309600000001, 46.258650300000006], [-72.13219061965737, 46.26834893553598], [-72.13214724993854, 46.26879753521631], [-72.13210360000001, 46.26924509999999], [-72.13208690000002, 46.269411899999994], [-72.1320698, 46.26958760000001], [-72.13204660000001, 46.2697672], [-72.1320171, 46.2699517], [-72.1319742, 46.2701499], [-72.13192000000001, 46.27033870000001], [-72.13184920000002, 46.27052299999999], [-72.13177300000001, 46.2707005], [-72.13168680000001, 46.2708687], [-72.1315961, 46.2710248], [-72.1314954, 46.2711856], [-72.1313901, 46.2713412], [-72.13126960000001, 46.2715164], [-72.1311322, 46.2717145], [-72.13079274174437, 46.27219641076298], [-72.13065680000001, 46.2723894], [-72.1240921, 46.2817122], [-72.11578721364752, 46.293540302690026], [-72.1156767, 46.29369770000001], [-72.1147191, 46.2950536], [-72.11429010000002, 46.2956708], [-72.11414680000001, 46.2958694], [-72.11408293393055, 46.295952648526644], [-72.11375970455218, 46.29633658575778], [-72.1136369, 46.2964636], [-72.1134137, 46.2966727], [-72.11317840000001, 46.29685979999999], [-72.11293500000001, 46.29702950000001], [-72.1126923, 46.29718], [-72.1124533, 46.297309], [-72.11222080000002, 46.2974238], [-72.11197370000001, 46.2975316], [-72.1117008, 46.2976397], [-72.11135200000001, 46.2977675], [-72.11023661192108, 46.29816285848903], [-72.109668125442, 46.29836454223809], [-72.1039834015643, 46.300381397429994], [-72.1035433, 46.300537], [-72.0882187, 46.3059704], [-72.0811152, 46.3084919], [-72.06873959580874, 46.31288804332734], [-72.06817121463077, 46.31308976985034], [-72.06245160000002, 46.3151175], [-72.0577361, 46.31679090000001], [-72.04487092390114, 46.321369030564746], [-72.04430293397239, 46.32157156868034], [-72.02216201704834, 46.32947870713555], [-72.02159424062332, 46.32968131009781], [-72.0199675, 46.3302606], [-72.01822160000002, 46.330887], [-72.01801340000002, 46.330963], [-72.01782570000002, 46.331033], [-72.01763970000002, 46.331103], [-72.01745940000002, 46.3311719], [-72.01728810000002, 46.3312396], [-72.0171168, 46.33130950000001], [-72.01694680000001, 46.3313811], [-72.01679090000002, 46.331447999999995], [-72.0166407, 46.3315145], [-72.0164972, 46.33158019999999], [-72.01634910000001, 46.33164870000001], [-72.01618690000001, 46.3317271], [-72.01602840000001, 46.3318072], [-72.0158597, 46.3318926], [-72.01569820000002, 46.3319795], [-72.01556050000002, 46.3320549], [-72.0154231, 46.3321309], [-72.0152923, 46.3322059], [-72.0151606, 46.3322825], [-72.0150292, 46.3323604], [-72.01490070000001, 46.3324374], [-72.0147406, 46.3325347], [-72.0145738, 46.332636699999995], [-72.01404636565148, 46.33296856311075], [-72.01357112874602, 46.33326742134427], [-72.01384510000001, 46.3330952], [-72.0103073, 46.33531909999999], [-72.01010740000001, 46.33544729999999], [-72.00991190000002, 46.3355747], [-72.0097323, 46.335695300000005], [-72.0095594, 46.335817500000005], [-72.00939140000001, 46.3359443], [-72.00922850000002, 46.33607620000001], [-72.0090821, 46.33620560000001], [-72.008954, 46.336330999999994], [-72.0088293, 46.33646459999999], [-72.00872010000002, 46.3365935], [-72.00862500000001, 46.3367125], [-72.00853160000001, 46.33684410000001], [-72.00845230000002, 46.3369697], [-72.00837410000001, 46.3371074], [-72.00830830000001, 46.33723770000001], [-72.0082425, 46.337383], [-72.00818350000002, 46.3375379], [-72.0081324, 46.33769349999999], [-72.0080946, 46.3378415], [-72.008065, 46.337988499999994], [-72.00804460000002, 46.3381265], [-72.00802950000002, 46.338265], [-72.0080186, 46.3384044], [-72.0080121, 46.3385441], [-72.00800820000002, 46.3386996], [-72.00800014334244, 46.33935939377531], [-72.00799780000001, 46.3395513], [-72.0079618, 46.343357], [-72.00787650000001, 46.35262], [-72.00784820000001, 46.3557297], [-72.0078317, 46.3576556], [-72.00782070000001, 46.3588653], [-72.00781040000001, 46.36017669999999], [-72.00779997590296, 46.36139571505946], [-72.00779608328615, 46.36184541732071], [-72.0077817, 46.3633741], [-72.0077769, 46.363535], [-72.0077732, 46.363712], [-72.0077651, 46.3638763], [-72.00774640000002, 46.364079200000006], [-72.0077286, 46.3642725], [-72.007701, 46.364455500000005], [-72.0076678, 46.3646258], [-72.00763130000001, 46.364796500000004], [-72.00758290000002, 46.3649713], [-72.00752640000002, 46.3651582], [-72.0074626, 46.3653587], [-72.0073928, 46.3655555], [-72.0073273, 46.3657162], [-72.0072519, 46.3658894], [-72.00717650000001, 46.3660447], [-72.00708220000001, 46.3662312], [-72.00697810000001, 46.36641660000001], [-72.0068621, 46.3666114], [-72.00674240000001, 46.366794299999995], [-72.0066134, 46.3669845], [-72.0064956, 46.36714899999999], [-72.00636380000002, 46.36731619999999], [-72.00623680000001, 46.3674696], [-72.00610420000001, 46.3676217], [-72.00597100000002, 46.3677693], [-72.00581980000001, 46.3679283], [-72.00566410000002, 46.3680821], [-72.00552130000001, 46.3682154], [-72.00539580000002, 46.36833], [-72.0052572, 46.36845120000001], [-72.00511200000001, 46.36857270000001], [-72.004955, 46.3686994], [-72.00481040000001, 46.3688103], [-72.00467927703878, 46.36890742209412], [-72.00422361675218, 46.369221406099214], [-72.00367800000001, 46.3695679], [-72.00135550823339, 46.371000283294194], [-72.00083420000001, 46.3713188], [-72.0005865, 46.3714657], [-72.00032280000002, 46.3716085], [-72.00007400000001, 46.3717339], [-71.9998018, 46.3718611], [-71.99950950000002, 46.3719838], [-71.99923060000002, 46.3720893], [-71.99894310000002, 46.3721907], [-71.9986782, 46.37227240000001], [-71.99838620000001, 46.3723551], [-71.99808840000001, 46.3724287], [-71.9977755, 46.3724966], [-71.9974812, 46.3725533], [-71.9971645, 46.37260830000001], [-71.9968554, 46.3726548], [-71.9950470780796, 46.37291734684295], [-71.99442395629028, 46.37300740210311], [-71.9929202, 46.3732245], [-71.98725050000002, 46.3740363], [-71.986581, 46.3741353], [-71.98008863239724, 46.375067351834794], [-71.97946537354122, 46.375156980615415], [-71.97613920000002, 46.375636199999995], [-71.97244980000002, 46.3761673], [-71.96876990000001, 46.37669530000001], [-71.95194920000002, 46.37910930000001], [-71.93149350000002, 46.3820408], [-71.92835378666005, 46.38249067582172], [-71.92773044222855, 46.382579998123596], [-71.92046060000001, 46.383622], [-71.9110056, 46.3849757], [-71.90623430000001, 46.385656600000004], [-71.90253980000001, 46.3861842], [-71.89236100000001, 46.3876389], [-71.89050390000001, 46.3879039], [-71.88446910000002, 46.388766399999994], [-71.87958710000001, 46.3894639], [-71.8784820398111, 46.38962177956126], [-71.87785845887873, 46.38971006454692], [-71.87723840000001, 46.3897978], [-71.8769786, 46.3898374], [-71.8757238, 46.3900163], [-71.8713389, 46.3906415], [-71.8699279, 46.39084340000001], [-71.86676000000001, 46.3912947], [-71.86361660000001, 46.3917421], [-71.85593400000002, 46.39283590000001], [-71.84934660000002, 46.39377400000001], [-71.8382189, 46.39535800000001], [-71.8290545, 46.3966603], [-71.81848480000001, 46.39816299999999], [-71.80854690000001, 46.3995701], [-71.796415, 46.4012872], [-71.7880369, 46.4024611], [-71.7738081, 46.4044827], [-71.76811878322957, 46.40532096154814], [-71.7674961099665, 46.405411639347626], [-71.7669481, 46.405496], [-71.7665072, 46.4055778], [-71.766009, 46.4056896], [-71.7655198, 46.4058163], [-71.76503350000002, 46.4059585], [-71.76456810000002, 46.4061211], [-71.764111, 46.4062952], [-71.76370600000001, 46.4064614], [-71.76327620000002, 46.40665549999999], [-71.76283970000001, 46.4068793], [-71.76240640000002, 46.4071229], [-71.76199680000002, 46.4073774], [-71.7616204, 46.4076238], [-71.7600554227936, 46.40865496769346], [-71.75968840000002, 46.4088968], [-71.75258200000002, 46.4135513], [-71.75218960000001, 46.4138064], [-71.75179060000002, 46.4140658], [-71.75165524847716, 46.41415499425627], [-71.75119418823452, 46.41446435723649], [-71.75090190000002, 46.4146606], [-71.74782820000001, 46.4166716], [-71.7463355, 46.4176484], [-71.7446678, 46.4187422], [-71.7427076, 46.42002860000001], [-71.73956410000001, 46.422093600000004], [-71.7362371, 46.4242705], [-71.73241760000002, 46.4267781], [-71.72690370000001, 46.430399], [-71.7210356, 46.434225600000005], [-71.71621391573986, 46.43739715689052], [-71.71574768143827, 46.43770315697642], [-71.70576720000001, 46.4442309], [-71.70514980000002, 46.4446335], [-71.70502020000002, 46.4447183], [-71.7039823, 46.44539790000001], [-71.69147410563275, 46.453587124025134], [-71.69100736871543, 46.45389262957986], [-71.69056420000001, 46.4541836], [-71.68996430000001, 46.4545803], [-71.68939950000001, 46.454959099999996], [-71.68896010000002, 46.4552728], [-71.68852970000002, 46.4555909], [-71.6881087, 46.455932], [-71.6877416, 46.45624529999999], [-71.6873739, 46.45657670000001], [-71.6870604, 46.45687660000001], [-71.6867432, 46.45719], [-71.686466, 46.4574719], [-71.6861303, 46.4578359], [-71.6858056, 46.458202500000006], [-71.68548570000002, 46.4586079], [-71.6851842, 46.4590133], [-71.6849283, 46.45938699999999], [-71.6847389, 46.45968599999999], [-71.68123719901817, 46.46530074432769], [-71.6811448, 46.4654489], [-71.6804139, 46.4666335], [-71.680362, 46.4667177], [-71.6796553, 46.4678642], [-71.67694320000001, 46.472252], [-71.6733199, 46.47811630000001], [-71.67223410000001, 46.479872], [-71.6719414, 46.4803453], [-71.67078390000002, 46.482219], [-71.67029803220997, 46.4830247247888], [-71.67015780000001, 46.48325820000001], [-71.66936840000001, 46.48453020000001], [-71.6644334, 46.4925335], [-71.66405350000001, 46.4931496], [-71.66265837060024, 46.49538812576982], [-71.66254780000001, 46.4955633], [-71.66171950000002, 46.4969083], [-71.66063270000001, 46.4986729], [-71.659862749563, 46.49992293826648], [-71.65960852793314, 46.500335196235866], [-71.65945060000001, 46.5005912], [-71.6582874, 46.502462400000006], [-71.65578130000002, 46.5065162], [-71.65144977755794, 46.51351965480594], [-71.65119486870829, 46.51393169681677], [-71.6474965, 46.5199051], [-71.64100960000002, 46.5303959], [-71.6393855, 46.5330185], [-71.6379411983341, 46.53535768911868], [-71.6376869071373, 46.53576989590076], [-71.6374768, 46.5361105], [-71.6372484, 46.53645949999999], [-71.6369835, 46.5368295], [-71.6368570962668, 46.536986218174036], [-71.6366694, 46.53721620000001], [-71.6363669, 46.5375412], [-71.6360491, 46.5378505], [-71.6356901, 46.5381628], [-71.63530250000001, 46.5384704], [-71.63489040000002, 46.5387654], [-71.6344574, 46.5390457], [-71.63397180000001, 46.5393309], [-71.63345610000002, 46.539595999999996], [-71.63287320000002, 46.5398568], [-71.63216740000001, 46.5401279], [-71.631476, 46.54037569999999], [-71.6284881, 46.5414297], [-71.62835312355858, 46.54147647283898], [-71.62778305279829, 46.54167594628167], [-71.627278, 46.541852999999996], [-71.6248459, 46.5427132], [-71.6131127, 46.5468342], [-71.60649050000002, 46.549165], [-71.60443639417562, 46.54988952315074], [-71.6041555, 46.5499886], [-71.60342020000002, 46.5502447], [-71.60271260000002, 46.5504944], [-71.6019589, 46.5507723], [-71.60123400000002, 46.5510583], [-71.6005553, 46.551351100000005], [-71.59991590000001, 46.5516525], [-71.5992344, 46.551989], [-71.59858650000001, 46.5523326], [-71.5979212, 46.5527137], [-71.59728180000002, 46.553111599999994], [-71.59672580000002, 46.5534859], [-71.5962019, 46.5538536], [-71.59412700000001, 46.55537079999999], [-71.59023450000001, 46.5582604], [-71.5877068, 46.5601409], [-71.58686127779254, 46.560764058526296], [-71.586419757306, 46.56108775114594], [-71.58465566312658, 46.562383933214015], [-71.58421570119752, 46.562708770064575], [-71.58449620000002, 46.562501100000006], [-71.5758215, 46.568923500000004], [-71.57230930000001, 46.57152109999999], [-71.56708479233426, 46.57539337209127], [-71.56647320000002, 46.575842699999995], [-71.56140040000001, 46.5795718], [-71.55739550880668, 46.582531447946586], [-71.55695662219593, 46.58285694352499], [-71.55727000000002, 46.5826242], [-71.5469955, 46.59025499999999], [-71.54291174205254, 46.593272468704285], [-71.54251480000002, 46.593566700000004], [-71.5329346, 46.6006319], [-71.5248714430601, 46.606586717582246], [-71.52443029682865, 46.606910716854024], [-71.52222879018016, 46.60853340628703], [-71.52179410000001, 46.6088558], [-71.5216569, 46.6089606], [-71.5184875, 46.6112737], [-71.51429058266666, 46.61436641687604], [-71.513854605569, 46.61469378479641], [-71.51341457825794, 46.61501860996009], [-71.51383420000002, 46.61470920000001], [-71.50945263027255, 46.61793996994947], [-71.5090677, 46.6182238], [-71.50771620000002, 46.619223], [-71.50745180000001, 46.61940990000001], [-71.507196, 46.61958390000001], [-71.50691630000001, 46.6197613], [-71.5066238, 46.6199338], [-71.50632320000001, 46.620096], [-71.5060305, 46.620243699999996], [-71.50573020000002, 46.6203884], [-71.50542800000001, 46.6205209], [-71.50514400000002, 46.6206399], [-71.50483700000001, 46.62076439999999], [-71.5044949, 46.6208949], [-71.50415480000001, 46.6210187], [-71.5033577, 46.6212944], [-71.50007204070418, 46.62242719195963], [-71.4999705, 46.622462199999994], [-71.49716710000001, 46.6234251], [-71.4930308, 46.6248519], [-71.48443710000001, 46.6278077], [-71.4729327, 46.6317673], [-71.4654978, 46.6343286], [-71.45146406523446, 46.6391586765262], [-71.45089206003897, 46.639355228730665], [-71.4503207740793, 46.63955325611023], [-71.44982720000002, 46.6397344], [-71.44935750000002, 46.639913], [-71.44888140000002, 46.6401023], [-71.44843330000002, 46.6402888], [-71.44800590000001, 46.64047300000001], [-71.44759930000001, 46.64064859999999], [-71.4471756, 46.64083480000001], [-71.429378, 46.64865230000001], [-71.4286338, 46.64897920000001], [-71.42837100000001, 46.6490928], [-71.42810550000002, 46.6492069], [-71.4278311, 46.64932199999999], [-71.42755680000002, 46.6494314], [-71.4272905, 46.6495362], [-71.4270189, 46.64964], [-71.426758, 46.64973530000001], [-71.4265015, 46.6498276], [-71.4262398, 46.6499182], [-71.42596900000001, 46.6500094], [-71.42569700000001, 46.6500975], [-71.4254175, 46.6501845], [-71.42512310000001, 46.6502746], [-71.424831, 46.6503583], [-71.42456040000002, 46.6504339], [-71.4242868, 46.6505079], [-71.4240117, 46.6505808], [-71.4237328, 46.6506527], [-71.41085010000002, 46.6538471], [-71.41051020000002, 46.6539332], [-71.4101707, 46.654021], [-71.40983700000001, 46.6541107], [-71.4094558, 46.6542165], [-71.4091611, 46.654303], [-71.40884970000002, 46.6543953], [-71.40852450000001, 46.65449759999999], [-71.4082002, 46.6546018], [-71.4079092, 46.654698200000006], [-71.4076181, 46.654796700000006], [-71.40737421456312, 46.65488073427006], [-71.4066076, 46.6551511], [-71.39144220000001, 46.6605058], [-71.3809163, 46.66422], [-71.38077590000002, 46.66426980000001], [-71.3800433, 46.664526599999995], [-71.37503450000001, 46.6662714], [-71.3726255, 46.6671418], [-71.3691276, 46.6683759], [-71.357622, 46.6724296], [-71.35684610000001, 46.6727027], [-71.3566935, 46.6727571], [-71.353815, 46.673774], [-71.3475109, 46.675992799999996], [-71.3461673, 46.6764676], [-71.33578070000002, 46.68012339999999], [-71.33547700000001, 46.6802312], [-71.33519650000001, 46.680332199999995], [-71.3349104, 46.6804356], [-71.33460950000001, 46.6805471], [-71.33434850000002, 46.6806453], [-71.3340555, 46.68075939999999], [-71.33378990000001, 46.6808651], [-71.3335257, 46.680972100000005], [-71.33328590000002, 46.6810724], [-71.33305230000002, 46.681170400000006], [-71.33282170000001, 46.681269699999994], [-71.3325589, 46.681386200000006], [-71.33230300000001, 46.6815021], [-71.33205300000002, 46.6816166], [-71.33181500000002, 46.68172810000001], [-71.33158740000002, 46.6818362], [-71.3313558, 46.68194820000001], [-71.3311171, 46.682065099999996], [-71.32182570000002, 46.6866654], [-71.3203340285971, 46.68740571674146], [-71.31981339065602, 46.68766402954427], [-71.31802440000001, 46.6885514], [-71.3099189763194, 46.69256966732181], [-71.30939814541138, 46.69282778725175], [-71.3060196, 46.6945018], [-71.3056943, 46.6946607], [-71.30536960000002, 46.6948156], [-71.30506490000002, 46.694955], [-71.30475100000001, 46.6950944], [-71.30444300000002, 46.695223], [-71.30411670000001, 46.6953521], [-71.3037781, 46.6954783], [-71.30342050000002, 46.6956041], [-71.3030658, 46.6957191], [-71.3026839, 46.6958349], [-71.30234250000001, 46.695934], [-71.3020075, 46.6960246], [-71.30164640000001, 46.6961205], [-71.30047350000001, 46.6964247], [-71.29146690000002, 46.69873669999999], [-71.29116520000001, 46.69881350000001], [-71.29085630000002, 46.6988947], [-71.290534, 46.698981999999994], [-71.29020590000002, 46.6990774], [-71.2898984, 46.6991757], [-71.28960330000001, 46.69927630000001], [-71.2893133, 46.6993832], [-71.28904220000001, 46.6994878], [-71.2887752, 46.6995995], [-71.28850950000002, 46.6997147], [-71.28823940000001, 46.6998417], [-71.2879788, 46.6999729], [-71.28771100000002, 46.70011], [-71.28745720000002, 46.7002436], [-71.2858719, 46.7010803], [-71.28268790000001, 46.70276270000001], [-71.28209557734121, 46.703076466981344], [-71.28158627237801, 46.703345772016334], [-71.27903827778056, 46.7046912244851], [-71.27852919919006, 46.70496093727507], [-71.27765750000002, 46.7054663], [-71.2775520218351, 46.70553634935601], [-71.27709435946615, 46.70584902109951], [-71.27663860550375, 46.70616275589676], [-71.27655640000002, 46.7062204], [-71.27644330000001, 46.7063033], [-71.27630180000001, 46.7064068], [-71.27619855141434, 46.70648674369876], [-71.27578861159357, 46.706828939511205], [-71.2757224, 46.7068881], [-71.27561450000002, 46.70698960000001], [-71.2754799, 46.707123200000005], [-71.2753559, 46.7072524], [-71.2752456, 46.707376], [-71.2751399, 46.7074989], [-71.27503450000002, 46.7076266], [-71.2749283, 46.7077605], [-71.27483080000002, 46.7078876], [-71.27446080000001, 46.7083872], [-71.27317420000001, 46.7101337], [-71.27216580000001, 46.7115042], [-71.27123920000001, 46.7127643], [-71.2706265, 46.7135945], [-71.27006775111035, 46.71435080813562], [-71.26977426595471, 46.714749808766406], [-71.26971760000002, 46.714826300000006], [-71.2694782935086, 46.71514789500903], [-71.26921880000002, 46.7155645], [-71.26917970000001, 46.7156539], [-71.2691487, 46.715745], [-71.26912420000001, 46.715833], [-71.26910750000002, 46.7159179], [-71.26909360000002, 46.716021600000005], [-71.26908980000002, 46.7161277], [-71.26909010000001, 46.7162211], [-71.2691028, 46.7163286], [-71.269125, 46.7164401], [-71.26915770000001, 46.7165461], [-71.26919960000001, 46.716657299999994], [-71.2692502, 46.7167644], [-71.26929870000001, 46.7168539], [-71.26936870000002, 46.71695809999999], [-71.26942720000001, 46.717038499999994], [-71.26949510000001, 46.71712290000001], [-71.2695725, 46.7172084], [-71.2696488, 46.717289099999995], [-71.26973670000001, 46.717379300000005], [-71.27026250000002, 46.7179017], [-71.2727298, 46.7203683], [-71.27293960000002, 46.7205831], [-71.27317190000001, 46.720826900000006], [-71.27333430000002, 46.7210089], [-71.2735023, 46.7211974], [-71.2736777, 46.7214058], [-71.27386000000001, 46.72163080000001], [-71.27401370000001, 46.7218239], [-71.2741752, 46.7220391], [-71.27435000000001, 46.7222791], [-71.2745169, 46.72251740000001], [-71.27468860000002, 46.7227766], [-71.27481950000002, 46.7229799], [-71.27497180000002, 46.7232284], [-71.27511590000002, 46.7234763], [-71.2752496, 46.7237205], [-71.27537940000002, 46.723968799999994], [-71.2754957, 46.7242023], [-71.27569235406487, 46.72460637708956], [-71.27589836105791, 46.725031825052994], [-71.27630980827998, 46.72588285832169], [-71.27651734000685, 46.72630832645444], [-71.276758, 46.72677939999999], [-71.27704520000002, 46.7273174], [-71.27739340000001, 46.7279298], [-71.2777773, 46.728571], [-71.27853890000002, 46.72983829999999], [-71.2800581, 46.732379], [-71.28032580000001, 46.7328253], [-71.28058540000002, 46.7332604], [-71.2808402, 46.7337158], [-71.28110350000001, 46.7341876], [-71.28137160000001, 46.7346645], [-71.28159361284298, 46.735042874208816], [-71.28179520000002, 46.7353758], [-71.2824287, 46.7364343], [-71.28283438652778, 46.73711342587911], [-71.28308203906197, 46.73752766877325], [-71.2833623, 46.7379961], [-71.28378540000001, 46.7386763], [-71.28419790000001, 46.739333900000005], [-71.28435885582016, 46.73958725033762], [-71.28461871281287, 46.73999770070945], [-71.28487469881614, 46.740409373248546], [-71.28561800000001, 46.7416063], [-71.29035910937048, 46.7495115216912], [-71.29060894080446, 46.74992520415205], [-71.29162306508113, 46.75157494795041], [-71.29187917093343, 46.75198646893416], [-71.2919565, 46.75210890000001], [-71.29200650000001, 46.7521903], [-71.2921987, 46.7525041], [-71.29234520000001, 46.752738599999994], [-71.2923808, 46.752791], [-71.29243460000002, 46.75287019999999], [-71.2925277, 46.7530026], [-71.2926181, 46.753114399999994], [-71.29273020000001, 46.753242400000005], [-71.2928241, 46.7533383], [-71.29290140000002, 46.75341110000001], [-71.2929859, 46.7534828], [-71.2930853, 46.7535629], [-71.2931822, 46.7536348], [-71.2932764, 46.7536987], [-71.2933634, 46.7537564], [-71.2934807, 46.753825400000004], [-71.29359300000002, 46.75388809999999], [-71.2936867, 46.753933700000005], [-71.29382610000002, 46.7540022], [-71.29393720000002, 46.754048700000006], [-71.2940561, 46.754095500000005], [-71.29416320000001, 46.754136900000006], [-71.2942687, 46.754173699999996], [-71.29437630000001, 46.7542073], [-71.29450640000002, 46.754245], [-71.29462940000002, 46.7542772], [-71.2947781, 46.7543123], [-71.29491670000002, 46.7543396], [-71.29508350000002, 46.754366700000006], [-71.2952622, 46.754391500000004], [-71.2954788, 46.7544109], [-71.29568420000001, 46.75442230000001], [-71.29585690000002, 46.7544252], [-71.2960045, 46.7544248], [-71.29614850000002, 46.7544179], [-71.2963705, 46.7544001], [-71.29665260000002, 46.754367], [-71.29718104350148, 46.75428979252359], [-71.29780394109487, 46.75419893434036], [-71.2976163, 46.7542262], [-71.30068290000001, 46.753780600000006], [-71.3025789, 46.75350199999999], [-71.3045219, 46.7532174], [-71.30540860000002, 46.7530905], [-71.3073025, 46.75281400000001], [-71.31440290000002, 46.7517748], [-71.3154267, 46.751625000000004], [-71.31668560000001, 46.7514419], [-71.31752910000002, 46.75131720000001], [-71.3254747, 46.7501547], [-71.32605770000002, 46.7500684], [-71.32621100000001, 46.7500447], [-71.32660030000001, 46.7499831], [-71.32681360000001, 46.7499423], [-71.32696930000002, 46.7499095], [-71.32720650000002, 46.749856], [-71.3275011, 46.749786], [-71.32801240000002, 46.7496523], [-71.33422293222927, 46.748007811211735], [-71.33500320000002, 46.7478174], [-71.33520750000001, 46.7477836], [-71.33540120000002, 46.7477596], [-71.3355465, 46.7477457], [-71.33584720000002, 46.747738500000004], [-71.3360107, 46.7477471], [-71.336125, 46.74775770000001], [-71.3362533, 46.7477746], [-71.3363916, 46.74780669999999], [-71.33653830000002, 46.747845700000006], [-71.33667140000001, 46.74788590000001], [-71.3367709, 46.74792670000001], [-71.3368543, 46.7479628], [-71.3369644, 46.748019000000006], [-71.3370857, 46.7480899], [-71.337208, 46.7481741], [-71.33730740000001, 46.7482597], [-71.33740460000001, 46.748356199999996], [-71.3374578, 46.7484241], [-71.33749550000002, 46.7484736], [-71.3375506, 46.7485541], [-71.3375921, 46.748637], [-71.3376293, 46.7487328], [-71.33765730000002, 46.748822800000006], [-71.33767970000001, 46.7489301], [-71.33768361879034, 46.74897249418624], [-71.3377572888366, 46.74941839032693], [-71.33776690000002, 46.7494475], [-71.33779450000002, 46.7495116], [-71.33784330000002, 46.7496128], [-71.33789010000001, 46.7496774], [-71.3379864, 46.7497972], [-71.3380881, 46.7498973], [-71.33823320000002, 46.7500188], [-71.3383762, 46.7501122], [-71.33850460000001, 46.7501894], [-71.33866180000001, 46.7502762], [-71.33941100000001, 46.7507009], [-71.33999670000001, 46.7510434], [-71.34010980000001, 46.75112459999999], [-71.3402097, 46.7512072], [-71.3402989, 46.7512915], [-71.34034387693127, 46.75134570707257], [-71.34056050000001, 46.75167509999999], [-71.34067720000002, 46.7522449], [-71.340668, 46.7523592], [-71.3405026, 46.753591], [-71.34048870000001, 46.7540373], [-71.34042450000001, 46.75609790000001], [-71.3402834, 46.75856550000001], [-71.3402209, 46.75939660000001], [-71.3402093, 46.7601831], [-71.34026440000001, 46.761558], [-71.3404172, 46.76276549999999], [-71.34039200000001, 46.763549], [-71.3403228, 46.7641395], [-71.3403017, 46.764272], [-71.34027620000002, 46.7644046], [-71.340223, 46.764612400000004], [-71.34018830000001, 46.7647214], [-71.3401414, 46.7648596], [-71.3400883, 46.7649841], [-71.33999990000001, 46.765172], [-71.33993180000002, 46.7653015], [-71.3398275, 46.7654752], [-71.3397863, 46.7655367], [-71.3396281, 46.7657566], [-71.33933310000002, 46.7661537], [-71.33905880000002, 46.7665338], [-71.3389047, 46.7667639], [-71.33877690000001, 46.7669941], [-71.33862380000001, 46.7673561], [-71.33847040000002, 46.76770710000001], [-71.3383726, 46.7678932], [-71.33826060000001, 46.768079400000005], [-71.33810520000002, 46.768284400000006], [-71.3376449, 46.7687071], [-71.33747980000001, 46.768831000000006], [-71.33688320000002, 46.7692358], [-71.3364243, 46.7695822], [-71.33620110000001, 46.7697834], [-71.33612380000001, 46.7698693], [-71.33596660000002, 46.7700399], [-71.3358219, 46.77022730000001], [-71.3356933, 46.77041599999999], [-71.33518540000001, 46.7712946], [-71.3351127, 46.771424800000005], [-71.3327657, 46.7756406], [-71.3325728, 46.7759494], [-71.3324181, 46.7761663], [-71.3322485, 46.7763815], [-71.3321036, 46.7765538], [-71.3319789, 46.7766916], [-71.3318826, 46.776794], [-71.33166290000001, 46.7770072], [-71.3315463, 46.77711430000001], [-71.33150828665383, 46.77714730131253], [-71.33109148072342, 46.7774888056683], [-71.3306341, 46.777817], [-71.3305015, 46.7779023], [-71.33018880000002, 46.778093600000005], [-71.32999630000002, 46.7782018], [-71.32987140000002, 46.778268499999996], [-71.3296833, 46.7783652], [-71.3294868, 46.7784601], [-71.3294007, 46.7784998], [-71.329259, 46.778564300000006], [-71.3288125, 46.7787578], [-71.32791090000002, 46.7791282], [-71.32709320000001, 46.779461600000005], [-71.32662960000002, 46.7796535], [-71.32644000000002, 46.7797349], [-71.3260714, 46.7798823], [-71.32472990000001, 46.7804172], [-71.3237204, 46.7807543], [-71.32354330000001, 46.780813], [-71.32323850000002, 46.7809061], [-71.3229622, 46.7809904], [-71.3226715, 46.7810739], [-71.322303, 46.781174], [-71.3214104, 46.78140940000001], [-71.3151728, 46.7830622], [-71.3133083, 46.7835202], [-71.3128101, 46.7836095], [-71.3124879, 46.7836588], [-71.3120183, 46.7837228], [-71.3107302, 46.7838544], [-71.30983580000002, 46.78395660000001], [-71.3095785, 46.7839872], [-71.3093304, 46.78402140000001], [-71.30918840000001, 46.784045000000006], [-71.3090463, 46.7840714], [-71.3087997, 46.7841201], [-71.30855300000002, 46.78417579999999], [-71.30837170000001, 46.7842189], [-71.3082022, 46.7842631], [-71.30796140000001, 46.7843312], [-71.30756520000001, 46.7844589], [-71.3074265, 46.784507], [-71.3072506, 46.7845741], [-71.30704660000002, 46.7846553], [-71.30470880000001, 46.7856295], [-71.3030994, 46.7863017], [-71.30183300000002, 46.7868295], [-71.30143980000001, 46.7869931], [-71.3004869, 46.7873875], [-71.3004154, 46.787418], [-71.30020050000002, 46.7875011], [-71.29989390000001, 46.7876134], [-71.29976530000002, 46.78765860000001], [-71.29950080000002, 46.7877434], [-71.29917620000002, 46.7878423], [-71.29900530000002, 46.7878921], [-71.29841230000001, 46.7880589], [-71.29756070000002, 46.78829809999999], [-71.2956137, 46.7888395], [-71.29466790000001, 46.7891031], [-71.29395610000002, 46.7893011], [-71.29339300000001, 46.7894596], [-71.2931299, 46.7895345], [-71.2928233, 46.7896227], [-71.2924969, 46.7897353], [-71.2921214, 46.7898865], [-71.29166620000001, 46.79011390000001], [-71.2914529, 46.790232], [-71.2910943, 46.7904538], [-71.29075550000002, 46.7906845], [-71.29047190000001, 46.7909137], [-71.2901695, 46.791190300000004], [-71.28993760000002, 46.79144050000001], [-71.2896991, 46.7917075], [-71.2894869, 46.7920458], [-71.28929620000001, 46.7923497], [-71.2891615, 46.7926562], [-71.28907680000002, 46.7929141], [-71.2890232, 46.7930915], [-71.2889697, 46.79333900000001], [-71.28892500000002, 46.7935458], [-71.2889045, 46.7937497], [-71.28889820000002, 46.7941143], [-71.28894710000002, 46.7944744], [-71.28900830000002, 46.794817], [-71.28906790000002, 46.7949928], [-71.2891698, 46.79530110000001], [-71.28926640000002, 46.7956009], [-71.2893612, 46.7958622], [-71.2894261, 46.7960821], [-71.2894751, 46.7963233], [-71.2895167, 46.7965916], [-71.28952620000001, 46.796787699999996], [-71.28952180000002, 46.79695410000001], [-71.28950320000001, 46.7971637], [-71.2894843, 46.79734919999999], [-71.28947640000001, 46.79738530000001], [-71.28945580000001, 46.7974791], [-71.28940780000002, 46.79768150000001], [-71.28937610000001, 46.797786], [-71.28934600000001, 46.7978693], [-71.28925490000002, 46.79810160000001], [-71.289143, 46.7983529], [-71.28898890000002, 46.798618700000006], [-71.2889133, 46.7987344], [-71.28884900000001, 46.798829], [-71.28872140000001, 46.79899840000001], [-71.2885595, 46.7991887], [-71.28834720000002, 46.799401800000005], [-71.28815740000002, 46.7995846], [-71.28796780000002, 46.7997449], [-71.28751040000002, 46.800085], [-71.28712940000001, 46.80036499999999], [-71.2866733, 46.8006939], [-71.28651260000001, 46.8008102], [-71.285527, 46.8015209], [-71.28489110442003, 46.801981728950146], [-71.28444033561935, 46.80229889919077], [-71.2835211, 46.8029666], [-71.28295550000001, 46.80338209999999], [-71.28221800000001, 46.8039121], [-71.28173500000001, 46.8042593], [-71.28114050000002, 46.804694600000005], [-71.28081110000001, 46.80494250000001], [-71.2802306, 46.8053889], [-71.28002834487988, 46.805538102297994], [-71.27958508677987, 46.805861151093154], [-71.27915810000002, 46.8061086], [-71.2774855, 46.8072944], [-71.2762247, 46.808177799999996], [-71.27103587409476, 46.81190059832938], [-71.27058954750727, 46.81222144145434], [-71.27014552427173, 46.81254343223968], [-71.2697041237547, 46.812868083128414], [-71.26993790000002, 46.8127594], [-71.26849190000001, 46.8138319], [-71.2678432, 46.814333], [-71.2667004, 46.81536210000001], [-71.2660289700143, 46.81596667874774], [-71.26563624413137, 46.81632039013536], [-71.26524788561447, 46.81667652917759], [-71.26427830000002, 46.81756690000001], [-71.26423730000002, 46.8176043], [-71.2618255, 46.8197989], [-71.25948590000002, 46.8219277], [-71.25752660000002, 46.8237359], [-71.2572025, 46.8240349], [-71.25650430000002, 46.8246792], [-71.25569580000001, 46.825425300000006], [-71.25474873142596, 46.82628550168829], [-71.25435311222228, 46.82663935074771], [-71.2539536608682, 46.826987823150326], [-71.25302870000002, 46.8278252], [-71.251476, 46.8292488], [-71.25070130000002, 46.829955], [-71.2499291, 46.830663200000004], [-71.24912140000002, 46.8313807], [-71.24861990000001, 46.831806900000004], [-71.24800340000002, 46.8322489], [-71.24735900000002, 46.8326468], [-71.24702252763403, 46.832838399884274], [-71.24652717183328, 46.83312039438887], [-71.24602833577755, 46.83340024884598], [-71.24541480000002, 46.833682], [-71.2445804, 46.8341375], [-71.24375120000002, 46.8345922], [-71.24296745493156, 46.83501215629912], [-71.24246802780971, 46.83529087845016], [-71.24132200000001, 46.8359137], [-71.24024130000001, 46.83652480000001], [-71.2396378, 46.83685330000001], [-71.23949660000001, 46.8369312], [-71.23922780000001, 46.8370796], [-71.238802, 46.8373015], [-71.23852330000001, 46.83744560000001], [-71.23843601470648, 46.83747858100272], [-71.23786836291798, 46.83767719472978], [-71.23754270000002, 46.8377718], [-71.2368988, 46.8378914], [-71.2363783, 46.8379315], [-71.23594070000001, 46.8379352], [-71.23546360000002, 46.8379091], [-71.23495960000001, 46.8378451], [-71.2344549, 46.8377317], [-71.23394770000002, 46.837573400000004], [-71.23347320000002, 46.83737370000001], [-71.23325160000002, 46.8372562], [-71.2330378, 46.8371207], [-71.23292250000002, 46.8370416], [-71.23273930000002, 46.8369164], [-71.23266209536726, 46.83685608125538], [-71.23227020188584, 46.836504284470024], [-71.2318991595135, 46.83613894227652], [-71.23128210000002, 46.8355163], [-71.23073040000001, 46.834953799999994], [-71.23019450000001, 46.8344071], [-71.23008297975402, 46.83429305679297], [-71.22972000740205, 46.833923764286226], [-71.22935683802876, 46.833554573895725], [-71.22902660000001, 46.8332156], [-71.2283504, 46.83253319999999], [-71.22806520000002, 46.8322614], [-71.22759930000001, 46.83184580000001], [-71.22737680000002, 46.8316562], [-71.22724530000002, 46.8315442], [-71.22656390000002, 46.83095990000001], [-71.2262676, 46.830699200000005], [-71.22578800000001, 46.8302848], [-71.22563370000002, 46.8301521], [-71.22546035383792, 46.8300031512807], [-71.22515320000001, 46.829735], [-71.224087, 46.82881720000001], [-71.2214428, 46.826534800000005], [-71.2202819, 46.8255327], [-71.2195152, 46.8248716], [-71.21912850000001, 46.824539599999994], [-71.2187542, 46.8242145], [-71.21821365023388, 46.82373650684712], [-71.21783278235804, 46.8233781556358], [-71.21760150000001, 46.8231312], [-71.2174238, 46.8229397], [-71.21711820000002, 46.8226172], [-71.21677871391435, 46.82225358470412], [-71.21642870333847, 46.82187801847809], [-71.21573284290338, 46.821125084757746], [-71.21539414430248, 46.82074371736472], [-71.21538650000001, 46.8207345], [-71.21533700000002, 46.8206638], [-71.2152358, 46.8205067], [-71.215202, 46.8204354], [-71.2151643, 46.820330000000006], [-71.21508990000001, 46.8200588], [-71.21503603198579, 46.81988502091028], [-71.21489707200719, 46.81944622465815], [-71.21461879391673, 46.8185686057989]]}, "properties": {"kind": "matched_corridor_segment", "alignment_id": "via_existing", "troncon_id": "MTL-QC", "length_km": 270.63, "n_points": 2545, "n_locked": 5330, "n_bootstrap": 0, "n_forced_switch": 129, "n_fallback": 0, "n_junction_switches": 258}}, {"type": "Feature", "geometry": {"type": "LineString", "coordinates": [[-73.5657451, 45.499756399999995], [-73.56457452502548, 45.49919032160937], [-73.56395910000002, 45.4988847], [-73.56300750000001, 45.49844499999999], [-73.56278830000001, 45.498334400000005], [-73.56249090000001, 45.4981955], [-73.5621639, 45.4980409], [-73.56193677342743, 45.49793448454106], [-73.56140753442862, 45.49768504643968], [-73.56079090000001, 45.4974364], [-73.5600939, 45.49710830000001], [-73.5597923294292, 45.49696604884114], [-73.55926377149238, 45.49671591816266], [-73.55865830000002, 45.496430800000006], [-73.55820480055547, 45.49621760174571], [-73.55767470678158, 45.49596906190658], [-73.5576431, 45.4959543], [-73.5575141, 45.4958921], [-73.55742680000002, 45.4958479], [-73.55733950000001, 45.4957991], [-73.55725090000001, 45.4957493], [-73.5571601, 45.4956935], [-73.557091, 45.4956492], [-73.55700590000001, 45.495589800000005], [-73.5569319, 45.4955334], [-73.5568569, 45.495475], [-73.5567807, 45.49541140000001], [-73.5567106, 45.4953489], [-73.55664910000002, 45.49529089999999], [-73.5565849, 45.4952278], [-73.55651850000001, 45.49516020000001], [-73.5564445, 45.4950692], [-73.55639196703957, 45.4950026055855], [-73.55613760379603, 45.494591591825696], [-73.55603010000002, 45.4941747], [-73.55600800000002, 45.4940988], [-73.55598580000002, 45.4940087], [-73.55596650000001, 45.49391940000001], [-73.55595050000001, 45.4938339], [-73.55593850000001, 45.49372799999999], [-73.55593611109619, 45.49370491538852], [-73.55594340000002, 45.4931967], [-73.55598568964481, 45.492806218963686], [-73.5560330381876, 45.492357750121265], [-73.5560549, 45.49217620000001], [-73.55609070000001, 45.4913696], [-73.5562134244171, 45.49056221063878], [-73.55627752736304, 45.49011553958876], [-73.55641130000001, 45.48971730000001], [-73.55644090000001, 45.48960259999999], [-73.55646570000002, 45.4894876], [-73.55648660000001, 45.48939339999999], [-73.55653540000002, 45.4891738], [-73.55657030000002, 45.4890169], [-73.5565997, 45.4888818], [-73.55662430000001, 45.4887607], [-73.5566405, 45.4886814], [-73.55666640000001, 45.4885424], [-73.5566875, 45.4884216], [-73.55669800000001, 45.48835530000001], [-73.55670680000001, 45.4882888], [-73.5567137, 45.4882217], [-73.55672230000002, 45.488148699999996], [-73.5567281, 45.4880762], [-73.556733, 45.4879767], [-73.55673480000002, 45.4878696], [-73.556736, 45.4877907], [-73.5567357, 45.48773039999999], [-73.5567321, 45.4876652], [-73.5567277, 45.4875836], [-73.55671940000002, 45.4874898], [-73.55671185998219, 45.48743190652989], [-73.55661560000001, 45.487002], [-73.5565875, 45.486923600000004], [-73.55656630000001, 45.4868647], [-73.55654110000002, 45.4868064], [-73.55651010000001, 45.4867345], [-73.55648210000001, 45.4866741], [-73.5564573, 45.48662409999999], [-73.5564021, 45.4865104], [-73.5563124, 45.4863365], [-73.55623730000002, 45.4861879], [-73.55620050000002, 45.4861159], [-73.55615920000001, 45.48603529999999], [-73.55612180000001, 45.48596030000001], [-73.55610470000002, 45.4859243], [-73.55608750000002, 45.4858822], [-73.55606280000002, 45.485825], [-73.55604560000002, 45.4857774], [-73.5560274, 45.4857228], [-73.5560192637886, 45.48569972716165], [-73.555926, 45.4852316], [-73.55592420000002, 45.4851917], [-73.55592120000001, 45.4851112], [-73.55592330000002, 45.4850502], [-73.5559259, 45.4849929], [-73.55593180000001, 45.484937], [-73.55594290000002, 45.4848548], [-73.5559558, 45.4847827], [-73.55597440000001, 45.4846994], [-73.55599660000001, 45.48461960000001], [-73.55601470000002, 45.4845629], [-73.55603500000001, 45.4845099], [-73.5560542, 45.4844621], [-73.556086, 45.4843894], [-73.55612030000002, 45.4843184], [-73.55615520000002, 45.48425069999999], [-73.55619350000002, 45.4841846], [-73.55622940000002, 45.4841269], [-73.55629580000002, 45.484024100000006], [-73.55633510000001, 45.4839672], [-73.55656050000002, 45.4836293], [-73.5567866, 45.4832949], [-73.5568349, 45.483229], [-73.55688030000002, 45.4831645], [-73.5569215, 45.4831104], [-73.5569741, 45.4830443], [-73.55701920000001, 45.4829919], [-73.55706560000002, 45.4829371], [-73.5571229, 45.4828733], [-73.5571801, 45.4828139], [-73.55723020000002, 45.4827621], [-73.55732350000001, 45.4826681], [-73.55741820000001, 45.48258], [-73.55747700000002, 45.4825273], [-73.5575521, 45.4824615], [-73.5576315, 45.4823948], [-73.55770520000002, 45.4823365], [-73.5577718, 45.4822867], [-73.55783890000001, 45.4822382], [-73.55790210000002, 45.4821943], [-73.55797050000001, 45.48215050000001], [-73.5580448, 45.48210430000001], [-73.55807309448647, 45.48208733915938], [-73.5585852, 45.481777900000004], [-73.5587663, 45.4817034], [-73.5589457, 45.4816294], [-73.5591223, 45.4815543], [-73.55923870000001, 45.4815034], [-73.55936280000002, 45.481442900000005], [-73.55947200000001, 45.4813864], [-73.5595733, 45.4813286], [-73.55965330000001, 45.4812825], [-73.5597272, 45.4812347], [-73.5598147, 45.48117740000001], [-73.55991080000001, 45.481110900000004], [-73.5600522, 45.48101259999999], [-73.56007790812906, 45.480994719666654], [-73.5605301968249, 45.480678647282865], [-73.5605817, 45.4806425], [-73.5609569, 45.480375599999995], [-73.56112210000002, 45.4802598], [-73.5612777, 45.4801498], [-73.5615891, 45.4799241], [-73.56166630000001, 45.47986529999999], [-73.5617544, 45.4797952], [-73.56185730249479, 45.479712322292386], [-73.562237, 45.4794071], [-73.5627415, 45.47906869999999], [-73.5631662, 45.4787537], [-73.56322080000001, 45.4787153], [-73.56364140000001, 45.478419200000005], [-73.56385330000002, 45.4782714], [-73.56402120000001, 45.4781538], [-73.56410470000002, 45.4780939], [-73.56423020000001, 45.4780048], [-73.56436610000002, 45.477910900000005], [-73.56448450000002, 45.4778267], [-73.56459470000001, 45.4777499], [-73.56469530000001, 45.4776805], [-73.5647918, 45.477613899999994], [-73.5648979, 45.4775417], [-73.56498890000002, 45.477482300000005], [-73.5650799, 45.4774241], [-73.56516210000001, 45.4773724], [-73.56529790000002, 45.4772896], [-73.56541530000001, 45.4772202], [-73.5655266, 45.47715509999999], [-73.5656087, 45.477109], [-73.5656768, 45.4770715], [-73.56575190000001, 45.4770311], [-73.5658209, 45.4769936], [-73.56588280000001, 45.476961], [-73.56598587306517, 45.47690813982821], [-73.5665328, 45.4766453], [-73.5666642, 45.4765872], [-73.56683730000002, 45.47651239999999], [-73.56698730000001, 45.4764509], [-73.567055, 45.47642330000001], [-73.56715320000002, 45.47638510000001], [-73.5672703, 45.47634070000001], [-73.56736490000002, 45.4763053], [-73.5674588, 45.4762702], [-73.5675806, 45.476227], [-73.56769750000001, 45.4761861], [-73.5678116, 45.4761487], [-73.5679009, 45.4761195], [-73.56799440000002, 45.4760887], [-73.56808490000002, 45.47606160000001], [-73.568162, 45.4760376], [-73.5682274, 45.4760191], [-73.5683059, 45.4759973], [-73.56839950000001, 45.4759721], [-73.56850200000001, 45.4759454], [-73.56859550000001, 45.47592219999999], [-73.56869380000002, 45.475899], [-73.5687977, 45.475875599999995], [-73.5688959, 45.4758553], [-73.5690203, 45.4758293], [-73.5691457, 45.4758056], [-73.5692445, 45.4757881], [-73.56936960000002, 45.4757666], [-73.56943044648463, 45.47575640644275], [-73.57004854284658, 45.475659360494106], [-73.57067090508731, 45.475571734168], [-73.5707647, 45.4755589], [-73.57087320000001, 45.475545600000004], [-73.57097880000002, 45.4755327], [-73.5710783, 45.4755213], [-73.57119570000002, 45.4755092], [-73.5713109, 45.47549740000001], [-73.57141760000002, 45.47548760000001], [-73.57154060000002, 45.4754774], [-73.57165240000002, 45.4754692], [-73.5717592, 45.4754621], [-73.5718659, 45.4754555], [-73.57196990000001, 45.475449999999995], [-73.57207610000002, 45.47544609999999], [-73.57218510000001, 45.475442099999995], [-73.57228740000001, 45.4754386], [-73.5723835, 45.4754359], [-73.57248750000001, 45.4754339], [-73.57257321251075, 45.47543250570402], [-73.57321130589632, 45.475436720176084], [-73.57383490000001, 45.4754616], [-73.57399360000001, 45.4754718], [-73.57414460000001, 45.4754828], [-73.57429560000001, 45.4754963], [-73.5744485, 45.4755109], [-73.57457840000001, 45.475525100000006], [-73.5747255, 45.4755421], [-73.5748039, 45.4755526], [-73.57501460000002, 45.47558239999999], [-73.57520330000001, 45.4756117], [-73.5753828, 45.4756396], [-73.57555390000002, 45.4756705], [-73.57567930000002, 45.4756948], [-73.5758328, 45.4757263], [-73.5759918, 45.4757605], [-73.5761472, 45.4757958], [-73.57629940000001, 45.47583389999999], [-73.57633019260304, 45.47584156296368], [-73.57692899491295, 45.47599489441179], [-73.57751920012218, 45.476163131960675], [-73.57810936789082, 45.47633049282086], [-73.5782013, 45.4763563], [-73.57859350000001, 45.4764613], [-73.57872800000001, 45.4764949], [-73.5788368, 45.4765213], [-73.5789306, 45.4765425], [-73.5790332, 45.4765639], [-73.57910230000002, 45.4765782], [-73.57917000000002, 45.4765927], [-73.5792836, 45.476618], [-73.579359, 45.47663430000001], [-73.57956540000002, 45.4766749], [-73.57974810000002, 45.4767088], [-73.5798313, 45.476723299999996], [-73.5799223, 45.4767383], [-73.58003390000002, 45.4767546], [-73.5801951, 45.4767756], [-73.58054120000001, 45.4768182], [-73.58072180000002, 45.4768355], [-73.58109990000001, 45.4768711], [-73.58152340000001, 45.4769047], [-73.5823889, 45.476974000000006], [-73.5829325, 45.47701790000001], [-73.5830993, 45.4770295], [-73.58324970000001, 45.4770404], [-73.58343520000001, 45.4770525], [-73.58360540000001, 45.4770618], [-73.58373880000002, 45.47706709999999], [-73.5838945, 45.4770704], [-73.58402260000001, 45.4770706], [-73.5841466, 45.47707009999999], [-73.58427080000001, 45.4770664], [-73.58437240000002, 45.4770612], [-73.5844692, 45.47705510000001], [-73.5845741, 45.4770464], [-73.58467390000001, 45.4770362], [-73.58476590000001, 45.47702629999999], [-73.5849005, 45.4770074], [-73.58496871335416, 45.476996966211345], [-73.58557518075813, 45.47686224515708], [-73.5861781, 45.4766488], [-73.586277, 45.476604300000005], [-73.58636430000001, 45.476563500000005], [-73.58643780000001, 45.4765263], [-73.5865153, 45.476488], [-73.58660450000002, 45.4764419], [-73.58666302903107, 45.47640981597965], [-73.5871991, 45.4760935], [-73.587685, 45.4757966], [-73.58850620000001, 45.475291], [-73.5888083, 45.47510450000001], [-73.5890829, 45.47493500000001], [-73.5893596, 45.474763300000006], [-73.58969000000002, 45.47456059999999], [-73.59003025305996, 45.47435131872092], [-73.59051860616937, 45.47406071999435], [-73.59105690000001, 45.47377920000001], [-73.59110480000001, 45.47375319999999], [-73.5913712, 45.47361680000001], [-73.59146380000001, 45.4735666], [-73.5915509, 45.4735165], [-73.59163660000002, 45.4734658], [-73.59173930000001, 45.4734053], [-73.5920269, 45.47322710000001], [-73.59219760000002, 45.47312], [-73.59228980000002, 45.473067099999994], [-73.5925858, 45.4728823], [-73.59393969799386, 45.47204731888191], [-73.59434541399423, 45.47169221668365], [-73.59497010000001, 45.47141709999999], [-73.59542110000001, 45.471153300000005], [-73.59580450000001, 45.4709312], [-73.5960617, 45.4707863], [-73.59634740000001, 45.4706256], [-73.5968878346041, 45.470334390457154], [-73.59758280000001, 45.469968699999995], [-73.5995603, 45.4689672], [-73.6007379, 45.4683676], [-73.60135520000001, 45.4680544], [-73.60168380000002, 45.46788999999999], [-73.60263980000002, 45.467408], [-73.6034268, 45.467025], [-73.6038965, 45.4668012], [-73.60432, 45.466609], [-73.6047315, 45.4664273], [-73.605205, 45.4662188], [-73.60610080000001, 45.465844000000004], [-73.6072282, 45.4653888], [-73.60795710000001, 45.4650927], [-73.60973690000002, 45.4643729], [-73.61173360000001, 45.4635686], [-73.6142189, 45.4625627], [-73.6156292, 45.4619926], [-73.6160104, 45.4618318], [-73.61643340000002, 45.4616552], [-73.6168998, 45.4614532], [-73.61735270000001, 45.461252400000006], [-73.61770340000001, 45.46108999999999], [-73.6181818, 45.4608674], [-73.61852860000002, 45.460704199999995], [-73.61891440000001, 45.4605157], [-73.6193714, 45.4602863], [-73.61971520000002, 45.460112200000005], [-73.620002, 45.4599605], [-73.62032020000001, 45.4597907], [-73.6207514, 45.4595592], [-73.6211396, 45.4593422], [-73.62141060000002, 45.459189], [-73.62179970000001, 45.458963700000005], [-73.6222006, 45.4587257], [-73.62247230000001, 45.4585608], [-73.6227355, 45.4584007], [-73.62305170000002, 45.4582029], [-73.62335120000002, 45.4580109], [-73.62352490000002, 45.4578995], [-73.6238213, 45.4577061], [-73.62416060000001, 45.457479400000004], [-73.62456430000002, 45.4572041], [-73.62476200000002, 45.4570664], [-73.6250361, 45.45687710000001], [-73.62744290000002, 45.4552058], [-73.62819090000002, 45.454686], [-73.62854850000001, 45.4544398], [-73.6290564, 45.4540855], [-73.62943910000001, 45.4538221], [-73.62952670000001, 45.4537608], [-73.6296805, 45.45365519999999], [-73.6297656, 45.4535977], [-73.6298541, 45.4535394], [-73.6299723, 45.4534626], [-73.6301113, 45.4533756], [-73.63029230000001, 45.453264299999994], [-73.63049720000001, 45.4531453], [-73.6307138, 45.4530219], [-73.6310464, 45.4528346], [-73.63154040000002, 45.452556], [-73.6321082, 45.4522379], [-73.63266540000001, 45.4519263], [-73.63279630000001, 45.4518526], [-73.63312870000001, 45.4516668], [-73.6336977, 45.45134740000001], [-73.6341232, 45.4511077], [-73.63436890000001, 45.4509771], [-73.63452550000001, 45.450894000000005], [-73.63472930000002, 45.4507913], [-73.63513710000001, 45.4505983], [-73.6354182, 45.45046599999999], [-73.6358038140743, 45.45028446869585], [-73.63633221383314, 45.450034002707476], [-73.63637550000001, 45.4500131], [-73.637079, 45.4496848], [-73.63716390000002, 45.4496495], [-73.6374197, 45.4495419], [-73.6375365, 45.4494941], [-73.6377415, 45.4494108], [-73.6381996, 45.449238], [-73.63878990000002, 45.449022600000006], [-73.6395068, 45.448760899999996], [-73.6395694, 45.4487374], [-73.6396470261336, 45.44870926356835], [-73.64021390844987, 45.448505180346096], [-73.6408664, 45.448286], [-73.64107580000001, 45.4482209], [-73.6412978, 45.4481564], [-73.64149250000001, 45.448100100000005], [-73.64169990000002, 45.4480434], [-73.64190600000002, 45.4479891], [-73.64213700000002, 45.4479319], [-73.6422553, 45.4479031], [-73.64249620000001, 45.4478485], [-73.64276350000002, 45.447790299999994], [-73.6430099, 45.447740399999994], [-73.64330800000002, 45.4476876], [-73.64362660000002, 45.4476313], [-73.643921, 45.4475833], [-73.6442053, 45.4475395], [-73.6444638, 45.4474986], [-73.64474400000002, 45.4474565], [-73.64491540000002, 45.4474315], [-73.64514270000001, 45.4474008], [-73.64539700000002, 45.4473673], [-73.64561130000001, 45.4473403], [-73.6457719, 45.4473211], [-73.64593660000001, 45.4473024], [-73.64615750000002, 45.4472791], [-73.6463776, 45.447257], [-73.6465536, 45.4472401], [-73.64670120000001, 45.4472267], [-73.64686190000002, 45.4472125], [-73.64706120000001, 45.4471952], [-73.64724720000001, 45.4471813], [-73.6474588, 45.4471679], [-73.64765010000002, 45.4471565], [-73.64782230000002, 45.4471471], [-73.64800360000001, 45.4471377], [-73.6481521, 45.4471313], [-73.64834950000001, 45.447124200000005], [-73.64854630000002, 45.4471182], [-73.6487994, 45.4471107], [-73.6489877, 45.44710740000001], [-73.649217, 45.4471049], [-73.64942060000001, 45.44710320000001], [-73.64962090000002, 45.4471036], [-73.64988490000002, 45.447105400000005], [-73.65006540000002, 45.447107200000005], [-73.65016940000001, 45.44711039999999], [-73.65030560000001, 45.447110800000004], [-73.65042620000001, 45.4471154], [-73.65090980000001, 45.4471231], [-73.65222130000001, 45.447150799999996], [-73.6526254, 45.4471584], [-73.65309220000002, 45.4471677], [-73.65345050000002, 45.4471759], [-73.6537036, 45.4471808], [-73.65432180000002, 45.4471923], [-73.65496010000001, 45.4472056], [-73.6565489, 45.4472381], [-73.6573036, 45.4472536], [-73.66002100000001, 45.44732499999999], [-73.6635807, 45.4473993], [-73.66714450000002, 45.44748690000001], [-73.68084170000002, 45.4478295], [-73.68189950684008, 45.44785476105887], [-73.6823095, 45.44779270000001], [-73.6841218, 45.4478366], [-73.68522520000002, 45.4478697], [-73.68579270000001, 45.4478978], [-73.6863265, 45.4479285], [-73.68695650000001, 45.4479735], [-73.6877229, 45.4480259], [-73.68887100000002, 45.448097100000005], [-73.6897886, 45.44816190000001], [-73.6907826057518, 45.44823147455057], [-73.69141556966176, 45.4482759367951], [-73.6922855, 45.448339700000005], [-73.69313370000002, 45.4483996], [-73.69394800000002, 45.4484563], [-73.69495760000001, 45.4485261], [-73.695435, 45.44855449999999], [-73.69578100000001, 45.4485752], [-73.69612580000002, 45.4485878], [-73.6964375, 45.4486006], [-73.69648224180756, 45.44860171854519], [-73.69748750000001, 45.4486128], [-73.69772910000002, 45.4486103], [-73.6980112, 45.4486063], [-73.6986313, 45.44858630000001], [-73.6988393, 45.4485764], [-73.6991177, 45.4485624], [-73.699414, 45.4485448], [-73.6997249, 45.4485274], [-73.70040480000002, 45.44848710000001], [-73.70150350000002, 45.44842100000001], [-73.7018283, 45.4484038], [-73.7021645, 45.44838759999999], [-73.7023818, 45.4483773], [-73.7025556, 45.4483722], [-73.70274160000001, 45.4483662], [-73.70294270000001, 45.4483612], [-73.70320520000001, 45.4483583], [-73.70343070000001, 45.4483567], [-73.70361910000001, 45.4483571], [-73.70382250000002, 45.44835750000001], [-73.7042269, 45.4483625], [-73.7045051, 45.4483687], [-73.70520660000001, 45.448381], [-73.70600791008455, 45.448396932028565], [-73.70644890000001, 45.4484057], [-73.70918420000001, 45.4484608], [-73.70963220000002, 45.44846929999999], [-73.71999505260554, 45.448673826253135], [-73.7206308102521, 45.448686474679725], [-73.72126659662878, 45.44869947182357], [-73.7222702, 45.44879550000001], [-73.72561800000001, 45.44886], [-73.73058020000002, 45.4489624], [-73.7323348, 45.4489978], [-73.73290690000002, 45.4490074], [-73.7331426, 45.4490116], [-73.7333961, 45.449013699999995], [-73.73375040000002, 45.44901480000001], [-73.73411620000002, 45.4490116], [-73.7345008, 45.4490062], [-73.73467370000002, 45.4490016], [-73.7371875, 45.44893809999999], [-73.73748980000002, 45.44893460000001], [-73.73774000000002, 45.44893209999999], [-73.73806670000002, 45.4489308], [-73.738363, 45.448935000000006], [-73.73891360000002, 45.448942], [-73.739525, 45.4489547], [-73.73974480000001, 45.4489543], [-73.74003580000002, 45.4489502], [-73.74034160255486, 45.44894460893997], [-73.74145980000002, 45.4489164], [-73.74288397871521, 45.44894487465274], [-73.74351975203265, 45.448957581993845], [-73.74446230000001, 45.44897640000001], [-73.74987754260046, 45.44908331020359], [-73.7500847, 45.4490874], [-73.75103320000001, 45.44910599999999], [-73.75127750000001, 45.4491101], [-73.75198190000002, 45.449125], [-73.75253870000002, 45.4491362], [-73.75305644325755, 45.449145546483436], [-73.7536922762313, 45.44915725933978], [-73.75487630000002, 45.44918070000001], [-73.7559599, 45.4492022], [-73.7567666, 45.449219], [-73.7575707, 45.4492339], [-73.75862610000001, 45.4492566], [-73.76016180000002, 45.4492848], [-73.76194010000002, 45.449318600000005], [-73.76351320000002, 45.44935060000001], [-73.76519100000002, 45.4493826], [-73.76690090000001, 45.4494137], [-73.7673591, 45.4494244], [-73.76837290000002, 45.4494439], [-73.77035430000001, 45.4494833], [-73.7720682, 45.4495143], [-73.77377680000001, 45.44954920000001], [-73.7755105, 45.4495823], [-73.77615930000002, 45.449594600000005], [-73.77708260000001, 45.4496141], [-73.778771, 45.4496451], [-73.7790339, 45.44965080000001], [-73.77974550000002, 45.44966519999999], [-73.78053250000002, 45.4496799], [-73.78167790000002, 45.449702300000006], [-73.78296470000001, 45.4497279], [-73.78465040000002, 45.44975139999999], [-73.7851895, 45.4497524], [-73.78599820000001, 45.44974479999999], [-73.78647290000002, 45.44973540000001], [-73.7867932, 45.44973120000001], [-73.78709070000001, 45.4497213], [-73.78737170000001, 45.4497103], [-73.78763, 45.449702], [-73.7880241169677, 45.44968461016188], [-73.7886026, 45.449653999999995], [-73.788904, 45.449637200000005], [-73.7892196, 45.4496181], [-73.7895675, 45.4495961], [-73.78992880000001, 45.4495666], [-73.7903604, 45.4495319], [-73.7907927, 45.44949419999999], [-73.7914383, 45.4494357], [-73.7923788, 45.4493317], [-73.7933876, 45.449204], [-73.7944797, 45.4490478], [-73.79530310000001, 45.44892], [-73.79597950000002, 45.4488024], [-73.796605, 45.4486923], [-73.7970981, 45.4485954], [-73.79755360000001, 45.4485042], [-73.79788610000001, 45.4484353], [-73.79822790000001, 45.448362], [-73.7985758, 45.4482856], [-73.7990487, 45.4481781], [-73.79951090000002, 45.4480696], [-73.7999801, 45.447953999999996], [-73.8004339, 45.4478384], [-73.8006902, 45.4477723], [-73.80096, 45.447700600000005], [-73.80129070000001, 45.44761040000001], [-73.80159890000002, 45.4475232], [-73.801895, 45.4474397], [-73.80232630000002, 45.4473141], [-73.803275, 45.44702899999999], [-73.8049351, 45.4465227], [-73.8057509, 45.4462731], [-73.8073056, 45.44579970000001], [-73.80887100000001, 45.44532159999999], [-73.80983580000002, 45.445024800000006], [-73.81047440000002, 45.4448302], [-73.81082190000001, 45.44472360000001], [-73.81163990000002, 45.444474699999994], [-73.8128181, 45.4441145], [-73.81317040000002, 45.44400529999999], [-73.81351100000002, 45.443903], [-73.81400040000001, 45.44375869999999], [-73.81458190000001, 45.443591], [-73.8149428, 45.443490399999995], [-73.81528900000002, 45.4433943], [-73.81623930000002, 45.44313760000001], [-73.8165437, 45.4430553], [-73.81862520000001, 45.4424963], [-73.82132460000001, 45.4417684], [-73.82214030000002, 45.4415516], [-73.8229392, 45.441334899999994], [-73.8240096, 45.4410471], [-73.8247881, 45.4408381], [-73.825603, 45.4406172], [-73.82738150000002, 45.44013880000001], [-73.8279012, 45.4399989], [-73.8295522, 45.43955429999999], [-73.83344200000002, 45.4385071], [-73.83465650000001, 45.438179500000004], [-73.83522900000001, 45.4380237], [-73.8361634, 45.4377719], [-73.83817630000001, 45.4372312], [-73.84102120000001, 45.4364642], [-73.84215750000001, 45.43615599999999], [-73.84335590000002, 45.4358336], [-73.84455340000001, 45.43551060000001], [-73.84656930339456, 45.434964855280576], [-73.84716329643047, 45.434804071631234], [-73.8477578297697, 45.43464424185876], [-73.84842310000002, 45.4344675], [-73.85024410000001, 45.4339762], [-73.8524273, 45.4333904], [-73.8530893, 45.433209700000006], [-73.85571490000001, 45.4325039], [-73.8562792, 45.4323531], [-73.85683490000001, 45.4322122], [-73.8570417, 45.4321579], [-73.85727480000001, 45.4321], [-73.8575113, 45.4320427], [-73.85772510000001, 45.4319903], [-73.8578445, 45.4319633], [-73.8580799, 45.4319079], [-73.85837600000002, 45.43184], [-73.85864020000001, 45.4317822], [-73.85885050000002, 45.4317348], [-73.85901880000002, 45.4316995], [-73.8591939, 45.4316624], [-73.8593795, 45.4316241], [-73.85965290000001, 45.43156700000001], [-73.8598987, 45.431517400000004], [-73.86015750000001, 45.43146600000001], [-73.860349, 45.43142929999999], [-73.8605526, 45.4313901], [-73.86074090000001, 45.4313559], [-73.86092430000001, 45.4313216], [-73.86110340000002, 45.43128970000001], [-73.8613096, 45.4312532], [-73.86150440000002, 45.43122000000001], [-73.8617093, 45.4311847], [-73.86231040000001, 45.431084899999995], [-73.8628564, 45.4309988], [-73.86521530000002, 45.4306268], [-73.8669009, 45.4303593], [-73.87001490000002, 45.4298682], [-73.8732535, 45.4293555], [-73.87513570000002, 45.42905789999999], [-73.8770857, 45.428749499999995], [-73.87841110000001, 45.428539699999995], [-73.879825, 45.4283162], [-73.88251830000002, 45.4278889], [-73.8844162, 45.4275872], [-73.88513043653649, 45.42747464916371], [-73.88575120490387, 45.427376688959505], [-73.8856373, 45.4273947], [-73.88865140000001, 45.426918099999995], [-73.89034190000001, 45.4266504], [-73.89120060000002, 45.426515], [-73.89367840000001, 45.42612299999999], [-73.89511050000002, 45.42589400000001], [-73.8953109, 45.42586070000001], [-73.89578780000001, 45.4257806], [-73.8962166, 45.4257055], [-73.8965951, 45.4256379], [-73.8969735, 45.4255667], [-73.89732850000001, 45.4254974], [-73.89768350000001, 45.4254252], [-73.8980905, 45.4253411], [-73.89841740000001, 45.4252707], [-73.89874160000001, 45.425200200000006], [-73.8990322, 45.4251337], [-73.89932100000001, 45.4250676], [-73.89957330000001, 45.425008], [-73.8998647, 45.4249376], [-73.90010870000002, 45.424879], [-73.90034230000002, 45.4248194], [-73.90056610000002, 45.42476359999999], [-73.90088350000002, 45.4246811], [-73.90119420000002, 45.4245981], [-73.90129850000001, 45.4245696], [-73.9015967, 45.424488], [-73.90183910000002, 45.42442129999999], [-73.90206310000002, 45.4243572], [-73.9022928, 45.424291100000005], [-73.9026019, 45.4242012], [-73.9031352, 45.4240396], [-73.90336920000001, 45.4239681], [-73.9035593, 45.423908700000005], [-73.90376850000001, 45.4238426], [-73.90400280000001, 45.4237677], [-73.90418640000001, 45.423707500000006], [-73.90434630000001, 45.423654400000004], [-73.90487460000001, 45.423477600000005], [-73.9053989, 45.4232939], [-73.9062412, 45.4229921], [-73.90887070000001, 45.42204149999999], [-73.9121229, 45.4208717], [-73.91335040000001, 45.42042589999999], [-73.91467490000001, 45.4199475], [-73.91559740000001, 45.4196156], [-73.91621420000001, 45.4193923], [-73.9167873, 45.419185999999996], [-73.9174828, 45.4189343], [-73.91815400000002, 45.4186935], [-73.91891520000001, 45.4184193], [-73.9196849, 45.4181399], [-73.9201087, 45.41798670000001], [-73.92053250000001, 45.41783540000001], [-73.92130480000002, 45.417555300000004], [-73.9226156, 45.4170801], [-73.9231608, 45.41688460000001], [-73.92362260000002, 45.416716], [-73.92499650000002, 45.4162223], [-73.9252932, 45.4161152], [-73.92572470000002, 45.415956699999995], [-73.9261481, 45.4158057], [-73.9263387, 45.41573850000001], [-73.9268897, 45.415539700000004], [-73.92711360000001, 45.41545889999999], [-73.92754630000002, 45.4153046], [-73.92780000000002, 45.4152117], [-73.92827890000001, 45.4150398], [-73.92958978835487, 45.414563083662365], [-73.9298859, 45.41445540000001], [-73.93198330000001, 45.413699], [-73.9325519, 45.413493300000006], [-73.9330894, 45.413301], [-73.93356780000002, 45.4131284], [-73.9347797, 45.412690000000005], [-73.93546360000002, 45.4124438], [-73.936589, 45.4120354], [-73.9369034, 45.411922800000006], [-73.93722820000002, 45.4118037], [-73.93892690000001, 45.4111924], [-73.94226790000002, 45.4099848], [-73.94259620000001, 45.4098649], [-73.94294480000002, 45.4097388], [-73.94318397518396, 45.409653375630064], [-73.9437515130775, 45.409450436678895], [-73.9440167, 45.409355], [-73.94418900000001, 45.409293000000005], [-73.94437360000002, 45.4092285], [-73.9445456, 45.4091699], [-73.94472910000002, 45.4091087], [-73.9448991, 45.409053], [-73.9450913, 45.40899220000001], [-73.9452167, 45.408953], [-73.94540910000002, 45.4088953], [-73.94562210000001, 45.4088318], [-73.94583500000002, 45.4087706], [-73.94606120000002, 45.4087061], [-73.94635250000002, 45.4086282], [-73.946536, 45.408582], [-73.94670000000002, 45.4085396], [-73.9469972, 45.4084691], [-73.9473343, 45.408391200000004], [-73.9479767, 45.4082506], [-73.94854210000001, 45.4081282], [-73.948772, 45.4080772], [-73.9489602, 45.4080348], [-73.94920830000001, 45.4079752], [-73.94940000000001, 45.407927199999996], [-73.94956170000002, 45.4078849], [-73.94981220000001, 45.4078158], [-73.94997070000001, 45.4077685], [-73.95013100000001, 45.4077201], [-73.95024120000001, 45.4076853], [-73.950433, 45.4076219], [-73.95060200000002, 45.4075653], [-73.9507091, 45.4075278], [-73.95081180000001, 45.4074903], [-73.95084623013913, 45.40747715712456], [-73.95140045338059, 45.40725608644914], [-73.95193630231562, 45.40701532512069], [-73.95248720000001, 45.406734], [-73.95260420000001, 45.406669], [-73.9527194, 45.40660650000001], [-73.95289310000001, 45.4065039], [-73.95304550000002, 45.4064122], [-73.95315470000001, 45.4063446], [-73.9532577, 45.40627959999999], [-73.95336600000002, 45.4062099], [-73.95348300000002, 45.4061307], [-73.9535833, 45.4060634], [-73.9536846, 45.4059917], [-73.95378590000001, 45.40592000000001], [-73.95390510000001, 45.4058302], [-73.9540407, 45.40572650000001], [-73.9541727, 45.4056212], [-73.95430570000002, 45.4055115], [-73.95443560000001, 45.4054008], [-73.95453580000002, 45.4053124], [-73.95463240000001, 45.40522579999999], [-73.95477600000001, 45.4050937], [-73.9548885, 45.4049872], [-73.9549909, 45.4048903], [-73.9550810491405, 45.404806093839056], [-73.95534170000002, 45.4046076], [-73.9558028, 45.40415349999999], [-73.95679660000002, 45.4031778], [-73.9580916335564, 45.40190572972794], [-73.95846290179097, 45.40154041985351], [-73.9590784, 45.4009267], [-73.9602561, 45.3997861], [-73.9603268, 45.39972010000001], [-73.96076940000002, 45.399307099999994], [-73.96103530000002, 45.3990637], [-73.9611007971114, 45.39900842026146], [-73.9616176, 45.39850049999999], [-73.9625886, 45.3977024], [-73.96308630000001, 45.3973135], [-73.96388790000002, 45.3967028], [-73.96396100000001, 45.3966396], [-73.96405900000002, 45.39657720000001], [-73.9645374, 45.39623430000001], [-73.96490630000001, 45.3959719], [-73.9652174, 45.3957578], [-73.96537920000002, 45.3956488], [-73.96581310000002, 45.395361], [-73.96618010000002, 45.395119], [-73.9665939, 45.394856], [-73.9670416, 45.3945783], [-73.9673543, 45.3943891], [-73.9678132, 45.394116100000005], [-73.9685584, 45.39369], [-73.9688555, 45.393524899999996], [-73.96936520000001, 45.3932477], [-73.96971670000002, 45.393063899999994], [-73.97011490000001, 45.392854699999994], [-73.97069680000001, 45.3925621], [-73.97135570000002, 45.3922429], [-73.9717647, 45.39204519999999], [-73.9724277, 45.39174020000001], [-73.97299900000002, 45.39148709999999], [-73.97393090000001, 45.3910924], [-73.97500830000001, 45.3906622], [-73.97596830000002, 45.390301], [-73.97648090000001, 45.3901147], [-73.97710800000002, 45.3898974], [-73.97817500000001, 45.3895476], [-73.97907340000002, 45.38926940000001], [-73.97969570000001, 45.3890883], [-73.98009860000002, 45.3889736], [-73.98086110000001, 45.388770699999995], [-73.98157470000001, 45.3885867], [-73.9825641, 45.3883552], [-73.982938, 45.388271], [-73.9835705, 45.38813570000001], [-73.9841912, 45.38800799999999], [-73.98475170000002, 45.387900800000004], [-73.98530480000001, 45.3877997], [-73.98606180000002, 45.38766979999999], [-73.98648200000001, 45.387602], [-73.98688270000001, 45.3875411], [-73.98751260000002, 45.3874472], [-73.98821140000001, 45.3873505], [-73.98879070000001, 45.387277100000006], [-73.9894343, 45.3872033], [-73.9897704, 45.3871667], [-73.9900587, 45.3871374], [-73.9906037, 45.3870877], [-73.9913393, 45.387026600000006], [-73.99145420000002, 45.387019099999996], [-73.9928032, 45.386935], [-73.99332780000002, 45.3869105], [-73.99703100000002, 45.38673349999999], [-73.99836816835939, 45.38666862893887], [-73.99875010000001, 45.38665009999999], [-74.00407995271952, 45.386401902345746], [-74.00471433782272, 45.386368868161455], [-74.00528350000002, 45.386335], [-74.005425, 45.3863252], [-74.0055779, 45.38631329999999], [-74.0057473, 45.386301200000005], [-74.0058585, 45.3862908], [-74.00607510000002, 45.3862744], [-74.0062571, 45.3862564], [-74.00644800000002, 45.3862388], [-74.00670440000002, 45.3862129], [-74.00700130000001, 45.386178900000004], [-74.0072153, 45.3861539], [-74.0074333, 45.38612470000001], [-74.0076543, 45.3860955], [-74.00787910000001, 45.3860629], [-74.00804890000002, 45.386038], [-74.0082277, 45.38601069999999], [-74.0084323, 45.3859776], [-74.00858120000001, 45.3859543], [-74.0088749, 45.38590320000001], [-74.00910480000002, 45.38586180000001], [-74.00935620000001, 45.3858142], [-74.0095863, 45.3857692], [-74.00972216168951, 45.385741481983025], [-74.01043780000002, 45.385583999999994], [-74.01068980000001, 45.38552640000001], [-74.0109436, 45.3854646], [-74.0111298, 45.3854173], [-74.0113306, 45.385366], [-74.01154670000001, 45.3853076], [-74.01185010000002, 45.3852258], [-74.0120881, 45.385158200000006], [-74.01230950000001, 45.3850923], [-74.01259320000001, 45.3850066], [-74.0127817, 45.384946600000006], [-74.01299520000002, 45.3848784], [-74.0132105, 45.38480810000001], [-74.01342450000001, 45.384735000000006], [-74.01372200000002, 45.3846325], [-74.01401820000001, 45.3845246], [-74.01435100000002, 45.38440049999999], [-74.01458870000002, 45.384307500000006], [-74.0148513, 45.3842026], [-74.01508830000002, 45.38410429999999], [-74.01530060000002, 45.38401509999999], [-74.01551670000002, 45.383923300000006], [-74.01574280000001, 45.3838233], [-74.0159332, 45.3837359], [-74.01612490000001, 45.3836468], [-74.0163641, 45.3835346], [-74.0172235, 45.3831167], [-74.0177233, 45.382873800000006], [-74.01919800293032, 45.38215164742298], [-74.01972075463212, 45.38189545764151], [-74.0195183, 45.3819948], [-74.02170400000001, 45.3809223], [-74.0240988, 45.3797434], [-74.0257228, 45.3789441], [-74.02678900000001, 45.3784248], [-74.0282316, 45.37771570000001], [-74.0291659, 45.377256499999994], [-74.03032960000002, 45.3766866], [-74.0314445, 45.3761314], [-74.03167840000002, 45.37601430000001], [-74.0318987, 45.3759019], [-74.0320558, 45.3758196], [-74.03241890000001, 45.375626], [-74.03278070000002, 45.3754313], [-74.03324850000001, 45.37517319999999], [-74.0335514, 45.375000400000005], [-74.03388280000001, 45.3748105], [-74.03426590000001, 45.37458459999999], [-74.0346418, 45.37435940000001], [-74.03504830000001, 45.3741072], [-74.0354133, 45.3738801], [-74.03559260000002, 45.373763499999995], [-74.03575200000002, 45.373659], [-74.03604700000001, 45.3734636], [-74.03632940000001, 45.3732744], [-74.03673760000001, 45.37300030000001], [-74.03713930000002, 45.3727252], [-74.03760140000001, 45.37240979999999], [-74.03810870000001, 45.37206400000001], [-74.03877020000002, 45.3716182], [-74.03932360000002, 45.3712574], [-74.0400128, 45.3708239], [-74.04069080000001, 45.3704135], [-74.04079809658705, 45.370350246749936], [-74.0411827, 45.3701272], [-74.04151070000002, 45.3699397], [-74.04188190000002, 45.36973309999999], [-74.042566, 45.3693648], [-74.0430467, 45.3691122], [-74.043592, 45.3688276], [-74.04388440000001, 45.368674500000004], [-74.0441811, 45.3685194], [-74.04445790000001, 45.3683735], [-74.04484430000001, 45.3681728], [-74.04504540000002, 45.3680666], [-74.0462806, 45.3674189], [-74.046556, 45.367277], [-74.04705750000001, 45.36701360000001], [-74.0473128, 45.3668791], [-74.04750410000001, 45.3667786], [-74.0478054, 45.366623], [-74.0486588, 45.3661825], [-74.0492979, 45.36586570000001], [-74.05014500000001, 45.3654611], [-74.05104510000001, 45.3650546], [-74.05164760000001, 45.3647949], [-74.0519657, 45.3646605], [-74.0522601, 45.3645391], [-74.05273480000001, 45.3643465], [-74.05332360000001, 45.3641167], [-74.05400200000001, 45.363855], [-74.05473950000001, 45.3635709], [-74.05552190000002, 45.3632723], [-74.05644, 45.3629209], [-74.0569924, 45.3627084], [-74.05832400000001, 45.3621979], [-74.05924740000002, 45.3618435], [-74.05994810000001, 45.361573199999995], [-74.0607139, 45.3612803], [-74.06160460000001, 45.3609368], [-74.06260260000002, 45.360554699999994], [-74.0633347, 45.3602718], [-74.06404800000001, 45.3599891], [-74.06474770000001, 45.359699600000006], [-74.0653598, 45.3594343], [-74.06557590000001, 45.3593387], [-74.0658008, 45.3592381], [-74.066241, 45.3590381], [-74.0664026, 45.3589619], [-74.06660990000002, 45.3588647], [-74.0669057, 45.35872280000001], [-74.0672233, 45.3585701], [-74.06784500000002, 45.3582662], [-74.068759, 45.3578178], [-74.0700373, 45.35718980000001], [-74.0710134, 45.3567086], [-74.07169670000002, 45.3563738], [-74.07287340000002, 45.3557947], [-74.07316050000001, 45.3556559], [-74.0734527, 45.3555116], [-74.0740394, 45.3552212], [-74.07423330000002, 45.3551278], [-74.074686, 45.35490450000001], [-74.07504370000001, 45.35473040000001], [-74.0757793, 45.3543687], [-74.0761651, 45.3541791], [-74.07653910000002, 45.3539963], [-74.07730570000001, 45.3536188], [-74.07808880000002, 45.3532339], [-74.07844840000001, 45.3530578], [-74.07885130000001, 45.35286000000001], [-74.07963370000002, 45.35247480000001], [-74.0802662, 45.3521634], [-74.08072380000002, 45.3519377], [-74.0811931, 45.351709], [-74.0817486, 45.351435], [-74.08253960000002, 45.3510452], [-74.0833291, 45.35065839999999], [-74.08587410000001, 45.3494084], [-74.086349, 45.3491731], [-74.08876660000001, 45.34798539999999], [-74.0890071, 45.3478667], [-74.08913200000002, 45.347807599999996], [-74.08961470000001, 45.3475691], [-74.09008590000002, 45.34733640000001], [-74.09154280000001, 45.346619600000004], [-74.0918492, 45.3464691], [-74.0920517, 45.34636950000001], [-74.0925446, 45.346126], [-74.09324510000002, 45.3457816], [-74.0935084, 45.34565400000001], [-74.0971435, 45.3438641], [-74.10069860000002, 45.3421117], [-74.10741540000001, 45.338803199999994], [-74.10789430000001, 45.3385665], [-74.1086874, 45.3381773], [-74.10941036368585, 45.337819727694495], [-74.10993242019134, 45.33756339135127], [-74.11076970000002, 45.3371548], [-74.1118684, 45.3366122], [-74.11311200000002, 45.3359988], [-74.1158604, 45.334646], [-74.118117, 45.333534500000006], [-74.12597, 45.329664099999995], [-74.12664600000001, 45.3293336], [-74.13060380000002, 45.3273862], [-74.13227010000001, 45.326564700000006], [-74.13961470000001, 45.32294960000001], [-74.14115480000001, 45.322189900000005], [-74.14582620000002, 45.31988990000001], [-74.14879170000002, 45.3184301], [-74.1494406, 45.3181108], [-74.1514893, 45.3171078], [-74.1566799, 45.3145438], [-74.158223, 45.3137953], [-74.1595347, 45.31314019999999], [-74.16264668125848, 45.311603091675224], [-74.16317093786716, 45.311348452944905], [-74.16345830000002, 45.3112075], [-74.16390610000002, 45.3109826], [-74.1646257, 45.31063090000001], [-74.1649138, 45.3104827], [-74.16522330000001, 45.3103206], [-74.1654972, 45.3101794], [-74.1657575, 45.310036], [-74.1661278, 45.3098334], [-74.166802, 45.3094525], [-74.16785520000002, 45.3088421], [-74.1687602, 45.3083159], [-74.1699076, 45.307653099999996], [-74.17121700000001, 45.3068691], [-74.17197170000001, 45.30642230000001], [-74.1728525, 45.305906500000006], [-74.1734962, 45.3055501], [-74.17391470000001, 45.3053202], [-74.1741275, 45.3052029], [-74.17433350000002, 45.30509510000001], [-74.17458870000002, 45.30496], [-74.1748663, 45.3048201], [-74.17632030000001, 45.3041105], [-74.17651620000001, 45.304017], [-74.17670980000001, 45.3039294], [-74.1783638, 45.3032091], [-74.17960790000001, 45.3027094], [-74.18057877947126, 45.302332108151504], [-74.18113808068514, 45.30211790098451], [-74.18112330000001, 45.30212360000001], [-74.1826273, 45.3015437], [-74.18405000000001, 45.3010031], [-74.18538250000002, 45.3004863], [-74.18584220000001, 45.300311], [-74.18645330000001, 45.3000673], [-74.18682660000002, 45.29991640000001], [-74.1871325, 45.299791799999994], [-74.1874291, 45.299666200000004], [-74.1876879, 45.2995568], [-74.18787280000001, 45.2994775], [-74.1880484, 45.2994014], [-74.18832250000001, 45.2992783], [-74.1888717, 45.299029299999994], [-74.18927920000002, 45.2988405], [-74.18947560000001, 45.2987496], [-74.18967620000001, 45.29865269999999], [-74.18995540000002, 45.2985172], [-74.19025760000001, 45.2983676], [-74.1907819, 45.2981004], [-74.19113490000001, 45.29791780000001], [-74.19149050000001, 45.2977316], [-74.1919772, 45.2974689], [-74.19214660000002, 45.2973756], [-74.19234270000001, 45.2972647], [-74.19259900000002, 45.297117400000005], [-74.19278990000001, 45.2970091], [-74.192996, 45.2968901], [-74.1932223, 45.2967585], [-74.1935848, 45.2965396], [-74.19378690000002, 45.29641730000001], [-74.1940669, 45.29624410000001], [-74.19425080000002, 45.2961284], [-74.19437070000001, 45.2960524], [-74.1947697, 45.295796599999996], [-74.19494600000002, 45.2956829], [-74.19529350000002, 45.2954498], [-74.1955819, 45.29525279999999], [-74.19588540000001, 45.29504519999999], [-74.1962102, 45.2948134], [-74.1967886, 45.2943922], [-74.19711540000002, 45.294143500000004], [-74.1975876, 45.2937707], [-74.1980824, 45.29337520000001], [-74.19872890000002, 45.29286400000001], [-74.19884028169233, 45.29277478865248], [-74.19927540000002, 45.2925051], [-74.19940810000001, 45.2923986], [-74.19989290000001, 45.29201090000001], [-74.2000773, 45.2918645], [-74.20019430000002, 45.2917718], [-74.20026610000001, 45.2917138], [-74.2004389, 45.2915795], [-74.2006059, 45.2914478], [-74.2008619, 45.29125439999999], [-74.2010306, 45.29112979999999], [-74.2011575, 45.291037200000005], [-74.20130990000001, 45.2909272], [-74.20157530000002, 45.290744399999994], [-74.20167720000002, 45.2906714], [-74.2022325, 45.290307], [-74.20275860000001, 45.2899839], [-74.20282090000002, 45.289949], [-74.20310270000002, 45.2897879], [-74.2034686, 45.2895836], [-74.2036571, 45.2894807], [-74.20402290000001, 45.2892894], [-74.20434180000001, 45.289125600000006], [-74.2049669, 45.2888113], [-74.20549870000002, 45.2885471], [-74.2062236, 45.2881882], [-74.20644240000001, 45.28807799999999], [-74.2070084, 45.287799], [-74.2075648, 45.2875231], [-74.20815350000001, 45.2872304], [-74.20874600000002, 45.286938], [-74.2092728, 45.2866777], [-74.2099079, 45.2863621], [-74.21041440000002, 45.28611180000001], [-74.211416, 45.285614], [-74.21228670000002, 45.2851823], [-74.2130159, 45.284816], [-74.21367990000002, 45.2844899], [-74.21469410000002, 45.28398740000001], [-74.2157278, 45.283473099999995], [-74.21666820000002, 45.28300680000001], [-74.21773500000002, 45.2824779], [-74.21873630000002, 45.2819808], [-74.2197003, 45.2815013], [-74.22048440000002, 45.2811079], [-74.2213481, 45.2806827], [-74.22203840000002, 45.28034029999999], [-74.2223128, 45.28020190000001], [-74.222447, 45.2801352], [-74.22298390000002, 45.2798705], [-74.22351030000002, 45.2796097], [-74.22385080000001, 45.2794378], [-74.22419670000001, 45.279267], [-74.2244318, 45.27915089999999], [-74.22521986223722, 45.27876270564664], [-74.22573892318911, 45.27850282535874], [-74.22616050000002, 45.2782487], [-74.2267126, 45.2779737], [-74.22706160000001, 45.2778005], [-74.22748610000001, 45.2775915], [-74.2279714, 45.2773471], [-74.2287203, 45.27697620000001], [-74.2293194, 45.27668], [-74.23019070000001, 45.2762445], [-74.23041360000002, 45.27613529999999], [-74.23091910000001, 45.2758877], [-74.23143528312602, 45.27562995036247], [-74.23195602137409, 45.275371830339566], [-74.23222520000002, 45.2752399], [-74.23276140000002, 45.2749693], [-74.232949, 45.2748788], [-74.2341972, 45.2742586], [-74.23491870000001, 45.2739001], [-74.23508008812952, 45.273822082989525], [-74.23560052287534, 45.27356439437457], [-74.2362439, 45.2732905], [-74.23704130000002, 45.2729306], [-74.23718260000001, 45.272873000000004], [-74.23731140000001, 45.27282009999999], [-74.2374691, 45.2727602], [-74.23762310000001, 45.2727055], [-74.23778920000001, 45.2726531], [-74.23794910000001, 45.27261020000001], [-74.23809890000001, 45.2725764], [-74.238229, 45.272548900000004], [-74.2383659, 45.272524600000004], [-74.23850610000001, 45.2725036], [-74.23864870000001, 45.2724874], [-74.23881040000002, 45.272473999999995], [-74.2389639, 45.2724654], [-74.23910790000001, 45.27246070000001], [-74.23925250000002, 45.27246], [-74.2393964, 45.27246130000001], [-74.23953730000001, 45.2724672], [-74.23968630000002, 45.27247740000001], [-74.23983610000002, 45.2724937], [-74.2399702, 45.272512500000005], [-74.24010030000001, 45.2725336], [-74.2402502, 45.27256249999999], [-74.24038780000001, 45.2725924], [-74.24054670000001, 45.2726287], [-74.2407073, 45.2726679], [-74.2421523, 45.2730181], [-74.2424394, 45.273089000000006], [-74.2427196, 45.27316059999999], [-74.24296460000001, 45.2732299], [-74.24317550000002, 45.2732974], [-74.24338760000002, 45.273366900000006], [-74.24359850000002, 45.2734405], [-74.2437934, 45.2735116], [-74.2439723, 45.2735795], [-74.2441491, 45.2736505], [-74.2443122, 45.2737197], [-74.24444670000001, 45.2737791], [-74.2446267, 45.2738643], [-74.24479880000001, 45.2739481], [-74.24497910000001, 45.2740372], [-74.2451664, 45.2741326], [-74.24534000000001, 45.2742255], [-74.24548479404288, 45.274305409141114], [-74.24598135295243, 45.27459178149752], [-74.24646950769649, 45.274878317164074], [-74.24618730000002, 45.2747134], [-74.24895210000001, 45.2763291], [-74.24963250000002, 45.2767259], [-74.2499936, 45.276933500000005], [-74.2524237, 45.2783538], [-74.25365390000002, 45.2790719], [-74.2558447, 45.2803494], [-74.25695860000002, 45.2810005], [-74.25802400000002, 45.2816241], [-74.25923920000001, 45.282333300000005], [-74.26043410000001, 45.283032], [-74.2611482, 45.2834481], [-74.26251200000002, 45.2842454], [-74.26430700000002, 45.2852906], [-74.26495840000001, 45.2856724], [-74.26575590000002, 45.2861336], [-74.2664594, 45.286555], [-74.26755892294999, 45.28719078762481], [-74.26807950000001, 45.287494], [-74.2693256, 45.2882179], [-74.27104, 45.2892206], [-74.2772955, 45.2928765], [-74.28273320000001, 45.29605050000001], [-74.2871102, 45.2985986], [-74.2911408, 45.30094669999999], [-74.2927846, 45.3019127], [-74.2930243, 45.3020518], [-74.2944467, 45.3028766], [-74.30056180000001, 45.3064363], [-74.30239410000001, 45.3075126], [-74.30702780000001, 45.3102085], [-74.30855700000001, 45.311100499999995], [-74.32780760000001, 45.3222908], [-74.33038415492696, 45.323803155741224], [-74.3307926, 45.3240429], [-74.33219210000001, 45.3248644], [-74.33332046986082, 45.32552667074394], [-74.3337862, 45.325801199999994], [-74.3348416, 45.3264161], [-74.33493520000002, 45.32647060000001], [-74.3360746, 45.3271333], [-74.33615310000002, 45.32717890000001], [-74.33626426983366, 45.32724354071512], [-74.33675521596152, 45.32752952570558], [-74.33722660000001, 45.32780420000001], [-74.3423874, 45.33081130000001], [-74.34361830000002, 45.3315203], [-74.34414040000001, 45.33182740000001], [-74.3443822, 45.3319614], [-74.34619110000001, 45.333019199999995], [-74.34754170000001, 45.3338039], [-74.3489517, 45.3346252], [-74.3503541, 45.335440000000006], [-74.3512103, 45.3359383], [-74.35260990000002, 45.3367533], [-74.35464120000002, 45.3379321], [-74.35547790000001, 45.338420600000006], [-74.35554630000001, 45.338460500000004], [-74.3561564, 45.3388152], [-74.35652680000001, 45.3390302], [-74.35696590000002, 45.3392851], [-74.35757290000001, 45.3396301], [-74.3579092, 45.339810400000005], [-74.3582232, 45.3399742], [-74.35868540000001, 45.3402037], [-74.3589877, 45.34034870000001], [-74.3594315, 45.340552], [-74.3597391, 45.3406856], [-74.36006820000001, 45.3408238], [-74.3604156, 45.340964], [-74.36078520000001, 45.34110660000001], [-74.3610884, 45.34121900000001], [-74.36146940000002, 45.34135599999999], [-74.36174140000001, 45.3414488], [-74.3620111, 45.3415378], [-74.36231180000001, 45.3416346], [-74.36267630000002, 45.3417438], [-74.36298930000001, 45.3418361], [-74.3636572, 45.34202020000001], [-74.36435510000001, 45.3421951], [-74.36548480000002, 45.342474100000004], [-74.36755090000001, 45.3429818], [-74.3792525, 45.34585959999999], [-74.3920443, 45.3490058], [-74.39512260000001, 45.34976089999999], [-74.39779730000001, 45.35042], [-74.40243770000001, 45.3515574], [-74.40633710000002, 45.35251480000001], [-74.40809470000002, 45.35294350000001], [-74.4085014, 45.353033999999994], [-74.40879690000001, 45.3530983], [-74.40907500000002, 45.3531546], [-74.40920120000001, 45.3531802], [-74.40956800000001, 45.35325149999999], [-74.4099742, 45.3533232], [-74.41039210000001, 45.3533916], [-74.41067940000002, 45.3534365], [-74.41405000114977, 45.35395040177336], [-74.41467173279689, 45.35404518972367], [-74.4146029, 45.3540347], [-74.4160334, 45.3542527], [-74.420512, 45.3549326], [-74.42177670000001, 45.355126], [-74.4222931, 45.35520499999999], [-74.4229433, 45.3553123], [-74.42342580000002, 45.3554066], [-74.42392170000001, 45.35551110000001], [-74.42437740000001, 45.3556176], [-74.4248547, 45.3557434], [-74.42523510000001, 45.355849], [-74.4256821, 45.3559842], [-74.42602710000001, 45.3560979], [-74.42633920000002, 45.3562039], [-74.42672850000001, 45.356344699999994], [-74.42704490000001, 45.35646750000001], [-74.42744350000001, 45.3566299], [-74.42777140000001, 45.356773600000004], [-74.4280879, 45.3569165], [-74.42842870000001, 45.3570803], [-74.4288307, 45.357286900000005], [-74.42914230000001, 45.35745239999999], [-74.42938940000002, 45.3575886], [-74.4296077, 45.3577152], [-74.42991780000001, 45.3579046], [-74.43012230000001, 45.3580395], [-74.43031950000001, 45.3581631], [-74.43056290000001, 45.3583249], [-74.4308196, 45.3585064], [-74.43098760000001, 45.3586267], [-74.43119450000002, 45.35878139999999], [-74.43144800000002, 45.358980700000004], [-74.43173640000002, 45.3592138], [-74.4325217, 45.3598923], [-74.43330200000001, 45.3605695], [-74.4344427, 45.3615581], [-74.434745, 45.36181700000001], [-74.43499450000002, 45.3620278], [-74.43524620000001, 45.3622339], [-74.43541500000002, 45.3623707], [-74.4356055, 45.36251949999999], [-74.43586300000001, 45.3627166], [-74.4361258, 45.3629099], [-74.43637000000001, 45.3630812], [-74.436652, 45.363275200000004], [-74.43687560000001, 45.3634231], [-74.43714140000002, 45.3635958], [-74.437334, 45.3637183], [-74.4375933, 45.3638744], [-74.43791650000001, 45.3640656], [-74.43819310000002, 45.364221500000006], [-74.4385012, 45.36439210000001], [-74.43876380000002, 45.3645296], [-74.4391337, 45.36471890000001], [-74.43942110000002, 45.3648624], [-74.43968020000001, 45.3649866], [-74.43995550000001, 45.3651148], [-74.4403089, 45.36527269999999], [-74.4408205, 45.36549039999999], [-74.4411306, 45.36561679999999], [-74.4417686, 45.3658649], [-74.44315570000002, 45.36638649999999], [-74.44531799378123, 45.36719306990252], [-74.4462139, 45.36752499999999], [-74.44644663738612, 45.3676074025107], [-74.44701775231516, 45.36780120082805], [-74.4476048495327, 45.36797484231874], [-74.4482062269298, 45.368127369690185], [-74.4488158623491, 45.368260105065104], [-74.44943207959811, 45.36836141019347], [-74.45005348063366, 45.368455426245944], [-74.45754083927402, 45.36950233847393], [-74.45816086766582, 45.369603194783416], [-74.45877571380048, 45.36970654910369], [-74.4593838104921, 45.36984546454337], [-74.45999116794448, 45.36999820750286], [-74.46057178297185, 45.370181016392166], [-74.46114525013289, 45.37038071171656], [-74.46169579053273, 45.370599948544466], [-74.4622280960871, 45.37085282323851], [-74.4627386631407, 45.37112079236834], [-74.46324906864214, 45.37138894235881], [-74.46375921045698, 45.371657295827546], [-74.46427032113665, 45.371925302929306], [-74.46532408281526, 45.37242724032926], [-74.46588040543874, 45.37264702125984], [-74.46644392518759, 45.37285555171274], [-74.46702904193829, 45.37303260715544], [-74.467559, 45.3731826], [-74.46886740000001, 45.3734494], [-74.47005320000001, 45.3735745], [-74.47129660000002, 45.3736079], [-74.4724183, 45.3735666], [-74.47377020000002, 45.3734006], [-74.47501360000001, 45.37313379999999], [-74.4756635, 45.3729493], [-74.4762271, 45.372753700000004], [-74.47628064580631, 45.37273283452344], [-74.4768419298713, 45.37251298668682], [-74.4830974, 45.3695824], [-74.48689470000001, 45.3678022], [-74.48927400000001, 45.3666808], [-74.4907036, 45.3660084], [-74.49292430000001, 45.364964], [-74.49379615503487, 45.36455081014893], [-74.49432880515626, 45.36430519978621], [-74.49540930000002, 45.36381620000001], [-74.49685160000001, 45.3632379], [-74.4984046, 45.36264049999999], [-74.4996379, 45.362165499999996], [-74.50018870000001, 45.3619559], [-74.50033290000002, 45.36190100000001], [-74.50081650000001, 45.36171139999999], [-74.5017975, 45.3613346], [-74.50280880000001, 45.3609439], [-74.50320661447762, 45.3607948527847], [-74.50376786242003, 45.360583263193654], [-74.50359270000001, 45.3606502], [-74.51005680000002, 45.358180000000004], [-74.5101228, 45.3581544], [-74.52160730000001, 45.35375869999999], [-74.5267686, 45.3517788], [-74.54920490000002, 45.3431791], [-74.5614399, 45.3384782], [-74.5838882, 45.3298554], [-74.60160259141315, 45.323052179731036], [-74.60251630000002, 45.3227036], [-74.60563660000001, 45.3214841], [-74.61556156268969, 45.317668537431864], [-74.61582620000001, 45.3175668], [-74.61681300000001, 45.31721879999999], [-74.6177794, 45.3169402], [-74.61877800000002, 45.3167214], [-74.6199145, 45.31656190000001], [-74.62104180000001, 45.316494500000005], [-74.62211310000002, 45.3164908], [-74.6247952887599, 45.316729850347365], [-74.62667830000001, 45.3168933], [-74.6330226, 45.3174756], [-74.63343310000002, 45.31751330000001], [-74.6364959, 45.317791], [-74.6376944, 45.3179152], [-74.6388263, 45.318], [-74.6399149, 45.318038], [-74.64164510000002, 45.3180904], [-74.64235870000002, 45.3181076], [-74.64291680000001, 45.3181222], [-74.64851440000001, 45.3182435], [-74.64917680000002, 45.3182578], [-74.6497383, 45.31827150000001], [-74.655118, 45.31840300000001], [-74.65938400000002, 45.318493800000006], [-74.66132860000002, 45.31853520000001], [-74.66693090000001, 45.31865450000001], [-74.66914670000001, 45.318701700000005], [-74.67236477304296, 45.31877021411972], [-74.67300047310697, 45.31878491728318], [-74.67592420000001, 45.31885990000001], [-74.67687050000002, 45.318843], [-74.6777638, 45.318781], [-74.67808433692349, 45.318740143362525], [-74.67882610000001, 45.3186355], [-74.67988890000001, 45.3184255], [-74.68094550000002, 45.3181283], [-74.68191000000002, 45.31776630000001], [-74.68283450000001, 45.3173438], [-74.68474800000001, 45.3162493], [-74.6861214, 45.31556669999999], [-74.68705420000002, 45.3152465], [-74.6880589, 45.314963000000006], [-74.68906660000002, 45.3147565], [-74.69003650000002, 45.31463540000001], [-74.69086510000001, 45.3145971], [-74.69177460000002, 45.3145669], [-74.70800890000001, 45.3151669], [-74.70914650000002, 45.3151901], [-74.7102518, 45.3151252], [-74.71051940000001, 45.3150993], [-74.71119410000001, 45.3150216], [-74.71232170000002, 45.3148496], [-74.7133516, 45.3145863], [-74.71434460000002, 45.314291000000004], [-74.71526700000001, 45.3139222], [-74.71601270000001, 45.3135601], [-74.71817902723937, 45.312434315680605], [-74.7182593, 45.3123926], [-74.723867, 45.3096442], [-74.7344657, 45.3043277], [-74.73576340000001, 45.303747599999994], [-74.7370683, 45.3032633], [-74.746748, 45.3001206], [-74.74739830000001, 45.2999357], [-74.74836920000001, 45.29965940000001], [-74.74918910000001, 45.299468], [-74.7500157, 45.2992951], [-74.75127280000001, 45.299067900000004], [-74.7517776, 45.2990029], [-74.75287590000002, 45.2988725], [-74.7533971, 45.2988299], [-74.75414680000002, 45.298775600000006], [-74.75456340000001, 45.29877030000001], [-74.75578980000002, 45.298736000000005], [-74.7571296, 45.298769899999996], [-74.75806231809693, 45.29882684393199], [-74.75855790000001, 45.298857100000006], [-74.7635149, 45.2993321], [-74.76422150000002, 45.2993679], [-74.76462420000001, 45.299369000000006], [-74.76509830000002, 45.29936380000001], [-74.7657429, 45.2993349], [-74.76687660000002, 45.299216], [-74.76782250000001, 45.29906110000001], [-74.7688519, 45.2988264], [-74.7698129, 45.2985103], [-74.77060150000001, 45.2981969], [-74.77259570000001, 45.2973409], [-74.7737775, 45.2968877], [-74.77488740000001, 45.2965515], [-74.77603030000002, 45.29630980000001], [-74.77727810000002, 45.296144], [-74.77852960000001, 45.2960866], [-74.77975880000001, 45.2961253], [-74.78092590000001, 45.2962655], [-74.7824253189976, 45.296536004227036], [-74.78287650000001, 45.2966174], [-74.7956735, 45.2989263], [-74.79671870000001, 45.2990948], [-74.81697480000001, 45.301227700000005], [-74.82113983978819, 45.301660268711196], [-74.8214964, 45.3016973], [-74.8228207, 45.301834799999995], [-74.8241108, 45.3019127], [-74.82542830000001, 45.30187959999999], [-74.82651830000002, 45.3017593], [-74.8276395, 45.3015505], [-74.8288591, 45.301230100000005], [-74.8299215, 45.3008534], [-74.83088309075649, 45.30043522904495], [-74.83101400000001, 45.3003783], [-74.83319380000002, 45.2994114], [-74.8423385, 45.2953598], [-74.84579480000001, 45.2938385], [-74.84680310000002, 45.2933056], [-74.84775610000001, 45.2927333], [-74.8493544, 45.2916863], [-74.85443020000001, 45.28844600000001], [-74.8551268, 45.2880046], [-74.85709660000002, 45.2867402], [-74.85811240000001, 45.2860921], [-74.8583496, 45.285940700000005], [-74.85900930000001, 45.2855274], [-74.85945170000001, 45.2852406], [-74.86015660000001, 45.2847782], [-74.86035, 45.2846387], [-74.86102310000001, 45.2841535], [-74.8615281, 45.28378029999999], [-74.8626386, 45.2829522], [-74.86886020000001, 45.2783144], [-74.87231210000002, 45.2757425], [-74.87329190000001, 45.2750173], [-74.87496480000001, 45.2737562], [-74.8757958, 45.2731443], [-74.8765124, 45.2726167], [-74.8768351, 45.2723658], [-74.8772538, 45.2720521], [-74.8803, 45.269798900000005], [-74.88086250000002, 45.2693987], [-74.88155640000001, 45.2689721], [-74.88226420000001, 45.2686055], [-74.88299860000001, 45.268283600000004], [-74.88394700000002, 45.267925899999994], [-74.8849019, 45.2676541], [-74.88877619241389, 45.266763652857314], [-74.88938206519802, 45.266626013546116], [-74.90350780000001, 45.2634626], [-74.91423000000002, 45.2610153], [-74.91428170000002, 45.2610036], [-74.9213856, 45.2593945], [-74.92610760000001, 45.25832499999999], [-74.9322673, 45.2569339], [-74.939393, 45.2553208], [-74.94178420000001, 45.2547752], [-74.94571799586127, 45.25387764910562], [-74.94632329266763, 45.2537395427525], [-74.9461188, 45.2537862], [-74.9489589, 45.253138199999995], [-74.9497503, 45.2529944], [-74.9507955, 45.2528523], [-74.95201670000002, 45.2527796], [-74.95302520000001, 45.252803400000005], [-74.95426380000002, 45.2529169], [-74.955484, 45.2531195], [-74.95659330000001, 45.253395999999995], [-74.95797479822203, 45.25385256187331], [-74.95847110000001, 45.2540154], [-74.9643889, 45.2559793], [-74.96523810000001, 45.2562621], [-74.96860740000001, 45.257334], [-74.9699065, 45.25776890000001], [-74.9713895, 45.2583045], [-74.97294920000002, 45.258958500000006], [-74.97446600000002, 45.2596291], [-74.974537, 45.2596605], [-74.9745963, 45.25968819999999], [-74.98391690000001, 45.264044], [-74.98394170000002, 45.2640556], [-74.98987371282864, 45.26683089490346], [-74.99040427367346, 45.267078863597156], [-74.99093411237745, 45.26732784571378], [-74.99054440000002, 45.2671442], [-75.0, 45.2716], [-75.01719620000001, 45.2796044], [-75.03844330000001, 45.28955030000001], [-75.0537904, 45.296702], [-75.0597525, 45.2994722], [-75.0653459, 45.3021016], [-75.0657046, 45.3022702], [-75.06724600000001, 45.302980700000006], [-75.0675744, 45.3031321], [-75.0694045, 45.3039863], [-75.07691127314203, 45.30748031869874], [-75.07721610000002, 45.3076222], [-75.08372410000001, 45.3106618], [-75.08476540000001, 45.311142499999995], [-75.08521700000001, 45.3113349], [-75.0852949, 45.3113744], [-75.08599730000002, 45.3117308], [-75.08611950000001, 45.3117874], [-75.0872546, 45.3123128], [-75.08754990000001, 45.3124482], [-75.08845550000001, 45.3128712], [-75.08997690000001, 45.31357450000001], [-75.0901293, 45.3136452], [-75.09018460000001, 45.313671], [-75.09050410000002, 45.31381929999999], [-75.0928371187386, 45.31491147320064], [-75.09336773793014, 45.31515947904518], [-75.0944299654355, 45.31565434617207], [-75.09496152752419, 45.3159014778015], [-75.09575140000001, 45.3162645], [-75.09647110000002, 45.3165802], [-75.09720460000001, 45.3168635], [-75.09790360000001, 45.3170751], [-75.09807120000002, 45.3171179], [-75.0985415, 45.3172379], [-75.09924340000002, 45.3173807], [-75.09988230000002, 45.3174795], [-75.1005692, 45.3175651], [-75.10135700000001, 45.3176225], [-75.1018403, 45.3176321], [-75.10841739815703, 45.317762798191], [-75.1087349, 45.3177689], [-75.1190615, 45.317931800000004], [-75.1217772, 45.31797470000001], [-75.12494967359162, 45.3180371498779], [-75.12558550820404, 45.31804785537137], [-75.13670870000001, 45.3182334], [-75.1380386, 45.318286], [-75.13914420000002, 45.3183731], [-75.1403075, 45.3184978], [-75.1413449, 45.3186526], [-75.14291650000001, 45.318912899999994], [-75.1550701, 45.3208504], [-75.16767640000002, 45.3228861], [-75.1796265, 45.3247896], [-75.2038764, 45.32867], [-75.20459170000001, 45.3287816], [-75.209133, 45.3295002], [-75.21591490000002, 45.330603700000005], [-75.23386715733622, 45.33345863376605], [-75.23437920000002, 45.3335418], [-75.2368895, 45.33396020000001], [-75.23955030000002, 45.334382600000005], [-75.23985710000001, 45.33442839999999], [-75.24554150000002, 45.3353525], [-75.2499465, 45.33604969999999], [-75.25061202931695, 45.33615327362204], [-75.2512326099564, 45.33625068096875], [-75.2562596, 45.3370609], [-75.2567402, 45.3371375], [-75.26103510000002, 45.3378222], [-75.26220470000001, 45.3380086], [-75.2630525, 45.3381398], [-75.2637406, 45.338246299999994], [-75.2712307, 45.33943970000001], [-75.2717074607398, 45.339515675705115], [-75.27232793077941, 45.339614544630315], [-75.2723697, 45.3396212], [-75.29418040000002, 45.343098000000005], [-75.3066756, 45.3450544], [-75.31062850000002, 45.345702800000005], [-75.3138964, 45.3462221], [-75.32312740000002, 45.34768909999999], [-75.34424840000001, 45.351040700000006], [-75.34804970000002, 45.35161930000001], [-75.35052699186984, 45.35200913322234], [-75.35083340000001, 45.352057499999994], [-75.35410740000002, 45.35259760000001], [-75.35672835227338, 45.35300848785274], [-75.35734913744568, 45.35310626167702], [-75.36417380867717, 45.35419532112854], [-75.36451910000001, 45.3542493], [-75.37075210000002, 45.355233000000005], [-75.3750917, 45.3559153], [-75.39283930000002, 45.358723], [-75.41536320000002, 45.362273900000005], [-75.4161037, 45.3623947], [-75.43516940000002, 45.36536579999999], [-75.44521480000002, 45.3669517], [-75.45583410000002, 45.3686298], [-75.4570828, 45.368828], [-75.4724512, 45.3712555], [-75.47536200000002, 45.37172230000001], [-75.47899090000001, 45.37228579999999], [-75.48245650000001, 45.3728285], [-75.4832127, 45.3729456], [-75.4859581, 45.3733686], [-75.49145162214573, 45.37420580408898], [-75.49207204948223, 45.37430457577078], [-75.49455273623467, 45.374703657861], [-75.49517286843479, 45.374803501968415], [-75.4952683, 45.3748189], [-75.4964472, 45.375004000000004], [-75.4967508, 45.3750531], [-75.5000416, 45.3755769], [-75.51633330000001, 45.37811169999999], [-75.5215367, 45.3789368], [-75.5408849, 45.3819878], [-75.54651210000002, 45.3828427], [-75.5524708, 45.3837797], [-75.562357, 45.385336], [-75.56847630000001, 45.38627089999999], [-75.5761554, 45.38748470000001], [-75.57745170000001, 45.3876892], [-75.58046040000002, 45.3881396], [-75.58353420000002, 45.3886255], [-75.58522081215109, 45.388886419384754], [-75.58596230000002, 45.38900110000001], [-75.58745560000001, 45.389232099999994], [-75.58950400000002, 45.389578799999995], [-75.59061130000002, 45.3898194], [-75.59096260000001, 45.3898958], [-75.59197339532223, 45.390163141944434], [-75.59256844265585, 45.39033006166467], [-75.59324250000002, 45.3905371], [-75.59377660000001, 45.3907266], [-75.5943037, 45.3909431], [-75.5948036, 45.39118150000001], [-75.59535320000002, 45.39148780000001], [-75.59580220000001, 45.3917739], [-75.59619020000001, 45.3920617], [-75.5967139, 45.39250440000001], [-75.59706210000002, 45.3928553], [-75.5974186, 45.393273099999995], [-75.59773270000001, 45.39370060000001], [-75.5979956, 45.39417499999999], [-75.59826620000001, 45.3947031], [-75.59860230000001, 45.3954012], [-75.599047, 45.39632840000001], [-75.59935378248595, 45.396977952799844], [-75.59955536259584, 45.39740458571432], [-75.59954910000002, 45.3973915], [-75.60113340000001, 45.4007019], [-75.60377030000001, 45.406205], [-75.6039384, 45.4065613], [-75.60404394526542, 45.40677589862557], [-75.60438920000001, 45.4074547], [-75.60445870000001, 45.4075703], [-75.60462030000001, 45.4078389], [-75.60491580000001, 45.408236], [-75.60522710000001, 45.4085978], [-75.60560490000002, 45.4089761], [-75.6060713, 45.409373900000006], [-75.60651190000002, 45.40968039999999], [-75.60701310000002, 45.4100022], [-75.6075653, 45.4102886], [-75.6081401, 45.4105546], [-75.6087651, 45.4107894], [-75.60939800000001, 45.41098490000001], [-75.61006770000002, 45.4111477], [-75.6107408, 45.4112657], [-75.61116790000001, 45.4113268], [-75.611575, 45.4113678], [-75.61204510000002, 45.4114014], [-75.61248795660175, 45.41143235142207], [-75.61312060022462, 45.411477370768864], [-75.61376660000002, 45.4115238], [-75.6141794, 45.4115598], [-75.61501474556486, 45.41164066415869], [-75.61564326778087, 45.41170817849006], [-75.61627061955826, 45.4117807152595], [-75.61689610875108, 45.411864587802796], [-75.61747770000001, 45.4119473], [-75.61778390000002, 45.4119931], [-75.61831690000001, 45.4120782], [-75.61892850000001, 45.4121755], [-75.61974200000002, 45.412307199999994], [-75.62027020000001, 45.4124113], [-75.62072670000002, 45.412499], [-75.62164630000001, 45.412685999999994], [-75.6224348, 45.41287169999999], [-75.62313200000001, 45.4130339], [-75.6243762, 45.4133461], [-75.62499770000001, 45.41350589999999], [-75.62543758009602, 45.41361659933728], [-75.62603666404826, 45.41376760335743], [-75.62714820000001, 45.4140487], [-75.6276853, 45.4141815], [-75.62780760000001, 45.41421100000001], [-75.62898370000002, 45.4145107], [-75.6303777, 45.41485959999999], [-75.63074710000001, 45.4149564], [-75.63131800000001, 45.4150996], [-75.63203171163093, 45.415270369214795], [-75.63263603950278, 45.41541055493267], [-75.6339755, 45.4156936], [-75.63486270000001, 45.415863], [-75.63586510000002, 45.4160362], [-75.63640380000001, 45.416125], [-75.6370009, 45.416216000000006], [-75.6373674, 45.4162681], [-75.63780120000001, 45.416328], [-75.63842800000002, 45.4164082], [-75.63881830000001, 45.416455], [-75.6392512, 45.4164919], [-75.63964310000001, 45.4165184], [-75.64002570000001, 45.4165375], [-75.64035420000002, 45.41654820000001], [-75.64062580000001, 45.416553400000005], [-75.6409006, 45.41655480000001], [-75.6412687, 45.4165492], [-75.6416226, 45.4165388], [-75.64205080000002, 45.4165209], [-75.642421, 45.4164968], [-75.64276730000002, 45.4164688], [-75.64325801654459, 45.41642886406582], [-75.64389019974345, 45.41637993519286], [-75.6445287, 45.4163306], [-75.64472960000002, 45.4163153], [-75.6454145, 45.416262999999994], [-75.6457872781236, 45.41623538680567], [-75.64641925405762, 45.41618496659521], [-75.6467446, 45.4161579], [-75.64691690000001, 45.4161505], [-75.6471375, 45.41614239999999], [-75.64728370000002, 45.4161359], [-75.64742450000001, 45.41612640000001], [-75.64814600000001, 45.416069], [-75.6514721724215, 45.41581077663107]]}, "properties": {"kind": "matched_corridor_segment", "alignment_id": "via_existing", "troncon_id": "MTL-Ott", "length_km": 185.72, "n_points": 1966, "n_locked": 3647, "n_bootstrap": 0, "n_forced_switch": 81, "n_fallback": 0, "n_junction_switches": 158}}, {"type": "Feature", "geometry": {"type": "LineString", "coordinates": [[-75.65150530000001, 45.4159709], [-75.65212833780959, 45.415923381902914], [-75.65439020000001, 45.41575269999999], [-75.6545471, 45.4157376], [-75.65466982349983, 45.415716587468], [-75.65528274728271, 45.415585785077994], [-75.65590160000002, 45.4154072], [-75.65644540000001, 45.4153629], [-75.6572636, 45.4153034], [-75.65747300000001, 45.4152783], [-75.65760830000002, 45.4152572], [-75.6577516, 45.4152314], [-75.6578955, 45.4151964], [-75.65806390000002, 45.4151513], [-75.6581911, 45.415109699999995], [-75.658326, 45.4150666], [-75.65846190000002, 45.4150113], [-75.65859310000002, 45.4149564], [-75.65871810000002, 45.4148943], [-75.65882040000001, 45.4148391], [-75.65895220000002, 45.4147609], [-75.65908730000001, 45.4146687], [-75.65922380000002, 45.4145697], [-75.65933560000002, 45.4144757], [-75.65942930000001, 45.4143855], [-75.65953690000002, 45.4142664], [-75.6596254, 45.4141541], [-75.6597013, 45.4140463], [-75.65977620000001, 45.4139305], [-75.65984850000001, 45.41379200000001], [-75.6598894, 45.4136863], [-75.65994340000002, 45.413525500000006], [-75.6599695, 45.4133782], [-75.66004823277879, 45.41281033640389], [-75.66010908377234, 45.41236293061832], [-75.66017650955678, 45.41191155345526], [-75.660275, 45.41153400000001], [-75.66035567739645, 45.411024247296034], [-75.66044362321682, 45.41057862301269], [-75.66054310943946, 45.41013511419067], [-75.66072030000001, 45.40950709999999], [-75.66104140000002, 45.4086172], [-75.6613113, 45.40800440000001], [-75.6615045, 45.4075394], [-75.66177240000002, 45.4070101], [-75.6622335, 45.4061231], [-75.66273810000001, 45.405166300000005], [-75.66332225968152, 45.40416288911322], [-75.6636903, 45.4034775], [-75.66394460000001, 45.4029503], [-75.6645538, 45.401769300000005], [-75.66531800000001, 45.4004019], [-75.66577615645501, 45.39953073789357], [-75.66599794188686, 45.399109283448084], [-75.66622025099225, 45.39868796458162], [-75.66655050000001, 45.3980635], [-75.66710050000002, 45.39703], [-75.6676291, 45.3960385], [-75.66789960000001, 45.3954672], [-75.6683915, 45.3942694], [-75.66849940000002, 45.393985], [-75.66867060000001, 45.39355770000001], [-75.669004, 45.39277109999999], [-75.6690417, 45.3926917], [-75.66907320000001, 45.3926267], [-75.6691779, 45.3924106], [-75.6693004, 45.3921578], [-75.6695674, 45.3916829], [-75.6699343, 45.3910899], [-75.6703172, 45.3905255], [-75.6706342, 45.3900955], [-75.67098080000001, 45.3896797], [-75.6713186, 45.3892744], [-75.6716703, 45.38888330000001], [-75.67216820000002, 45.3883776], [-75.67271790000001, 45.38785], [-75.67336412943246, 45.387261463868484], [-75.6745132, 45.3862036], [-75.6749803, 45.3857614], [-75.67585090000001, 45.3849546], [-75.67663170000002, 45.3842131], [-75.67702810000002, 45.38379390000001], [-75.67730520000002, 45.3834919], [-75.67759680000002, 45.383161400000006], [-75.67782508391211, 45.382886983332604], [-75.67875170000002, 45.381626000000004], [-75.6788091, 45.3815338], [-75.67917470000002, 45.3809221], [-75.67946030000002, 45.3803923], [-75.6796439, 45.3800621], [-75.67977490000001, 45.3798161], [-75.67996070000001, 45.3794374], [-75.68007862062143, 45.37917287675449], [-75.68026592291359, 45.37874225228057], [-75.68042980000001, 45.3783289], [-75.68043689034191, 45.37830887991316], [-75.68058725339725, 45.37787275244952], [-75.68071358478703, 45.37743232497769], [-75.68082541165035, 45.37698894449572], [-75.6808964, 45.3764769], [-75.68091230000002, 45.3760272], [-75.6809155, 45.37567610000001], [-75.6808363, 45.37494800000001], [-75.6806217, 45.3737806], [-75.68055437981242, 45.37340416146548], [-75.6803105, 45.372098], [-75.67998440000001, 45.3703551], [-75.67989590000002, 45.3696689], [-75.67986400000001, 45.3691647], [-75.67984280000002, 45.3685181], [-75.67986960000002, 45.367823200000004], [-75.67994150000001, 45.3671633], [-75.6800645, 45.3664074], [-75.68027740000001, 45.3655407], [-75.68042130000002, 45.365044700000006], [-75.6807224, 45.3642232], [-75.6809792, 45.363669], [-75.68121159805703, 45.36320131934242], [-75.68158910000001, 45.3625139], [-75.68193510000002, 45.3619692], [-75.6824166, 45.3612839], [-75.68300170000002, 45.3605502], [-75.68338290000001, 45.3601034], [-75.6859284, 45.3575283], [-75.68713550609215, 45.35630710005937], [-75.687499932038, 45.35593858244201], [-75.69144460000001, 45.35195790000001], [-75.69187075930796, 45.35151524952245], [-75.6922266986996, 45.351142783762455], [-75.692933, 45.3502991], [-75.69345720000001, 45.3496075], [-75.69403920000002, 45.3488116], [-75.69463180000001, 45.348016199999996], [-75.69496520000001, 45.3475886], [-75.69529160000002, 45.3472224], [-75.69563560000002, 45.346917299999994], [-75.69609620000001, 45.3465627], [-75.69656030000002, 45.346261], [-75.69661261739608, 45.346232998127746], [-75.69712161936188, 45.34596380724092], [-75.69817902863927, 45.34546401585514], [-75.69870912375902, 45.34521560832437], [-75.69977487506794, 45.344724967566115], [-75.70030506668526, 45.34447597474234], [-75.70150810000001, 45.3439139], [-75.70237450000002, 45.3434461], [-75.7027856, 45.3431961], [-75.7031183, 45.34295860000001], [-75.70340800000001, 45.342707700000005], [-75.703679, 45.3424288], [-75.7041824, 45.3417983], [-75.70580822583318, 45.33968796039334], [-75.70585650000001, 45.3396253], [-75.70669950000001, 45.3385202], [-75.70701590000002, 45.3381018], [-75.70903810000001, 45.335456300000004], [-75.7106159, 45.3333865], [-75.7124348, 45.331028], [-75.71325410000001, 45.32995840000001], [-75.7143009, 45.3285783], [-75.71665330000002, 45.3255229], [-75.71736920000001, 45.3245934], [-75.71790880000002, 45.32390660000001], [-75.7179734, 45.3238223], [-75.7204588, 45.320578], [-75.72208180000001, 45.3184716], [-75.72368200000001, 45.3163737], [-75.7252204, 45.3143353], [-75.7299588, 45.3081551], [-75.73124847003928, 45.30647293008201], [-75.73139510000001, 45.306275600000006], [-75.73253400000002, 45.3047883], [-75.73360940000002, 45.3033873], [-75.733727, 45.303234100000005], [-75.73380240000002, 45.303134500000006], [-75.73388830000002, 45.30302100000001], [-75.73405840000001, 45.3027942], [-75.73427893387883, 45.30251977319382], [-75.73440950000001, 45.302357300000004], [-75.73483310000002, 45.3017991], [-75.73545790000001, 45.30097570000001], [-75.73591160000001, 45.3003739], [-75.73635060000001, 45.2998066], [-75.736669, 45.2993952], [-75.73673160000001, 45.2993142], [-75.73681830000001, 45.299200000000006], [-75.73699300000001, 45.2989698], [-75.73730179922737, 45.298563080790146], [-75.73760300537188, 45.298167069582114], [-75.73907720000001, 45.2962474], [-75.73942385500284, 45.29579598661721], [-75.73972458045499, 45.29539970689138], [-75.7399709, 45.2950785], [-75.74015780000002, 45.2948199], [-75.74025640000002, 45.29468750000001], [-75.74034420000001, 45.294569700000004], [-75.7407465, 45.2940566], [-75.74228180000001, 45.2920933], [-75.74491800000001, 45.288616], [-75.7458992, 45.2873343], [-75.74676590000001, 45.2862074], [-75.74746290000002, 45.28530130000001], [-75.74862220000001, 45.2837944], [-75.74948220000002, 45.28267030000001], [-75.75001650000002, 45.2819648], [-75.75072030000001, 45.2810372], [-75.75150912042764, 45.279968463857166], [-75.7520307, 45.2792809], [-75.75390610000001, 45.27685579999999], [-75.7552904, 45.2750419], [-75.757766, 45.2718137], [-75.7578323, 45.2717283], [-75.75847530000001, 45.2708959], [-75.7597126, 45.26927700000001], [-75.7600976, 45.2688337], [-75.76066670000002, 45.2683374], [-75.7611534, 45.2679921], [-75.76300070000002, 45.2668856], [-75.76810579248664, 45.263841339412416], [-75.76856350000001, 45.2635684], [-75.77105380000002, 45.2620908], [-75.77343010000001, 45.2606699], [-75.7748077, 45.259844], [-75.7763254, 45.258923800000005], [-75.77742370000001, 45.25827180000001], [-75.7788866, 45.257422], [-75.77997270000002, 45.25679780000001], [-75.78188030000001, 45.2556655], [-75.7844241, 45.2541444], [-75.78827630000002, 45.2518557], [-75.79129060000001, 45.2500358], [-75.79242396808213, 45.249354997454866], [-75.79291304480897, 45.24906805354536], [-75.79339845352463, 45.248776960682775], [-75.79399420000001, 45.2484106], [-75.79469410000002, 45.24791], [-75.7952858, 45.2474306], [-75.795854, 45.2469119], [-75.79629170000001, 45.2464385], [-75.79707320000001, 45.2454498], [-75.7976524, 45.2445551], [-75.79802320000002, 45.24378310000001], [-75.79865924502002, 45.24177218368078], [-75.79879802511856, 45.241333338751716], [-75.79962420000001, 45.2387208], [-75.8014220644956, 45.232993251287915], [-75.80148830000002, 45.232785500000006], [-75.8023218, 45.230099], [-75.80310360000001, 45.2275791], [-75.80347410000002, 45.2264293], [-75.80353660000002, 45.2262253], [-75.80420360000001, 45.224049], [-75.8067602725566, 45.21586657692125], [-75.8068775, 45.2154914], [-75.8076156, 45.213129], [-75.80784490000002, 45.212459700000004], [-75.80819410000001, 45.2116786], [-75.80930701874728, 45.2098539247802], [-75.80946470000002, 45.20959539999999], [-75.81622500000002, 45.1985105], [-75.8177209, 45.1960447], [-75.82038215718211, 45.19168357980888], [-75.82063402585118, 45.19127065133186], [-75.82089029120019, 45.19085916440112], [-75.82140439460305, 45.190036577312355], [-75.82166026246982, 45.189624687729], [-75.8218477, 45.1893154], [-75.82238230000002, 45.18843249999999], [-75.82257240000001, 45.1881185], [-75.82280120000001, 45.1877377], [-75.8231026, 45.1872343], [-75.82318500000001, 45.1870967], [-75.82457250000002, 45.1848312], [-75.82481170000001, 45.18443969999999], [-75.824925131251, 45.184253993691144], [-75.82517732248697, 45.18384126019209], [-75.82545810000002, 45.183386500000005], [-75.8300016, 45.1759343], [-75.83098170000001, 45.1741301], [-75.83595007916051, 45.16461561895577], [-75.83609700000001, 45.1643276], [-75.83924924270966, 45.158286822063936], [-75.83932870000001, 45.1581337], [-75.83965220000002, 45.15758660000001], [-75.84003060000002, 45.1570082], [-75.84092470262983, 45.15586482495772], [-75.84123234337481, 45.15547132392243], [-75.84239740000001, 45.153970400000006], [-75.84482720000001, 45.1508771], [-75.85183340000002, 45.141988899999994], [-75.85800250000001, 45.1341211], [-75.86522220000002, 45.12502700000001], [-75.87044310000002, 45.118381400000004], [-75.8709342514533, 45.11775483180775], [-75.87124043761695, 45.117360710477506], [-75.87496811103689, 45.11265208563843], [-75.87527735088145, 45.11225906414798], [-75.87507070000001, 45.1125225], [-75.88164270000001, 45.1041446], [-75.88165460000002, 45.1041294], [-75.88544020000002, 45.099287100000005], [-75.89603590000002, 45.0858251], [-75.8973339, 45.0841757], [-75.89781310000001, 45.08357319999999], [-75.8979392, 45.0834147], [-75.89825950000001, 45.0830089], [-75.89842950000002, 45.0827928], [-75.89853420000001, 45.08267349999999], [-75.8985861, 45.0826073], [-75.900451, 45.0802258], [-75.90080040000001, 45.079779699999996], [-75.9009355, 45.07960800000001], [-75.90105850000002, 45.079450300000005], [-75.90159220000001, 45.0787665], [-75.90216560000002, 45.0779178], [-75.90261250000002, 45.0771984], [-75.90286139828414, 45.07680420576318], [-75.90328970000002, 45.07609080000001], [-75.9071883, 45.0699361], [-75.91154910000002, 45.06295769999999], [-75.91188190000001, 45.0624299], [-75.92192300000002, 45.04638090000001], [-75.92709238589772, 45.03816210768813], [-75.92735081531865, 45.03775122711059], [-75.9273136, 45.0378104], [-75.92843120000002, 45.0360334], [-75.928896, 45.0353971], [-75.92941820000001, 45.03479099999999], [-75.93074468920143, 45.03344483481537], [-75.93095530000001, 45.0332311], [-75.9394113, 45.0246488], [-75.95108962597357, 45.01277621434318], [-75.95145240579582, 45.01240678970859], [-75.9524082, 45.0114276], [-75.9539627, 45.00984809999999], [-75.9620446, 45.0016361], [-75.96522940000001, 44.9983787], [-75.96841140000001, 44.9951129], [-75.96842460000002, 44.9950995], [-75.978283, 44.9850954], [-75.9827089, 44.9805919], [-75.9874344, 44.975781], [-75.99068040000002, 44.9724756], [-75.995149, 44.96794740000001], [-75.99677280000002, 44.9662856], [-75.99819350000001, 44.9648383], [-75.99970833136143, 44.96328768856658], [-76.00006995910857, 44.96291781766271], [-76.00900900000002, 44.953796000000004], [-76.02274650000001, 44.9398241], [-76.02346660000002, 44.9390694], [-76.0241267, 44.9382799], [-76.02457730000002, 44.9376644], [-76.02502210000002, 44.9369996], [-76.02551000000001, 44.9361528], [-76.0261387, 44.9347707], [-76.02650260000001, 44.933703599999994], [-76.02674660000001, 44.9326296], [-76.02687280000002, 44.9318275], [-76.02692110000001, 44.9310146], [-76.02691760000002, 44.9300243], [-76.0268041, 44.9289716], [-76.02637220000001, 44.92601249999999], [-76.02603190000002, 44.923681], [-76.02562390000001, 44.9209679], [-76.0254467, 44.91969180000001], [-76.0254327, 44.919513499999994], [-76.02540810000002, 44.9191986], [-76.02530590000002, 44.9185028], [-76.02519678394461, 44.91778482810942], [-76.02512985990579, 44.91733770368576], [-76.02519450000001, 44.917769799999995], [-76.0248701, 44.9156013], [-76.0246804, 44.914676], [-76.0245467, 44.9140467], [-76.02449240000001, 44.9137855], [-76.02443480000001, 44.91352079999999], [-76.02438550000001, 44.91332220000001], [-76.0243281, 44.9131316], [-76.02424300000001, 44.9128907], [-76.0241417, 44.9126562], [-76.02406080000002, 44.91249570000001], [-76.02398950000001, 44.91234970000001], [-76.0238091, 44.912033099999995], [-76.0236385, 44.911731200000006], [-76.02362860000001, 44.9117137], [-76.02332730000002, 44.9111775], [-76.02329600000002, 44.9111273], [-76.02316800000001, 44.91089680000001], [-76.02304350000001, 44.9106823], [-76.0229748, 44.9105638], [-76.02284153942956, 44.910367687150185], [-76.02236670000002, 44.909826499999994], [-76.02183510000002, 44.9093543], [-76.02174774779132, 44.90925767058635], [-76.0214833, 44.9089813], [-76.021068, 44.9086015], [-76.02099083186215, 44.90853107711237], [-76.02097750000001, 44.9083987], [-76.02006670000002, 44.9075838], [-76.01987260000001, 44.9074185], [-76.0195011, 44.9071215], [-76.01945467645719, 44.90708710591536], [-76.01891390000002, 44.9067863], [-76.0183296, 44.906442], [-76.01758240000001, 44.9060144], [-76.01746675691507, 44.905949156352825], [-76.01696529551215, 44.90566763383761], [-76.01599120000002, 44.905149800000004], [-76.0156956, 44.904985], [-76.01547350000001, 44.9048367], [-76.0152757, 44.9046858], [-76.01500270000001, 44.90442120000001], [-76.0148878, 44.9042844], [-76.0146862, 44.903997], [-76.0146024, 44.903832099999995], [-76.01449780000002, 44.9036059], [-76.01439780000001, 44.9033638], [-76.01424530000001, 44.90302570000001], [-76.01414594162291, 44.902837297264206], [-76.01386618558467, 44.902426866137006], [-76.01377250000002, 44.9023077], [-76.01362150000001, 44.9022042], [-76.01332300000001, 44.901922000000006], [-76.01322440000001, 44.9018288], [-76.0128033, 44.901507], [-76.01277090000002, 44.9014823], [-76.01233120000002, 44.901216700000006], [-76.01187820000001, 44.90099409999999], [-76.0113309, 44.900783100000005], [-76.00814457492979, 44.89972223155494], [-76.00757411714298, 44.89952279924514], [-76.00667670000001, 44.8991982], [-76.00572770000001, 44.8987173], [-76.00498440000001, 44.89819219999999], [-76.00426182916058, 44.89748815239619], [-76.0041067, 44.89733700000001], [-76.0036198, 44.8966682], [-76.0033615, 44.8961179], [-76.0032059, 44.8956378], [-76.0031111, 44.895202299999994], [-76.00308560000002, 44.8948022], [-76.00309450000002, 44.8946027], [-76.00309875071902, 44.89450741973232], [-76.00314622492832, 44.894061527106196], [-76.00325350266104, 44.89361803959484], [-76.0033964615072, 44.89318029017658], [-76.00356633102986, 44.89274799112968], [-76.00410335022248, 44.89145351165163], [-76.00427141229822, 44.89101909515591], [-76.00462900000001, 44.89003089999999], [-76.0048548, 44.8890666], [-76.004965, 44.88773890000001], [-76.00488200000001, 44.886625800000004], [-76.00474090000002, 44.8858475], [-76.00452150000001, 44.8850396], [-76.0042091, 44.8842211], [-76.00385780000002, 44.88351910000001], [-76.00339960000001, 44.8827315], [-76.00273950000002, 44.8818504], [-76.00181940000002, 44.880895100000004], [-76.00170130000001, 44.8807724], [-76.00089554098972, 44.88007425715507], [-76.0007549, 44.87995240000001], [-75.99551490000002, 44.8757179], [-75.98838110000001, 44.8698645], [-75.9835198, 44.8658757], [-75.98179250000001, 44.8644577], [-75.97600800000001, 44.8597042], [-75.9756122, 44.8593845], [-75.9754233, 44.8592319], [-75.97415790000001, 44.85828300000001], [-75.97257590000001, 44.8571881], [-75.9709349, 44.8561834], [-75.96973760000002, 44.8554831], [-75.96865530000001, 44.854902], [-75.95935450000002, 44.8500536], [-75.9516809, 44.84604770000001], [-75.9499753, 44.8450329], [-75.9482043, 44.8438584], [-75.9473693, 44.8432572], [-75.9437301, 44.840304100000004], [-75.94354280000002, 44.8401483], [-75.9425082, 44.83928830000001], [-75.9419121, 44.8387927], [-75.93568040000001, 44.8336116], [-75.9351665, 44.8331843], [-75.9344481, 44.832587], [-75.9343994, 44.8325489], [-75.9342623, 44.8324363], [-75.93288031395113, 44.83130107587218], [-75.93246538640972, 44.83096028789035], [-75.9321562, 44.830706400000004], [-75.92216670000002, 44.8223931], [-75.91714830000001, 44.818260800000004], [-75.91465650000002, 44.8161983], [-75.9120596, 44.81414399999999], [-75.90870230000002, 44.811546400000005], [-75.90050310000001, 44.8051623], [-75.89380040000002, 44.79982], [-75.89292650000002, 44.7991436], [-75.88864, 44.795695300000006], [-75.8884758, 44.7955614], [-75.88795540000001, 44.7951371], [-75.8829448319316, 44.79109631622876], [-75.88263980000002, 44.790850899999995], [-75.88117050000001, 44.7897071], [-75.88002250000001, 44.7888894], [-75.87781400000001, 44.78744360000001], [-75.87098320000001, 44.783094600000005], [-75.8669497, 44.7805244], [-75.86005640000002, 44.7760942], [-75.85989940000002, 44.7759936], [-75.85169380000002, 44.7707376], [-75.84199010000002, 44.7644873], [-75.83680100000001, 44.761173], [-75.83468301693327, 44.759796627300524], [-75.83421300631268, 44.75949383481435], [-75.8345937, 44.7597399], [-75.83262390000002, 44.75846670000001], [-75.8323932, 44.7583186], [-75.83161990000002, 44.7578223], [-75.83078280000001, 44.75724410000001], [-75.8299953, 44.7566828], [-75.8286437, 44.7556661], [-75.82709810000001, 44.7544028], [-75.8264543, 44.7538496], [-75.8255195, 44.75298420000001], [-75.8246617, 44.7521378], [-75.8236961, 44.751125699999996], [-75.82274660000002, 44.7500432], [-75.82204470000002, 44.749171700000005], [-75.82126020000001, 44.7481581], [-75.82053170000002, 44.747129300000005], [-75.8198354, 44.7460581], [-75.81888530000002, 44.7444082], [-75.81371350000002, 44.7344461], [-75.81363330000002, 44.7342915], [-75.80351059948478, 44.71473989085637], [-75.80329970000001, 44.7143339], [-75.80240320000001, 44.7126215], [-75.80207860000002, 44.71202430000001], [-75.80163790000002, 44.71127729999999], [-75.80116160000001, 44.7105533], [-75.8005664, 44.7097596], [-75.79977650000001, 44.7088753], [-75.79902650000001, 44.7081448], [-75.7981459, 44.7073858], [-75.79739230000001, 44.706808699999996], [-75.7966286, 44.7062682], [-75.7957716, 44.7057091], [-75.7952939, 44.7054292], [-75.79514500000002, 44.705342], [-75.79480430000001, 44.7051396], [-75.79417940000002, 44.7047579], [-75.79343620000002, 44.704304099999995], [-75.7924955, 44.7037012], [-75.7919914, 44.70336220000001], [-75.79146800000001, 44.7029679], [-75.79032680000002, 44.70204400000001], [-75.7898733, 44.7016472], [-75.78942270000002, 44.7012297], [-75.78887700000001, 44.700691500000005], [-75.787911, 44.6996824], [-75.78731530000002, 44.6990421], [-75.78671950000002, 44.6984019], [-75.7864349, 44.69809849999999], [-75.78376790000002, 44.695255700000004], [-75.7828759, 44.6944361], [-75.78150140000001, 44.6933321], [-75.78076600000001, 44.6928081], [-75.77998820000002, 44.69228189999999], [-75.77839680000001, 44.691294199999994], [-75.7714035, 44.6872932], [-75.76909688497246, 44.68595259484653], [-75.7688173, 44.6857901], [-75.76642350000002, 44.6843988], [-75.75973342176728, 44.6805523624185], [-75.75924500381976, 44.680264065900104], [-75.7585772, 44.679867400000006], [-75.75337450000002, 44.6765014], [-75.7515876, 44.6752744], [-75.7500223, 44.67412970000001], [-75.7490242, 44.6734011], [-75.748016, 44.672639100000005], [-75.74610960000001, 44.67115590000001], [-75.74492130000002, 44.6701976], [-75.74344980000001, 44.66895410000001], [-75.7419848, 44.6677069], [-75.74045060000002, 44.66631759999999], [-75.7389118, 44.6648796], [-75.73629610000002, 44.6623377], [-75.73230420000002, 44.65840480000001], [-75.7267366, 44.6529912], [-75.72065160000001, 44.64703250000001], [-75.71892990000002, 44.6453328], [-75.7175037, 44.6438645], [-75.7160918, 44.6423228], [-75.7141402, 44.6400927], [-75.71280320000001, 44.63848999999999], [-75.71141940000001, 44.63670389999999], [-75.7097342, 44.6344544], [-75.7079797, 44.6319578], [-75.7058026, 44.62857900000001], [-75.70412350000001, 44.6257054], [-75.70249250000002, 44.62276610000001], [-75.70235640000001, 44.622523], [-75.70228940000001, 44.62240260000001], [-75.7014086, 44.6208395], [-75.700017, 44.6183633], [-75.6998088, 44.6179744], [-75.69969720000002, 44.6177734], [-75.69929690000001, 44.617052], [-75.69869790000001, 44.6159728], [-75.69748820000001, 44.6138065], [-75.69640270000001, 44.61189199999999], [-75.6956029, 44.6104814], [-75.69540760000001, 44.610132], [-75.69455843286948, 44.608612710981426], [-75.69432912914098, 44.60819375040572], [-75.6940898, 44.60775430000001], [-75.69388000000001, 44.60734339999999], [-75.69325560000001, 44.6060855], [-75.69290650000002, 44.60530239999999], [-75.69259240000001, 44.6045445], [-75.69243140000002, 44.6041091], [-75.6922141, 44.60346530000001], [-75.69176070000002, 44.602004], [-75.69149350000002, 44.6011175], [-75.69147060000002, 44.6010414], [-75.6914387, 44.6009578], [-75.69125760000001, 44.6004692], [-75.6911278, 44.6001428], [-75.69077420000002, 44.59942610000001], [-75.6903958, 44.5987403], [-75.6899824, 44.5980854], [-75.68979580000001, 44.59781660000001], [-75.689706, 44.59768720000001], [-75.6896525, 44.597610100000004], [-75.6893877, 44.597224100000005], [-75.68929519355417, 44.59708923735693], [-75.6889343, 44.5965653], [-75.6888589, 44.5964276], [-75.68878600000001, 44.5962709], [-75.68874000000001, 44.5961391], [-75.68870770000001, 44.5960287], [-75.68867690000002, 44.5958881], [-75.68865850000002, 44.595740600000006], [-75.68865490000002, 44.5955974], [-75.68866100000001, 44.5954521], [-75.68867750000001, 44.595309099999994], [-75.6887108, 44.5951588], [-75.68875870000001, 44.5950092], [-75.68881590000001, 44.5948676], [-75.68888750000002, 44.5947201], [-75.6889805, 44.594567700000006], [-75.68909210000001, 44.5944194], [-75.68920690000002, 44.59428580000001], [-75.68933210000002, 44.5941565], [-75.68948850000001, 44.5940172], [-75.68952360000002, 44.5939897], [-75.68972260000001, 44.5938439], [-75.68995420000002, 44.5937027], [-75.69026087274666, 44.59352806497473], [-75.69075752245737, 44.593246990306966], [-75.6910682, 44.593018099999995], [-75.69242870000001, 44.592241], [-75.69320030000002, 44.5918003], [-75.6932538, 44.5917692], [-75.69329660000001, 44.591745], [-75.69369124707546, 44.59152136203663], [-75.6943846, 44.5911298], [-75.69498770000001, 44.5907879], [-75.69567145011959, 44.59039255869051], [-75.69616779366835, 44.59011112184342], [-75.69720520000001, 44.5895234], [-75.6973286, 44.58945490000001], [-75.69779700000001, 44.5892206], [-75.69821140000002, 44.589032], [-75.69862230000001, 44.5888558], [-75.69924820000001, 44.58860140000001], [-75.7003545, 44.5881504], [-75.7014129, 44.5877278], [-75.70195420000002, 44.5875231], [-75.7026193, 44.5873004], [-75.70319220000002, 44.5871286], [-75.70383230000002, 44.5869613], [-75.7044428, 44.58682279999999], [-75.7050492, 44.5867027], [-75.70587510000001, 44.5865571], [-75.70741010000002, 44.586286], [-75.70895770000001, 44.5860137], [-75.7104342, 44.58575210000001], [-75.7111941, 44.5856201], [-75.7119028, 44.58549270000001], [-75.71237730000001, 44.5853984], [-75.71290980000002, 44.58528390000001], [-75.7135463, 44.5851301], [-75.7142387, 44.5849556], [-75.71500570000002, 44.584754800000006], [-75.7157618, 44.5845475], [-75.71650030000002, 44.5843392], [-75.71716000000002, 44.584142199999995], [-75.71783410000002, 44.583933200000004], [-75.71841690000001, 44.5837456], [-75.7191411, 44.5835036], [-75.7196456, 44.5833253], [-75.72011900000001, 44.5831543], [-75.7206624, 44.58295139999999], [-75.72124930000001, 44.5827244], [-75.7227707, 44.5821168], [-75.72366800000002, 44.58176400000001], [-75.72494910000002, 44.5812534], [-75.725375, 44.581083899999996], [-75.72827130000002, 44.57993140000001], [-75.7284238, 44.5798721], [-75.72898240000002, 44.5796513], [-75.72949170000001, 44.5794553], [-75.72955118738356, 44.579433607530106], [-75.73011948141102, 44.57922903495312], [-75.7306967429352, 44.57904001493364], [-75.73085850000001, 44.5789874], [-75.7315633, 44.57877980000001], [-75.7321447, 44.5786261], [-75.73275990000002, 44.5784751], [-75.73335820000001, 44.5783431], [-75.73420060000001, 44.5781615], [-75.7348458, 44.5780217], [-75.73538290000002, 44.5778959], [-75.73583050000002, 44.5777837], [-75.73628640000001, 44.5776608], [-75.7367, 44.57754090000001], [-75.7371456, 44.5774049], [-75.73757520000001, 44.5772662], [-75.73795650000001, 44.5771412], [-75.73831530000001, 44.577019], [-75.74070040000001, 44.5762014], [-75.74510680000002, 44.5746747], [-75.74528252441455, 44.57461439705651], [-75.74585511159617, 44.57441901627189], [-75.74673580000001, 44.5741195], [-75.74726100000001, 44.5739357], [-75.74769370000001, 44.573791], [-75.74812460000001, 44.5736507], [-75.74853760000002, 44.57351919999999], [-75.74904370000002, 44.5733638], [-75.74956610000001, 44.5732086], [-75.75007240000001, 44.5730668], [-75.75250050000001, 44.5723873], [-75.75972840000001, 44.57036550000001], [-75.7619216, 44.5697486], [-75.76489960000002, 44.5689154], [-75.7659694, 44.56861930000001], [-75.766301, 44.5685284], [-75.76702270000001, 44.5683268], [-75.7694902, 44.5676347], [-75.77113750000001, 44.5671732], [-75.77130990000002, 44.5671252], [-75.7719646, 44.5669431], [-75.77237161115475, 44.56682826089466], [-75.77296156769175, 44.56666184195511], [-75.7735524084171, 44.5664928761214], [-75.7738561, 44.56640490000001], [-75.77457980000001, 44.5661836], [-75.77503620000002, 44.56603450000001], [-75.77553570000002, 44.5658633], [-75.77594730000001, 44.5657114], [-75.77635370000002, 44.5655522], [-75.77678750000001, 44.5653781], [-75.77718590000002, 44.5652064], [-75.77764790000002, 44.5649967], [-75.7780958, 44.564784], [-75.77854390000002, 44.564555600000006], [-75.7789583, 44.564335299999996], [-75.7793587, 44.5641122], [-75.77968850000002, 44.5639175], [-75.78005630000001, 44.5636952], [-75.78041280000001, 44.5634681], [-75.78140670000002, 44.5628427], [-75.78246270000001, 44.5621668], [-75.78394090000002, 44.5612281], [-75.78434230000002, 44.56097160000001], [-75.78481360000002, 44.5606555], [-75.78522670000001, 44.5603614], [-75.7856572, 44.560042900000006], [-75.7860157, 44.55977], [-75.78634570000001, 44.5595074], [-75.7866492, 44.5592489], [-75.78698140000002, 44.5589621], [-75.78732320000002, 44.55865159999999], [-75.78757150000001, 44.5584196], [-75.78784870000001, 44.5581607], [-75.7885987, 44.5574289], [-75.78977920000001, 44.5562871], [-75.79196060000001, 44.55416600000001], [-75.79256498075829, 44.55357687154101], [-75.7929377180412, 44.55321225604741], [-75.79352530000001, 44.5525688], [-75.79455420000001, 44.5515853], [-75.7948673, 44.5512904], [-75.7951544, 44.55102430000001], [-75.79540920000001, 44.5508012], [-75.79568110000001, 44.5505781], [-75.79593580000001, 44.5503825], [-75.79622670000002, 44.5501744], [-75.7965227, 44.54997710000001], [-75.7968218, 44.5497898], [-75.79717670000001, 44.5495815], [-75.79750420000002, 44.5494076], [-75.79785270000002, 44.5492288], [-75.79822690000002, 44.54904799999999], [-75.79860600000002, 44.5488676], [-75.79954317498789, 44.5484329723462], [-75.79995470000001, 44.548239], [-75.8003358, 44.5480508], [-75.8007272, 44.547850800000006], [-75.8011002, 44.54764819999999], [-75.80139140000001, 44.5474866], [-75.8017965, 44.54725380000001], [-75.80213500000002, 44.54704400000001], [-75.8024847, 44.546824300000004], [-75.80281530000002, 44.5465992], [-75.80312910000002, 44.5463843], [-75.80353830000001, 44.546089], [-75.8038804, 44.5458307], [-75.8042507, 44.5455367], [-75.80458300000001, 44.545263199999994], [-75.80489690000002, 44.5449999], [-75.8052236, 44.5447275], [-75.80562620000002, 44.5443933], [-75.80870160000002, 44.5418092], [-75.8107146, 44.540121799999994], [-75.81132660000002, 44.5396102], [-75.81181660000001, 44.539203], [-75.8122774, 44.538818], [-75.81267340000001, 44.5384769], [-75.8131363, 44.53808899999999], [-75.81353580000001, 44.5377521], [-75.81745830000001, 44.53446460000001], [-75.81770280000002, 44.53425970000001], [-75.819132, 44.53305730000001], [-75.821852, 44.530774699999995], [-75.82255730000001, 44.5302023], [-75.82327610000002, 44.5296428], [-75.8237572, 44.5292851], [-75.82428290000001, 44.52890360000001], [-75.82597220000001, 44.5276681], [-75.82754530000001, 44.5265162], [-75.8310758, 44.5239448], [-75.83172860000002, 44.52346850000001], [-75.8333451, 44.5222895], [-75.83372950000002, 44.5220091], [-75.8343902, 44.5215251], [-75.83501620000001, 44.5210775], [-75.83543260000002, 44.5207922], [-75.83589430000002, 44.5204891], [-75.83634720000002, 44.520196199999994], [-75.83693430000001, 44.51982249999999], [-75.83743780000002, 44.519499], [-75.83908620000001, 44.51844580000001], [-75.8404224, 44.5176025], [-75.84400780000001, 44.5153294], [-75.84554149594457, 44.514350626866545], [-75.84601305228976, 44.51404903561238], [-75.84643890000001, 44.513827400000004], [-75.84677590000001, 44.513610199999995], [-75.84711720000001, 44.5133796], [-75.84739570000002, 44.5131852], [-75.84772490000002, 44.5129451], [-75.84803730000002, 44.5127033], [-75.8483733, 44.512426], [-75.8486274, 44.5121987], [-75.84890410000001, 44.5119522], [-75.84916180000002, 44.5117028], [-75.8494134, 44.5114542], [-75.84945261347588, 44.511414083252106], [-75.84981518549166, 44.51104472199285], [-75.84983430000001, 44.5110254], [-75.8505263, 44.5103129], [-75.85114840000001, 44.5096689], [-75.85192400000001, 44.5088691], [-75.85429630000002, 44.50643449999999], [-75.8554703, 44.5052354], [-75.85581590000001, 44.50488790000001], [-75.85614090000001, 44.5045699], [-75.85650800000002, 44.5042265], [-75.85686250000002, 44.5039018], [-75.85732820000001, 44.503490199999995], [-75.8577467, 44.503127], [-75.85812800000001, 44.50280680000001], [-75.8585644, 44.5024523], [-75.85900360000001, 44.502107], [-75.8594975, 44.5017307], [-75.86021000000001, 44.5012046], [-75.86177300000001, 44.5000397], [-75.86379680000002, 44.4985401], [-75.86552530000002, 44.4972592], [-75.866012, 44.4968943], [-75.86650940000001, 44.496517], [-75.8668168, 44.496275600000004], [-75.86712420000002, 44.4960287], [-75.8674371, 44.4957707], [-75.8678351, 44.495439], [-75.86821440000001, 44.4951128], [-75.8685511, 44.49482170000001], [-75.86941390000001, 44.4940595], [-75.87099520000001, 44.4926838], [-75.87217600000001, 44.491655], [-75.87359750000002, 44.4903892], [-75.8752375, 44.4889764], [-75.87710460000001, 44.48734060000001], [-75.87942620000001, 44.4853087], [-75.88068280000002, 44.48421489999999], [-75.88132750000001, 44.4836449], [-75.88414220000001, 44.4811277], [-75.88542700000002, 44.4799772], [-75.88618130000002, 44.4792955], [-75.8882712, 44.477419700000006], [-75.88855937508332, 44.47716207751061], [-75.88895310507907, 44.47680892436344], [-75.88963490000002, 44.4761973], [-75.8921412, 44.47394], [-75.89368920000001, 44.4725515], [-75.89548320000002, 44.4709492], [-75.89627600000001, 44.4702714], [-75.89674570000001, 44.46988699999999], [-75.89714420000001, 44.4695755], [-75.8976038, 44.4692265], [-75.89807230000001, 44.4688795], [-75.89841230000002, 44.4686329], [-75.89877280000002, 44.46838180000001], [-75.89914740000002, 44.4681247], [-75.89953610000002, 44.4678705], [-75.9000124, 44.46755559999999], [-75.90049630000001, 44.4672461], [-75.9009742, 44.4669538], [-75.9014812, 44.46665010000001], [-75.90199290000001, 44.4663531], [-75.9025921, 44.466018000000005], [-75.90315190000001, 44.465716199999996], [-75.90373700000002, 44.4654095], [-75.9042632, 44.4651407], [-75.9072026, 44.463677399999995], [-75.908572, 44.463000300000004], [-75.90907030000001, 44.4627544], [-75.9096103, 44.46248460000001], [-75.91051370000001, 44.4620372], [-75.91165140000001, 44.46147379999999], [-75.9140342, 44.4602949], [-75.91671630000002, 44.4589606], [-75.9184517, 44.4581004], [-75.91884540000001, 44.457903300000005], [-75.9192857, 44.4576866], [-75.91982730000001, 44.4574273], [-75.92031130000001, 44.4572035], [-75.92085110000001, 44.4569566], [-75.9213848, 44.4567271], [-75.92309810000002, 44.455991], [-75.92433940000001, 44.4554597], [-75.9268879, 44.4543647], [-75.92860180000001, 44.4536346], [-75.93106090000002, 44.45257980000001], [-75.93424640568081, 44.45121255506701], [-75.93479012283372, 44.450979297645695], [-75.93618280000001, 44.45038250000001], [-75.93666340000001, 44.4501701], [-75.9370577, 44.4499929], [-75.9372965, 44.4498795], [-75.93754360000001, 44.4497574], [-75.93782630000001, 44.4496079], [-75.9380997, 44.4494562], [-75.93834550000001, 44.4493084], [-75.93858360000002, 44.4491553], [-75.93880800000001, 44.4490031], [-75.9390181, 44.44885130000001], [-75.9392499, 44.448676000000006], [-75.93953070000002, 44.448452], [-75.940947, 44.4472543], [-75.94128970000001, 44.4469713], [-75.9414912, 44.446812099999995], [-75.94170120000001, 44.4466518], [-75.9419308, 44.44648209999999], [-75.94215030000001, 44.44633060000001], [-75.9423944, 44.446174799999994], [-75.94265080000001, 44.4460211], [-75.94291440000002, 44.4458747], [-75.94317350000001, 44.4457418], [-75.94341850000002, 44.4456212], [-75.94369110000001, 44.4454922], [-75.9440173, 44.4453507], [-75.94486950000001, 44.4449893], [-75.9459882, 44.4445318], [-75.94693320000002, 44.444145500000005], [-75.9495253, 44.4430841], [-75.95083630000002, 44.4425482], [-75.9515903, 44.4422446], [-75.95203940000002, 44.4420681], [-75.95253480000001, 44.441885299999996], [-75.95305290000002, 44.4417105], [-75.9543097, 44.4413072], [-75.95487160000002, 44.441122799999995], [-75.95542320000001, 44.4409358], [-75.9559103, 44.4407593], [-75.95639230000002, 44.440573400000005], [-75.95684590000002, 44.4403893], [-75.9573166, 44.4401854], [-75.95782610000002, 44.4399526], [-75.9582905, 44.4397236], [-75.95882880000002, 44.439446600000004], [-75.95936690000002, 44.43916240000001], [-75.9615414, 44.4379999], [-75.96284328618603, 44.4373033838936], [-75.96335073894187, 44.43703240847477], [-75.96365040000002, 44.436823800000006], [-75.96424460000001, 44.4365064], [-75.96489470000002, 44.43614410000001], [-75.96523660000001, 44.43593909999999], [-75.96556770000001, 44.4357326], [-75.96588160000002, 44.4355319], [-75.9661868, 44.4353297], [-75.9665004, 44.4351057], [-75.96685420000001, 44.4348479], [-75.96722490000002, 44.4345665], [-75.9676242, 44.4342535], [-75.96827410000002, 44.4337447], [-75.96968496917765, 44.432632167470835], [-75.97010976362995, 44.432297364463366], [-75.97046420000001, 44.43202110000001], [-75.97084340000002, 44.431732200000006], [-75.97129080000002, 44.4314069], [-75.9716642, 44.4311409], [-75.9728227, 44.430316], [-75.97377680000001, 44.42964010000001], [-75.9760207, 44.4280508], [-75.97634140000001, 44.4278297], [-75.97667360000001, 44.427605699999994], [-75.97698710000002, 44.42740049999999], [-75.9772957, 44.4272006], [-75.9776791, 44.4269612], [-75.97808770000002, 44.42671130000001], [-75.9785069, 44.42645910000001], [-75.97944650000001, 44.425910200000004], [-75.98021172543405, 44.42545862118255], [-75.98069969380127, 44.425170311055105], [-75.98112240000002, 44.4249205], [-75.9818999, 44.424466], [-75.982648, 44.4240295], [-75.98445800000002, 44.422961300000004], [-75.9879251, 44.4209247], [-75.99098910000001, 44.4191251], [-75.9941376, 44.4172737], [-75.99535540000001, 44.416559500000005], [-75.9975281, 44.415280599999996], [-75.99861260000002, 44.414642900000004], [-76.00011820000002, 44.41375789999999], [-76.0012206, 44.4131105], [-76.00311330000001, 44.4119996], [-76.00430070000002, 44.411301], [-76.00548110000001, 44.4106077], [-76.0069582, 44.4097348], [-76.01085590000001, 44.4074448], [-76.01808120000001, 44.4031943], [-76.01845090000002, 44.4029758], [-76.0257858, 44.39866700000001], [-76.02631440000002, 44.3983633], [-76.0269831, 44.39799339999999], [-76.0276677, 44.3976309], [-76.0283553, 44.3972827], [-76.0290492, 44.3969417], [-76.02972700000001, 44.396628], [-76.03043720000001, 44.3963057], [-76.03112260000002, 44.3960118], [-76.0318821, 44.39569759999999], [-76.0326218, 44.3954126], [-76.0335198, 44.39506999999999], [-76.03568640000002, 44.3942638], [-76.0397875, 44.392746], [-76.04476990000002, 44.3908898], [-76.059716, 44.3853276], [-76.0639805, 44.3837428], [-76.0733027, 44.3802724], [-76.07708000000001, 44.37886840000001], [-76.0778267, 44.3785964], [-76.07853460000001, 44.3783448], [-76.0793095, 44.3780883], [-76.08001190000002, 44.377860500000004], [-76.0806984, 44.3776511], [-76.08141490000001, 44.37744620000001], [-76.0821049, 44.377255999999996], [-76.0829642, 44.37703570000001], [-76.08374570000001, 44.3768438], [-76.08457270000001, 44.376656], [-76.0854754, 44.3764668], [-76.0863559, 44.3762928], [-76.0874501, 44.376102], [-76.08836890000002, 44.3759542], [-76.08920750000001, 44.3758352], [-76.09015940000002, 44.3757173], [-76.0910241, 44.3756181], [-76.0918254, 44.3755283], [-76.09835454356026, 44.37482123973747], [-76.09898303737664, 44.3747530258942], [-76.09992280000002, 44.3746474], [-76.10184480000001, 44.3744401], [-76.10240490000001, 44.3743793], [-76.10563680000001, 44.3740275], [-76.10887540000002, 44.373674], [-76.11403560000001, 44.3731138], [-76.11577860000001, 44.3729261], [-76.12352580000001, 44.3720834], [-76.12974390000001, 44.3714097], [-76.13253890000001, 44.3711066], [-76.13874470000002, 44.3704349], [-76.13968020000002, 44.37033149999999], [-76.14817560000002, 44.36941050000001], [-76.15155970000002, 44.3690439], [-76.15384040000002, 44.3687935], [-76.15543080000002, 44.3686231], [-76.157351, 44.3684114], [-76.15995491932318, 44.36813046914307], [-76.16058364970631, 44.36806238522573], [-76.16190570000002, 44.3679172], [-76.16249460000002, 44.3678455], [-76.1629753, 44.367777499999995], [-76.16350740000001, 44.3676865], [-76.16400480000001, 44.367591], [-76.16449920000001, 44.3674755], [-76.16494550000002, 44.3673578], [-76.16539210000002, 44.3672296], [-76.16581370000002, 44.3670991], [-76.16620690000002, 44.3669665], [-76.1665569, 44.3668402], [-76.1669965, 44.3666677], [-76.16726400000002, 44.36655859999999], [-76.1676043, 44.3664049], [-76.16790930000002, 44.366262], [-76.16824540000002, 44.3660986], [-76.16854320000002, 44.3659395], [-76.1687996, 44.3657996], [-76.16906550000002, 44.3656458], [-76.1694506, 44.3654134], [-76.16985610000002, 44.3651572], [-76.17034720000001, 44.3648339], [-76.17067762866849, 44.36461695004641], [-76.17113620000002, 44.3643081], [-76.1713561, 44.36416590000001], [-76.17160370000002, 44.3640089], [-76.1719212, 44.3638164], [-76.17218270000001, 44.36366100000001], [-76.1724425, 44.3635138], [-76.17279870000002, 44.3633196], [-76.1730658, 44.3631788], [-76.17334060000002, 44.3630378], [-76.17365070000001, 44.3628827], [-76.17388340000001, 44.3627708], [-76.17423590000001, 44.3626062], [-76.17453270000001, 44.3624756], [-76.17487780000002, 44.3623213], [-76.17521370000001, 44.3621827], [-76.17554990000001, 44.362046799999995], [-76.17582220000001, 44.3619386], [-76.17616210000001, 44.3618117], [-76.17644950000002, 44.3617055], [-76.1767727, 44.3615909], [-76.17707020000002, 44.36149209999999], [-76.17735570000002, 44.3613986], [-76.1776875, 44.3612949], [-76.17797350000001, 44.3612098], [-76.17826510000002, 44.3611283], [-76.17860580000001, 44.3610386], [-76.1789859, 44.3609427], [-76.17938890000002, 44.36084970000001], [-76.17970540000002, 44.360781], [-76.18002880000002, 44.3607105], [-76.18040590000001, 44.3606398], [-76.1808384, 44.3605592], [-76.18139350000001, 44.3604653], [-76.18179370000001, 44.3604046], [-76.1822271, 44.360349899999996], [-76.18287570000001, 44.3602764], [-76.1835089, 44.3602092], [-76.1854381, 44.3600193], [-76.1878536, 44.3597781], [-76.18928077195395, 44.359633658829345], [-76.18991032311641, 44.359570038253196], [-76.19053988632626, 44.35950649214983], [-76.19039770000002, 44.3595208], [-76.19340980000001, 44.3592177], [-76.1940819, 44.35915549999999], [-76.19475000000001, 44.3590986], [-76.19540440000002, 44.35905], [-76.19609, 44.3590099], [-76.19686760000002, 44.3589736], [-76.19764650000002, 44.358945500000004], [-76.1982774, 44.3589303], [-76.1989119, 44.3589215], [-76.1994333, 44.3589177], [-76.19997750000002, 44.3589205], [-76.20056270000002, 44.35893], [-76.2037022, 44.3589702], [-76.2045675, 44.3589725], [-76.2050737, 44.3589655], [-76.20557340000002, 44.358948000000005], [-76.2060422, 44.35892510000001], [-76.20647490000002, 44.3588966], [-76.2069188, 44.35886309999999], [-76.2073692, 44.35882029999999], [-76.20778320000001, 44.3587742], [-76.20822960000001, 44.3587193], [-76.20868670000002, 44.3586551], [-76.20910020000001, 44.3585912], [-76.20951660000001, 44.35852189999999], [-76.2099564, 44.3584425], [-76.21035160000001, 44.358366], [-76.21074433291527, 44.35828470206771], [-76.21138830000001, 44.3581504], [-76.2119913, 44.3580236], [-76.2163751, 44.3570923], [-76.21799240000001, 44.3567515], [-76.22024120000002, 44.35627629999999], [-76.2206843, 44.3561876], [-76.22124660000001, 44.3560756], [-76.22172420000001, 44.3559868], [-76.22224840000001, 44.3558959], [-76.22283080000001, 44.3558018], [-76.22341260000002, 44.35571410000001], [-76.22397000000001, 44.355635500000005], [-76.22462190000002, 44.3555488], [-76.22631340000001, 44.3553373], [-76.22870960000002, 44.3550397], [-76.23124500000002, 44.3547272], [-76.2344977, 44.3543224], [-76.2348808, 44.3542722], [-76.2353, 44.3542149], [-76.23595660000001, 44.354119700000005], [-76.23628110000001, 44.3540675], [-76.23659930000001, 44.3540142], [-76.2370088, 44.353945700000004], [-76.24095660000002, 44.3532683], [-76.24339970000001, 44.3528447], [-76.2449787, 44.35257360000001], [-76.24784122649459, 44.35208154268975], [-76.2484591914093, 44.35197532618069], [-76.24907704783965, 44.351868871548064], [-76.2501611, 44.3516818], [-76.2521291, 44.3513384], [-76.25315310000002, 44.3511455], [-76.2537537, 44.3510249], [-76.2544013, 44.3508858], [-76.2551167, 44.3507256], [-76.2557436, 44.3505753], [-76.2563258, 44.3504299], [-76.2569471, 44.3502636], [-76.257491, 44.3501112], [-76.2580673, 44.3499476], [-76.25859390000001, 44.3497856], [-76.2591223, 44.3496229], [-76.25963710000002, 44.3494537], [-76.26009230000001, 44.349303899999995], [-76.26055350000001, 44.3491491], [-76.2622226, 44.3485839], [-76.26301570000001, 44.3483175], [-76.26485680000002, 44.3477018], [-76.26717700000002, 44.3469145], [-76.26926080000001, 44.3462115], [-76.27095170000001, 44.34563820000001], [-76.27313375913313, 44.34490226922792], [-76.27370795353248, 44.34470896028784], [-76.2748878, 44.3443119], [-76.27764930000001, 44.3433826], [-76.2788399, 44.34298], [-76.28575930000001, 44.3406461], [-76.28820750000001, 44.3398191], [-76.29080510000001, 44.3389424], [-76.29414600000001, 44.3378168], [-76.29658870000002, 44.3369926], [-76.29942750000001, 44.33603480000001], [-76.30117920000002, 44.3354463], [-76.30243290000001, 44.335022499999994], [-76.30352530000002, 44.3346536], [-76.30519390000002, 44.334091900000004], [-76.3055747, 44.33396259999999], [-76.3072333, 44.3334033], [-76.31002740000001, 44.3324593], [-76.311816, 44.3318569], [-76.31373420000001, 44.3312099], [-76.3170315, 44.3300968], [-76.32023790000001, 44.3290153], [-76.32286610000001, 44.3281279], [-76.3260044, 44.3270677], [-76.32766383857623, 44.32651097357368], [-76.32823760355006, 44.32631712217879], [-76.32767300000002, 44.3265079], [-76.3308503, 44.3254343], [-76.33156890000001, 44.3251938], [-76.33189530000001, 44.3250838], [-76.3322335, 44.3249727], [-76.33258900000001, 44.32486250000001], [-76.33287380000002, 44.32477560000001], [-76.33317700000002, 44.32468980000001], [-76.33346160000002, 44.32461240000001], [-76.33373560000001, 44.324539], [-76.3340083, 44.3244703], [-76.3343287, 44.3243921], [-76.33461100000001, 44.3243297], [-76.3349645, 44.3242512], [-76.33532590000002, 44.32417740000001], [-76.3357255, 44.32410109999999], [-76.3361785, 44.324017899999994], [-76.33709333118497, 44.32386436355339], [-76.33733860000001, 44.3238232], [-76.34053060000001, 44.323290899999996], [-76.3439485, 44.32272820000001], [-76.34632570000001, 44.3223327], [-76.3516034, 44.3214585], [-76.353347, 44.32117], [-76.3577043, 44.320444800000004], [-76.3612714, 44.3198557], [-76.36554560000002, 44.319145], [-76.3672333, 44.3188666], [-76.369915, 44.3184194], [-76.37217910000001, 44.3180437], [-76.37432490000002, 44.3176883], [-76.37671817456324, 44.31729054102182], [-76.37733706497625, 44.31718703817231], [-76.37873000000002, 44.3169526], [-76.37928160000001, 44.3168576], [-76.37958000000002, 44.3168035], [-76.37986830000001, 44.3167466], [-76.38017650000002, 44.3166821], [-76.3805048, 44.3166124], [-76.38082380000002, 44.316538800000004], [-76.38117680000002, 44.3164543], [-76.38152420000002, 44.316363], [-76.3818554, 44.3162745], [-76.38215020000001, 44.3161899], [-76.38243190000001, 44.3161072], [-76.38281070000001, 44.315989900000005], [-76.38325400000001, 44.3158466], [-76.38369660000001, 44.3156951], [-76.38407520000001, 44.3155561], [-76.3844499, 44.3154133], [-76.384874, 44.3152426], [-76.38529200000002, 44.3150611], [-76.3857174, 44.3148732], [-76.38609030000002, 44.3147035], [-76.38877690000001, 44.31344579999999], [-76.39246870000001, 44.3117156], [-76.39530720000002, 44.310382600000004], [-76.39812610000001, 44.3090572], [-76.4017375, 44.30736850000001], [-76.40478630000001, 44.3059357], [-76.4063629, 44.3051949], [-76.40894130000001, 44.303985], [-76.41057010000002, 44.3032195], [-76.41254870000002, 44.3022911], [-76.41497980000001, 44.3011505], [-76.41629320000001, 44.3005346], [-76.42035170000001, 44.2986256], [-76.42268250000001, 44.2975311], [-76.42391980000001, 44.2969501], [-76.42528490000001, 44.296307399999996], [-76.42796800000002, 44.2950484], [-76.42852173780193, 44.2947895243507], [-76.42905225219376, 44.29454166227177], [-76.42957750000001, 44.2943031], [-76.42997810000001, 44.2941277], [-76.43037600000001, 44.29396580000001], [-76.43068588115402, 44.29384511339671], [-76.43124846602826, 44.29363475452133], [-76.43130240000002, 44.293615], [-76.43179960000002, 44.2934457], [-76.4321734, 44.2933243], [-76.4325986, 44.29319], [-76.4331833, 44.2930197], [-76.43366520000001, 44.2928875], [-76.4341495, 44.2927637], [-76.43455790000002, 44.2926681], [-76.43505160000001, 44.2925591], [-76.4354453, 44.29248290000001], [-76.43585980000002, 44.292408300000005], [-76.4362668, 44.2923449], [-76.4366786, 44.2922866], [-76.43717320000002, 44.2922258], [-76.4376356, 44.2921777], [-76.438184, 44.2921306], [-76.43863530000002, 44.2920947], [-76.43949000000002, 44.292032], [-76.4410558240113, 44.29192704705066], [-76.4416887703472, 44.291883431731094], [-76.44232170601371, 44.29183973149861], [-76.44295464554578, 44.29179606933469], [-76.4441864, 44.2917112], [-76.4447246, 44.2916673], [-76.44522870000002, 44.2916191], [-76.44563360000001, 44.2915735], [-76.446069, 44.291509999999995], [-76.44646920000001, 44.2914386], [-76.44687360000002, 44.29136100000001], [-76.4472644, 44.2912745], [-76.44762710000002, 44.2911867], [-76.44795540000001, 44.2910973], [-76.4482771, 44.29100549999999], [-76.44861320000001, 44.2908992], [-76.44894440000002, 44.2907838], [-76.44928420000001, 44.29066040000001], [-76.44960360000002, 44.290534699999995], [-76.4499145, 44.290406100000006], [-76.4502435, 44.2902664], [-76.45056050000001, 44.2901309], [-76.4524934, 44.2892882], [-76.45380500000002, 44.28871620000001], [-76.45451969214656, 44.28840547044461], [-76.45488970000001, 44.288245], [-76.4580849, 44.2868513], [-76.46125840000002, 44.2854685], [-76.46163480000001, 44.2853034], [-76.4620304, 44.28512520000001], [-76.46242570000001, 44.2849385], [-76.46283780000002, 44.2847388], [-76.46323340000001, 44.28453360000001], [-76.46360800000001, 44.2843261], [-76.46396890000001, 44.284115699999994], [-76.46432940000001, 44.2838929], [-76.46470840000002, 44.283649700000005], [-76.46500430000002, 44.283449], [-76.4653212, 44.28322450000001], [-76.46571420000001, 44.2829263], [-76.46598480000002, 44.2827109], [-76.46625850000001, 44.2824829], [-76.4665536, 44.2822221], [-76.46682080000001, 44.28198290000001], [-76.4670863, 44.2817249], [-76.46735010000002, 44.2814548], [-76.4675849, 44.2811965], [-76.46781490000001, 44.280934300000006], [-76.4680548, 44.2806489], [-76.46824930000001, 44.2803999], [-76.46844860000002, 44.28013519999999], [-76.4690215718943, 44.27934550602751], [-76.46931025992491, 44.278944783041396], [-76.46967450000001, 44.2784366], [-76.46994810000001, 44.278086200000004], [-76.47022780000002, 44.2777446], [-76.47041670000002, 44.277525], [-76.4706047, 44.2773134], [-76.47078450000001, 44.277119], [-76.47100700000001, 44.2768888], [-76.4712094, 44.2766882], [-76.47145060000001, 44.27645820000001], [-76.47167230000001, 44.276253200000006], [-76.47189810000002, 44.276051], [-76.47222570000001, 44.27575999999999], [-76.47257590000001, 44.2754605], [-76.47295460000001, 44.275137], [-76.47363220000001, 44.2745502], [-76.4739258, 44.2742785], [-76.47417760000002, 44.2740311], [-76.47439690000002, 44.27379320000001], [-76.4745416, 44.273626199999995], [-76.4747303, 44.2733943], [-76.47489130000001, 44.2731797], [-76.4750833, 44.27290320000001], [-76.4752262, 44.2726777], [-76.47538060000001, 44.27240690000001], [-76.47549540000001, 44.272180299999995], [-76.47561090000002, 44.27192539999999], [-76.47572930000001, 44.27163579999999], [-76.47582150000001, 44.2713622], [-76.4759216, 44.2710466], [-76.47598700000002, 44.2707504], [-76.47604010000002, 44.2704585], [-76.4760806, 44.2701625], [-76.4761004, 44.269874800000004], [-76.47610630000001, 44.2695821], [-76.47609880000002, 44.2693178], [-76.47607420000001, 44.2690118], [-76.47603610000002, 44.268691499999996], [-76.47598440000002, 44.2683448], [-76.47594230000001, 44.2680576], [-76.47591350000002, 44.267761699999994], [-76.4758992, 44.2675656], [-76.4758915, 44.2673458], [-76.4758954, 44.2670254], [-76.47592080000001, 44.2666858], [-76.47594760000001, 44.2664619], [-76.4760051, 44.26616870000001], [-76.4760558, 44.265953], [-76.47611890000002, 44.2657026], [-76.47620370000001, 44.2654424], [-76.47630270000002, 44.26516719999999], [-76.47639910000001, 44.2649387], [-76.47651090000001, 44.26470439999999], [-76.47662320000002, 44.264485900000004], [-76.4767702, 44.2642329], [-76.4768876, 44.2640424], [-76.47776450000002, 44.2627463], [-76.47839390000001, 44.2618267], [-76.47856780000001, 44.2615829], [-76.47874460000001, 44.2613464], [-76.47891560000001, 44.26113279999999], [-76.4790988, 44.2609193], [-76.4792931, 44.260705599999994], [-76.47953470000002, 44.2604589], [-76.479781, 44.2602328], [-76.4800408, 44.2600077], [-76.48026620000002, 44.2598257], [-76.4804917, 44.2596538], [-76.48074790000001, 44.2594706], [-76.48100020000001, 44.2593013], [-76.48128250000002, 44.259130600000006], [-76.48161760000002, 44.2589382], [-76.48187680000001, 44.2588052], [-76.48212300000002, 44.2586832], [-76.48245600000001, 44.2585263], [-76.48273270000001, 44.2584004], [-76.4830421, 44.2582745], [-76.48334490000002, 44.258160200000006], [-76.483665, 44.2580496], [-76.4840544, 44.2579299], [-76.48443290000002, 44.25782219999999], [-76.48483270000001, 44.2577228], [-76.48523250000001, 44.257636500000004], [-76.4855721, 44.2575732], [-76.4859349, 44.2575132], [-76.4863248, 44.25745950000001], [-76.4867434, 44.2574128], [-76.48716820000001, 44.2573782], [-76.48755400000002, 44.2573589], [-76.4879662, 44.25734630000001], [-76.4883821, 44.257347300000006], [-76.4887792, 44.25735989999999], [-76.4892062, 44.2573837], [-76.4895925, 44.2574174], [-76.489925, 44.2574549], [-76.4902699, 44.2575011], [-76.490666, 44.2575629], [-76.49105730000001, 44.257638], [-76.49142900000001, 44.25771790000001], [-76.49176970000002, 44.2577986], [-76.49211420000002, 44.25789470000001], [-76.4924557, 44.2579974], [-76.49277410000002, 44.258104], [-76.4930986, 44.2582224], [-76.49343990000001, 44.2583531], [-76.49377510000001, 44.258496400000006], [-76.49412180000002, 44.2586571], [-76.49446670000002, 44.25883170000001], [-76.4947478, 44.2589819], [-76.4950545, 44.2591545], [-76.4954295, 44.2593668], [-76.4957655, 44.259559499999995], [-76.49640950000001, 44.259927], [-76.49681860000001, 44.2601493], [-76.49720830000001, 44.2603514], [-76.4976153, 44.260538999999994], [-76.49799800000001, 44.2607028], [-76.49848280000002, 44.260885900000005], [-76.50006030000002, 44.261431], [-76.50132960000002, 44.2618704], [-76.50192640000002, 44.262075], [-76.503065, 44.262467400000006], [-76.50371010000002, 44.2626901], [-76.50491780000002, 44.2631042], [-76.50714980000001, 44.263873700000005], [-76.50821190000002, 44.2642401], [-76.5095878, 44.2647151], [-76.51020370000002, 44.2649248], [-76.51103790000002, 44.265208799999996], [-76.5115389, 44.2653635], [-76.51202010000002, 44.2654967], [-76.51244370000002, 44.265602], [-76.5128541, 44.265694], [-76.51319460000002, 44.2657579], [-76.5135394, 44.2658177], [-76.51392920000002, 44.2658763], [-76.51431380000001, 44.2659254], [-76.5146775, 44.2659595], [-76.5150309, 44.2659904], [-76.51538250000002, 44.2660098], [-76.51573550000002, 44.26602389999999], [-76.51610280000001, 44.2660305], [-76.5164939, 44.2660289], [-76.51691790000001, 44.26601560000001], [-76.51730080000002, 44.2659945], [-76.51771730000002, 44.2659642], [-76.51811330000001, 44.2659271], [-76.5184076, 44.2658914], [-76.51877860000002, 44.2658396], [-76.51909620000002, 44.2657885], [-76.51940310000002, 44.2657348], [-76.5199317, 44.2656255], [-76.5202195, 44.26555749999999], [-76.52051550000002, 44.2654804], [-76.52081210000001, 44.2653987], [-76.52108810000001, 44.2653182], [-76.52136670000002, 44.2652309], [-76.5216752, 44.26512550000001], [-76.52168910926814, 44.26512033757208], [-76.52224877782007, 44.2649071100272], [-76.52250100000002, 44.2648025], [-76.52271570000002, 44.2647083], [-76.52297540000002, 44.2645909], [-76.52325320000001, 44.26445619999999], [-76.5235211, 44.264318599999996], [-76.52385570000001, 44.2641393], [-76.52421880000001, 44.2639402], [-76.52483242653538, 44.26359902319933], [-76.52533232452635, 44.26332102162741], [-76.52721310000001, 44.2622682], [-76.52975350000001, 44.2608467], [-76.530469, 44.2604462], [-76.53114170000002, 44.26007009999999], [-76.53231327119857, 44.2594136388348], [-76.53254480000001, 44.259281300000005], [-76.53352780000002, 44.2587313], [-76.536546, 44.2570377], [-76.5395242, 44.255369], [-76.5439128, 44.2529133], [-76.5455737, 44.2519815], [-76.54777240000001, 44.2507468], [-76.54810620000002, 44.2505578], [-76.5484439, 44.250363], [-76.54877110000001, 44.2501672], [-76.54912450000002, 44.249946200000004], [-76.54944870000001, 44.24973560000001], [-76.54973640000001, 44.2495387], [-76.550002, 44.2493489], [-76.5502679, 44.2491551], [-76.5505313, 44.2489517], [-76.5507891, 44.2487404], [-76.5510121, 44.2485591], [-76.5512461, 44.2483579], [-76.5514777, 44.2481568], [-76.55169780000001, 44.2479481], [-76.5519206, 44.2477332], [-76.55214880000001, 44.2475024], [-76.5527098, 44.2469276], [-76.55290580000002, 44.246727500000006], [-76.55313260000001, 44.24650290000001], [-76.55335620000001, 44.2462916], [-76.5535726, 44.2460948], [-76.55380130000002, 44.245891], [-76.5540539, 44.245678500000004], [-76.55426810000002, 44.24550210000001], [-76.55451950000001, 44.2453012], [-76.55476170000001, 44.24511639999999], [-76.55500510000002, 44.244937], [-76.5552833, 44.2447357], [-76.55557850000001, 44.2445379], [-76.55586380000001, 44.2443476], [-76.5561598, 44.244161], [-76.55657780000001, 44.2439154], [-76.55700940000001, 44.2436674], [-76.5573679, 44.2434761], [-76.5577425, 44.243280999999996], [-76.55823090000001, 44.2430429], [-76.5587072, 44.2428233], [-76.5591673, 44.2426276], [-76.5596182, 44.24244149999999], [-76.5601054, 44.24225750000001], [-76.5605136, 44.2421104], [-76.56088950000002, 44.2419812], [-76.5613263, 44.24184220000001], [-76.56167250000001, 44.2417376], [-76.5620942, 44.2416144], [-76.5624954, 44.2415084], [-76.5629803, 44.241389], [-76.56356310000001, 44.2412548], [-76.5640219, 44.2411608], [-76.56453970000001, 44.2410641], [-76.5649284, 44.240997300000004], [-76.5653452, 44.2409333], [-76.56652804480763, 44.24077768010154], [-76.56715289002635, 44.24069438872214], [-76.56777712563694, 44.24060882505181], [-76.568347, 44.2405229], [-76.56872440000001, 44.240459200000004], [-76.56912040000002, 44.24038680000001], [-76.5695511, 44.2403041], [-76.56998350000002, 44.2402118], [-76.5704159, 44.240115], [-76.57087, 44.240005], [-76.57133670000002, 44.239888300000004], [-76.57376170000002, 44.2392747], [-76.57478830000001, 44.239014], [-76.57569190000001, 44.23878719999999], [-76.57662900000001, 44.2385481], [-76.57713180000002, 44.2384221], [-76.57752600000002, 44.2383272], [-76.57792010000001, 44.23823719999999], [-76.57829340000002, 44.23815499999999], [-76.5787015, 44.2380713], [-76.5790209, 44.2380141], [-76.5793472, 44.2379568], [-76.57973880000002, 44.2378916], [-76.58012610000002, 44.23783590000001], [-76.58052550000001, 44.2377827], [-76.5809236, 44.237736], [-76.58113132494753, 44.23771515615714], [-76.581576, 44.2377129], [-76.5820249, 44.237677899999994], [-76.58249440000002, 44.2376504], [-76.582913, 44.2376319], [-76.58337800000001, 44.2376192], [-76.58376170000001, 44.2376142], [-76.5841028, 44.2376141], [-76.58445430000002, 44.23761890000001], [-76.58489040000002, 44.23763180000001], [-76.58528620000001, 44.23764649999999], [-76.58564320000002, 44.2376666], [-76.58599280000001, 44.237692], [-76.58642970000001, 44.23772749999999], [-76.5867862, 44.237761299999995], [-76.5871511, 44.2377997], [-76.58748410000001, 44.2378402], [-76.5878206, 44.2378844], [-76.5881484, 44.237932799999996], [-76.5884736, 44.23798519999999], [-76.5888063, 44.2380429], [-76.58914640000002, 44.2381089], [-76.58947540000001, 44.2381752], [-76.5898086, 44.23824700000001], [-76.590153, 44.2383254], [-76.590514, 44.2384137], [-76.59087480000001, 44.2385079], [-76.5912441, 44.238609999999994], [-76.5916331, 44.2387222], [-76.5919951, 44.23882739999999], [-76.59236220000001, 44.2389375], [-76.59393510000001, 44.2394098], [-76.59639360000001, 44.24014789999999], [-76.59806460000001, 44.24065100000001], [-76.59936840000002, 44.24104179999999], [-76.60022420000001, 44.2413004], [-76.60068130000002, 44.2414352], [-76.60119750000001, 44.241589899999994], [-76.60159940000001, 44.2417062], [-76.6019768, 44.2418104], [-76.6023403, 44.24190730000001], [-76.6027652, 44.24201000000001], [-76.6031346, 44.2420908], [-76.60354650000001, 44.2421758], [-76.60396470000002, 44.2422526], [-76.60437400000002, 44.242322], [-76.6047722, 44.2423825], [-76.60515350000001, 44.242435699999994], [-76.60554270000002, 44.242481600000005], [-76.60594390000001, 44.24252489999999], [-76.60637580000001, 44.24256569999999], [-76.60684780000001, 44.2426032], [-76.6072553, 44.2426283], [-76.607643, 44.242644999999996], [-76.6080213, 44.2426582], [-76.60841400000001, 44.2426659], [-76.6088572, 44.2426685], [-76.6093101, 44.2426624], [-76.60966580000002, 44.2426541], [-76.610011, 44.24264360000001], [-76.6101253, 44.2426393], [-76.61022890000001, 44.2426337], [-76.61064490000001, 44.242609400000006], [-76.6111014, 44.2425773], [-76.61150970000001, 44.2425403], [-76.611948, 44.2424987], [-76.61239340000002, 44.24244840000001], [-76.61283860000002, 44.242391], [-76.61326590000002, 44.2423268], [-76.61370910000001, 44.2422523], [-76.61415920000002, 44.2421704], [-76.61460990000002, 44.2420786], [-76.6151194, 44.2419644], [-76.61553280000001, 44.2418627], [-76.6159537, 44.241756099999996], [-76.61635660000002, 44.2416494], [-76.61677860000002, 44.2415296], [-76.61718510000001, 44.2414115], [-76.61757020000002, 44.24129429999999], [-76.61796440000002, 44.241166299999996], [-76.61838130000001, 44.2410261], [-76.61875570000001, 44.2408912], [-76.6191701, 44.24073390000001], [-76.61954230000002, 44.2405819], [-76.6198991, 44.2404307], [-76.62024960000001, 44.2402772], [-76.6205941, 44.2401182], [-76.6208821, 44.23997769999999], [-76.62108017729783, 44.239878069556], [-76.62159657396995, 44.23961207564138], [-76.621873, 44.239461], [-76.62215110000001, 44.239300300000004], [-76.62240720000001, 44.2391515], [-76.62267390000001, 44.2389938], [-76.62292580000002, 44.238832900000006], [-76.6231374, 44.238696600000004], [-76.62335470000001, 44.2385519], [-76.62355070000001, 44.2384179], [-76.6237866, 44.238252], [-76.62403470000001, 44.2380711], [-76.62429090000002, 44.23787930000001], [-76.6245296, 44.2376914], [-76.62476580000002, 44.23749990000001], [-76.6249897, 44.237315], [-76.62519300000001, 44.2371381], [-76.62539700000002, 44.23695610000001], [-76.62560540000001, 44.2367636], [-76.62577830000001, 44.2365979], [-76.6259388, 44.23644060000001], [-76.6261171, 44.2362574], [-76.62631270000001, 44.2360562], [-76.62649800000001, 44.235850799999994], [-76.6266777, 44.2356478], [-76.62684930000002, 44.2354492], [-76.6270114, 44.23526189999999], [-76.62736359810121, 44.23485122885495], [-76.62769410406572, 44.23446722290802], [-76.62821490000002, 44.2338643], [-76.62872870000001, 44.2332584], [-76.62926680000001, 44.2326313], [-76.62950460000002, 44.232363199999995], [-76.62972820000002, 44.2321186], [-76.62993630000001, 44.2319099], [-76.63024190000002, 44.2316143], [-76.6304857, 44.2313972], [-76.63077410000001, 44.2311521], [-76.63102080000002, 44.23095670000001], [-76.63132660000001, 44.2307235], [-76.6316209, 44.2305144], [-76.6319092, 44.23032390000001], [-76.63220540000002, 44.2301345], [-76.6325716, 44.2299127], [-76.63266535212291, 44.22985874050054], [-76.6331627497774, 44.2295804753961], [-76.63332570000001, 44.2294927], [-76.6336677, 44.229323], [-76.634007, 44.2291582], [-76.63438180000001, 44.2289895], [-76.6347718, 44.2288262], [-76.6351572, 44.228674500000004], [-76.6355673, 44.2285258], [-76.63601370000002, 44.228373899999994], [-76.6364284, 44.228245300000005], [-76.63686520000002, 44.228118900000005], [-76.6373477, 44.22799539999999], [-76.63787440000002, 44.2278735], [-76.6383954, 44.22776720000001], [-76.6389168, 44.2276777], [-76.63944950000001, 44.2275975], [-76.6399454, 44.2275375], [-76.64042400000001, 44.2274887], [-76.64089280000002, 44.2274547], [-76.64135960000002, 44.2274283], [-76.64181760000001, 44.22741400000001], [-76.64230780000001, 44.2274078], [-76.6427411, 44.2274135], [-76.64319650000002, 44.2274275], [-76.643657, 44.2274515], [-76.6440647, 44.2274821], [-76.64452000000001, 44.22752499999999], [-76.6449594, 44.22757639999999], [-76.6454436, 44.2276441], [-76.64589850000002, 44.2277215], [-76.64675500000001, 44.2278723], [-76.64727420000001, 44.227962], [-76.6476869, 44.2280265], [-76.64811400000002, 44.22808590000001], [-76.6484987, 44.2281332], [-76.6489121, 44.2281761], [-76.64937040000001, 44.22821650000001], [-76.6498, 44.228245900000005], [-76.65023110000001, 44.22827], [-76.65070520000002, 44.228288899999995], [-76.65122510000002, 44.2282993], [-76.6517278, 44.2283024], [-76.65213080000001, 44.22829629999999], [-76.6525607, 44.2282819], [-76.65300820000002, 44.228263500000004], [-76.653479, 44.2282325], [-76.6539255, 44.22819890000001], [-76.65435870000002, 44.228156399999996], [-76.6548572, 44.2281001], [-76.65528640000001, 44.228045], [-76.65580550000001, 44.2279724], [-76.65649449311992, 44.227873693974125], [-76.65711843150252, 44.22778635441736], [-76.6576233, 44.2277247], [-76.6580862, 44.22767520000001], [-76.65854370000001, 44.2276359], [-76.65899660000001, 44.2276045], [-76.65945660000001, 44.2275834], [-76.6598958, 44.22756630000001], [-76.6603085, 44.2275588], [-76.66083370000001, 44.2275555], [-76.6613512, 44.2275612], [-76.66184470000002, 44.227578], [-76.6623346, 44.22760120000001], [-76.66282330000001, 44.2276339], [-76.66324530000001, 44.2276695], [-76.663693, 44.2277121], [-76.6641324, 44.2277631], [-76.6646037, 44.227825100000004], [-76.66501420000002, 44.227886], [-76.66543890000001, 44.22795589999999], [-76.6658981, 44.22803929999999], [-76.66632770000001, 44.2281266], [-76.6667369, 44.22821549999999], [-76.66708370000002, 44.2282958], [-76.66746100000002, 44.2283877], [-76.66788400000002, 44.2284976], [-76.66835440000001, 44.22863269999999], [-76.6688265, 44.228779], [-76.6693209, 44.2289421], [-76.6697852, 44.2291055], [-76.6702547, 44.2292842], [-76.6707067, 44.2294644], [-76.67117670000002, 44.2296669], [-76.67164520000001, 44.2298753], [-76.67251770000001, 44.230281000000005], [-76.67292090000001, 44.2304595], [-76.67333590000001, 44.2306409], [-76.67378320000002, 44.2308211], [-76.67420770000001, 44.230983], [-76.67462230000001, 44.231133099999994], [-76.67502770000002, 44.2312675], [-76.6754178, 44.231389300000004], [-76.67588070000001, 44.2315284], [-76.67635330000002, 44.2316582], [-76.67698510000001, 44.231816800000004], [-76.677411, 44.2319161], [-76.67786180000002, 44.2320126], [-76.67833620000002, 44.23210360000001], [-76.67879330000001, 44.2321861], [-76.67922150000001, 44.2322556], [-76.6796471, 44.2323172], [-76.68006780000002, 44.23237470000001], [-76.68051580000001, 44.2324256], [-76.68097880000002, 44.2324702], [-76.6814099, 44.23250490000001], [-76.68179740000001, 44.232530600000004], [-76.68218000000002, 44.2325499], [-76.68257260000001, 44.2325651], [-76.68295050000002, 44.2325736], [-76.68337270000002, 44.232578000000004], [-76.68383840000001, 44.232577199999994], [-76.68436660000002, 44.232563], [-76.6848863, 44.2325406], [-76.68530100000001, 44.232516], [-76.68572120000002, 44.232490000000006], [-76.68613910000002, 44.232455300000005], [-76.68654240000001, 44.23241219999999], [-76.68695980000001, 44.2323601], [-76.6874252, 44.2322973], [-76.68793530000002, 44.2322194], [-76.6884875, 44.2321262], [-76.69114741776968, 44.231658549259016], [-76.6914904, 44.2315572], [-76.69570240000002, 44.2308174], [-76.697776, 44.230448], [-76.7158613, 44.2272616], [-76.71755190000002, 44.22696640000001], [-76.72431730000001, 44.2257767], [-76.7262135, 44.2254451], [-76.7273741, 44.2252364], [-76.72823460000001, 44.2250868], [-76.7290232, 44.224948600000005], [-76.7296658, 44.2248286], [-76.7303394, 44.2246927], [-76.7310994, 44.2245282], [-76.7318106, 44.224361900000005], [-76.7324504, 44.224205700000006], [-76.733067, 44.2240485], [-76.73365150000001, 44.223889], [-76.7342439, 44.223718], [-76.73481760000001, 44.2235428], [-76.7353633, 44.2233698], [-76.7359233, 44.223186000000005], [-76.73723020000001, 44.2227643], [-76.7407761, 44.2215942], [-76.74266510000001, 44.22097730000001], [-76.74431500000001, 44.22043539999999], [-76.74596350000002, 44.2198989], [-76.746787, 44.2196224], [-76.74807450000002, 44.219201500000004], [-76.74841090000001, 44.2190924], [-76.74972370000002, 44.2186604], [-76.75362770000001, 44.2173837], [-76.7556784, 44.2167158], [-76.75824820000001, 44.2158661], [-76.75872610000002, 44.21571289999999], [-76.75925960000001, 44.21554040000001], [-76.7598071, 44.2153804], [-76.760361, 44.2152168], [-76.7609361, 44.2150517], [-76.7614656, 44.21490599999999], [-76.76207340000002, 44.2147464], [-76.7626085, 44.21460530000001], [-76.76319740000001, 44.2144577], [-76.7637768, 44.214331400000006], [-76.7643939, 44.2142049], [-76.76496300000001, 44.2140945], [-76.76556470000001, 44.2139791], [-76.76625380000002, 44.2138604], [-76.76685850000001, 44.2137632], [-76.767487, 44.21367120000001], [-76.7680733, 44.21359420000001], [-76.76870430000001, 44.2135132], [-76.76922600000002, 44.2134521], [-76.76936893458156, 44.21343773326484], [-76.76999900731984, 44.213375901882806], [-76.76986970000002, 44.2133874], [-76.77835140000002, 44.2126332], [-76.78072673003406, 44.212427857376944], [-76.7815681, 44.212355900000006], [-76.7822448, 44.2122927], [-76.7910561, 44.2115147], [-76.79458720000001, 44.2112], [-76.79839464148797, 44.21085953998254], [-76.79877420000001, 44.2108256], [-76.79981080000002, 44.210736600000004], [-76.80166360000001, 44.210567600000005], [-76.80351130000001, 44.2104048], [-76.8050065, 44.21027410000001], [-76.80553110000001, 44.21023399999999], [-76.80607880000001, 44.2102014], [-76.8065157, 44.21018250000001], [-76.80702440000002, 44.2101697], [-76.80749800000001, 44.2101665], [-76.80800350000001, 44.2101685], [-76.8085244, 44.21018419999999], [-76.80902120000002, 44.210208], [-76.8095331, 44.2102423], [-76.81002590000001, 44.2102811], [-76.81046270000002, 44.2103244], [-76.8109293, 44.21038], [-76.81132950000001, 44.2104301], [-76.81173810000001, 44.2104894], [-76.812133, 44.2105512], [-76.81251370000001, 44.21061559999999], [-76.81290150000001, 44.2106904], [-76.81325660000002, 44.2107632], [-76.81368500000002, 44.2108606], [-76.81410930000001, 44.210961], [-76.81458960000002, 44.21108329999999], [-76.81518730000002, 44.2112392], [-76.8153063020224, 44.2112695313639], [-76.81590451582713, 44.21142217350793], [-76.81685470000001, 44.2116654], [-76.8188842, 44.2121758], [-76.82184110000001, 44.2129372], [-76.82384120000002, 44.21344830000001], [-76.8271521, 44.2142976], [-76.83399350000002, 44.2160585], [-76.83888090000002, 44.2173019], [-76.84023810000001, 44.21765510000001], [-76.8458766, 44.2190926], [-76.84858440000001, 44.21978940000001], [-76.85530750000001, 44.2214931], [-76.8613526474907, 44.22305132124761], [-76.86195017254897, 44.22320528930332], [-76.86292530000001, 44.2234573], [-76.8665922, 44.224378900000005], [-76.86937030000001, 44.2250908], [-76.8718315, 44.2257238], [-76.8729508, 44.2260173], [-76.8757082495751, 44.22671642808914], [-76.87610410000002, 44.2268558], [-76.8793895, 44.2277008], [-76.88346043087655, 44.228748343948205], [-76.88405804856595, 44.22890211487957], [-76.88399000000001, 44.22884520000001], [-76.88618440000002, 44.2294106], [-76.8870363, 44.2296294], [-76.8876833, 44.2297819], [-76.88836930000001, 44.2299317], [-76.888804, 44.2300189], [-76.88929290000002, 44.2301085], [-76.8897219, 44.2301768], [-76.89020850000001, 44.230246900000004], [-76.89067320000001, 44.2303043], [-76.89112420000001, 44.2303535], [-76.89170680000001, 44.230402], [-76.89226340000002, 44.2304424], [-76.89291250000001, 44.2304699], [-76.89353810000001, 44.2304834], [-76.89408760000002, 44.2304853], [-76.8946164, 44.2304728], [-76.8951734, 44.230454699999996], [-76.89573870000001, 44.230428], [-76.89684920000002, 44.230374299999994], [-76.89899491688183, 44.23028152706252], [-76.89962962791714, 44.23025349940581], [-76.90276870000001, 44.2301137], [-76.90545210000002, 44.229984400000006], [-76.90597458800752, 44.229957035432015], [-76.9065106, 44.22993120000001], [-76.9069891, 44.2299542], [-76.90800180000001, 44.2299254], [-76.9087024, 44.2299184], [-76.90937860000001, 44.2299229], [-76.91006510000001, 44.22994370000001], [-76.9107091, 44.2299766], [-76.91134540000002, 44.23002760000001], [-76.91192770000002, 44.2300839], [-76.91246600000001, 44.2301505], [-76.91295660000002, 44.2302186], [-76.9134402, 44.2303001], [-76.91396320000001, 44.2303993], [-76.9144632, 44.2305088], [-76.91491560000001, 44.2306095], [-76.91543450000002, 44.2307355], [-76.915988, 44.230879300000005], [-76.91650310000001, 44.2310239], [-76.91696280000001, 44.2311702], [-76.91744170000001, 44.2313305], [-76.91796800000002, 44.2315145], [-76.9184764, 44.2317079], [-76.91900100000001, 44.2319176], [-76.91955300000001, 44.2321497], [-76.9200926, 44.2323893], [-76.92060750000002, 44.232627], [-76.9211507, 44.2328878], [-76.9216269, 44.23312760000001], [-76.9221413, 44.2333982], [-76.9225801, 44.23363390000001], [-76.92300520000002, 44.2338737], [-76.9234779, 44.23415120000001], [-76.92400480000002, 44.2344848], [-76.92638860000001, 44.2360478], [-76.93040290000002, 44.2387219], [-76.93657370000001, 44.2428118], [-76.93704010000002, 44.2431372], [-76.93738740000002, 44.2433945], [-76.9377071, 44.2436442], [-76.93805270000001, 44.243920900000006], [-76.93838980000001, 44.2442144], [-76.93871220000001, 44.2445108], [-76.93903170000002, 44.2448078], [-76.93932000000001, 44.24509100000001], [-76.93959680000002, 44.2453826], [-76.93986980000001, 44.2456815], [-76.94018250000002, 44.246044], [-76.94044740000001, 44.246371100000005], [-76.94077440000001, 44.2467961], [-76.94128539843486, 44.24749614005549], [-76.94157940017212, 44.24789499042714], [-76.9420186, 44.2484829], [-76.942179, 44.2486964], [-76.9423791, 44.24894580000001], [-76.9425708, 44.2491736], [-76.9427655, 44.2493839], [-76.94296650000001, 44.2495867], [-76.94320400000001, 44.2498123], [-76.94352220000002, 44.2500702], [-76.9437928, 44.2502676], [-76.9441218, 44.2504824], [-76.9444586, 44.25067790000001], [-76.94458605919391, 44.25074929114228], [-76.94500510000002, 44.250984], [-76.9460700001837, 44.251597508410825], [-76.94656300281376, 44.251881485352065], [-76.94693580000002, 44.2520956], [-76.94729710000001, 44.252290800000004], [-76.94764100000002, 44.25245790000001], [-76.94799050000002, 44.2526127], [-76.94834480000002, 44.2527518], [-76.94871220000002, 44.25288870000001], [-76.94910930000002, 44.2530204], [-76.94949550000001, 44.253136], [-76.94991850000001, 44.253252], [-76.95030870000001, 44.253347], [-76.95071660000002, 44.2534303], [-76.95109060000001, 44.2534977], [-76.95146800000002, 44.2535543], [-76.95186700000001, 44.25360340000001], [-76.9522597, 44.2536415], [-76.95267060000002, 44.2536732], [-76.9531328, 44.2536936], [-76.9536397, 44.2536957], [-76.95417390000001, 44.2536813], [-76.95466220000002, 44.2536523], [-76.95512560000002, 44.253614000000006], [-76.9555915, 44.2535532], [-76.95601740000001, 44.25348640000001], [-76.95612830106958, 44.25346616941676], [-76.95688960000001, 44.2532922], [-76.95900860000002, 44.2528834], [-76.96058900000001, 44.2525744], [-76.9618022, 44.2523398], [-76.96700760000002, 44.2513475], [-76.96901670000001, 44.2509607], [-76.9699602, 44.250787], [-76.97066150000002, 44.2506496], [-76.9720267, 44.2503988], [-76.97248310000002, 44.2503092], [-76.97453776849406, 44.24992339111539], [-76.97515120973127, 44.24980636713118], [-76.97568180000002, 44.24970290000001], [-76.97833600000001, 44.2491933], [-76.98171010000002, 44.2485516], [-76.98627620000002, 44.2476856], [-76.98677490000001, 44.2475893], [-76.98728170000001, 44.24748970000001], [-76.98776890000002, 44.2473891], [-76.98829590000001, 44.24727690000001], [-76.98880570000001, 44.2471606], [-76.98930630000001, 44.2470411], [-76.9898332, 44.24691060000001], [-76.9903218, 44.2467839], [-76.99081960000001, 44.24664909999999], [-76.99226, 44.2462742], [-76.99485940000001, 44.2455937], [-76.99640398831981, 44.24518789425145], [-76.9970000502793, 44.24503124752878], [-76.9971834, 44.2450184], [-77.0020324, 44.2437532], [-77.00546860000001, 44.242845], [-77.0106731, 44.2414818], [-77.01274590000001, 44.2409401], [-77.01586770000002, 44.240119], [-77.0196314, 44.2391274], [-77.02116190000001, 44.2387274], [-77.02179060000002, 44.2385598], [-77.02235470000001, 44.2384092], [-77.0229339, 44.2382463], [-77.02348360000002, 44.2380836], [-77.02406370000001, 44.2379055], [-77.02460860000001, 44.237729], [-77.02514140000001, 44.2375488], [-77.02568170000002, 44.2373609], [-77.02624400000002, 44.23716290000001], [-77.0275279, 44.2367088], [-77.03247190000002, 44.2349282], [-77.0343651, 44.2342463], [-77.03948530000001, 44.232415], [-77.0413163, 44.2317625], [-77.04256750000002, 44.2313131], [-77.04881170000002, 44.2290667], [-77.04994057071355, 44.228664851706306], [-77.05050854413389, 44.22846257810098], [-77.05097540000001, 44.2282961], [-77.05158390000001, 44.2280828], [-77.05198230000002, 44.2279485], [-77.05239290000002, 44.22781410000001], [-77.05270250000001, 44.2277159], [-77.05301980000002, 44.227621], [-77.05341050000001, 44.2275096], [-77.053769, 44.2274141], [-77.05413410000001, 44.2273242], [-77.05445110000001, 44.2272475], [-77.05481680000001, 44.227166], [-77.05521520000002, 44.2270879], [-77.05560950000002, 44.22701709999999], [-77.0560045, 44.2269546], [-77.0564431, 44.226884899999995], [-77.0569386, 44.22681029999999], [-77.05747310000001, 44.2267356], [-77.05930070000001, 44.2264792], [-77.06218390000001, 44.226082299999995], [-77.06488280000002, 44.2257085], [-77.0669845, 44.2254154], [-77.0684636, 44.2252097], [-77.07018600000002, 44.22496540000001], [-77.07082640000002, 44.2248782], [-77.07158140000001, 44.2247865], [-77.07226300000002, 44.22472020000001], [-77.0730443, 44.224651], [-77.07386350000002, 44.224595400000005], [-77.074421, 44.2245655], [-77.07497620000001, 44.2245456], [-77.07568980000002, 44.224518], [-77.0763277, 44.2244998], [-77.07692860000002, 44.2244889], [-77.07770070000001, 44.2244839], [-77.0783793, 44.224493300000006], [-77.07919310000001, 44.224508799999995], [-77.07992430000002, 44.2245328], [-77.0806223, 44.2245648], [-77.0814767, 44.2246176], [-77.08229910000001, 44.22468409999999], [-77.08350430000002, 44.2247898], [-77.0877641, 44.225184399999996], [-77.0963072, 44.225994899999996], [-77.1003122, 44.2263677], [-77.10368410000001, 44.2267014], [-77.10426210000001, 44.22675540000001], [-77.1048454, 44.226805199999994], [-77.10539470000002, 44.226848399999994], [-77.10597020000002, 44.2268804], [-77.1065888, 44.2268976], [-77.10715500000002, 44.2269108], [-77.10776930000002, 44.2269047], [-77.10837380000001, 44.226887600000005], [-77.1090363, 44.226852400000006], [-77.10962600000002, 44.22680760000001], [-77.11018370000001, 44.22675709999999], [-77.11076590000002, 44.226691], [-77.1112825, 44.2266182], [-77.1117749, 44.2265385], [-77.11227640000001, 44.2264494], [-77.11282850000002, 44.2263526], [-77.11308748219406, 44.22630614091734], [-77.1137038593204, 44.2261952696574], [-77.11348150000002, 44.2261981], [-77.11591780000002, 44.2257548], [-77.12098110000001, 44.224841500000004], [-77.12365490000002, 44.2243709], [-77.12705750000002, 44.223766], [-77.13137730000001, 44.2229891], [-77.13307010000001, 44.222685199999994], [-77.13650760000002, 44.2220711], [-77.1398428, 44.2214698], [-77.14697494466886, 44.220180319923955], [-77.1475907079237, 44.2200679706626], [-77.14892010000001, 44.2198234], [-77.15065440000001, 44.2195075], [-77.15098450000002, 44.21944750000001], [-77.15240010000001, 44.21919679999999], [-77.1564482, 44.2184591], [-77.15903620000002, 44.2179986], [-77.1614831, 44.2175661], [-77.1717478, 44.2157255], [-77.1718009, 44.21571589999999], [-77.1817809, 44.213911], [-77.1847372, 44.2133805], [-77.1894664, 44.2125246], [-77.1966232, 44.2112326], [-77.19918180000002, 44.2107658], [-77.2049025329185, 44.20974088019214], [-77.20532060000001, 44.20966520000001], [-77.2071749, 44.209327], [-77.20798221195555, 44.209181302765685], [-77.20940880000002, 44.208967], [-77.20984510885823, 44.208886912251735], [-77.2102438, 44.2088145], [-77.21807960000001, 44.2073841], [-77.22249330000001, 44.2065947], [-77.224466, 44.2062477], [-77.22604110000002, 44.2059604], [-77.2323548, 44.204796800000004], [-77.2351248, 44.2043013], [-77.2400246116202, 44.20339957398096], [-77.24027380000001, 44.2034103], [-77.2410967, 44.2032717], [-77.24150740000002, 44.2032054], [-77.24198720000001, 44.203132200000006], [-77.24246230000001, 44.20306720000001], [-77.24287050000001, 44.2030225], [-77.2432717, 44.2029844], [-77.24369310000002, 44.2029482], [-77.24416150000002, 44.2029096], [-77.24459740000002, 44.202882599999995], [-77.2450481149675, 44.202859882896604], [-77.2455557, 44.2028501], [-77.24602790000002, 44.202853000000005], [-77.24646870000001, 44.2028591], [-77.24690440000002, 44.2028717], [-77.24733680000001, 44.2028905], [-77.2477989, 44.2029145], [-77.2482304, 44.2029403], [-77.2509021, 44.2031229], [-77.25446080000002, 44.2033987], [-77.2560974, 44.2035273], [-77.2623397, 44.2039906], [-77.26450190000001, 44.204149], [-77.2659706, 44.2042577], [-77.26706510000001, 44.2043393], [-77.2682774, 44.2044278], [-77.2686046, 44.204450300000005], [-77.26895240000002, 44.2044701], [-77.26933980000001, 44.2044892], [-77.26977980000001, 44.2045027], [-77.2702524, 44.2045149], [-77.27062870000002, 44.2045194], [-77.2710812, 44.2045149], [-77.27156730000002, 44.20450009999999], [-77.27206970000002, 44.2044767], [-77.2725951, 44.204445299999996], [-77.2729252746726, 44.2044171460389], [-77.27355770167354, 44.20435642741691], [-77.27409690000002, 44.204213], [-77.27459650000002, 44.20415], [-77.27504950000001, 44.2040814], [-77.27542550000001, 44.20402150000001], [-77.2758506, 44.2039491], [-77.27636620000001, 44.2038545], [-77.27664325695196, 44.203797156692936], [-77.27724912930887, 44.20366182000438], [-77.27805670000001, 44.203469000000005], [-77.2792063, 44.2031914], [-77.28025944261348, 44.20293801559392], [-77.2806502, 44.20284399999999], [-77.28515600000001, 44.2017444], [-77.29015250000002, 44.200531], [-77.2974246, 44.1987497], [-77.30202730000002, 44.1976282], [-77.30509900000001, 44.1968733], [-77.30881260000001, 44.1959607], [-77.3092112, 44.1958649], [-77.31213790000001, 44.19515890000001], [-77.31254940000001, 44.19505959999999], [-77.3168785, 44.19400519999999], [-77.32018990000002, 44.1931826], [-77.32185580000001, 44.1927807], [-77.3243219, 44.1921811], [-77.3272497, 44.19147730000001], [-77.32775324400896, 44.19135327185734], [-77.32835402030656, 44.191205964901954], [-77.32984730000001, 44.1908413], [-77.3362801, 44.1892664], [-77.34036210000001, 44.188272700000006], [-77.34278048178327, 44.18768245621398], [-77.3429782, 44.18763419999999], [-77.34545230000002, 44.18703169999999], [-77.3490832, 44.186138299999996], [-77.3525974, 44.18528040000001], [-77.3593566, 44.183630599999994], [-77.36298550000001, 44.182742600000005], [-77.36862910000002, 44.1813619], [-77.36921160000001, 44.181212], [-77.36975280000001, 44.1810699], [-77.37037640000001, 44.18090200000001], [-77.37098910000002, 44.1807294], [-77.37146290000001, 44.180595], [-77.37199650000001, 44.1804348], [-77.3724509, 44.1802946], [-77.3729097, 44.1801482], [-77.3733819, 44.1799936], [-77.3738056, 44.17985109999999], [-77.3742964, 44.17968329999999], [-77.3750231, 44.17943110000001], [-77.37562700000001, 44.17920970000001], [-77.37608740000002, 44.1790409], [-77.37650360000002, 44.1788803], [-77.37694230000001, 44.17871], [-77.37733490000001, 44.1785523], [-77.37839911450932, 44.17811997810397], [-77.37895051312378, 44.17789595212875], [-77.38101700000001, 44.177056], [-77.38115546223149, 44.17699893634984], [-77.38170595662186, 44.17677396435444], [-77.38225666625173, 44.176549127557344], [-77.3828074686144, 44.176324405037114], [-77.38299090000001, 44.1762526], [-77.38500270000002, 44.17542530000001], [-77.3862893, 44.1749278], [-77.3863421, 44.1749073], [-77.38640720000001, 44.17488259999999], [-77.3872338, 44.1745801], [-77.3878269, 44.1743703], [-77.38836200000001, 44.1741843], [-77.38887840000001, 44.1740122], [-77.38941680000002, 44.1738402], [-77.3899534, 44.1736768], [-77.3906218, 44.173481100000004], [-77.3913452, 44.1732758], [-77.39195510000002, 44.1731135], [-77.3934548, 44.1727289], [-77.39586180000002, 44.1721139], [-77.40210830000001, 44.1705137], [-77.40612820000001, 44.1694927], [-77.41073610000001, 44.1683152], [-77.413468, 44.167618000000004], [-77.41743820000002, 44.1666047], [-77.42442710000002, 44.1648165], [-77.42898975041602, 44.16366708231022], [-77.4293098, 44.1635852], [-77.4306948, 44.1632224], [-77.4333834, 44.1625319], [-77.43887150000002, 44.1611349], [-77.45081950000001, 44.158094], [-77.4591375, 44.15597209999999], [-77.46726814598628, 44.15388613647179], [-77.4678662218702, 44.15373339346776], [-77.46737080000001, 44.1538598], [-77.4780422, 44.151137], [-77.48025300000002, 44.1505699], [-77.48883270000002, 44.1483795], [-77.4928282, 44.14735060000001], [-77.4976095, 44.1461259], [-77.5064458, 44.1438612], [-77.51697270000001, 44.1411736], [-77.52422810000002, 44.1393204], [-77.52490280000002, 44.1391527], [-77.52553760000002, 44.1389973], [-77.52605980000001, 44.1388719], [-77.5266285, 44.1387467], [-77.527196, 44.1386264], [-77.52774530000002, 44.13852], [-77.52834510000001, 44.1384105], [-77.5289336, 44.138311], [-77.5295565, 44.138212700000004], [-77.53071880000002, 44.138036500000005], [-77.53312160000002, 44.1376826], [-77.53624770000002, 44.13723650000001], [-77.537773, 44.1370162], [-77.54337230000002, 44.13621249999999], [-77.54539350000002, 44.13591589999999], [-77.5502504, 44.1352365], [-77.55707500000001, 44.1342321], [-77.5622937, 44.1334808], [-77.56419440000002, 44.1332048], [-77.56553320000002, 44.1330161], [-77.5672543, 44.13276400000001], [-77.5686599, 44.1325553], [-77.56923390000001, 44.1324649], [-77.56975090000002, 44.1323736], [-77.57019030000001, 44.1322844], [-77.57061760000002, 44.132189800000006], [-77.57108350000001, 44.1320818], [-77.5715833, 44.1319492], [-77.5720679, 44.1318179], [-77.57252790000001, 44.1316854], [-77.57295100000002, 44.1315533], [-77.57337710000002, 44.1314132], [-77.57379380000002, 44.1312733], [-77.57418380000001, 44.1311347], [-77.57456520000001, 44.1309928], [-77.57493620000001, 44.13084880000001], [-77.57535560000001, 44.13068260000001], [-77.5757645, 44.13051000000001], [-77.57613680000001, 44.1303444], [-77.57649530000002, 44.13017740000001], [-77.5768487, 44.1300016], [-77.5772465, 44.129793500000005], [-77.57766790000001, 44.1295642], [-77.57806020000001, 44.1293401], [-77.57846560000002, 44.1291032], [-77.58033522854062, 44.127965285773946], [-77.5807717, 44.1277], [-77.58163520000001, 44.1271638], [-77.58273241913724, 44.12648778307761], [-77.58322880000001, 44.126183399999995], [-77.58331130000002, 44.1261329], [-77.584406, 44.12546489999999], [-77.5847019, 44.12528350000001], [-77.58578440000001, 44.1246276], [-77.58582840000001, 44.1246008], [-77.587909, 44.123332700000006], [-77.5889915015912, 44.122668612144416], [-77.58947023536503, 44.12237229846871], [-77.59042659670253, 44.12177940259578], [-77.5909047848108, 44.121482963478115], [-77.59138297589858, 44.12118651741669], [-77.5915825, 44.1210628], [-77.59268840000001, 44.1203915], [-77.59339030000001, 44.1199592], [-77.5938544, 44.1196629], [-77.59427430000001, 44.119381], [-77.59466450000001, 44.1191049], [-77.595055, 44.1188164], [-77.59544250000002, 44.1185186], [-77.59581260000002, 44.1182231], [-77.59617220000001, 44.117915700000005], [-77.596541, 44.11759810000001], [-77.5969315, 44.1172417], [-77.59716147279421, 44.11702050602674], [-77.59777190000001, 44.116411500000005], [-77.59787620000002, 44.1163007], [-77.59835010000002, 44.11578049999999], [-77.598808, 44.11525480000001], [-77.59923921798197, 44.11475549496826], [-77.5993714, 44.11459740000001], [-77.5999795, 44.11388190000001], [-77.6015488396505, 44.112064492381926], [-77.6018820590438, 44.11168144896992], [-77.6018513, 44.1117168], [-77.6038414, 44.1094296], [-77.60617230000001, 44.1067334], [-77.60645540000002, 44.10641360000001], [-77.60673, 44.1061187], [-77.6069874, 44.1058499], [-77.6072791, 44.1055619], [-77.6075901, 44.1052736], [-77.6079264, 44.1049771], [-77.6082052, 44.1047471], [-77.6084747, 44.1045237], [-77.60879860000001, 44.1042696], [-77.60914990000002, 44.1040105], [-77.609549, 44.1037287], [-77.6099867, 44.1034345], [-77.61040460000001, 44.1031669], [-77.61091250000001, 44.1028383], [-77.61133970000002, 44.1025608], [-77.61410120000001, 44.1007858], [-77.6160677, 44.0995015], [-77.62476270000002, 44.0939537], [-77.62613990000001, 44.0930792], [-77.6309496, 44.0900018], [-77.6324066, 44.089071], [-77.63331280000001, 44.08848940000001], [-77.63692410000002, 44.086161999999995], [-77.64006250000001, 44.08413920000001], [-77.64887410000001, 44.0784973], [-77.6583236, 44.072430100000005], [-77.65997550000002, 44.0713709], [-77.6697012, 44.06512370000001], [-77.67503000000002, 44.0616968], [-77.6809775, 44.057860600000005], [-77.6842638, 44.055744700000005], [-77.68533310000001, 44.05506379999999], [-77.68584740000001, 44.0547374], [-77.686374, 44.0544082], [-77.68686140000001, 44.0541067], [-77.68742160000001, 44.053779000000006], [-77.68809750000001, 44.053405100000006], [-77.6886705, 44.05309460000001], [-77.68928580000001, 44.052765799999996], [-77.6898196, 44.0524946], [-77.69049600000001, 44.05216490000001], [-77.69117630000001, 44.0518414], [-77.69176860000002, 44.05158310000001], [-77.69238490000001, 44.05131599999999], [-77.69304180000002, 44.0510359], [-77.6937128, 44.0507552], [-77.69433570000001, 44.0504984], [-77.69498830000002, 44.0502295], [-77.69671410000001, 44.049529400000004], [-77.69732720000002, 44.049281900000004], [-77.69794920000001, 44.0490316], [-77.69849130000001, 44.04882159999999], [-77.69907850000001, 44.0485963], [-77.6996774, 44.0483707], [-77.7002372, 44.0481572], [-77.70074340000001, 44.047966800000005], [-77.70104938133821, 44.04785485560798], [-77.7017173, 44.0476542], [-77.70225420000001, 44.0474697], [-77.702837, 44.0472685], [-77.70353690000002, 44.0470364], [-77.70418780000001, 44.0468304], [-77.70490930000001, 44.0466097], [-77.70552700000002, 44.0464287], [-77.70700360000001, 44.0459872], [-77.7081879, 44.045636], [-77.7091597, 44.0453432], [-77.71008210000001, 44.0450695], [-77.7111531, 44.0447552], [-77.71225840000001, 44.044436600000004], [-77.71354260000001, 44.0440661], [-77.71498660000002, 44.04365670000001], [-77.7179327, 44.0428129], [-77.720699, 44.0420171], [-77.72266990000001, 44.04145630000001], [-77.7253229, 44.0407008], [-77.73416170000002, 44.0381684], [-77.7350293, 44.0379269], [-77.73542060000001, 44.0378139], [-77.73835050000001, 44.0369717], [-77.74443070000001, 44.0352236], [-77.7445486, 44.0351897], [-77.75015310000002, 44.0335925], [-77.75413440000001, 44.0324553], [-77.756915, 44.03165009999999], [-77.760078, 44.03075329999999], [-77.7637077, 44.0297107], [-77.76823030000001, 44.0284039], [-77.77337750000001, 44.02693459999999], [-77.77984490000001, 44.0250714], [-77.7828521, 44.0242117], [-77.78776630000002, 44.022806800000005], [-77.79745460000001, 44.0200201], [-77.80319080000001, 44.0183853], [-77.81122830000001, 44.0160574], [-77.82153590000001, 44.01312169999999], [-77.82471241132941, 44.01220947062387], [-77.82530141353196, 44.01203962089861], [-77.82489620000001, 44.0121132], [-77.83120120000001, 44.0102928], [-77.83568270000002, 44.0090092], [-77.83795910000002, 44.0083572], [-77.84877410000001, 44.0052458], [-77.85809770000002, 44.00258290000001], [-77.8598657, 44.00208099999999], [-77.86833750000001, 43.9996466], [-77.86924340000002, 43.9993894], [-77.8702799, 43.9991119], [-77.8711299, 43.99890150000001], [-77.87201340000001, 43.9987025], [-77.87285730000002, 43.9985224], [-77.8736645, 43.99836140000001], [-77.87449510000002, 43.99820690000001], [-77.87534610000002, 43.9980672], [-77.87607210000002, 43.9979584], [-77.87694500000002, 43.9978337], [-77.87791070000002, 43.99769800000001], [-77.8793952, 43.99748809999999], [-77.881683, 43.997170700000005], [-77.8894333, 43.996088300000004], [-77.88973770000001, 43.99604579999999], [-77.89739770000001, 43.9949791], [-77.89989886767319, 43.99463965906937], [-77.9005232836417, 43.99455416481844], [-77.90485670000001, 43.9939413], [-77.91179020000001, 43.9929772], [-77.92092460000002, 43.9916896], [-77.9324563, 43.990091699999994], [-77.9406344, 43.988957], [-77.9457514, 43.9882404], [-77.95092440000002, 43.9875192], [-77.9559037, 43.9868189], [-77.9614024, 43.9860662], [-77.9713781, 43.9846907], [-77.97522600000002, 43.9841549], [-77.98185240000001, 43.9832375], [-77.98365780000002, 43.9829842], [-77.9865872, 43.9825833], [-77.99403250000002, 43.98152890000001], [-77.99999620000001, 43.9806915], [-78.00762800000001, 43.9796381], [-78.00909407027771, 43.97943806362269], [-78.00971855729698, 43.97935295609181], [-78.01034236874077, 43.979265898249], [-78.0098104, 43.97934060000001], [-78.01354620000001, 43.978816], [-78.01434580000002, 43.9787142], [-78.0147938, 43.97865240000001], [-78.01616540000002, 43.9784632], [-78.017603, 43.9782559], [-78.0190026, 43.978054], [-78.0290459, 43.97667630000001], [-78.03207570000001, 43.9762541], [-78.03589070000001, 43.975717], [-78.0404241, 43.975085], [-78.05011280000001, 43.9737514], [-78.05635170000001, 43.972883499999995], [-78.0630985, 43.97194519999999], [-78.06781420000002, 43.9712875], [-78.071787, 43.9707249], [-78.0756869, 43.9701782], [-78.07899070000002, 43.9697264], [-78.0825066, 43.96923219999999], [-78.0879989, 43.9684346], [-78.09162940000002, 43.967885700000004], [-78.09220390000002, 43.9677994], [-78.0927723, 43.96772760000001], [-78.09331460000001, 43.9676628], [-78.0938469, 43.9676043], [-78.0943578, 43.9675558], [-78.09484270000002, 43.9675185], [-78.0954544, 43.9674747], [-78.0961347, 43.9674282], [-78.09685970000001, 43.9673843], [-78.0975963, 43.9673435], [-78.0983473, 43.9673089], [-78.09909780000001, 43.9672788], [-78.09985530000002, 43.9672562], [-78.1006557, 43.96723659999999], [-78.10153430000001, 43.9672254], [-78.10230700000001, 43.96722], [-78.10307400000002, 43.9672175], [-78.10382790000001, 43.96723070000001], [-78.1046491, 43.9672456], [-78.1054519, 43.9672723], [-78.1061984, 43.9673063], [-78.10701910000002, 43.9673517], [-78.10792390000002, 43.9674137], [-78.11043941463598, 43.96760954201752], [-78.11113480000002, 43.967664], [-78.1126036, 43.9677714], [-78.12096960000001, 43.96837980000001], [-78.12388870000001, 43.968603], [-78.12842460000002, 43.9689608], [-78.13186240000002, 43.9692182], [-78.13277540000001, 43.9692741], [-78.1337141, 43.9693194], [-78.1344487, 43.969344], [-78.13519840000001, 43.9693593], [-78.13600900000002, 43.9693643], [-78.1369309, 43.9693607], [-78.14173230000002, 43.9693021], [-78.14811960000002, 43.969215], [-78.15419170506189, 43.969144411516936], [-78.15482759271681, 43.96913552028883], [-78.15420990000001, 43.969144199999995], [-78.15882140000001, 43.9690794], [-78.15892700000002, 43.9690763], [-78.15926870000001, 43.969072800000006], [-78.1620937, 43.9690367], [-78.16245756174227, 43.9690324878171], [-78.16301800000001, 43.969026], [-78.16349140000001, 43.969016800000006], [-78.16389670000001, 43.9690052], [-78.16430130000002, 43.9689937], [-78.1647194, 43.9689763], [-78.16520580000001, 43.9689467], [-78.1655677, 43.96892030000001], [-78.16587830000002, 43.9688935], [-78.16630660000001, 43.968851599999994], [-78.16677910000001, 43.96879700000001], [-78.16722330000002, 43.9687378], [-78.1677521, 43.96866010000001], [-78.1682288, 43.9685786], [-78.1686756, 43.96849850000001], [-78.1687547783148, 43.96848284217897], [-78.16959660000002, 43.9682997], [-78.17020860000001, 43.9681533], [-78.17069820000002, 43.9680232], [-78.17117040000001, 43.9678862], [-78.17164290000001, 43.967741700000005], [-78.17202770000002, 43.9676198], [-78.17235600000001, 43.9675089], [-78.17266800000002, 43.96739850000001], [-78.17310360000002, 43.9672369], [-78.17351820000002, 43.96707980000001], [-78.1739973, 43.9668885], [-78.1744248, 43.96670910000001], [-78.17484770000002, 43.9665223], [-78.1752465, 43.9663407], [-78.17564130000001, 43.966149], [-78.1761043, 43.9659088], [-78.17652930000001, 43.9656803], [-78.1769436, 43.9654526], [-78.17827290000001, 43.96471], [-78.17840900000002, 43.964633500000005], [-78.1784694, 43.964595700000004], [-78.17901380000002, 43.964286900000005], [-78.1802279, 43.9635988], [-78.18053780000001, 43.963427], [-78.18061256027107, 43.963382454343275], [-78.18110629294527, 43.96309986938154], [-78.18160704368839, 43.962822896756], [-78.18210382523768, 43.962541462446204], [-78.18211710000001, 43.9625338], [-78.18365320000001, 43.961671], [-78.1850265, 43.96089080000001], [-78.18540420000001, 43.9606825], [-78.18580790000001, 43.9604709], [-78.18624700000001, 43.9602513], [-78.18665590000002, 43.960055600000004], [-78.18705670000001, 43.9598702], [-78.18712940000002, 43.959834699999995], [-78.1875574, 43.9596502], [-78.18795230000002, 43.9594885], [-78.1883938, 43.9593153], [-78.18885940000001, 43.9591445], [-78.18934560000001, 43.9589785], [-78.1898279, 43.9588272], [-78.19032550000001, 43.9586803], [-78.1907722, 43.958557600000006], [-78.1913134, 43.9584267], [-78.1918655, 43.9583097], [-78.19237460000001, 43.95821560000001], [-78.19286880000001, 43.9581325], [-78.19340840000001, 43.958057000000004], [-78.19391800000001, 43.95800100000001], [-78.1944299, 43.9579527], [-78.19498040000002, 43.9579116], [-78.1955473, 43.9578895], [-78.19608460000002, 43.95788040000001], [-78.1966699, 43.95788460000001], [-78.1972488, 43.9579028], [-78.19781510000001, 43.957930399999995], [-78.19833110000002, 43.9579723], [-78.19887820000001, 43.9580267], [-78.1994723, 43.95809849999999], [-78.20002100000002, 43.95815580000001], [-78.2005504, 43.95819960000001], [-78.2010534, 43.9582287], [-78.20160750000001, 43.9582463], [-78.20208970000002, 43.9582468], [-78.20257610000002, 43.9582391], [-78.2030616, 43.958221599999995], [-78.2036073, 43.9581928], [-78.2041296, 43.9581486], [-78.2046431, 43.9580899], [-78.20503383020453, 43.95804162254868], [-78.2056591289986, 43.95795553045921], [-78.20766650000002, 43.957669100000004], [-78.2104563, 43.95728750000001], [-78.21438170000002, 43.9567557], [-78.21801310000001, 43.9562529], [-78.2256165, 43.9551901], [-78.2306857, 43.954476400000004], [-78.23311406004935, 43.95413519399009], [-78.23373975450502, 43.954053407819856], [-78.23465960000001, 43.9539888], [-78.235304, 43.9539363], [-78.2360683, 43.9538915], [-78.23668700000002, 43.9538717], [-78.23725410000002, 43.9538641], [-78.2378457, 43.9538633], [-78.2383869, 43.9538687], [-78.23881259434316, 43.95387520742945], [-78.2390149, 43.9538783], [-78.24076680000002, 43.9539147], [-78.24438850000001, 43.95397090000001], [-78.24702370000001, 43.95402239999999], [-78.2508919208232, 43.95408724917509], [-78.25152776432124, 43.95409740471269], [-78.25257610000001, 43.9541134], [-78.25596190000002, 43.9541577], [-78.25666190000001, 43.9541672], [-78.25728200000002, 43.9541691], [-78.25788060000001, 43.9541659], [-78.25852210000001, 43.9541545], [-78.25922670000001, 43.9541329], [-78.25984700000001, 43.9541093], [-78.26044910000002, 43.9540745], [-78.26107580000001, 43.9540365], [-78.2617452, 43.9539873], [-78.2624223, 43.95393070000001], [-78.2630836, 43.9538657], [-78.2637485, 43.95379520000001], [-78.26437140000002, 43.9537209], [-78.26496050000002, 43.9536442], [-78.26560840000002, 43.9535551], [-78.26614730000001, 43.9534734], [-78.2667027, 43.9533859], [-78.26672286596863, 43.953382407613724], [-78.26734083551611, 43.953273586306985], [-78.26795455848576, 43.953153670464864], [-78.26844020000001, 43.9530589], [-78.26905750000002, 43.9529296], [-78.26978710000002, 43.9527728], [-78.27043740000002, 43.9526274], [-78.2711021, 43.9524706], [-78.27168260000002, 43.95232510000001], [-78.27237050000001, 43.95214970000001], [-78.2755619, 43.9513071], [-78.27880560000001, 43.9504504], [-78.2817611, 43.94967340000001], [-78.2826419, 43.9494457], [-78.28358830000002, 43.9491953], [-78.28439020000002, 43.9489838], [-78.2852406, 43.94875309999999], [-78.2894774099098, 43.947632622084924], [-78.29007191209878, 43.947476695248646], [-78.2906707141889, 43.94732055991502], [-78.29126533196533, 43.94716343135196], [-78.29302210000002, 43.946705099999996], [-78.2936496, 43.9465356], [-78.2941634, 43.9463903], [-78.29461240000002, 43.946246], [-78.29505710000001, 43.94608790000001], [-78.29539016272999, 43.9459515429808], [-78.29593215456595, 43.94570453156039], [-78.29599880000002, 43.9456733], [-78.29652520000002, 43.9454082], [-78.29700570000001, 43.945143], [-78.2974124, 43.9448917], [-78.2976924, 43.9446925], [-78.2979798, 43.94446469999999], [-78.2982441, 43.944242900000006], [-78.29849860000002, 43.9440218], [-78.29889300000002, 43.9436526], [-78.29916610000001, 43.9434096], [-78.29941160000001, 43.943205], [-78.29968490000002, 43.9429892], [-78.2999919, 43.94276059999999], [-78.30028170000001, 43.9425657], [-78.30057680000002, 43.942381000000005], [-78.30084354612042, 43.942217046402426], [-78.30133534838471, 43.941937133389224], [-78.3014504, 43.9418741], [-78.30174670000001, 43.941723], [-78.30204020000001, 43.941586], [-78.30231640000001, 43.9414677], [-78.30262710000001, 43.941349200000005], [-78.302928, 43.9412445], [-78.30322410000001, 43.9411512], [-78.30353340000002, 43.9410675], [-78.30384420000001, 43.9409915], [-78.30417660000002, 43.9409215], [-78.30452520000001, 43.9408661], [-78.30490420000001, 43.9408178], [-78.3053234, 43.9407809], [-78.3057643, 43.94075970000001], [-78.3061467, 43.9407453], [-78.30650730000002, 43.9407423], [-78.30690830000002, 43.9407481], [-78.30728740000002, 43.9407589], [-78.3076782, 43.9407771], [-78.30851457267208, 43.94081471326196], [-78.30914883586033, 43.940844490895934], [-78.3109285, 43.94092890000001], [-78.3117524, 43.9409756], [-78.31249620000001, 43.941019700000005], [-78.31324670000001, 43.941075], [-78.3139083, 43.94113140000001], [-78.31458290000002, 43.94119370000001], [-78.31535580000002, 43.9412694], [-78.31745890000002, 43.941488099999994], [-78.3197534, 43.9417196], [-78.32155000000002, 43.9419013], [-78.32365635327646, 43.94210959902389], [-78.32428588600318, 43.942172877344724], [-78.32634150000001, 43.94237809999999], [-78.32716050000002, 43.9424654], [-78.3278734, 43.94254889999999], [-78.3285458, 43.94263879999999], [-78.32921340000001, 43.9427365], [-78.3298583, 43.94283810000001], [-78.33221750000001, 43.9432095], [-78.33760260000001, 43.944076499999994], [-78.34078580000002, 43.944573], [-78.34931650000001, 43.9459322], [-78.35402030000002, 43.9466761], [-78.35586210000001, 43.9469725], [-78.35639890000002, 43.9470584], [-78.3570628, 43.9471604], [-78.3576972, 43.9472477], [-78.35832780000001, 43.9473282], [-78.3589569, 43.9473998], [-78.3595441, 43.9474586], [-78.36015070000002, 43.947518], [-78.3607803, 43.9475719], [-78.36138080000002, 43.9476143], [-78.36193670000002, 43.947645300000005], [-78.36253700000002, 43.9476764], [-78.36313580000001, 43.9476988], [-78.3637268, 43.94771860000001], [-78.3643893, 43.94773610000001], [-78.36497670000001, 43.9477407], [-78.3655576, 43.9477405], [-78.3661288, 43.947735300000005], [-78.3666812, 43.94772290000001], [-78.3671993, 43.9477058], [-78.36777510000002, 43.94768259999999], [-78.3683316, 43.9476546], [-78.3690122, 43.9476156], [-78.369667, 43.947567], [-78.370274, 43.9475087], [-78.37087120000001, 43.9474456], [-78.37149140000001, 43.9473703], [-78.3722202, 43.94727900000001], [-78.37282770000002, 43.9472004], [-78.37339620000002, 43.9471203], [-78.37391610000002, 43.9470381], [-78.37444950000001, 43.9469501], [-78.37500070000002, 43.946855], [-78.3755203, 43.9467605], [-78.376061, 43.9466504], [-78.37674844808669, 43.94650714499464], [-78.37735783558743, 43.94637567548424], [-78.37785350000001, 43.9462226], [-78.37857800000002, 43.9460413], [-78.37921250000001, 43.9458748], [-78.37979440000001, 43.9457159], [-78.38038750000001, 43.9455489], [-78.3809561, 43.9453815], [-78.3815009130598, 43.945211851805226], [-78.38224130000002, 43.9449671], [-78.38277070000001, 43.9447818], [-78.3833168, 43.94458959999999], [-78.38383570000002, 43.9443998], [-78.3843527, 43.9441974], [-78.38489570000002, 43.94398410000001], [-78.3853734, 43.943791], [-78.3858511, 43.9435913], [-78.38638930000002, 43.943358], [-78.38696000000002, 43.9431014], [-78.38751270000002, 43.942845199999994], [-78.388105, 43.9425522], [-78.3886653, 43.9422684], [-78.3892187, 43.9419841], [-78.38968870000001, 43.9417274], [-78.39013070000001, 43.94147730000001], [-78.39063230000001, 43.94119210000001], [-78.3918389, 43.94047700000001], [-78.39495660000001, 43.9385925], [-78.39672750000001, 43.93752090000001], [-78.39941940000001, 43.9358959], [-78.40060120000001, 43.9351755], [-78.4046867968843, 43.93271481842825], [-78.40487810000002, 43.9325996], [-78.40635190000002, 43.9317129], [-78.40676290000002, 43.931473], [-78.40711570000002, 43.93128000000001], [-78.40746940000001, 43.93109830000001], [-78.40782210000002, 43.9309203], [-78.40818300000001, 43.9307473], [-78.408553, 43.9305766], [-78.40894610000001, 43.93040630000001], [-78.4093988, 43.930218399999994], [-78.40990240000001, 43.9300212], [-78.41036650000001, 43.92984899999999], [-78.4108186, 43.9296926], [-78.41126740000001, 43.9295445], [-78.41172490000001, 43.9293953], [-78.4122347, 43.929229], [-78.41551480000001, 43.9281375], [-78.4178353, 43.9273654], [-78.4201047, 43.926609299999996], [-78.42252510000002, 43.925807299999995], [-78.4250072, 43.9249864], [-78.4275334, 43.9241442], [-78.42815370000001, 43.9239392], [-78.42871610000002, 43.9237554], [-78.42931960000001, 43.9235732], [-78.4299053, 43.9234076], [-78.43043620000002, 43.9232742], [-78.4309654, 43.9231532], [-78.431507, 43.923038600000005], [-78.43205650000002, 43.9229326], [-78.4326401, 43.92283259999999], [-78.43326610000001, 43.92274020000001], [-78.43382300000002, 43.9226671], [-78.434427, 43.9226048], [-78.43501430000002, 43.9225521], [-78.43678250000002, 43.9224201], [-78.43815830000001, 43.92232280000001], [-78.43857370000002, 43.9222943], [-78.43995900000002, 43.9221946], [-78.44139160000002, 43.9220956], [-78.44567910000002, 43.92178510000001], [-78.44638730000001, 43.9217356], [-78.4471043, 43.92167690000001], [-78.44776700000001, 43.9216157], [-78.44851670000001, 43.9215331], [-78.44912600000002, 43.9214545], [-78.44971750000002, 43.9213694], [-78.4502966, 43.9212761], [-78.4508489, 43.921179300000006], [-78.45143210000002, 43.9210687], [-78.4519876, 43.92095380000001], [-78.4525669, 43.9208253], [-78.45315990000002, 43.920686], [-78.4537134, 43.920543], [-78.45424850000002, 43.9203985], [-78.4548469, 43.9202256], [-78.4553728, 43.920065900000004], [-78.45597360000001, 43.9198687], [-78.4565528, 43.9196697], [-78.45709190000001, 43.91947569999999], [-78.45769670000001, 43.9192549], [-78.45887572426204, 43.91881540615432], [-78.4594383119925, 43.91860573322596], [-78.46099370000002, 43.918026100000006], [-78.46287180000002, 43.9173224], [-78.46542, 43.9163709], [-78.46971820000002, 43.9147642], [-78.4713951, 43.914137], [-78.47200980000001, 43.913909200000006], [-78.4725948, 43.9137001], [-78.47328520000002, 43.91346390000001], [-78.47386820000001, 43.913269099999994], [-78.47441560000001, 43.91309820000001], [-78.4750466, 43.912905300000006], [-78.47567550000001, 43.912721899999994], [-78.47636640000002, 43.9125306], [-78.47708480000001, 43.912342], [-78.47782770000002, 43.9121592], [-78.48004090000002, 43.91162099999999], [-78.48350460000002, 43.9108003], [-78.4861329, 43.910172700000004], [-78.4868958, 43.9099829], [-78.48761320000001, 43.9097915], [-78.48824430000002, 43.90961600000001], [-78.48895170000002, 43.9094075], [-78.48970870000001, 43.90917590000001], [-78.49034460000001, 43.9089696], [-78.49107370000002, 43.908720900000006], [-78.49187540000001, 43.908442900000004], [-78.4978119, 43.9063727], [-78.50136220000002, 43.9051368], [-78.5026158, 43.9046996], [-78.5032976, 43.9044666], [-78.5039216, 43.90425690000001], [-78.5045308, 43.9040628], [-78.50509340000002, 43.9038916], [-78.50568690000001, 43.9037172], [-78.50637350000001, 43.903524600000004], [-78.5070758, 43.903337], [-78.50776880000001, 43.90316179999999], [-78.50842150000001, 43.9030064], [-78.50891280000002, 43.9028925], [-78.50972140000002, 43.9027183], [-78.51036020000001, 43.90258990000001], [-78.51103400000001, 43.9024628], [-78.5116828, 43.902346699999995], [-78.51241070000002, 43.902227], [-78.5131622, 43.90211370000001], [-78.5140129, 43.901997], [-78.5179467, 43.9014851], [-78.52275240000002, 43.9008697], [-78.5257079, 43.900484799999994], [-78.52842590000002, 43.90013390000001], [-78.53836260000001, 43.8988532], [-78.5390207, 43.8987723], [-78.53961460000001, 43.8987084], [-78.54021220000001, 43.898654400000005], [-78.54078210000002, 43.89861379999999], [-78.5413112, 43.898585800000006], [-78.541833, 43.89856760000001], [-78.5423885, 43.8985584], [-78.5429974, 43.8985617], [-78.54356930000002, 43.8985745], [-78.54417370000002, 43.8986002], [-78.54477780000002, 43.8986375], [-78.5453368, 43.8986842], [-78.54597200000002, 43.8987475], [-78.54655970000002, 43.89882119999999], [-78.54719630000001, 43.8989139], [-78.54774670000002, 43.8990043], [-78.54835240000001, 43.89911750000001], [-78.54894730000001, 43.899242400000006], [-78.54951660000002, 43.8993713], [-78.55010800000001, 43.8995233], [-78.5506859, 43.8996823], [-78.5512834, 43.8998641], [-78.5518604, 43.9000588], [-78.5524521, 43.90027380000001], [-78.55291740000001, 43.9004467], [-78.55746470000001, 43.9021623], [-78.56216250000001, 43.90392789999999], [-78.5627771, 43.9041583], [-78.56332320000001, 43.9043565], [-78.56388760000002, 43.904553500000006], [-78.56455340000001, 43.90476350000001], [-78.56514630000001, 43.904935900000005], [-78.5656891, 43.90508220000001], [-78.5661879, 43.905205], [-78.56670250000002, 43.905322999999996], [-78.5672021, 43.9054249], [-78.5677537, 43.9055281], [-78.5683563, 43.9056294], [-78.56904550000002, 43.9057285], [-78.570188, 43.9058717], [-78.5709356, 43.905961000000005], [-78.57944880000001, 43.9069911], [-78.58012910000001, 43.9070715], [-78.58080820000002, 43.90714760000001], [-78.58141190000002, 43.9072089], [-78.5819949, 43.9072612], [-78.58249930000001, 43.9073008], [-78.58302810000002, 43.9073385], [-78.58355580000001, 43.90736669999999], [-78.58390903536065, 43.907380595386854], [-78.58454498108605, 43.90739514564218], [-78.58539850000001, 43.9073972], [-78.5859706, 43.9073859], [-78.58662630000002, 43.90735680000001], [-78.5872462, 43.907318599999996], [-78.5877999, 43.9072759], [-78.58840080000002, 43.9072234], [-78.58896550000001, 43.90715869999999], [-78.5894993, 43.9070916], [-78.59009600000002, 43.9070138], [-78.5929697, 43.9066275], [-78.59732110000002, 43.9060306], [-78.60097470000001, 43.9055512], [-78.60327360000001, 43.90523880000001], [-78.6036459, 43.9051901], [-78.60541940000002, 43.90495119999999], [-78.6073567, 43.904678], [-78.6076366, 43.9046386], [-78.61144080000001, 43.90412870000001], [-78.61337690000002, 43.9038661], [-78.61406720000001, 43.9037739], [-78.6147155, 43.9036872], [-78.61535700000002, 43.9035989], [-78.61600480000001, 43.9035109], [-78.61667900000002, 43.9034228], [-78.61738280000002, 43.90332510000001], [-78.6180127, 43.9032333], [-78.61865330000002, 43.9031342], [-78.6193134, 43.9030245], [-78.61990290000001, 43.9029185], [-78.6205014, 43.90280700000001], [-78.62114920000002, 43.9026792], [-78.6217875, 43.9025445], [-78.62244390000001, 43.90239609999999], [-78.62310390000002, 43.9022386], [-78.6237392, 43.9020816], [-78.62429390000001, 43.9019361], [-78.62492960000002, 43.90176449999999], [-78.62551330000001, 43.9015986], [-78.62615450000001, 43.9014089], [-78.62685810000002, 43.9011899], [-78.6274944, 43.90098700000001], [-78.62818880000002, 43.9007514], [-78.62879190000001, 43.9005393], [-78.62940390000001, 43.900316600000004], [-78.6300178, 43.9000847], [-78.6306733, 43.8998238], [-78.63126500000001, 43.89958000000001], [-78.63188860000001, 43.8993116], [-78.63247550000001, 43.8990513], [-78.63310660000002, 43.8987622], [-78.63380900000001, 43.8984312], [-78.6345643, 43.8980687], [-78.63534230000002, 43.8977032], [-78.63595050000002, 43.8974156], [-78.63651080000001, 43.897159], [-78.6370084, 43.8969417], [-78.6375113, 43.89673410000001], [-78.63798700000001, 43.8965487], [-78.63851610000002, 43.896355799999995], [-78.63900540000002, 43.896193000000004], [-78.6394814, 43.8960407], [-78.6400342, 43.89587610000001], [-78.6406104, 43.8957217], [-78.6412483, 43.8955612], [-78.6418, 43.8954387], [-78.6423265, 43.8953323], [-78.6428553, 43.8952351], [-78.6433744, 43.8951471], [-78.6439763, 43.8950572], [-78.64451110000002, 43.89498720000001], [-78.64505960000001, 43.8949286], [-78.64557280000001, 43.894883], [-78.6460748, 43.8948473], [-78.64658580000001, 43.89481820000001], [-78.64712090000002, 43.8947986], [-78.64771020000002, 43.8947861], [-78.64824830000002, 43.894784599999994], [-78.64877840000001, 43.894792100000004], [-78.64935630000001, 43.8948147], [-78.6499145, 43.8948428], [-78.65051040000002, 43.8948878], [-78.6510645, 43.8949394], [-78.6512589410552, 43.894961197641024], [-78.6517023, 43.8950109], [-78.65239380000001, 43.89508969999999], [-78.6540628, 43.8952843], [-78.65714280000002, 43.8956467], [-78.65792030000001, 43.8957384], [-78.6587014, 43.8958253], [-78.65952020000002, 43.8959131], [-78.6603415, 43.8959967], [-78.6611332, 43.896060500000004], [-78.66183050000001, 43.8961066], [-78.66254770000002, 43.896145399999995], [-78.66328350000002, 43.8961773], [-78.66410470000001, 43.8962031], [-78.6648521, 43.896214], [-78.66549050000002, 43.896215], [-78.666153, 43.8962115], [-78.6669929, 43.8961973], [-78.66817810000002, 43.8961664], [-78.67211487141758, 43.896062170172875], [-78.67241080000001, 43.89605410000001], [-78.67726310000002, 43.8959226], [-78.6778342154041, 43.89590623073823], [-78.6787181, 43.8958726], [-78.6793191, 43.8958352], [-78.6798457, 43.8957883], [-78.68031950000001, 43.8957322], [-78.68085250000001, 43.8956535], [-78.68132970000002, 43.8955705], [-78.68179830000001, 43.8954773], [-78.68227080000001, 43.8953702], [-78.68274460000002, 43.895249], [-78.68327460000002, 43.8950994], [-78.6837524, 43.8949487], [-78.68418720000001, 43.8947985], [-78.6846178, 43.8946362], [-78.6850877, 43.89444290000001], [-78.6855822, 43.8942221], [-78.6859835, 43.89402619999999], [-78.6863957, 43.893809999999995], [-78.68676800000001, 43.893598], [-78.6871151, 43.8933915], [-78.68762446882891, 43.89306932147611], [-78.68809338424956, 43.89276503775099], [-78.69018800000002, 43.89137490000001], [-78.69170880000001, 43.8904055], [-78.69249230000001, 43.8898933], [-78.6930343, 43.8895397], [-78.69356900000001, 43.8891922], [-78.69405640000001, 43.8888744], [-78.69452720000001, 43.8885675], [-78.69495720000002, 43.888288], [-78.6953582, 43.8880243], [-78.69578830000002, 43.8877449], [-78.6962109, 43.8874653], [-78.69675900000001, 43.887100999999994], [-78.6972564, 43.8867729], [-78.69778680000002, 43.8864267], [-78.69830600000002, 43.8860862], [-78.69964520000002, 43.8852146], [-78.7007295, 43.88450360000001], [-78.70351020000001, 43.8826934], [-78.70530340000002, 43.8815269], [-78.7095407, 43.878761], [-78.7108695, 43.8778991], [-78.7113351, 43.8776096], [-78.71179400000001, 43.8773379], [-78.71222180000001, 43.87710040000001], [-78.71270600000001, 43.8768451], [-78.7131833, 43.8766055], [-78.71362920000001, 43.87639519999999], [-78.7142278, 43.876130499999995], [-78.7147905, 43.8758975], [-78.7153128, 43.875698], [-78.715899, 43.8754886], [-78.7165571, 43.8752687], [-78.7172038, 43.87507649999999], [-78.7177271, 43.8749298], [-78.71826250000001, 43.874793], [-78.71883090000001, 43.874658], [-78.71940500000001, 43.8745354], [-78.72000870000001, 43.8744193], [-78.7205983, 43.8743174], [-78.7211923, 43.8742297], [-78.7218042, 43.87415120000001], [-78.72299740000001, 43.87401439999999], [-78.7253094, 43.87375480000001], [-78.7284039, 43.8734075], [-78.73103460000002, 43.8731097], [-78.7355262, 43.872605400000005], [-78.7419644, 43.871885000000006], [-78.74296210000001, 43.8717774], [-78.74358060000002, 43.8717127], [-78.74418030000001, 43.87165970000001], [-78.74472810000002, 43.87162320000001], [-78.74528450000001, 43.8715971], [-78.7457997, 43.8715802], [-78.74638730000001, 43.871573100000006], [-78.7469099, 43.8715756], [-78.74746980000002, 43.871589400000005], [-78.7480393, 43.8716136], [-78.7485693, 43.8716455], [-78.74908540000001, 43.8716873], [-78.74957710000001, 43.8717334], [-78.7501, 43.87179150000001], [-78.75070270000002, 43.8718725], [-78.75132770000002, 43.871966900000004], [-78.75194140000002, 43.8720757], [-78.75258810000001, 43.8722056], [-78.7532059, 43.8723441], [-78.753755, 43.8724753], [-78.75512080000001, 43.8728073], [-78.7582343, 43.8735626], [-78.76156378266815, 43.874370153110206], [-78.76216526648516, 43.87451618457142], [-78.76510100000002, 43.8752272], [-78.76605720000002, 43.87545909999999], [-78.76685060000001, 43.875647], [-78.76761810000002, 43.8758163], [-78.76827700000001, 43.8759441], [-78.7688879, 43.8760468], [-78.76946420000002, 43.8761347], [-78.77012370000001, 43.8762151], [-78.77068940000001, 43.8762746], [-78.77128860000002, 43.8763247], [-78.77187060000001, 43.8763644], [-78.77248750000001, 43.8763963], [-78.77298470000001, 43.8764109], [-78.77359600000001, 43.8764128], [-78.77426760000002, 43.876403800000006], [-78.77485160000002, 43.8763839], [-78.77542240000001, 43.87635499999999], [-78.77597920000001, 43.87631360000001], [-78.776472, 43.8762695], [-78.7770597, 43.87620900000001], [-78.77775830000002, 43.87613569999999], [-78.78249220000001, 43.8756241], [-78.78835044048482, 43.87499409875145], [-78.78897926024625, 43.874926739808025], [-78.78967290000001, 43.874891], [-78.7901676, 43.8748407], [-78.7905964, 43.874802200000005], [-78.79102990000001, 43.8747777], [-78.79147860000002, 43.8747664], [-78.79197550000002, 43.874772199999995], [-78.79234910000001, 43.8747917], [-78.79278090000001, 43.87482519999999], [-78.79317220000001, 43.874866700000005], [-78.7935919, 43.87492], [-78.79411150000001, 43.8749986], [-78.7946164, 43.8750828], [-78.7951463, 43.8751821], [-78.79574930000001, 43.8753034], [-78.79622930000001, 43.8754082], [-78.79669950000002, 43.8755224], [-78.79715600000002, 43.8756391], [-78.79761050000002, 43.8757626], [-78.7980318, 43.87588569999999], [-78.79846490000001, 43.8760208], [-78.7988487, 43.8761451], [-78.79922280000001, 43.8762717], [-78.79958420000001, 43.876402600000006], [-78.79996880000002, 43.8765471], [-78.80043780000001, 43.876733200000004], [-78.80078320000001, 43.8768741], [-78.8011833, 43.877046], [-78.80185080000001, 43.8773517], [-78.8022037, 43.8775188], [-78.8025956, 43.8777177], [-78.8029801, 43.877921400000005], [-78.80341960000001, 43.8781634], [-78.8038034, 43.8783858], [-78.80420370000002, 43.8786263], [-78.80448790000001, 43.87880440000001], [-78.8047579, 43.87897670000001], [-78.80502810000002, 43.879162], [-78.80598259911136, 43.87981006041652], [-78.80611810000002, 43.87985], [-78.80713960000001, 43.8805407], [-78.80750440000001, 43.8807799], [-78.8078942, 43.8810309], [-78.8082635, 43.881255800000005], [-78.80861130000001, 43.8814574], [-78.809028, 43.8816886], [-78.80942860000002, 43.8819014], [-78.80985330000001, 43.8821167], [-78.81031970000001, 43.8823386], [-78.8107754, 43.882543], [-78.8111878, 43.88271989999999], [-78.8116258, 43.8828967], [-78.81212280000001, 43.8830867], [-78.81261250000001, 43.8832627], [-78.81311370000002, 43.8834314], [-78.8135814, 43.8835809], [-78.81409530000002, 43.8837328], [-78.8146482, 43.8838865], [-78.81522150000002, 43.884032499999996], [-78.815811, 43.88416639999999], [-78.81642540000001, 43.8842939], [-78.8170816, 43.884413], [-78.81767190000001, 43.88450589999999], [-78.8183174, 43.88459329999999], [-78.8190105, 43.8846745], [-78.8195714, 43.8847262], [-78.82017560000001, 43.8847698], [-78.8208178, 43.884803600000005], [-78.8213972, 43.8848227], [-78.82193510000002, 43.8848296], [-78.8224295, 43.8848278], [-78.823009, 43.8848131], [-78.8235861, 43.8847904], [-78.824158, 43.884755299999995], [-78.82485090000002, 43.8846988], [-78.825512, 43.88462940000001], [-78.8261213, 43.8845511], [-78.82678890000001, 43.8844496], [-78.82736220000001, 43.8843559], [-78.8289011, 43.88408539999999], [-78.82994292415593, 43.88390435955786], [-78.83056109072463, 43.88379826493916], [-78.83131640000002, 43.8836638], [-78.8350061, 43.88301260000001], [-78.8352701, 43.88296840000001], [-78.83535050000002, 43.8829536], [-78.83568870000002, 43.882893800000005], [-78.83694910000001, 43.8826702], [-78.8375928, 43.8825561], [-78.8412107, 43.8819237], [-78.8449801, 43.8812569], [-78.8479569, 43.8807399], [-78.84895840000001, 43.8805629], [-78.8540115612851, 43.87967076530074], [-78.85462864439705, 43.87956221470712], [-78.85524600694474, 43.87945411235613], [-78.8548656, 43.8795213], [-78.8577139706582, 43.87901821950678], [-78.8584692, 43.8788876], [-78.85879420000002, 43.87882940000001], [-78.85932200000002, 43.8787353], [-78.85970780000001, 43.8786632], [-78.86008530000001, 43.8785905], [-78.86046870000001, 43.878513500000004], [-78.8609342, 43.878419], [-78.86137340000002, 43.8783232], [-78.86178110000002, 43.8782308], [-78.8621902, 43.8781373], [-78.86258660000001, 43.8780424], [-78.86303470000001, 43.8779308], [-78.86345230000002, 43.8778246], [-78.8638548, 43.877719], [-78.86432690000001, 43.8775903], [-78.86480840000002, 43.87745139999999], [-78.8652974, 43.8773072], [-78.86572200000002, 43.8771829], [-78.866139, 43.8770553], [-78.86656340000002, 43.87692140000001], [-78.86693660000002, 43.8767998], [-78.8721502, 43.8750337], [-78.87312450000002, 43.874699], [-78.87472090000001, 43.874153], [-78.8750974, 43.8740223], [-78.87623940000002, 43.873639], [-78.87681250000001, 43.8734465], [-78.88025740000002, 43.8722689], [-78.8820751, 43.871584299999995], [-78.88274670000001, 43.8713373], [-78.88330960000002, 43.8711455], [-78.8871708, 43.8698343], [-78.88771260000001, 43.8696574], [-78.88827450000001, 43.8694784], [-78.8891769, 43.8691988], [-78.8896741, 43.86904369999999], [-78.89025900000001, 43.8688553], [-78.891441, 43.8684578], [-78.8925338, 43.8680845], [-78.90137420000002, 43.865077], [-78.90226118527278, 43.86477000296736], [-78.9028362284048, 43.86457678220317], [-78.90342500000001, 43.8644208], [-78.9048474, 43.863941499999996], [-78.90515400212098, 43.86383478796447], [-78.90572617938774, 43.86363873004336], [-78.90689670000002, 43.8632485], [-78.90751340000001, 43.86306020000001], [-78.9080538, 43.8629068], [-78.9084889, 43.862791400000006], [-78.90892330000001, 43.8626832], [-78.90920600000001, 43.862615], [-78.9098347, 43.8624766], [-78.9104, 43.862362], [-78.9106874, 43.8623115], [-78.9109652, 43.8622657], [-78.9113259, 43.8622079], [-78.9118136, 43.8621377], [-78.9122475, 43.86208210000001], [-78.91268970000002, 43.86203329999999], [-78.91295250000002, 43.862008], [-78.9133148, 43.86197810000001], [-78.91366820000002, 43.86195029999999], [-78.91411140000001, 43.8619216], [-78.9145754, 43.8618992], [-78.9150627, 43.8618846], [-78.9155347, 43.8618762], [-78.91594030000002, 43.861875], [-78.91634320000001, 43.8618811], [-78.91672300000002, 43.86189040000001], [-78.9171611, 43.861905699999994], [-78.91753710000002, 43.8619256], [-78.9179158, 43.8619512], [-78.91832690000001, 43.861983699999996], [-78.9186633, 43.8620147], [-78.9189998, 43.8620457], [-78.91948330000001, 43.8621016], [-78.91987440000001, 43.86215130000001], [-78.92107930000002, 43.8623053], [-78.92364814753904, 43.86264436751544], [-78.92427317155139, 43.86272687592794], [-78.9240613, 43.86265980000001], [-78.9285479, 43.8632515], [-78.92863580000001, 43.8632635], [-78.92928472356417, 43.86334819903375], [-78.9299106037384, 43.863427669985676], [-78.93053651206885, 43.86350766966819], [-78.9307972, 43.863542], [-78.93150790000001, 43.8636383], [-78.93240020000002, 43.86375900000001], [-78.93596190000001, 43.8642246], [-78.94083140000001, 43.8648656], [-78.95078620000001, 43.8661727], [-78.95132370000002, 43.86624230000001], [-78.9519584, 43.86632289999999], [-78.9525956, 43.8663972], [-78.9529929, 43.8664364], [-78.95338000000001, 43.8664695], [-78.95377730000001, 43.8664986], [-78.95428870000002, 43.8665268], [-78.9548345, 43.8665472], [-78.95534410000002, 43.8665583], [-78.95582860000002, 43.8665599], [-78.95648340000001, 43.8665503], [-78.9570476, 43.86652910000001], [-78.95750390000002, 43.8665047], [-78.95801250000001, 43.8664683], [-78.95852360000002, 43.866423], [-78.95898770000001, 43.8663738], [-78.95950130000001, 43.8663093], [-78.95994780000001, 43.8662487], [-78.9603539, 43.8661852], [-78.96079520000002, 43.86611059999999], [-78.9612394, 43.8660295], [-78.96184860000001, 43.8659065], [-78.96247037342103, 43.86576869236558], [-78.96307627493222, 43.865632462994164], [-78.96303270000001, 43.8656422], [-78.9710048, 43.86386079999999], [-78.97753590000002, 43.8623967], [-78.98253930000001, 43.8612754], [-78.98344330000002, 43.8610725], [-78.99221140000002, 43.8591095], [-78.99893010000001, 43.85760330000001], [-78.99931810000001, 43.8575164], [-79.01097119772614, 43.85490537126834], [-79.0117611, 43.85472579999999], [-79.01496790000002, 43.85400409999999], [-79.02134450000001, 43.852575800000004], [-79.02402700000002, 43.8519771], [-79.02431710000002, 43.8519096], [-79.03131860000002, 43.8503355], [-79.0366127, 43.8491428], [-79.0394573299297, 43.84850488352511], [-79.04006336336269, 43.84836861337375], [-79.04066899707492, 43.848231382960435], [-79.04119830000002, 43.8481129], [-79.04272620000002, 43.847771], [-79.0470107, 43.8468057], [-79.05097128756644, 43.845913684400465], [-79.05157768149894, 43.845778079599526], [-79.05218258311706, 43.84564008914307], [-79.0530252, 43.845437], [-79.05362040000001, 43.84527430000001], [-79.0542133, 43.845104], [-79.05474230000002, 43.8449333], [-79.05529190000001, 43.8447478], [-79.05587580000001, 43.8445333], [-79.05640870000002, 43.8443233], [-79.05693990000002, 43.84410170000001], [-79.05734532831073, 43.84391848520432], [-79.05775910000001, 43.8437315], [-79.06001011502924, 43.84269155689976], [-79.06054253209695, 43.84244564910074], [-79.06341010000001, 43.841123599999996], [-79.06828480000001, 43.83887179999999], [-79.0708512, 43.837685099999995], [-79.074607, 43.8359466], [-79.07814300000001, 43.8343148], [-79.0809924, 43.8329969], [-79.08162170000001, 43.832708399999994], [-79.08221570000002, 43.8324338], [-79.08237063521453, 43.832361218421575], [-79.08290056331788, 43.832112548027126], [-79.08372120000001, 43.8317234], [-79.0839163, 43.8316322], [-79.0849188, 43.8311525], [-79.08546450000001, 43.830895], [-79.08590420000002, 43.8306901], [-79.0863828, 43.8304695], [-79.0866662, 43.830333399999994], [-79.08766775553003, 43.829872674337764], [-79.08812910000002, 43.8297039], [-79.08929238198334, 43.82916455789825], [-79.08982549115507, 43.828919535866085], [-79.09010290000002, 43.82879290000001], [-79.090665, 43.8285323], [-79.0912435, 43.8282643], [-79.09183080000001, 43.827994200000006], [-79.09195626933747, 43.82793705019809], [-79.09242940000001, 43.8276765], [-79.09321260000002, 43.8273265], [-79.09386980000001, 43.8270338], [-79.0944432, 43.826776900000006], [-79.09511840000002, 43.8264714], [-79.0956567, 43.8262239], [-79.096218, 43.8259618], [-79.09674527488788, 43.82572061055866], [-79.09727765047069, 43.82547452590066], [-79.09749980000001, 43.8253716], [-79.09826370000002, 43.82501909999999], [-79.09940495313137, 43.82448822411305], [-79.0995381, 43.824426300000006], [-79.10089120000002, 43.8238101], [-79.10206704903963, 43.823258531401], [-79.10259902780169, 43.82301221286271], [-79.10371250000001, 43.822498], [-79.10446390000001, 43.8221498], [-79.10487360000002, 43.82195839999999], [-79.10534330000002, 43.8217346], [-79.10572040000001, 43.8215441], [-79.10614460000001, 43.821321399999995], [-79.1065319, 43.821107399999995], [-79.1069633, 43.8208546], [-79.10723740000002, 43.8206862], [-79.10760220000002, 43.8204524], [-79.10790750000001, 43.8202446], [-79.10823150000002, 43.8200179], [-79.10848560000001, 43.81983230000001], [-79.1087743, 43.81961280000001], [-79.10900950000001, 43.819427], [-79.10925810000002, 43.8192234], [-79.10952790000002, 43.8189973], [-79.1097624, 43.818789], [-79.11000680000001, 43.8185669], [-79.11026650000001, 43.8183211], [-79.110481, 43.8181129], [-79.11071410000001, 43.81787670000001], [-79.1109195, 43.8176621], [-79.1111235, 43.8174453], [-79.11138600000001, 43.8171489], [-79.11158700000001, 43.8169106], [-79.11178690000001, 43.8166721], [-79.11197610000002, 43.81643749999999], [-79.11215780000002, 43.8161966], [-79.1123269, 43.815967500000006], [-79.11249750000002, 43.8157248], [-79.11265820000001, 43.8154857], [-79.11281720000001, 43.8152397], [-79.11297130000001, 43.8149929], [-79.11312250000002, 43.8147379], [-79.11327080000001, 43.814478300000005], [-79.11338640000001, 43.814266700000005], [-79.11351600000002, 43.8140056], [-79.11362730000002, 43.81377690000001], [-79.11374630000002, 43.8135131], [-79.1138428, 43.81328690000001], [-79.11393670000001, 43.8130527], [-79.1140295, 43.8128057], [-79.11411860000001, 43.8125548], [-79.1141967, 43.8123191], [-79.11426800000001, 43.812088300000006], [-79.11435090000002, 43.8117945], [-79.11442890000001, 43.811493], [-79.1144947, 43.8112269], [-79.11453780000001, 43.8110152], [-79.1145879, 43.8107644], [-79.11463190000002, 43.8105124], [-79.11466660000002, 43.8102803], [-79.11470080000001, 43.8100403], [-79.1147558, 43.809577700000006], [-79.11484090000002, 43.8087738], [-79.11484777078441, 43.808696873425006], [-79.11488595434061, 43.80824799829611], [-79.11487760000001, 43.8083629], [-79.1149908, 43.806806], [-79.11508890000002, 43.8053352], [-79.11518700000002, 43.8038596], [-79.1153008, 43.8021722], [-79.11534910803532, 43.80151080734969], [-79.1153796, 43.8011566], [-79.11540400000001, 43.8009325], [-79.1154241, 43.8007778], [-79.11544960000002, 43.8005939], [-79.11548250000001, 43.8004051], [-79.11552090000002, 43.8001956], [-79.11555540000002, 43.8000184], [-79.11559370000002, 43.7998304], [-79.11563350000002, 43.79965190000001], [-79.11567610000002, 43.7994717], [-79.11573120000001, 43.7992612], [-79.11578870000001, 43.799054500000004], [-79.11584200000001, 43.79887630000001], [-79.1158982, 43.798699], [-79.11597430000002, 43.798471], [-79.11603900000001, 43.7982867], [-79.1161088, 43.7980918], [-79.11619020000002, 43.7978871], [-79.11628090000002, 43.7976663], [-79.11638010000001, 43.797436999999995], [-79.11648450000001, 43.7972084], [-79.11661690000001, 43.7969347], [-79.1167122, 43.7967415], [-79.11684130000002, 43.796506199999996], [-79.1169521, 43.7963085], [-79.1170776, 43.79609109999999], [-79.11720830000002, 43.79587709999999], [-79.11733330000001, 43.7956805], [-79.11746880000001, 43.79547500000001], [-79.1177443, 43.7950794], [-79.11777503113187, 43.795037034569454], [-79.1180649960079, 43.79463680599804], [-79.1183542650424, 43.79423633457215], [-79.11864138079713, 43.79383508100137], [-79.11905100000001, 43.7932608], [-79.11978240000002, 43.7922687], [-79.12022240000002, 43.791663299999996], [-79.12105630000002, 43.7905115], [-79.1220585, 43.7891335], [-79.12229170000002, 43.788821500000005], [-79.12253010000002, 43.7885126], [-79.12279410000001, 43.7881913], [-79.1230502, 43.7878962], [-79.12351650000001, 43.78738109999999], [-79.1240919, 43.786764], [-79.12504120000001, 43.7857458], [-79.12775160000001, 43.7828444], [-79.1295099, 43.7809664], [-79.1296354, 43.78083169999999], [-79.1321665, 43.7781226], [-79.13305490000002, 43.7771783], [-79.13393555063361, 43.77622971742141], [-79.1341983, 43.77594669999999], [-79.13638330000002, 43.7736267], [-79.13658760000001, 43.7734168], [-79.13681960000001, 43.773182199999994], [-79.13702840000002, 43.7729771], [-79.13726290000001, 43.7727514], [-79.13750300000001, 43.7725284], [-79.13778040000001, 43.7722809], [-79.13802580000001, 43.7720699], [-79.1383688, 43.771781100000005], [-79.1386112, 43.7715862], [-79.13884000000002, 43.771408300000004], [-79.1390882, 43.77121760000001], [-79.1393518, 43.7710232], [-79.13962300000001, 43.7708279], [-79.13985670000001, 43.7706643], [-79.14008720000001, 43.770501700000004], [-79.140358, 43.7703217], [-79.14064480000002, 43.7701359], [-79.1409262, 43.769953900000004], [-79.14268410000001, 43.76884950000001], [-79.14454270000002, 43.7676888], [-79.14481201854336, 43.76751614693113], [-79.14528419194757, 43.76721493736379], [-79.14576311002627, 43.766919322280195], [-79.1461197, 43.766702], [-79.146506, 43.7664788], [-79.1468036, 43.7663199], [-79.1471084, 43.766166], [-79.14741110000001, 43.7660211], [-79.14772470000001, 43.76588160000001], [-79.1480798, 43.7657337], [-79.14844780000001, 43.765592], [-79.14879, 43.7654698], [-79.14913070000001, 43.7653558], [-79.14947060000001, 43.7652514], [-79.14950879860112, 43.765240370366286], [-79.15005010000002, 43.7650899], [-79.15043040000002, 43.7649915], [-79.1519033, 43.7646146], [-79.15290670000002, 43.76436], [-79.1549975, 43.7638283], [-79.1583179, 43.7629735], [-79.16141620000002, 43.7621898], [-79.16206601010504, 43.76202648748154], [-79.16278590000002, 43.7618841], [-79.16334360000002, 43.7617468], [-79.16388390000002, 43.761623400000005], [-79.16442710000001, 43.76150599999999], [-79.16493350000002, 43.761404899999995], [-79.16633267351847, 43.76113431863469], [-79.1669460877438, 43.761015661879725], [-79.16902060000001, 43.7606134], [-79.17183640000002, 43.7600733], [-79.1739202, 43.7596705], [-79.17430110000001, 43.7595969], [-79.18182930000002, 43.75814079999999], [-79.1819431, 43.7581188], [-79.1853822, 43.757454599999996], [-79.1872231, 43.7570986], [-79.18731950000002, 43.7570801], [-79.18964478651684, 43.756632747394306], [-79.19025896226516, 43.75651427336849], [-79.1907452, 43.7563681], [-79.1909906, 43.756312699999995], [-79.1912227, 43.75626], [-79.1914808, 43.7562053], [-79.1921372, 43.7560725], [-79.1924847, 43.7560065], [-79.1931204, 43.755881800000004], [-79.1936285, 43.75578], [-79.19503800000001, 43.7554805], [-79.195908, 43.755294199999994], [-79.19634242389104, 43.75520142728721], [-79.19695502765379, 43.755079824586], [-79.1981696, 43.7548442], [-79.19852120000002, 43.754777], [-79.1989349, 43.75469940000001], [-79.1992874, 43.7546331], [-79.199647, 43.754570799999996], [-79.20022490000001, 43.7544669], [-79.20064381172926, 43.75439078176674], [-79.20125814879945, 43.75427426344557], [-79.20263360000001, 43.75401010000001], [-79.20300910000002, 43.7539352], [-79.2033832, 43.7538622], [-79.20378170000001, 43.7537817], [-79.20412170000002, 43.7537079], [-79.204418, 43.75364170000001], [-79.20471230000001, 43.753572], [-79.20501850000001, 43.7534951], [-79.20530980000001, 43.7534183], [-79.2055876, 43.7533423], [-79.20585860000001, 43.7532664], [-79.20616700000001, 43.75317379999999], [-79.20653660000002, 43.753056], [-79.2068151, 43.7529655], [-79.2071426, 43.7528508], [-79.20746560000002, 43.7527339], [-79.207811, 43.752606], [-79.2081325, 43.7524794], [-79.20842850000001, 43.7523566], [-79.2087567, 43.7522172], [-79.2090862, 43.7520733], [-79.21025720000002, 43.75155279999999], [-79.21059410000001, 43.7514018], [-79.2109013, 43.7512684], [-79.21120700000002, 43.7511405], [-79.21128880000002, 43.75110620000001], [-79.21158900000002, 43.7509858], [-79.21191270000001, 43.750864], [-79.21225610000002, 43.75073840000001], [-79.2125013, 43.7506519], [-79.21277970000001, 43.7505586], [-79.21309720000002, 43.7504563], [-79.2133534, 43.7503805], [-79.21360330000002, 43.7503074], [-79.21385350000001, 43.750236799999996], [-79.2140917, 43.7501731], [-79.2143256, 43.75011169999999], [-79.21453050934824, 43.750058974313944], [-79.2151290982556, 43.7499067418453], [-79.21667970000001, 43.7495128], [-79.21717470000002, 43.7493866], [-79.217476, 43.7493046], [-79.21778140000002, 43.74921739999999], [-79.2180318, 43.7491411], [-79.2183039, 43.74905239999999], [-79.21859680000001, 43.7489463], [-79.21884060000001, 43.7488553], [-79.2190903, 43.7487507], [-79.21933910000001, 43.7486418], [-79.21958540000001, 43.7485292], [-79.2198524, 43.7483965], [-79.22011510000002, 43.7482585], [-79.22037200000001, 43.748113800000006], [-79.2206233, 43.7479647], [-79.22087940000002, 43.7478048], [-79.22110620000001, 43.7476504], [-79.22130620000001, 43.7475049], [-79.2214898, 43.7473655], [-79.2216662, 43.7472258], [-79.22186620000001, 43.7470599], [-79.22203480000002, 43.7469119], [-79.2221962, 43.7467646], [-79.2226205, 43.746367799999994], [-79.22334860000001, 43.7456829], [-79.22368450000002, 43.7453773], [-79.2239681, 43.7451232], [-79.2243761057843, 43.74476968350486], [-79.22474100000001, 43.7445184], [-79.22506120000001, 43.7442506], [-79.22535310000002, 43.7440157], [-79.22568120000001, 43.7437568], [-79.22610680000001, 43.7434296], [-79.22637110000001, 43.7432294], [-79.22666480000001, 43.7430112], [-79.22694950000002, 43.7428067], [-79.22722360000002, 43.7426088], [-79.22752730000002, 43.7423958], [-79.22782020000001, 43.7421951], [-79.22805430000001, 43.7420357], [-79.22831810000001, 43.74185980000001], [-79.22859150000001, 43.7416822], [-79.2288732, 43.7414995], [-79.22927340705617, 43.74124655652201], [-79.23053540000001, 43.7404531], [-79.2306436, 43.74038530000001], [-79.2322129, 43.7394011], [-79.2345497, 43.7379355], [-79.23688728695547, 43.736473702153766], [-79.23736389792514, 43.736175920553094], [-79.24117052412274, 43.733789195161016], [-79.24164590832636, 43.73349038284097], [-79.24249650000002, 43.73295540000001], [-79.24270010000001, 43.7328234], [-79.24291320000002, 43.7326794], [-79.24313470000001, 43.7325279], [-79.2433554, 43.7323707], [-79.24358910000001, 43.7322007], [-79.2437875, 43.7320548], [-79.24401570000002, 43.731878699999996], [-79.24421460000002, 43.731722700000006], [-79.2444257, 43.7315504], [-79.24462810000001, 43.7313797], [-79.2448467, 43.7311905], [-79.24508210000002, 43.7309808], [-79.2451707094895, 43.73089839902575], [-79.24555120262005, 43.73053816352008], [-79.24591710940702, 43.730171122652436], [-79.2461556, 43.7298507], [-79.2463225, 43.7296688], [-79.24648030000002, 43.7294874], [-79.2466466, 43.72929299999999], [-79.2468135, 43.7290886], [-79.24698580000002, 43.7288725], [-79.24718162465832, 43.72861164846044], [-79.24745110000002, 43.7282372], [-79.24761730000002, 43.7279971], [-79.24964430000001, 43.724958900000004], [-79.25131250000001, 43.7224494], [-79.25198990000001, 43.7214297], [-79.25207911654232, 43.72129697175173], [-79.25234878238142, 43.7208897870906], [-79.25261932391005, 43.72048278508334], [-79.2531831, 43.719637500000005], [-79.25397394083045, 43.718448611699436], [-79.25424512572364, 43.71804181700733], [-79.25439970000001, 43.7178116], [-79.2548163, 43.71718829999999], [-79.25603370000002, 43.715348999999996], [-79.25641051711958, 43.71478646238051], [-79.25668073792356, 43.71437944005405], [-79.25745650000002, 43.7132107], [-79.25911154567632, 43.71071541977213], [-79.25938455072692, 43.71030927131023], [-79.26133840000001, 43.70736410000001], [-79.26532835120133, 43.701353364663454], [-79.26559848762612, 43.70094627523899], [-79.26551930000001, 43.7011514], [-79.2667861, 43.69924889999999], [-79.26696960000001, 43.6989801], [-79.26715200000001, 43.6987204], [-79.2673263, 43.6984876], [-79.2674884, 43.6982792], [-79.26766840000002, 43.6980545], [-79.26784590000001, 43.697843600000006], [-79.26801490000001, 43.69764560000001], [-79.26818070000002, 43.6974598], [-79.2683695, 43.697255199999994], [-79.2685768, 43.6970368], [-79.26876050000001, 43.696849300000004], [-79.2689405, 43.6966689], [-79.26914580000002, 43.6964761], [-79.26942630000002, 43.69621620000001], [-79.2696175, 43.6960438], [-79.26981290000002, 43.6958758], [-79.2700106, 43.6957105], [-79.27022860000001, 43.6955326], [-79.2704718, 43.695341000000006], [-79.27060102919174, 43.69524297051655], [-79.27125280000001, 43.6947713], [-79.27143110000002, 43.694649], [-79.27168440000001, 43.6944776], [-79.27198750000001, 43.6942832], [-79.27231760000001, 43.694076], [-79.27263120000002, 43.6938861], [-79.2729197, 43.69371420000001], [-79.27341350000002, 43.6934392], [-79.2739555, 43.693158], [-79.2742898, 43.69298990000001], [-79.27467990000001, 43.6928042], [-79.27502930000001, 43.6926436], [-79.2754279, 43.692467], [-79.27586100000002, 43.6922864], [-79.27628480000001, 43.6921174], [-79.27670380000002, 43.691961], [-79.2771364, 43.69180660000001], [-79.2776333, 43.69164090000001], [-79.27806420000002, 43.69150580000001], [-79.27851620000001, 43.6913725], [-79.278905, 43.6912609], [-79.27931300000002, 43.6911531], [-79.2797047, 43.69105439999999], [-79.2800315, 43.6909765], [-79.28135455524496, 43.690674591575316], [-79.28169590000002, 43.6905967], [-79.286094, 43.68960130000001], [-79.28736600000002, 43.6893159], [-79.28768030000002, 43.6892427], [-79.2888587, 43.68897659999999], [-79.29251880000001, 43.68815010000001], [-79.2975137, 43.68701879999999], [-79.29831383248987, 43.686836801900476], [-79.29891801465239, 43.68669257704264], [-79.2992963, 43.68649210000001], [-79.2998049, 43.686356], [-79.30032150000001, 43.6862119], [-79.30077260000002, 43.6860798], [-79.30115710000001, 43.6859632], [-79.30157970000002, 43.6858276], [-79.30212270000001, 43.685649700000006], [-79.3025802, 43.6854914], [-79.30295452926879, 43.68535827732804], [-79.3035507, 43.68513810000001], [-79.30397110000001, 43.6849794], [-79.3044821, 43.6847834], [-79.30495130000001, 43.6846009], [-79.30630538675432, 43.68406833581449], [-79.30686147017464, 43.68385012245879], [-79.30730460000001, 43.6836764], [-79.3100636, 43.6825947], [-79.31075445404701, 43.6823234000184], [-79.3113107212134, 43.68210537303219], [-79.31191190000001, 43.681869600000006], [-79.3169942, 43.679873799999996], [-79.32076159416077, 43.67839319068184], [-79.32131796677382, 43.67817472174944], [-79.3215327, 43.6780939], [-79.3248791, 43.6767825], [-79.3282619, 43.675456800000006], [-79.32910689933024, 43.67512563902804], [-79.32975770000002, 43.67486869999999], [-79.3324334, 43.6738164], [-79.3326642, 43.6737238], [-79.33392250000001, 43.6732237], [-79.33436450000002, 43.6730418], [-79.33477350000001, 43.6728703], [-79.33507760000002, 43.6727423], [-79.33537320000002, 43.672613], [-79.33571080000002, 43.6724584], [-79.33603890000002, 43.672303400000004], [-79.33625639528418, 43.67219725709187], [-79.33677145780328, 43.67193474524059], [-79.33738610000002, 43.6716024], [-79.33763710000001, 43.6714567], [-79.33787450000001, 43.6713148], [-79.3381302, 43.6711577], [-79.33844050000002, 43.67095880000001], [-79.33872090000001, 43.6707724], [-79.33899120000001, 43.6705851], [-79.3392035, 43.6704303], [-79.33941720000001, 43.6702815], [-79.3395782, 43.6701577], [-79.3397908, 43.6699932], [-79.34000980000002, 43.6698159], [-79.34022250000001, 43.6696451], [-79.3404267, 43.669465], [-79.34068180000001, 43.6692483], [-79.34083564233354, 43.669107545911146], [-79.3412423, 43.6687978], [-79.34147430000002, 43.668567700000004], [-79.34169140000002, 43.6683484], [-79.3418984, 43.6681358], [-79.34199089478531, 43.66803567612879], [-79.34271830000002, 43.6671852], [-79.34286740000002, 43.66699560000001], [-79.34304930000002, 43.66675149999999], [-79.34326190000002, 43.6664378], [-79.343432, 43.6661635], [-79.34360940000002, 43.6658612], [-79.3438005, 43.6655326], [-79.34396080000002, 43.66526259999999], [-79.34397793778147, 43.66523121026734], [-79.34432750000002, 43.6646046], [-79.3443931, 43.664494600000005], [-79.34444390380297, 43.66439566627845], [-79.3447597, 43.66363170000001], [-79.3448931, 43.663298999999995], [-79.3449808, 43.6630801], [-79.34506870000001, 43.662833799999994], [-79.34513000000001, 43.6626251], [-79.34519410000001, 43.662415], [-79.34524700000001, 43.6622219], [-79.34530630000002, 43.66198], [-79.3453615, 43.6617942], [-79.34540930000001, 43.6615438], [-79.3454449, 43.66132030000001], [-79.34552290000002, 43.66078900000001], [-79.34556030000002, 43.660349], [-79.34558050000001, 43.660112299999994], [-79.34558844361072, 43.660017882989415], [-79.34566640000001, 43.6597076], [-79.3457329, 43.65893570000001], [-79.34576550000001, 43.6585473], [-79.34581930000002, 43.658157599999996], [-79.3459067, 43.657736099999994], [-79.34602652002613, 43.65732571641048], [-79.346286, 43.6566478], [-79.3464893, 43.6562371], [-79.34657490000001, 43.6560896], [-79.3466714, 43.6559369], [-79.346766, 43.655801], [-79.34689170000001, 43.6556348], [-79.34705370000002, 43.655431899999996], [-79.347379, 43.65510329999999], [-79.34769690000002, 43.6548188], [-79.34824710000001, 43.6544043], [-79.34867350000002, 43.6541025], [-79.3489920342371, 43.65389695321931], [-79.3499969, 43.6533372], [-79.35043990000001, 43.653089], [-79.3508616, 43.6528633], [-79.3510005666062, 43.65278878747691], [-79.35159740000002, 43.6526468], [-79.35189570000001, 43.65242959999999], [-79.35220530000001, 43.6522273], [-79.35340530000002, 43.6515829], [-79.3546476, 43.6509167], [-79.35507350000002, 43.6506828], [-79.35556160000002, 43.650436], [-79.35599310000002, 43.6502436], [-79.35617151260249, 43.6501759232757], [-79.35658540000001, 43.6498629], [-79.3571212, 43.649727], [-79.35836520000001, 43.6493079], [-79.35844300000001, 43.649281599999995], [-79.35939330000001, 43.6489632], [-79.3598632, 43.6488057], [-79.36068708467425, 43.648527772105666], [-79.3613726, 43.6483512], [-79.36187615090799, 43.64820862774835], [-79.36236600000001, 43.64808630000001], [-79.36292630000001, 43.64796390000001], [-79.364323, 43.6476669], [-79.36510300000002, 43.6475011], [-79.36612976896521, 43.64728337310817], [-79.36668400000002, 43.6472028], [-79.36928690000002, 43.64664969999999], [-79.36979785388769, 43.646539692721404], [-79.37040662607849, 43.64640968838269], [-79.3704887, 43.646353600000005], [-79.37160817758003, 43.64611260823285], [-79.3722203638255, 43.64598866145413], [-79.372793, 43.6459176], [-79.37307740000001, 43.6458621], [-79.37342910000001, 43.6457994], [-79.37407960324889, 43.645682060840166], [-79.37469394918702, 43.64556893757341], [-79.37540740000001, 43.6455413], [-79.37614620000001, 43.645420900000005], [-79.3764928, 43.6453644], [-79.3772017333412, 43.64525074720625], [-79.3778244, 43.6451264], [-79.37841796829585, 43.64500256876337], [-79.38023635188753, 43.64461418361178]]}, "properties": {"kind": "matched_corridor_segment", "alignment_id": "via_existing", "troncon_id": "Ott-TO", "length_km": 445.16, "n_points": 4285, "n_locked": 8621, "n_bootstrap": 1, "n_forced_switch": 179, "n_fallback": 0, "n_junction_switches": 343}}, {"type": "Feature", "geometry": {"type": "LineString", "coordinates": [[-73.5657451, 45.499756399999995], [-73.56457469955373, 45.49919040600949], [-73.56395910000002, 45.4988847], [-73.56300750000001, 45.49844499999999], [-73.56278830000001, 45.498334400000005], [-73.56249090000001, 45.4981955], [-73.5621639, 45.4980409], [-73.56193724353314, 45.49793470479937], [-73.56140806336485, 45.49768529415911], [-73.56079090000001, 45.4974364], [-73.5600939, 45.49710830000001], [-73.55979303311746, 45.49696638077164], [-73.55926453422303, 45.496716277334585], [-73.55865830000002, 45.496430800000006], [-73.55820568108427, 45.49621801569816], [-73.55767564790469, 45.49596950145691], [-73.5576431, 45.4959543], [-73.5575141, 45.4958921], [-73.55742680000002, 45.4958479], [-73.55733950000001, 45.4957991], [-73.55725090000001, 45.4957493], [-73.5571601, 45.4956935], [-73.557091, 45.4956492], [-73.55700590000001, 45.495589800000005], [-73.5569319, 45.4955334], [-73.5568569, 45.495475], [-73.5567807, 45.49541140000001], [-73.5567106, 45.4953489], [-73.55664910000002, 45.49529089999999], [-73.5565849, 45.4952278], [-73.55651850000001, 45.49516020000001], [-73.5564445, 45.4950692], [-73.55639261927432, 45.49500343240338], [-73.5561380500587, 45.494592535459354], [-73.55603010000002, 45.4941747], [-73.55600800000002, 45.4940988], [-73.55598580000002, 45.4940087], [-73.55596650000001, 45.49391940000001], [-73.55595050000001, 45.4938339], [-73.55593850000001, 45.49372799999999], [-73.55593622426878, 45.49370600900534], [-73.55594340000002, 45.4931967], [-73.5559855604626, 45.49280741176637], [-73.55603290883317, 45.49235899291187], [-73.5560549, 45.49217620000001], [-73.55609070000001, 45.4913696], [-73.55621320595176, 45.49056364789635], [-73.5562773283158, 45.490117028173024], [-73.55641130000001, 45.48971730000001], [-73.55644090000001, 45.48960259999999], [-73.55646570000002, 45.4894876], [-73.55648660000001, 45.48939339999999], [-73.55653540000002, 45.4891738], [-73.55657030000002, 45.4890169], [-73.5565997, 45.4888818], [-73.55662430000001, 45.4887607], [-73.5566405, 45.4886814], [-73.55666640000001, 45.4885424], [-73.5566875, 45.4884216], [-73.55669800000001, 45.48835530000001], [-73.55670680000001, 45.4882888], [-73.5567137, 45.4882217], [-73.55672230000002, 45.488148699999996], [-73.5567281, 45.4880762], [-73.556733, 45.4879767], [-73.55673480000002, 45.4878696], [-73.556736, 45.4877907], [-73.5567357, 45.48773039999999], [-73.5567321, 45.4876652], [-73.5567277, 45.4875836], [-73.55671940000002, 45.4874898], [-73.55671209269323, 45.48743369332276], [-73.55661560000001, 45.487002], [-73.5565875, 45.486923600000004], [-73.55656630000001, 45.4868647], [-73.55654110000002, 45.4868064], [-73.55651010000001, 45.4867345], [-73.55648210000001, 45.4866741], [-73.5564573, 45.48662409999999], [-73.5564021, 45.4865104], [-73.5563124, 45.4863365], [-73.55623730000002, 45.4861879], [-73.55620050000002, 45.4861159], [-73.55615920000001, 45.48603529999999], [-73.55612180000001, 45.48596030000001], [-73.55610470000002, 45.4859243], [-73.55608750000002, 45.4858822], [-73.55606280000002, 45.485825], [-73.55604560000002, 45.4857774], [-73.5560274, 45.4857228], [-73.55601994246778, 45.48570165177426], [-73.55592900000002, 45.4852793], [-73.555926, 45.4852316], [-73.55592420000002, 45.4851917], [-73.55592120000001, 45.4851112], [-73.55592330000002, 45.4850502], [-73.5559259, 45.4849929], [-73.55593180000001, 45.484937], [-73.55594290000002, 45.4848548], [-73.5559558, 45.4847827], [-73.55597440000001, 45.4846994], [-73.55599660000001, 45.48461960000001], [-73.55601470000002, 45.4845629], [-73.55603500000001, 45.4845099], [-73.5560542, 45.4844621], [-73.556086, 45.4843894], [-73.55612030000002, 45.4843184], [-73.55615520000002, 45.48425069999999], [-73.55619350000002, 45.4841846], [-73.55622940000002, 45.4841269], [-73.55629580000002, 45.484024100000006], [-73.55633510000001, 45.4839672], [-73.55656050000002, 45.4836293], [-73.5567866, 45.4832949], [-73.5568349, 45.483229], [-73.55688030000002, 45.4831645], [-73.5569215, 45.4831104], [-73.5569741, 45.4830443], [-73.55701920000001, 45.4829919], [-73.55706560000002, 45.4829371], [-73.5571229, 45.4828733], [-73.5571801, 45.4828139], [-73.55723020000002, 45.4827621], [-73.55732350000001, 45.4826681], [-73.55741820000001, 45.48258], [-73.55747700000002, 45.4825273], [-73.5575521, 45.4824615], [-73.5576315, 45.4823948], [-73.55770520000002, 45.4823365], [-73.5577718, 45.4822867], [-73.55783890000001, 45.4822382], [-73.55790210000002, 45.4821943], [-73.55797050000001, 45.48215050000001], [-73.5580448, 45.48210430000001], [-73.55807045975922, 45.48208891851969], [-73.5585852, 45.481777900000004], [-73.5587663, 45.4817034], [-73.5589457, 45.4816294], [-73.5591223, 45.4815543], [-73.55923870000001, 45.4815034], [-73.55936280000002, 45.481442900000005], [-73.55947200000001, 45.4813864], [-73.5595733, 45.4813286], [-73.55965330000001, 45.4812825], [-73.5597272, 45.4812347], [-73.5598147, 45.48117740000001], [-73.55991080000001, 45.481110900000004], [-73.5600522, 45.48101259999999], [-73.56007524464032, 45.480996572157224], [-73.56052749512594, 45.4806805434587], [-73.5605817, 45.4806425], [-73.5609569, 45.480375599999995], [-73.56112210000002, 45.4802598], [-73.5612777, 45.4801498], [-73.5615891, 45.4799241], [-73.56166630000001, 45.47986529999999], [-73.5617544, 45.4797952], [-73.56185465699146, 45.47971445298176], [-73.562237, 45.4794071], [-73.5627415, 45.47906869999999], [-73.5631662, 45.4787537], [-73.56322080000001, 45.4787153], [-73.56364140000001, 45.478419200000005], [-73.56385330000002, 45.4782714], [-73.56402120000001, 45.4781538], [-73.56410470000002, 45.4780939], [-73.56423020000001, 45.4780048], [-73.56436610000002, 45.477910900000005], [-73.56448450000002, 45.4778267], [-73.56459470000001, 45.4777499], [-73.56469530000001, 45.4776805], [-73.5647918, 45.477613899999994], [-73.5648979, 45.4775417], [-73.56498890000002, 45.477482300000005], [-73.5650799, 45.4774241], [-73.56516210000001, 45.4773724], [-73.56529790000002, 45.4772896], [-73.56541530000001, 45.4772202], [-73.5655266, 45.47715509999999], [-73.5656087, 45.477109], [-73.5656768, 45.4770715], [-73.56575190000001, 45.4770311], [-73.5658209, 45.4769936], [-73.56588280000001, 45.476961], [-73.5659821114282, 45.47691006895272], [-73.5665328, 45.4766453], [-73.5666642, 45.4765872], [-73.56683730000002, 45.47651239999999], [-73.56698730000001, 45.4764509], [-73.567055, 45.47642330000001], [-73.56715320000002, 45.47638510000001], [-73.5672703, 45.47634070000001], [-73.56736490000002, 45.4763053], [-73.5674588, 45.4762702], [-73.5675806, 45.476227], [-73.56769750000001, 45.4761861], [-73.5678116, 45.4761487], [-73.5679009, 45.4761195], [-73.56799440000002, 45.4760887], [-73.56808490000002, 45.47606160000001], [-73.568162, 45.4760376], [-73.5682274, 45.4760191], [-73.5683059, 45.4759973], [-73.56839950000001, 45.4759721], [-73.56850200000001, 45.4759454], [-73.56859550000001, 45.47592219999999], [-73.56869380000002, 45.475899], [-73.5687977, 45.475875599999995], [-73.5688959, 45.4758553], [-73.5690203, 45.4758293], [-73.5691457, 45.4758056], [-73.5692445, 45.4757881], [-73.56936960000002, 45.4757666], [-73.56942552995815, 45.47575723010404], [-73.57004351042777, 45.47566007197401], [-73.57066579527743, 45.47557243335473], [-73.5707647, 45.4755589], [-73.57087320000001, 45.475545600000004], [-73.57097880000002, 45.4755327], [-73.5710783, 45.4755213], [-73.57119570000002, 45.4755092], [-73.5713109, 45.47549740000001], [-73.57141760000002, 45.47548760000001], [-73.57154060000002, 45.4754774], [-73.57165240000002, 45.4754692], [-73.5717592, 45.4754621], [-73.5718659, 45.4754555], [-73.57196990000001, 45.475449999999995], [-73.57207610000002, 45.47544609999999], [-73.57218510000001, 45.475442099999995], [-73.57228740000001, 45.4754386], [-73.5723835, 45.4754359], [-73.57248750000001, 45.4754339], [-73.57256780012166, 45.47543259374802], [-73.57320581151104, 45.47543657923612], [-73.57383490000001, 45.4754616], [-73.57399360000001, 45.4754718], [-73.57414460000001, 45.4754828], [-73.57429560000001, 45.4754963], [-73.5744485, 45.4755109], [-73.57457840000001, 45.475525100000006], [-73.5747255, 45.4755421], [-73.5748039, 45.4755526], [-73.57501460000002, 45.47558239999999], [-73.57520330000001, 45.4756117], [-73.5753828, 45.4756396], [-73.57555390000002, 45.4756705], [-73.57567930000002, 45.4756948], [-73.5758328, 45.4757263], [-73.5759918, 45.4757605], [-73.5761472, 45.4757958], [-73.57629940000001, 45.47583389999999], [-73.5763246751824, 45.47584018991335], [-73.57692347235435, 45.475993383900104], [-73.57751364379742, 45.47616154832228], [-73.57810373389397, 45.47632891124541], [-73.5782013, 45.4763563], [-73.57859350000001, 45.4764613], [-73.57872800000001, 45.4764949], [-73.5788368, 45.4765213], [-73.5789306, 45.4765425], [-73.5790332, 45.4765639], [-73.57910230000002, 45.4765782], [-73.57917000000002, 45.4765927], [-73.5792836, 45.476618], [-73.579359, 45.47663430000001], [-73.57956540000002, 45.4766749], [-73.57974810000002, 45.4767088], [-73.5798313, 45.476723299999996], [-73.5799223, 45.4767383], [-73.58003390000002, 45.4767546], [-73.5801951, 45.4767756], [-73.58054120000001, 45.4768182], [-73.58072180000002, 45.4768355], [-73.58109990000001, 45.4768711], [-73.58152340000001, 45.4769047], [-73.5823889, 45.476974000000006], [-73.5829325, 45.47701790000001], [-73.5830993, 45.4770295], [-73.58324970000001, 45.4770404], [-73.58343520000001, 45.4770525], [-73.58360540000001, 45.4770618], [-73.58373880000002, 45.47706709999999], [-73.5838945, 45.4770704], [-73.58402260000001, 45.4770706], [-73.5841466, 45.47707009999999], [-73.58427080000001, 45.4770664], [-73.58437240000002, 45.4770612], [-73.5844692, 45.47705510000001], [-73.5845741, 45.4770464], [-73.58467390000001, 45.4770362], [-73.58476590000001, 45.47702629999999], [-73.5849005, 45.4770074], [-73.58496204552151, 45.47699798611071], [-73.58556879252238, 45.476864057569166], [-73.5861781, 45.4766488], [-73.586277, 45.476604300000005], [-73.58636430000001, 45.476563500000005], [-73.58643780000001, 45.4765263], [-73.5865153, 45.476488], [-73.58660450000002, 45.4764419], [-73.58665746446472, 45.47641286632333], [-73.5871991, 45.4760935], [-73.587685, 45.4757966], [-73.58850620000001, 45.475291], [-73.5888083, 45.47510450000001], [-73.5890829, 45.47493500000001], [-73.5893596, 45.474763300000006], [-73.58969000000002, 45.47456059999999], [-73.5900245622068, 45.47435481902457], [-73.59051253167566, 45.474063946749034], [-73.59099030000002, 45.4738139], [-73.59105690000001, 45.47377920000001], [-73.59110480000001, 45.47375319999999], [-73.5913712, 45.47361680000001], [-73.59146380000001, 45.4735666], [-73.5915509, 45.4735165], [-73.59163660000002, 45.4734658], [-73.59173930000001, 45.4734053], [-73.5920269, 45.47322710000001], [-73.59219760000002, 45.47312], [-73.59228980000002, 45.473067099999994], [-73.5925858, 45.4728823], [-73.59393358877992, 45.472051086579576], [-73.59433925255266, 45.47169599839129], [-73.59497010000001, 45.47141709999999], [-73.59542110000001, 45.471153300000005], [-73.59580450000001, 45.4709312], [-73.5960617, 45.4707863], [-73.59634740000001, 45.4706256], [-73.59688105031935, 45.470338046123274], [-73.59758280000001, 45.469968699999995], [-73.5995603, 45.4689672], [-73.6007379, 45.4683676], [-73.60135520000001, 45.4680544], [-73.60168380000002, 45.46788999999999], [-73.60263980000002, 45.467408], [-73.6034268, 45.467025], [-73.6038965, 45.4668012], [-73.60432, 45.466609], [-73.6047315, 45.4664273], [-73.605205, 45.4662188], [-73.60610080000001, 45.465844000000004], [-73.6072282, 45.4653888], [-73.60795710000001, 45.4650927], [-73.60973690000002, 45.4643729], [-73.61173360000001, 45.4635686], [-73.6142189, 45.4625627], [-73.6156292, 45.4619926], [-73.6160104, 45.4618318], [-73.61643340000002, 45.4616552], [-73.6168998, 45.4614532], [-73.61735270000001, 45.461252400000006], [-73.61770340000001, 45.46108999999999], [-73.6181818, 45.4608674], [-73.61852860000002, 45.460704199999995], [-73.61891440000001, 45.4605157], [-73.6193714, 45.4602863], [-73.61971520000002, 45.460112200000005], [-73.620002, 45.4599605], [-73.62032020000001, 45.4597907], [-73.6207514, 45.4595592], [-73.6211396, 45.4593422], [-73.62141060000002, 45.459189], [-73.62179970000001, 45.458963700000005], [-73.6222006, 45.4587257], [-73.62247230000001, 45.4585608], [-73.6227355, 45.4584007], [-73.62305170000002, 45.4582029], [-73.62335120000002, 45.4580109], [-73.62352490000002, 45.4578995], [-73.6238213, 45.4577061], [-73.62416060000001, 45.457479400000004], [-73.62456430000002, 45.4572041], [-73.62476200000002, 45.4570664], [-73.6250361, 45.45687710000001], [-73.62744290000002, 45.4552058], [-73.62819090000002, 45.454686], [-73.62854850000001, 45.4544398], [-73.6290564, 45.4540855], [-73.62943910000001, 45.4538221], [-73.62952670000001, 45.4537608], [-73.6296805, 45.45365519999999], [-73.6297656, 45.4535977], [-73.6298541, 45.4535394], [-73.6299723, 45.4534626], [-73.6301113, 45.4533756], [-73.63029230000001, 45.453264299999994], [-73.63049720000001, 45.4531453], [-73.6307138, 45.4530219], [-73.6310464, 45.4528346], [-73.63154040000002, 45.452556], [-73.6321082, 45.4522379], [-73.63266540000001, 45.4519263], [-73.63279630000001, 45.4518526], [-73.63312870000001, 45.4516668], [-73.6336977, 45.45134740000001], [-73.6341232, 45.4511077], [-73.63436890000001, 45.4509771], [-73.63452550000001, 45.450894000000005], [-73.63472930000002, 45.4507913], [-73.63513710000001, 45.4505983], [-73.6354182, 45.45046599999999], [-73.63579225528763, 45.45028991009895], [-73.63632068756104, 45.45003956869567], [-73.63637550000001, 45.4500131], [-73.637079, 45.4496848], [-73.63716390000002, 45.4496495], [-73.6374197, 45.4495419], [-73.6375365, 45.4494941], [-73.6377415, 45.4494108], [-73.6381996, 45.449238], [-73.63878990000002, 45.449022600000006], [-73.6395068, 45.448760899999996], [-73.6395694, 45.4487374], [-73.63963423185672, 45.44871390099238], [-73.64020102415226, 45.448509804416304], [-73.6408664, 45.448286], [-73.64107580000001, 45.4482209], [-73.6412978, 45.4481564], [-73.64149250000001, 45.448100100000005], [-73.64169990000002, 45.4480434], [-73.64190600000002, 45.4479891], [-73.64213700000002, 45.4479319], [-73.6422553, 45.4479031], [-73.64249620000001, 45.4478485], [-73.64276350000002, 45.447790299999994], [-73.6430099, 45.447740399999994], [-73.64330800000002, 45.4476876], [-73.64362660000002, 45.4476313], [-73.643921, 45.4475833], [-73.6442053, 45.4475395], [-73.6444638, 45.4474986], [-73.64474400000002, 45.4474565], [-73.64491540000002, 45.4474315], [-73.64514270000001, 45.4474008], [-73.64539700000002, 45.4473673], [-73.64561130000001, 45.4473403], [-73.6457719, 45.4473211], [-73.64593660000001, 45.4473024], [-73.64615750000002, 45.4472791], [-73.6463776, 45.447257], [-73.6465536, 45.4472401], [-73.64670120000001, 45.4472267], [-73.64686190000002, 45.4472125], [-73.64706120000001, 45.4471952], [-73.64724720000001, 45.4471813], [-73.6474588, 45.4471679], [-73.64765010000002, 45.4471565], [-73.64782230000002, 45.4471471], [-73.64800360000001, 45.4471377], [-73.6481521, 45.4471313], [-73.64834950000001, 45.447124200000005], [-73.64854630000002, 45.4471182], [-73.6487994, 45.4471107], [-73.6489877, 45.44710740000001], [-73.649217, 45.4471049], [-73.64942060000001, 45.44710320000001], [-73.64962090000002, 45.4471036], [-73.64988490000002, 45.447105400000005], [-73.65006540000002, 45.447107200000005], [-73.65016940000001, 45.44711039999999], [-73.65030560000001, 45.447110800000004], [-73.65042620000001, 45.4471154], [-73.65090980000001, 45.4471231], [-73.65222130000001, 45.447150799999996], [-73.6526254, 45.4471584], [-73.65309220000002, 45.4471677], [-73.65345050000002, 45.4471759], [-73.6537036, 45.4471808], [-73.65432180000002, 45.4471923], [-73.65496010000001, 45.4472056], [-73.6565489, 45.4472381], [-73.6573036, 45.4472536], [-73.66002100000001, 45.44732499999999], [-73.6635807, 45.4473993], [-73.66714450000002, 45.44748690000001], [-73.68084170000002, 45.4478295], [-73.68188041424743, 45.44785430511636], [-73.6823095, 45.44779270000001], [-73.6841218, 45.4478366], [-73.68522520000002, 45.4478697], [-73.68579270000001, 45.4478978], [-73.6863265, 45.4479285], [-73.68695650000001, 45.4479735], [-73.6877229, 45.4480259], [-73.68887100000002, 45.448097100000005], [-73.6897886, 45.44816190000001], [-73.6907626132132, 45.448230075190565], [-73.69139551180113, 45.44827450051199], [-73.6922855, 45.448339700000005], [-73.69313370000002, 45.4483996], [-73.69394800000002, 45.4484563], [-73.69495760000001, 45.4485261], [-73.695435, 45.44855449999999], [-73.69578100000001, 45.4485752], [-73.69612580000002, 45.4485878], [-73.6964375, 45.4486006], [-73.69646153285726, 45.44860120082142], [-73.69748750000001, 45.4486128], [-73.69772910000002, 45.4486103], [-73.6980112, 45.4486063], [-73.6986313, 45.44858630000001], [-73.6988393, 45.4485764], [-73.6991177, 45.4485624], [-73.699414, 45.4485448], [-73.6997249, 45.4485274], [-73.70040480000002, 45.44848710000001], [-73.70150350000002, 45.44842100000001], [-73.7018283, 45.4484038], [-73.7021645, 45.44838759999999], [-73.7023818, 45.4483773], [-73.7025556, 45.4483722], [-73.70274160000001, 45.4483662], [-73.70294270000001, 45.4483612], [-73.70320520000001, 45.4483583], [-73.70343070000001, 45.4483567], [-73.70361910000001, 45.4483571], [-73.70382250000002, 45.44835750000001], [-73.7042269, 45.4483625], [-73.7045051, 45.4483687], [-73.70520660000001, 45.448381], [-73.70598613633243, 45.44839649911246], [-73.70644890000001, 45.4484057], [-73.70918420000001, 45.4484608], [-73.70963220000002, 45.44846929999999], [-73.71997172848106, 45.44867336591697], [-73.72060741838298, 45.44868595286738], [-73.72124313112846, 45.44869902005444], [-73.7222702, 45.44879550000001], [-73.72561800000001, 45.44886], [-73.73058020000002, 45.4489624], [-73.7323348, 45.4489978], [-73.73290690000002, 45.4490074], [-73.7331426, 45.4490116], [-73.7333961, 45.449013699999995], [-73.73375040000002, 45.44901480000001], [-73.73411620000002, 45.4490116], [-73.7345008, 45.4490062], [-73.73467370000002, 45.4490016], [-73.7371875, 45.44893809999999], [-73.73748980000002, 45.44893460000001], [-73.73774000000002, 45.44893209999999], [-73.73806670000002, 45.4489308], [-73.738363, 45.448935000000006], [-73.73891360000002, 45.448942], [-73.739525, 45.4489547], [-73.73974480000001, 45.4489543], [-73.74003580000002, 45.4489502], [-73.74031605790121, 45.44894507597888], [-73.74145980000002, 45.4489164], [-73.74285811810832, 45.448944357602606], [-73.74349382092993, 45.44895706427839], [-73.74446230000001, 45.44897640000001], [-73.74985090660444, 45.449082784343545], [-73.7500847, 45.4490874], [-73.75103320000001, 45.44910599999999], [-73.75127750000001, 45.4491101], [-73.75198190000002, 45.449125], [-73.75253870000002, 45.4491362], [-73.75302945323222, 45.44914505925001], [-73.75366521723346, 45.449156730296686], [-73.75487630000002, 45.44918070000001], [-73.7559599, 45.4492022], [-73.7567666, 45.449219], [-73.7575707, 45.4492339], [-73.75862610000001, 45.4492566], [-73.76016180000002, 45.4492848], [-73.76194010000002, 45.449318600000005], [-73.76351320000002, 45.44935060000001], [-73.76519100000002, 45.4493826], [-73.76690090000001, 45.4494137], [-73.7673591, 45.4494244], [-73.76837290000002, 45.4494439], [-73.77035430000001, 45.4494833], [-73.7720682, 45.4495143], [-73.77377680000001, 45.44954920000001], [-73.7755105, 45.4495823], [-73.77615930000002, 45.449594600000005], [-73.77708260000001, 45.4496141], [-73.778771, 45.4496451], [-73.7790339, 45.44965080000001], [-73.77974550000002, 45.44966519999999], [-73.78053250000002, 45.4496799], [-73.78167790000002, 45.449702300000006], [-73.78296470000001, 45.4497279], [-73.78465040000002, 45.44975139999999], [-73.7851895, 45.4497524], [-73.78599820000001, 45.44974479999999], [-73.78647290000002, 45.44973540000001], [-73.7867932, 45.44973120000001], [-73.78709070000001, 45.4497213], [-73.78737170000001, 45.4497103], [-73.78763, 45.449702], [-73.78799331621126, 45.449685969200466], [-73.7886026, 45.449653999999995], [-73.788904, 45.449637200000005], [-73.7892196, 45.4496181], [-73.7895675, 45.4495961], [-73.78992880000001, 45.4495666], [-73.7903604, 45.4495319], [-73.7907927, 45.44949419999999], [-73.7914383, 45.4494357], [-73.7923788, 45.4493317], [-73.7933876, 45.449204], [-73.7944797, 45.4490478], [-73.79530310000001, 45.44892], [-73.79597950000002, 45.4488024], [-73.796605, 45.4486923], [-73.7970981, 45.4485954], [-73.79755360000001, 45.4485042], [-73.79788610000001, 45.4484353], [-73.79822790000001, 45.448362], [-73.7985758, 45.4482856], [-73.7990487, 45.4481781], [-73.79951090000002, 45.4480696], [-73.7999801, 45.447953999999996], [-73.8004339, 45.4478384], [-73.8006902, 45.4477723], [-73.80096, 45.447700600000005], [-73.80129070000001, 45.44761040000001], [-73.80159890000002, 45.4475232], [-73.801895, 45.4474397], [-73.80232630000002, 45.4473141], [-73.803275, 45.44702899999999], [-73.8049351, 45.4465227], [-73.8057509, 45.4462731], [-73.8073056, 45.44579970000001], [-73.80887100000001, 45.44532159999999], [-73.80983580000002, 45.445024800000006], [-73.81047440000002, 45.4448302], [-73.81082190000001, 45.44472360000001], [-73.81163990000002, 45.444474699999994], [-73.8128181, 45.4441145], [-73.81317040000002, 45.44400529999999], [-73.81351100000002, 45.443903], [-73.81400040000001, 45.44375869999999], [-73.81458190000001, 45.443591], [-73.8149428, 45.443490399999995], [-73.81528900000002, 45.4433943], [-73.81623930000002, 45.44313760000001], [-73.8165437, 45.4430553], [-73.81862520000001, 45.4424963], [-73.82132460000001, 45.4417684], [-73.82214030000002, 45.4415516], [-73.8229392, 45.441334899999994], [-73.8240096, 45.4410471], [-73.8247881, 45.4408381], [-73.825603, 45.4406172], [-73.82738150000002, 45.44013880000001], [-73.8279012, 45.4399989], [-73.8295522, 45.43955429999999], [-73.83344200000002, 45.4385071], [-73.83465650000001, 45.438179500000004], [-73.83522900000001, 45.4380237], [-73.8361634, 45.4377719], [-73.83817630000001, 45.4372312], [-73.84102120000001, 45.4364642], [-73.84215750000001, 45.43615599999999], [-73.84335590000002, 45.4358336], [-73.84455340000001, 45.43551060000001], [-73.84653401691436, 45.43497440802515], [-73.84712794296034, 45.43481364007509], [-73.84772232783719, 45.43465367363138], [-73.84842310000002, 45.4344675], [-73.85024410000001, 45.4339762], [-73.8524273, 45.4333904], [-73.8530893, 45.433209700000006], [-73.85571490000001, 45.4325039], [-73.8562792, 45.4323531], [-73.85683490000001, 45.4322122], [-73.8570417, 45.4321579], [-73.85727480000001, 45.4321], [-73.8575113, 45.4320427], [-73.85772510000001, 45.4319903], [-73.8578445, 45.4319633], [-73.8580799, 45.4319079], [-73.85837600000002, 45.43184], [-73.85864020000001, 45.4317822], [-73.85885050000002, 45.4317348], [-73.85901880000002, 45.4316995], [-73.8591939, 45.4316624], [-73.8593795, 45.4316241], [-73.85965290000001, 45.43156700000001], [-73.8598987, 45.431517400000004], [-73.86015750000001, 45.43146600000001], [-73.860349, 45.43142929999999], [-73.8605526, 45.4313901], [-73.86074090000001, 45.4313559], [-73.86092430000001, 45.4313216], [-73.86110340000002, 45.43128970000001], [-73.8613096, 45.4312532], [-73.86150440000002, 45.43122000000001], [-73.8617093, 45.4311847], [-73.86231040000001, 45.431084899999995], [-73.8628564, 45.4309988], [-73.86521530000002, 45.4306268], [-73.8669009, 45.4303593], [-73.87001490000002, 45.4298682], [-73.8732535, 45.4293555], [-73.87513570000002, 45.42905789999999], [-73.8770857, 45.428749499999995], [-73.87841110000001, 45.428539699999995], [-73.879825, 45.4283162], [-73.88251830000002, 45.4278889], [-73.8844162, 45.4275872], [-73.885089222251, 45.42748114379408], [-73.88570992850661, 45.42738321572733], [-73.8856373, 45.4273947], [-73.88865140000001, 45.426918099999995], [-73.89034190000001, 45.4266504], [-73.89120060000002, 45.426515], [-73.89367840000001, 45.42612299999999], [-73.89511050000002, 45.42589400000001], [-73.8953109, 45.42586070000001], [-73.89578780000001, 45.4257806], [-73.8962166, 45.4257055], [-73.8965951, 45.4256379], [-73.8969735, 45.4255667], [-73.89732850000001, 45.4254974], [-73.89768350000001, 45.4254252], [-73.8980905, 45.4253411], [-73.89841740000001, 45.4252707], [-73.89874160000001, 45.425200200000006], [-73.8990322, 45.4251337], [-73.89932100000001, 45.4250676], [-73.89957330000001, 45.425008], [-73.8998647, 45.4249376], [-73.90010870000002, 45.424879], [-73.90034230000002, 45.4248194], [-73.90056610000002, 45.42476359999999], [-73.90088350000002, 45.4246811], [-73.90119420000002, 45.4245981], [-73.90129850000001, 45.4245696], [-73.9015967, 45.424488], [-73.90183910000002, 45.42442129999999], [-73.90206310000002, 45.4243572], [-73.9022928, 45.424291100000005], [-73.9026019, 45.4242012], [-73.9031352, 45.4240396], [-73.90336920000001, 45.4239681], [-73.9035593, 45.423908700000005], [-73.90376850000001, 45.4238426], [-73.90400280000001, 45.4237677], [-73.90418640000001, 45.423707500000006], [-73.90434630000001, 45.423654400000004], [-73.90487460000001, 45.423477600000005], [-73.9053989, 45.4232939], [-73.9062412, 45.4229921], [-73.90887070000001, 45.42204149999999], [-73.9121229, 45.4208717], [-73.91335040000001, 45.42042589999999], [-73.91467490000001, 45.4199475], [-73.91559740000001, 45.4196156], [-73.91621420000001, 45.4193923], [-73.9167873, 45.419185999999996], [-73.9174828, 45.4189343], [-73.91815400000002, 45.4186935], [-73.91891520000001, 45.4184193], [-73.9196849, 45.4181399], [-73.9201087, 45.41798670000001], [-73.92053250000001, 45.41783540000001], [-73.92130480000002, 45.417555300000004], [-73.9226156, 45.4170801], [-73.9231608, 45.41688460000001], [-73.92362260000002, 45.416716], [-73.92499650000002, 45.4162223], [-73.9252932, 45.4161152], [-73.92572470000002, 45.415956699999995], [-73.9261481, 45.4158057], [-73.9263387, 45.41573850000001], [-73.9268897, 45.415539700000004], [-73.92711360000001, 45.41545889999999], [-73.92754630000002, 45.4153046], [-73.92780000000002, 45.4152117], [-73.92827890000001, 45.4150398], [-73.92954747396671, 45.41457847167012], [-73.9298859, 45.41445540000001], [-73.93198330000001, 45.413699], [-73.9325519, 45.413493300000006], [-73.9330894, 45.413301], [-73.93356780000002, 45.4131284], [-73.9347797, 45.412690000000005], [-73.93546360000002, 45.4124438], [-73.936589, 45.4120354], [-73.9369034, 45.411922800000006], [-73.93722820000002, 45.4118037], [-73.93892690000001, 45.4111924], [-73.94226790000002, 45.4099848], [-73.94259620000001, 45.4098649], [-73.94294480000002, 45.4097388], [-73.94313999297434, 45.409669084419264], [-73.94370753605237, 45.409466263331225], [-73.9440167, 45.409355], [-73.94418900000001, 45.409293000000005], [-73.94437360000002, 45.4092285], [-73.9445456, 45.4091699], [-73.94472910000002, 45.4091087], [-73.9448991, 45.409053], [-73.9450913, 45.40899220000001], [-73.9452167, 45.408953], [-73.94540910000002, 45.4088953], [-73.94562210000001, 45.4088318], [-73.94583500000002, 45.4087706], [-73.94606120000002, 45.4087061], [-73.94635250000002, 45.4086282], [-73.946536, 45.408582], [-73.94670000000002, 45.4085396], [-73.9469972, 45.4084691], [-73.9473343, 45.408391200000004], [-73.9479767, 45.4082506], [-73.94854210000001, 45.4081282], [-73.948772, 45.4080772], [-73.9489602, 45.4080348], [-73.94920830000001, 45.4079752], [-73.94940000000001, 45.407927199999996], [-73.94956170000002, 45.4078849], [-73.94981220000001, 45.4078158], [-73.94997070000001, 45.4077685], [-73.95013100000001, 45.4077201], [-73.95024120000001, 45.4076853], [-73.950433, 45.4076219], [-73.95060200000002, 45.4075653], [-73.9507091, 45.4075278], [-73.95080185851694, 45.40749393004494], [-73.95135726683024, 45.40727424575333], [-73.95189483593221, 45.40703536658281], [-73.95248720000001, 45.406734], [-73.95260420000001, 45.406669], [-73.9527194, 45.40660650000001], [-73.95289310000001, 45.4065039], [-73.95304550000002, 45.4064122], [-73.95315470000001, 45.4063446], [-73.9532577, 45.40627959999999], [-73.95336600000002, 45.4062099], [-73.95348300000002, 45.4061307], [-73.9535833, 45.4060634], [-73.9536846, 45.4059917], [-73.95378590000001, 45.40592000000001], [-73.95390510000001, 45.4058302], [-73.9540407, 45.40572650000001], [-73.9541727, 45.4056212], [-73.95430570000002, 45.4055115], [-73.95443560000001, 45.4054008], [-73.95453580000002, 45.4053124], [-73.95463240000001, 45.40522579999999], [-73.95477600000001, 45.4050937], [-73.9548885, 45.4049872], [-73.9549909, 45.4048903], [-73.95505037562133, 45.404834745241374], [-73.95534170000002, 45.4046076], [-73.9558028, 45.40415349999999], [-73.95679660000002, 45.4031778], [-73.95806160998612, 45.40193522092609], [-73.95843313485219, 45.40157010078684], [-73.9590784, 45.4009267], [-73.9602561, 45.3997861], [-73.9603268, 45.39972010000001], [-73.96076940000002, 45.399307099999994], [-73.96103530000002, 45.3990637], [-73.96106743423778, 45.39903657861672], [-73.9616176, 45.39850049999999], [-73.9625886, 45.3977024], [-73.96308630000001, 45.3973135], [-73.96388790000002, 45.3967028], [-73.96396100000001, 45.3966396], [-73.96405900000002, 45.39657720000001], [-73.9645374, 45.39623430000001], [-73.96490630000001, 45.3959719], [-73.9652174, 45.3957578], [-73.96537920000002, 45.3956488], [-73.96581310000002, 45.395361], [-73.96618010000002, 45.395119], [-73.9665939, 45.394856], [-73.9670416, 45.3945783], [-73.9673543, 45.3943891], [-73.9678132, 45.394116100000005], [-73.9685584, 45.39369], [-73.9688555, 45.393524899999996], [-73.96936520000001, 45.3932477], [-73.96971670000002, 45.393063899999994], [-73.97011490000001, 45.392854699999994], [-73.97069680000001, 45.3925621], [-73.97135570000002, 45.3922429], [-73.9717647, 45.39204519999999], [-73.9724277, 45.39174020000001], [-73.97299900000002, 45.39148709999999], [-73.97393090000001, 45.3910924], [-73.97500830000001, 45.3906622], [-73.97596830000002, 45.390301], [-73.97648090000001, 45.3901147], [-73.97710800000002, 45.3898974], [-73.97817500000001, 45.3895476], [-73.97907340000002, 45.38926940000001], [-73.97969570000001, 45.3890883], [-73.98009860000002, 45.3889736], [-73.98086110000001, 45.388770699999995], [-73.98157470000001, 45.3885867], [-73.9825641, 45.3883552], [-73.982938, 45.388271], [-73.9835705, 45.38813570000001], [-73.9841912, 45.38800799999999], [-73.98475170000002, 45.387900800000004], [-73.98530480000001, 45.3877997], [-73.98606180000002, 45.38766979999999], [-73.98648200000001, 45.387602], [-73.98688270000001, 45.3875411], [-73.98751260000002, 45.3874472], [-73.98821140000001, 45.3873505], [-73.98879070000001, 45.387277100000006], [-73.9894343, 45.3872033], [-73.9897704, 45.3871667], [-73.9900587, 45.3871374], [-73.9906037, 45.3870877], [-73.9913393, 45.387026600000006], [-73.99145420000002, 45.387019099999996], [-73.9928032, 45.386935], [-73.99332780000002, 45.3869105], [-73.99703100000002, 45.38673349999999], [-73.99831162508492, 45.386671372065564], [-73.99875010000001, 45.38665009999999], [-74.00402276663606, 45.38640456535587], [-74.00465711688382, 45.38637189718132], [-74.00528350000002, 45.386335], [-74.005425, 45.3863252], [-74.0055779, 45.38631329999999], [-74.0057473, 45.386301200000005], [-74.0058585, 45.3862908], [-74.00607510000002, 45.3862744], [-74.0062571, 45.3862564], [-74.00644800000002, 45.3862388], [-74.00670440000002, 45.3862129], [-74.00700130000001, 45.386178900000004], [-74.0072153, 45.3861539], [-74.0074333, 45.38612470000001], [-74.0076543, 45.3860955], [-74.00787910000001, 45.3860629], [-74.00804890000002, 45.386038], [-74.0082277, 45.38601069999999], [-74.0084323, 45.3859776], [-74.00858120000001, 45.3859543], [-74.0088749, 45.38590320000001], [-74.00910480000002, 45.38586180000001], [-74.00935620000001, 45.3858142], [-74.0095863, 45.3857692], [-74.00966670915732, 45.38575279521072], [-74.01043780000002, 45.385583999999994], [-74.01068980000001, 45.38552640000001], [-74.0109436, 45.3854646], [-74.0111298, 45.3854173], [-74.0113306, 45.385366], [-74.01154670000001, 45.3853076], [-74.01185010000002, 45.3852258], [-74.0120881, 45.385158200000006], [-74.01230950000001, 45.3850923], [-74.01259320000001, 45.3850066], [-74.0127817, 45.384946600000006], [-74.01299520000002, 45.3848784], [-74.0132105, 45.38480810000001], [-74.01342450000001, 45.384735000000006], [-74.01372200000002, 45.3846325], [-74.01401820000001, 45.3845246], [-74.01435100000002, 45.38440049999999], [-74.01458870000002, 45.384307500000006], [-74.0148513, 45.3842026], [-74.01508830000002, 45.38410429999999], [-74.01530060000002, 45.38401509999999], [-74.01551670000002, 45.383923300000006], [-74.01574280000001, 45.3838233], [-74.0159332, 45.3837359], [-74.01612490000001, 45.3836468], [-74.0163641, 45.3835346], [-74.0172235, 45.3831167], [-74.0177233, 45.382873800000006], [-74.0191493808419, 45.38217545734818], [-74.01967210653947, 45.38191932874888], [-74.0195183, 45.3819948], [-74.02170400000001, 45.3809223], [-74.0240988, 45.3797434], [-74.0257228, 45.3789441], [-74.02678900000001, 45.3784248], [-74.0282316, 45.37771570000001], [-74.0291659, 45.377256499999994], [-74.03032960000002, 45.3766866], [-74.0314445, 45.3761314], [-74.03167840000002, 45.37601430000001], [-74.0318987, 45.3759019], [-74.0320558, 45.3758196], [-74.03241890000001, 45.375626], [-74.03278070000002, 45.3754313], [-74.03324850000001, 45.37517319999999], [-74.0335514, 45.375000400000005], [-74.03388280000001, 45.3748105], [-74.03426590000001, 45.37458459999999], [-74.0346418, 45.37435940000001], [-74.03504830000001, 45.3741072], [-74.0354133, 45.3738801], [-74.03559260000002, 45.373763499999995], [-74.03575200000002, 45.373659], [-74.03604700000001, 45.3734636], [-74.03632940000001, 45.3732744], [-74.03673760000001, 45.37300030000001], [-74.03713930000002, 45.3727252], [-74.03760140000001, 45.37240979999999], [-74.03810870000001, 45.37206400000001], [-74.03877020000002, 45.3716182], [-74.03932360000002, 45.3712574], [-74.0400128, 45.3708239], [-74.04069080000001, 45.3704135], [-74.04075036230708, 45.3703783869586], [-74.0411827, 45.3701272], [-74.04151070000002, 45.3699397], [-74.04188190000002, 45.36973309999999], [-74.042566, 45.3693648], [-74.0430467, 45.3691122], [-74.043592, 45.3688276], [-74.04388440000001, 45.368674500000004], [-74.0441811, 45.3685194], [-74.04445790000001, 45.3683735], [-74.04484430000001, 45.3681728], [-74.04504540000002, 45.3680666], [-74.0462806, 45.3674189], [-74.046556, 45.367277], [-74.04705750000001, 45.36701360000001], [-74.0473128, 45.3668791], [-74.04750410000001, 45.3667786], [-74.0478054, 45.366623], [-74.0486588, 45.3661825], [-74.0492979, 45.36586570000001], [-74.05014500000001, 45.3654611], [-74.05104510000001, 45.3650546], [-74.05164760000001, 45.3647949], [-74.0519657, 45.3646605], [-74.0522601, 45.3645391], [-74.05273480000001, 45.3643465], [-74.05332360000001, 45.3641167], [-74.05400200000001, 45.363855], [-74.05473950000001, 45.3635709], [-74.05552190000002, 45.3632723], [-74.05644, 45.3629209], [-74.0569924, 45.3627084], [-74.05832400000001, 45.3621979], [-74.05924740000002, 45.3618435], [-74.05994810000001, 45.361573199999995], [-74.0607139, 45.3612803], [-74.06160460000001, 45.3609368], [-74.06260260000002, 45.360554699999994], [-74.0633347, 45.3602718], [-74.06404800000001, 45.3599891], [-74.06474770000001, 45.359699600000006], [-74.0653598, 45.3594343], [-74.06557590000001, 45.3593387], [-74.0658008, 45.3592381], [-74.066241, 45.3590381], [-74.0664026, 45.3589619], [-74.06660990000002, 45.3588647], [-74.0669057, 45.35872280000001], [-74.0672233, 45.3585701], [-74.06784500000002, 45.3582662], [-74.068759, 45.3578178], [-74.0700373, 45.35718980000001], [-74.0710134, 45.3567086], [-74.07169670000002, 45.3563738], [-74.07287340000002, 45.3557947], [-74.07316050000001, 45.3556559], [-74.0734527, 45.3555116], [-74.0740394, 45.3552212], [-74.07423330000002, 45.3551278], [-74.074686, 45.35490450000001], [-74.07504370000001, 45.35473040000001], [-74.0757793, 45.3543687], [-74.0761651, 45.3541791], [-74.07653910000002, 45.3539963], [-74.07730570000001, 45.3536188], [-74.07808880000002, 45.3532339], [-74.07844840000001, 45.3530578], [-74.07885130000001, 45.35286000000001], [-74.07963370000002, 45.35247480000001], [-74.0802662, 45.3521634], [-74.08072380000002, 45.3519377], [-74.0811931, 45.351709], [-74.0817486, 45.351435], [-74.08253960000002, 45.3510452], [-74.0833291, 45.35065839999999], [-74.08587410000001, 45.3494084], [-74.086349, 45.3491731], [-74.08876660000001, 45.34798539999999], [-74.0890071, 45.3478667], [-74.08913200000002, 45.347807599999996], [-74.08961470000001, 45.3475691], [-74.09008590000002, 45.34733640000001], [-74.09154280000001, 45.346619600000004], [-74.0918492, 45.3464691], [-74.0920517, 45.34636950000001], [-74.0925446, 45.346126], [-74.09324510000002, 45.3457816], [-74.0935084, 45.34565400000001], [-74.0971435, 45.3438641], [-74.10069860000002, 45.3421117], [-74.10741540000001, 45.338803199999994], [-74.10789430000001, 45.3385665], [-74.1086874, 45.3381773], [-74.1093519059284, 45.337848640453885], [-74.10987364844638, 45.3375920718789], [-74.11076970000002, 45.3371548], [-74.1118684, 45.3366122], [-74.11311200000002, 45.3359988], [-74.1158604, 45.334646], [-74.118117, 45.333534500000006], [-74.12597, 45.329664099999995], [-74.12664600000001, 45.3293336], [-74.13060380000002, 45.3273862], [-74.13227010000001, 45.326564700000006], [-74.13961470000001, 45.32294960000001], [-74.14115480000001, 45.322189900000005], [-74.14582620000002, 45.31988990000001], [-74.14879170000002, 45.3184301], [-74.1494406, 45.3181108], [-74.1514893, 45.3171078], [-74.1566799, 45.3145438], [-74.158223, 45.3137953], [-74.1595347, 45.31314019999999], [-74.16269080000001, 45.31158130000001], [-74.16310630370766, 45.311380128521634], [-74.16362762801621, 45.31112245785877], [-74.16390610000002, 45.3109826], [-74.1646257, 45.31063090000001], [-74.1649138, 45.3104827], [-74.16522330000001, 45.3103206], [-74.1654972, 45.3101794], [-74.1657575, 45.310036], [-74.1661278, 45.3098334], [-74.166802, 45.3094525], [-74.16785520000002, 45.3088421], [-74.1687602, 45.3083159], [-74.1699076, 45.307653099999996], [-74.17121700000001, 45.3068691], [-74.17197170000001, 45.30642230000001], [-74.1728525, 45.305906500000006], [-74.1734962, 45.3055501], [-74.17391470000001, 45.3053202], [-74.1741275, 45.3052029], [-74.17433350000002, 45.30509510000001], [-74.17458870000002, 45.30496], [-74.1748663, 45.3048201], [-74.17632030000001, 45.3041105], [-74.17651620000001, 45.304017], [-74.17670980000001, 45.3039294], [-74.1783638, 45.3032091], [-74.17960790000001, 45.3027094], [-74.18050779798692, 45.302359692147476], [-74.18106676821658, 45.30214499934827], [-74.18162524925063, 45.301930062519666], [-74.1826273, 45.3015437], [-74.18405000000001, 45.3010031], [-74.18538250000002, 45.3004863], [-74.18584220000001, 45.300311], [-74.18645330000001, 45.3000673], [-74.18682660000002, 45.29991640000001], [-74.1871325, 45.299791799999994], [-74.1874291, 45.299666200000004], [-74.1876879, 45.2995568], [-74.18787280000001, 45.2994775], [-74.1880484, 45.2994014], [-74.18832250000001, 45.2992783], [-74.1888717, 45.299029299999994], [-74.18927920000002, 45.2988405], [-74.18947560000001, 45.2987496], [-74.18967620000001, 45.29865269999999], [-74.18995540000002, 45.2985172], [-74.19025760000001, 45.2983676], [-74.1907819, 45.2981004], [-74.19113490000001, 45.29791780000001], [-74.19149050000001, 45.2977316], [-74.1919772, 45.2974689], [-74.19214660000002, 45.2973756], [-74.19234270000001, 45.2972647], [-74.19259900000002, 45.297117400000005], [-74.19278990000001, 45.2970091], [-74.192996, 45.2968901], [-74.1932223, 45.2967585], [-74.1935848, 45.2965396], [-74.19378690000002, 45.29641730000001], [-74.1940669, 45.29624410000001], [-74.19425080000002, 45.2961284], [-74.19437070000001, 45.2960524], [-74.1947697, 45.295796599999996], [-74.19494600000002, 45.2956829], [-74.19529350000002, 45.2954498], [-74.1955819, 45.29525279999999], [-74.19588540000001, 45.29504519999999], [-74.1962102, 45.2948134], [-74.1967886, 45.2943922], [-74.19711540000002, 45.294143500000004], [-74.1975876, 45.2937707], [-74.1980824, 45.29337520000001], [-74.19872890000002, 45.29286400000001], [-74.19878499774133, 45.29281906842291], [-74.19927540000002, 45.2925051], [-74.19940810000001, 45.2923986], [-74.19989290000001, 45.29201090000001], [-74.2000773, 45.2918645], [-74.20019430000002, 45.2917718], [-74.20026610000001, 45.2917138], [-74.2004389, 45.2915795], [-74.2006059, 45.2914478], [-74.2008619, 45.29125439999999], [-74.2010306, 45.29112979999999], [-74.2011575, 45.291037200000005], [-74.20130990000001, 45.2909272], [-74.20157530000002, 45.290744399999994], [-74.20167720000002, 45.2906714], [-74.2022325, 45.290307], [-74.20275860000001, 45.2899839], [-74.20282090000002, 45.289949], [-74.20310270000002, 45.2897879], [-74.2034686, 45.2895836], [-74.2036571, 45.2894807], [-74.20402290000001, 45.2892894], [-74.20434180000001, 45.289125600000006], [-74.2049669, 45.2888113], [-74.20549870000002, 45.2885471], [-74.2062236, 45.2881882], [-74.20644240000001, 45.28807799999999], [-74.2070084, 45.287799], [-74.2075648, 45.2875231], [-74.20815350000001, 45.2872304], [-74.20874600000002, 45.286938], [-74.2092728, 45.2866777], [-74.2099079, 45.2863621], [-74.21041440000002, 45.28611180000001], [-74.211416, 45.285614], [-74.21228670000002, 45.2851823], [-74.2130159, 45.284816], [-74.21367990000002, 45.2844899], [-74.21469410000002, 45.28398740000001], [-74.2157278, 45.283473099999995], [-74.21666820000002, 45.28300680000001], [-74.21773500000002, 45.2824779], [-74.21873630000002, 45.2819808], [-74.2197003, 45.2815013], [-74.22048440000002, 45.2811079], [-74.2213481, 45.2806827], [-74.22203840000002, 45.28034029999999], [-74.2223128, 45.28020190000001], [-74.222447, 45.2801352], [-74.22298390000002, 45.2798705], [-74.22351030000002, 45.2796097], [-74.22385080000001, 45.2794378], [-74.22419670000001, 45.279267], [-74.2244318, 45.27915089999999], [-74.22514827975881, 45.27879796671183], [-74.22566724474905, 45.278538086328396], [-74.22616050000002, 45.2782487], [-74.2267126, 45.2779737], [-74.22706160000001, 45.2778005], [-74.22748610000001, 45.2775915], [-74.2279714, 45.2773471], [-74.2287203, 45.27697620000001], [-74.2293194, 45.27668], [-74.23019070000001, 45.2762445], [-74.23041360000002, 45.27613529999999], [-74.23091910000001, 45.2758877], [-74.23136339754893, 45.275665845533204], [-74.23188352856631, 45.27540736065225], [-74.23222520000002, 45.2752399], [-74.23276140000002, 45.2749693], [-74.232949, 45.2748788], [-74.2341972, 45.2742586], [-74.23491870000001, 45.2739001], [-74.23500676842659, 45.27385752663739], [-74.2355285651108, 45.273600072535615], [-74.2360777, 45.27332779999999], [-74.2366199, 45.2730635], [-74.23722190000001, 45.2727556], [-74.23798150000002, 45.2723953], [-74.23819410000002, 45.2722869], [-74.23865438453613, 45.272052083778576], [-74.2387702, 45.271993], [-74.239636, 45.2715644], [-74.2406677, 45.2710507], [-74.2416765, 45.2705517], [-74.2427688, 45.2700103], [-74.24367400000001, 45.2695615], [-74.24493850000002, 45.2689316], [-74.24599960000002, 45.26840519999999], [-74.24672170000001, 45.268048], [-74.248374, 45.2672261], [-74.2491801, 45.26682530000001], [-74.2504592, 45.2661927], [-74.250901, 45.265972399999995], [-74.2516459, 45.2656009], [-74.2535786, 45.26463840000001], [-74.25743220000001, 45.2627297], [-74.2600399, 45.261434200000004], [-74.26222920000001, 45.2603474], [-74.26348090000002, 45.25972120000001], [-74.26467600587056, 45.25913018353424], [-74.26519684774593, 45.258872085123734], [-74.26487960000001, 45.2590295], [-74.26669020000001, 45.2581311], [-74.26700560000002, 45.2579699], [-74.26739820000002, 45.2577795], [-74.26869780000001, 45.257131799999996], [-74.27012190000002, 45.25642529999999], [-74.2734261, 45.2547854], [-74.2759823, 45.2535094], [-74.27866530000001, 45.2521771], [-74.2831844, 45.2499156], [-74.2838344, 45.24960750000001], [-74.28911260000001, 45.24697999999999], [-74.29006380000001, 45.2465037], [-74.29558280000002, 45.2437595], [-74.29640240000002, 45.2433496], [-74.3000657, 45.241529500000006], [-74.3076428, 45.2377669], [-74.3110049, 45.236098399999996], [-74.3186008, 45.2323249], [-74.32832000000002, 45.2274945], [-74.32919622970608, 45.22706889709926], [-74.3300355, 45.2266533], [-74.3307544641144, 45.22629042912657], [-74.33127354337523, 45.22603061628152], [-74.33179290916233, 45.22577109931953], [-74.33231271529165, 45.225511999390946], [-74.34167946482788, 45.22085886285966], [-74.3421998580949, 45.22060037051366], [-74.34211460000002, 45.22064269999999], [-74.35469122819472, 45.21439857488837], [-74.35517820000001, 45.2141568], [-74.35833468628893, 45.21258986000881], [-74.35885507693821, 45.21233137443613], [-74.3656188283618, 45.20896965718651], [-74.36613957916657, 45.2087114812822], [-74.37499559090459, 45.20432656831387], [-74.37551493268714, 45.20406723556228], [-74.37603516951292, 45.20380840762425], [-74.3810312, 45.2013272], [-74.38730570000001, 45.1982129], [-74.390692, 45.19653400000001], [-74.39322014759398, 45.19529021257545], [-74.39374074277298, 45.19503204692761], [-74.4059637, 45.18897330000001], [-74.4084412, 45.1877372], [-74.41544940000001, 45.18427049999999], [-74.42060750000002, 45.18172529999999], [-74.4225424, 45.1807652], [-74.4261406, 45.178960100000005], [-74.43357840000002, 45.17529110000001], [-74.43900690000001, 45.1726068], [-74.44777230000001, 45.1682757], [-74.45391690000001, 45.16523699999999], [-74.4578684, 45.1632796], [-74.46296770000001, 45.1607556], [-74.4662626, 45.1591236], [-74.46989450000001, 45.157327900000006], [-74.4726987, 45.1559345], [-74.47557130000001, 45.1545087], [-74.47713430000002, 45.1537457], [-74.47744040000002, 45.15359149999999], [-74.4826622, 45.1510081], [-74.4858769, 45.1494153], [-74.48868330000002, 45.148023499999994], [-74.49063869630082, 45.14705873145371], [-74.49115989172482, 45.146801009545364], [-74.49090080000002, 45.146930000000005], [-74.49414290000001, 45.1453159], [-74.496271, 45.1442671], [-74.4994124, 45.1426947], [-74.5010672, 45.14188130000001], [-74.5011422, 45.1418438], [-74.50317600000001, 45.140831], [-74.50585920000002, 45.1395098], [-74.51265160000001, 45.1361416], [-74.51663790000002, 45.134165599999996], [-74.5170365, 45.1339631], [-74.51740540000002, 45.1337696], [-74.51779970000001, 45.1335615], [-74.5182585, 45.1333092], [-74.51867940000001, 45.1330711], [-74.5207963, 45.131858], [-74.52166618547774, 45.13136513138923], [-74.5226658, 45.1308014], [-74.5236798, 45.1302308], [-74.5281041, 45.1277099], [-74.53175700000001, 45.1256656], [-74.5368393, 45.12279259999999], [-74.54171160000001, 45.1200281], [-74.5437044, 45.118901], [-74.54580800000001, 45.1177064], [-74.54718200000002, 45.116923099999994], [-74.5491163, 45.1158349], [-74.55466200000001, 45.112702], [-74.55787410000002, 45.1108618], [-74.5628209, 45.108067600000005], [-74.5667419, 45.1058591], [-74.5702637, 45.1038558], [-74.573698, 45.1019166], [-74.5765501, 45.1002965], [-74.57857170000001, 45.099154399999996], [-74.5812753, 45.09762030000001], [-74.58373200000001, 45.09622120000001], [-74.58459380000001, 45.0957432], [-74.5851328, 45.0954507], [-74.58551700000001, 45.095244], [-74.5859235, 45.095031600000006], [-74.5863276, 45.0948325], [-74.5867763, 45.094616], [-74.58726090000002, 45.0943868], [-74.5877503, 45.0941568], [-74.58826760000001, 45.093927300000004], [-74.5887492, 45.09371230000001], [-74.5892334, 45.0935038], [-74.5897223, 45.09329949999999], [-74.5901643, 45.0931232], [-74.59061760000002, 45.09295], [-74.59106200000001, 45.092783000000004], [-74.59318380000002, 45.0919983], [-74.59708100000002, 45.0905747], [-74.5986249, 45.0900128], [-74.6032022, 45.0883439], [-74.60858300000001, 45.086404], [-74.61356030000002, 45.08458480000001], [-74.6158989, 45.0837442], [-74.61838530000001, 45.0828286], [-74.62435930000001, 45.0806415], [-74.62835710000002, 45.0791751], [-74.63224210000001, 45.0777658], [-74.63931580000002, 45.0751684], [-74.64247680000001, 45.0740135], [-74.64422840000002, 45.0733808], [-74.64618160000002, 45.0726748], [-74.64764052180045, 45.07213210928195], [-74.64820330661766, 45.07192286201422], [-74.6500292, 45.0712566], [-74.6506798, 45.0710117], [-74.6513832, 45.07072899999999], [-74.65220240000001, 45.0703735], [-74.65296100000002, 45.0699993], [-74.65359440000002, 45.069665], [-74.65416176043983, 45.069344836197324], [-74.6546461145155, 45.06905242575518], [-74.65487340000001, 45.0689118], [-74.6554196, 45.0685561], [-74.6559597, 45.0681777], [-74.65656220000001, 45.0677295], [-74.65714960000001, 45.067245099999994], [-74.65766040000001, 45.0667979], [-74.6580559, 45.066406], [-74.6586585, 45.0657665], [-74.65907970000002, 45.06529280000001], [-74.65941160000001, 45.0648809], [-74.6597022, 45.0644973], [-74.6598404, 45.0643012], [-74.65999330000001, 45.0640838], [-74.6602456, 45.06370280000001], [-74.6606162, 45.0631057], [-74.6608161, 45.0627998], [-74.66102390000002, 45.062492000000006], [-74.6612106, 45.0622178], [-74.66143230000002, 45.061921], [-74.66166460000001, 45.0616251], [-74.66193820000001, 45.0612937], [-74.66228880000001, 45.0609022], [-74.6625833, 45.0605914], [-74.66292350000002, 45.0602437], [-74.66331950000001, 45.0598676], [-74.6636914, 45.0595343], [-74.66407120000001, 45.05921080000001], [-74.6645596, 45.058815], [-74.66495360000002, 45.0585188], [-74.66542660000002, 45.058180500000006], [-74.66598610000001, 45.05780510000001], [-74.66652280000001, 45.0574636], [-74.6669933, 45.057180800000005], [-74.66751490000001, 45.056891], [-74.6680202, 45.0566289], [-74.668534, 45.05637529999999], [-74.66903160000001, 45.0561464], [-74.67011259737278, 45.05566916824244], [-74.67040570000002, 45.0555821], [-74.67145030000002, 45.0551213], [-74.67294980000001, 45.0544687], [-74.6743242, 45.0538929], [-74.67610970000001, 45.05315029999999], [-74.67889710000001, 45.052003400000004], [-74.6807199, 45.0512522], [-74.68310140000001, 45.0502663], [-74.69015650000001, 45.047351], [-74.69146380000001, 45.04680630000001], [-74.6933088, 45.0460598], [-74.69548100000002, 45.0452048], [-74.6968087, 45.0446852], [-74.69819250000002, 45.0441479], [-74.6986261, 45.0439861], [-74.69910310000002, 45.0438164], [-74.69954370000002, 45.043667199999994], [-74.70001, 45.0435182], [-74.70043940000001, 45.0433922], [-74.70088210000002, 45.04327], [-74.70131710000001, 45.043154300000005], [-74.70177010000002, 45.0430444], [-74.70217370000002, 45.042951800000004], [-74.70259810000002, 45.042860899999994], [-74.7030151, 45.0427789], [-74.70346070000001, 45.04269649999999], [-74.7039257, 45.0426173], [-74.70439720000002, 45.0425492], [-74.70496810000002, 45.042473], [-74.7055481, 45.0424058], [-74.70615560000002, 45.042349], [-74.7066563, 45.042308500000004], [-74.70712400000001, 45.042280500000004], [-74.70755610000002, 45.04225950000001], [-74.70801580000001, 45.0422445], [-74.70848860000001, 45.042236900000006], [-74.70910550000002, 45.0422327], [-74.7106401, 45.042235], [-74.71295331304846, 45.04223935432892], [-74.71358941466615, 45.0422392166905], [-74.71417050000001, 45.0422004], [-74.71502110000002, 45.0422005], [-74.71686830000002, 45.0421969], [-74.71800820000001, 45.0421991], [-74.7239044, 45.0422089], [-74.73086660000001, 45.04221160000001], [-74.73839173923577, 45.042213144449924], [-74.73866240000001, 45.0422132], [-74.74345510000002, 45.04221290000001], [-74.74749410000001, 45.0422161], [-74.7499937, 45.0422155], [-74.75382300000001, 45.0422154], [-74.75619856376073, 45.0422154], [-74.75683446558429, 45.04221603724863], [-74.75701040000001, 45.0422164], [-74.75810140000002, 45.0422178], [-74.7637769, 45.04221950000001], [-74.7706149, 45.0422196], [-74.7720264, 45.0422196], [-74.7723338, 45.0422196], [-74.77314620000001, 45.042217], [-74.7739658, 45.0422184], [-74.77464127157104, 45.042219609077996], [-74.77527735641728, 45.04221977970203], [-74.777956, 45.0422161], [-74.7811876, 45.042217], [-74.78741420000001, 45.0422155], [-74.79207560000002, 45.04221710000001], [-74.7959854, 45.042215000000006], [-74.7980604, 45.0422148], [-74.80516732915724, 45.04221350121909], [-74.8058032606754, 45.04221382415231], [-74.806727, 45.0422143], [-74.8088854, 45.0422115], [-74.81417540000001, 45.0422078], [-74.81825490000001, 45.0422079], [-74.8201808, 45.0422079], [-74.8326329, 45.0421938], [-74.83301830000002, 45.0421965], [-74.83378544942724, 45.04219250314903], [-74.8342659, 45.04219], [-74.8554483, 45.042176399999995], [-74.86374670000001, 45.0421695], [-74.86546550000001, 45.0421675], [-74.86585960000001, 45.0421682], [-74.86913430000001, 45.0421674], [-74.87540000000001, 45.0421601], [-74.8824068, 45.0421539], [-74.88880420000001, 45.04214389999999], [-74.89420136475931, 45.04213971121007], [-74.8947325, 45.042174], [-74.8991855, 45.042177800000005], [-74.90002770000001, 45.04217510000001], [-74.90085940000002, 45.0421679], [-74.9014967, 45.0421512], [-74.90208580000001, 45.0421261], [-74.90269290000002, 45.042084800000005], [-74.90327600000002, 45.0420364], [-74.90387680000002, 45.041976], [-74.9044196, 45.04190940000001], [-74.90496000000002, 45.04183140000001], [-74.90545450000002, 45.04175240000001], [-74.90602570000001, 45.0416499], [-74.90663140000001, 45.0415298], [-74.90715900000001, 45.0414153], [-74.9076765, 45.0412923], [-74.9082449, 45.0411446], [-74.908743, 45.0410053], [-74.90924940000001, 45.0408536], [-74.90976760000001, 45.040686099999995], [-74.9101821, 45.0405442], [-74.91063990000002, 45.0403801], [-74.91109910000002, 45.0402095], [-74.91149350268532, 45.04006156600149], [-74.91205532952273, 45.039850645732145], [-74.91810690000001, 45.0375617], [-74.92682840000002, 45.0342627], [-74.9321844, 45.03223969999999], [-74.93550290000002, 45.0309856], [-74.94062010000002, 45.0290499], [-74.95135080000001, 45.0249873], [-74.953581, 45.0241429], [-74.95656290000001, 45.023015799999996], [-74.96189970000002, 45.0209968], [-74.96642200000001, 45.01928339999999], [-74.98214499747975, 45.013328421712245], [-74.9825288, 45.0131806], [-74.98250400000002, 45.0131489], [-74.98963190000002, 45.0104473], [-74.9927375, 45.0092678], [-74.9957591, 45.008126], [-75.00092340000002, 45.0061667], [-75.0050578, 45.0045972], [-75.01238267733555, 45.00181664160861], [-75.0129419008715, 45.00160258443116], [-75.01374050000001, 45.001286], [-75.01429490000001, 45.00104880000001], [-75.0148128, 45.0008085], [-75.01529920000002, 45.0005739], [-75.01572890000001, 45.0003559], [-75.01621390000001, 45.0000914], [-75.01671570000002, 44.9998039], [-75.01711050000002, 44.9995702], [-75.01712642173946, 44.99956076261935], [-75.01755100000001, 44.9993091], [-75.0244552, 44.9951818], [-75.02820090000002, 44.99294019999999], [-75.03071970000002, 44.9914357], [-75.03489960000002, 44.98893400000001], [-75.0375225489203, 44.987365237745614], [-75.03800813636205, 44.98707486300766], [-75.0390053, 44.98647859999999], [-75.0433391, 44.9838831], [-75.04472000000001, 44.98305390000001], [-75.04748710000001, 44.9813978], [-75.04887930000001, 44.98056470000001], [-75.0500303, 44.9798741], [-75.0504888, 44.9796017], [-75.05190930000002, 44.9787504], [-75.05227020000001, 44.978535], [-75.05436060000001, 44.9772813], [-75.0561295, 44.9762204], [-75.0607013, 44.9734812], [-75.06331040000002, 44.9719212], [-75.06587290000002, 44.9703859], [-75.06622060000001, 44.9701817], [-75.0665943, 44.9699642], [-75.06693980000001, 44.969776700000004], [-75.06739920000001, 44.9695297], [-75.06780220000002, 44.9693315], [-75.06823420000002, 44.96912360000001], [-75.06864140000002, 44.9689357], [-75.06908240000001, 44.9687416], [-75.0695858, 44.9685205], [-75.0704566, 44.9681386], [-75.0713972, 44.9677197], [-75.07752820000002, 44.9650289], [-75.087095, 44.9608206], [-75.08978854396483, 44.959635753711815], [-75.09032849095914, 44.959398164608025], [-75.09126900000001, 44.958984699999995], [-75.0939791, 44.957792399999995], [-75.10164590000001, 44.9544188], [-75.10346680000002, 44.953616200000006], [-75.1079866, 44.9516245], [-75.113747, 44.9490679], [-75.11702310000001, 44.9476494], [-75.12093170000001, 44.9459266], [-75.13052330000001, 44.94170179999999], [-75.1395664, 44.9377175], [-75.1450614, 44.9352929], [-75.14754150000002, 44.9341994], [-75.16120340000002, 44.9281739], [-75.16751046610017, 44.92538796455295], [-75.1678859, 44.9252235], [-75.17642920000002, 44.9214519], [-75.1789994, 44.920318599999995], [-75.18224570000001, 44.9188848], [-75.18394400000001, 44.9181349], [-75.18513620000002, 44.9176083], [-75.18711430000002, 44.9167355], [-75.18750760000002, 44.9165599], [-75.1886922, 44.9160391], [-75.18978090000002, 44.915557199999995], [-75.19197330000002, 44.9145896], [-75.19439620000001, 44.913519400000006], [-75.19703370000002, 44.9123535], [-75.2062788, 44.9082708], [-75.21152550000001, 44.9059489], [-75.2145687, 44.904603200000004], [-75.2163479, 44.9038173], [-75.22073830000001, 44.90187720000001], [-75.2260947, 44.8995081], [-75.23494990000002, 44.89559199999999], [-75.24607390000001, 44.89066909999999], [-75.25135400000002, 44.8883354], [-75.25428520000001, 44.8870339], [-75.2598636, 44.8845671], [-75.26888810000001, 44.8805692], [-75.27120240000002, 44.8795464], [-75.2733521, 44.87859279999999], [-75.2759965, 44.8774197], [-75.27739390000002, 44.8768002], [-75.27790140000002, 44.8765807], [-75.2784935, 44.8763332], [-75.27908770000002, 44.876090000000005], [-75.2796973, 44.8758517], [-75.28025590000001, 44.8756404], [-75.28260990000001, 44.8747816], [-75.2857138, 44.8736523], [-75.28984690000001, 44.8721476], [-75.29233080000002, 44.871239900000006], [-75.29675990000001, 44.8696296], [-75.2980562, 44.8691519], [-75.29858700000001, 44.868951599999995], [-75.29910520000001, 44.8687483], [-75.29960220000001, 44.8685498], [-75.3001435, 44.8683236], [-75.3007194, 44.8680761], [-75.30128770000002, 44.8678241], [-75.3018431, 44.8675675], [-75.3024189, 44.867293399999994], [-75.30302110000001, 44.86699719999999], [-75.303575, 44.8667208], [-75.30419210000001, 44.8664078], [-75.30473030000002, 44.86613690000001], [-75.30520640000002, 44.8658924], [-75.3060376, 44.86547439999999], [-75.30956700000002, 44.86368559999999], [-75.31248100000002, 44.8622129], [-75.31419480000001, 44.86134599999999], [-75.3176338, 44.859605], [-75.3188111, 44.85900939999999], [-75.32076840000002, 44.858026599999995], [-75.32374120000001, 44.8565158], [-75.32524230000001, 44.8557578], [-75.32654740000001, 44.8550934], [-75.32816140000001, 44.85428280000001], [-75.3293386, 44.853674], [-75.32980000000002, 44.85342790000001], [-75.33033070000002, 44.85313390000001], [-75.33084770000002, 44.8528416], [-75.331316, 44.8525683], [-75.33173800000002, 44.8523146], [-75.33211900000002, 44.85207890000001], [-75.3325295, 44.8518209], [-75.33300410000001, 44.8515145], [-75.33342120000002, 44.8512365], [-75.33382150000001, 44.8509647], [-75.33420570000001, 44.8506941], [-75.33458910000002, 44.8504193], [-75.3350029, 44.8501161], [-75.335412, 44.8498057], [-75.3358106, 44.8494969], [-75.33621770000002, 44.8491707], [-75.33660930000002, 44.848848700000005], [-75.33699120000001, 44.8485299], [-75.33728510000002, 44.8482749], [-75.33759840000002, 44.847997199999995], [-75.3378929, 44.847733000000005], [-75.33824780000002, 44.84740330000001], [-75.33849630000002, 44.8471651], [-75.3388724, 44.84680170000001], [-75.33924200000001, 44.84642889999999], [-75.33960380000002, 44.8460558], [-75.33993640000001, 44.84570610000001], [-75.3402394, 44.8453783], [-75.3413647, 44.844161], [-75.34237390000001, 44.84306380000001], [-75.34425370000001, 44.8410394], [-75.34692840000001, 44.83814939999999], [-75.34756700000001, 44.83746], [-75.34831660000002, 44.8366435], [-75.34856710000001, 44.836374], [-75.34958180000001, 44.8352815], [-75.35000010000002, 44.8348265], [-75.3511665, 44.8335687], [-75.35289450000002, 44.8316953], [-75.35423500000002, 44.830244500000006], [-75.3557284, 44.82863], [-75.35702580000002, 44.827221400000006], [-75.3584885, 44.825644], [-75.3603997, 44.823574900000004], [-75.3610959, 44.8228201], [-75.36271560000002, 44.8210654], [-75.36392130000002, 44.8197633], [-75.36601060000001, 44.8175005], [-75.36789440000001, 44.81546029999999], [-75.36936870000001, 44.8138663], [-75.36983670000001, 44.8133572], [-75.37096050000001, 44.812142800000004], [-75.3724236, 44.8105566], [-75.37393820000001, 44.8089178], [-75.37521770000001, 44.8075331], [-75.37666650000001, 44.8059647], [-75.3771214, 44.805472800000004], [-75.37754360000001, 44.8050198], [-75.37791020000002, 44.8046261], [-75.37828770000002, 44.80422], [-75.3786374, 44.8038632], [-75.37906480000001, 44.8034351], [-75.37949070000002, 44.8030254], [-75.3798783, 44.80266449999999], [-75.38025430000002, 44.80232540000001], [-75.38061850000001, 44.8020072], [-75.38108050000001, 44.8016146], [-75.38141690000002, 44.8013364], [-75.38194500000002, 44.8009104], [-75.38240770000002, 44.8005542], [-75.38294350000001, 44.8001484], [-75.38348720000002, 44.7997551], [-75.38405590000002, 44.7993534], [-75.3847663, 44.7988692], [-75.38513130000001, 44.798628400000005], [-75.38575650000001, 44.79820629999999], [-75.3862864, 44.79785890000001], [-75.38679820000002, 44.79753569999999], [-75.38755990000001, 44.7970719], [-75.3880758, 44.7967704], [-75.38854670000002, 44.79650060000001], [-75.38909090000001, 44.79620320000001], [-75.38959120000001, 44.7959368], [-75.3900653, 44.7956898], [-75.3905274, 44.7954519], [-75.39103220000001, 44.795201500000005], [-75.39120448025464, 44.79511816096075], [-75.39172994047922, 44.79486500285759], [-75.39226403491794, 44.794620610399434], [-75.39257360000002, 44.7945112], [-75.39320990000002, 44.7942389], [-75.39379670000001, 44.79399120000001], [-75.39447070000001, 44.7937238], [-75.3951529, 44.7934568], [-75.39571720000002, 44.7932467], [-75.39628010000001, 44.7930451], [-75.3970248, 44.7927858], [-75.39774550000001, 44.79255199999999], [-75.3984031, 44.79234619999999], [-75.39927090000002, 44.7920764], [-75.4011751, 44.791498600000004], [-75.4052933, 44.7902464], [-75.4074723, 44.7895873], [-75.4121745, 44.78816340000001], [-75.4141831, 44.7875551], [-75.4147846, 44.787369399999996], [-75.41527390000002, 44.7872153], [-75.4157586, 44.7870579], [-75.4162289, 44.7869002], [-75.4167383, 44.7867212], [-75.417238, 44.7865428], [-75.41773250000001, 44.78635489999999], [-75.41829930000002, 44.786137499999995], [-75.41885920000001, 44.785916799999995], [-75.41945720000001, 44.785670800000005], [-75.42007790000001, 44.7854087], [-75.42052430000001, 44.7852123], [-75.42097080000002, 44.7850109], [-75.4215048, 44.7847639], [-75.4220275, 44.7845089], [-75.42251170000002, 44.7842752], [-75.42295490000001, 44.78405359999999], [-75.42339120000001, 44.783835800000006], [-75.42384930000001, 44.7836038], [-75.4242623, 44.783396], [-75.42522090000001, 44.782911600000006], [-75.427112, 44.7819403], [-75.42858100000001, 44.7811921], [-75.43049320000002, 44.7802134], [-75.43425600000002, 44.778292], [-75.43615550000001, 44.7773222], [-75.4376944, 44.77653999999999], [-75.43958890000002, 44.7755709], [-75.4424219, 44.7741272], [-75.4462043, 44.7721932], [-75.44923370000001, 44.7706485], [-75.4520935, 44.769187], [-75.45425900000001, 44.768080700000006], [-75.45484280000001, 44.7677771], [-75.4553503, 44.7675087], [-75.4557405, 44.7672974], [-75.45612760000002, 44.7670805], [-75.4565764, 44.7668264], [-75.45699400000001, 44.7665834], [-75.4574874, 44.766287600000005], [-75.4579525, 44.7660008], [-75.45840720000001, 44.7657158], [-75.45886640000002, 44.7654179], [-75.45940550000002, 44.76505960000001], [-75.45999610000001, 44.7646474], [-75.46048970000001, 44.76429410000001], [-75.46182380000002, 44.7633065], [-75.4630716, 44.762375], [-75.46474930000001, 44.7611279], [-75.4658392, 44.7603171], [-75.4676783, 44.7589511], [-75.47039150000002, 44.75692540000001], [-75.4729771, 44.7550005], [-75.4736273, 44.7545153], [-75.4749361, 44.7535348], [-75.47624060000001, 44.7525638], [-75.4774135, 44.7516874], [-75.47961230000001, 44.7500448], [-75.48341030000002, 44.7472107], [-75.48407140000002, 44.7467146], [-75.48515500000002, 44.7459091], [-75.48745788775142, 44.744189388949344], [-75.48789510691586, 44.7438628087915], [-75.48775330000001, 44.7439156], [-75.48936260000002, 44.74271589999999], [-75.49009250000002, 44.7421699], [-75.4904335, 44.74191179999999], [-75.4909166, 44.7415553], [-75.4912769, 44.7412843], [-75.49168060000001, 44.7409824], [-75.4920342, 44.7407088], [-75.4923668, 44.7404425], [-75.4926996, 44.7401596], [-75.4930661, 44.7398338], [-75.49342340000001, 44.7394929], [-75.49376210000001, 44.7391555], [-75.4940573, 44.73884760000001], [-75.49435300000002, 44.7385189], [-75.49464640000001, 44.7381716], [-75.49495920000001, 44.7377797], [-75.4952151, 44.7374377], [-75.49541390000002, 44.7371645], [-75.49560300000002, 44.7368819], [-75.4957942, 44.7365794], [-75.4959987, 44.7362366], [-75.49618560000002, 44.735910100000005], [-75.49691850000002, 44.734571200000005], [-75.49825100000001, 44.7321445], [-75.49919970000002, 44.73040900000001], [-75.4993709, 44.73009789999999], [-75.49993400000001, 44.7290667], [-75.50012940000002, 44.7287335], [-75.5003658, 44.72835899999999], [-75.50056660000001, 44.72805759999999], [-75.50076190000001, 44.7277802], [-75.50096240000002, 44.7275087], [-75.50120860000001, 44.727200100000005], [-75.5014324, 44.7269334], [-75.50164540000002, 44.726687000000005], [-75.50186570000001, 44.726436899999996], [-75.50210710000002, 44.7261743], [-75.5023611, 44.7259087], [-75.50265720000002, 44.7256105], [-75.5029756, 44.725294600000005], [-75.503268, 44.7250205], [-75.50360300000001, 44.7247169], [-75.5039413, 44.724437599999995], [-75.50424570000001, 44.7242045], [-75.5045985, 44.7239534], [-75.50496680000002, 44.7237101], [-75.50531250000002, 44.7234857], [-75.50570660000001, 44.7232373], [-75.50739241846186, 44.722173085792676], [-75.5077984, 44.72191680000001], [-75.50998700000001, 44.72053090000001], [-75.51092780000002, 44.71993619999999], [-75.5129276, 44.7186738], [-75.51589940000001, 44.716795999999995], [-75.51749180000002, 44.7157907], [-75.51940610000001, 44.71458040000001], [-75.5248541, 44.711138999999996], [-75.5275215, 44.7094527], [-75.52841780000001, 44.7088815], [-75.52941610000002, 44.7082541], [-75.53356370000002, 44.7056321], [-75.53469750000001, 44.7048884], [-75.5357771, 44.7042331], [-75.5385889, 44.7024546], [-75.53903320000002, 44.7021594], [-75.53942690000001, 44.701897], [-75.53979010000002, 44.70164260000001], [-75.5402179, 44.7013389], [-75.5406054, 44.7010598], [-75.54114570000002, 44.7006482], [-75.5415151, 44.7003662], [-75.54184180000001, 44.7001056], [-75.542283, 44.6997441], [-75.5461678, 44.696532000000005], [-75.54741070000001, 44.695505000000004], [-75.55418850000001, 44.6898905], [-75.55762770000001, 44.68704710000001], [-75.55984070000001, 44.6852264], [-75.5625842, 44.68296730000001], [-75.56418220000002, 44.681654599999995], [-75.56475590000001, 44.6811778], [-75.56515090000002, 44.6808628], [-75.56552580000002, 44.68057], [-75.56594930000001, 44.68024990000001], [-75.56637670000002, 44.6799349], [-75.56682730000001, 44.6796131], [-75.56729600000001, 44.67928860000001], [-75.56776530000002, 44.67897310000001], [-75.56832450000002, 44.6786067], [-75.56893230000001, 44.67822350000001], [-75.56940180000001, 44.6779345], [-75.57193300000002, 44.6764352], [-75.5733573, 44.6755908], [-75.57413490000002, 44.6751298], [-75.57566150000001, 44.6742244], [-75.57647980000002, 44.6737423], [-75.57785990000002, 44.6729245], [-75.57895350000001, 44.6722786], [-75.5798508, 44.6717494], [-75.58027610000002, 44.6714925], [-75.5806639, 44.6712513], [-75.58108670000001, 44.670984999999995], [-75.58155940000002, 44.6706764], [-75.5820384, 44.67035069999999], [-75.58254140000001, 44.6699972], [-75.5832037, 44.6695188], [-75.58381710000002, 44.6690589], [-75.58432740000002, 44.66865839999999], [-75.58482300000001, 44.668263100000004], [-75.58530320000001, 44.6678645], [-75.5857935, 44.6674493], [-75.58627200000001, 44.6670373], [-75.58678690000002, 44.66659260000001], [-75.58735830000002, 44.666096100000004], [-75.58837487484907, 44.66521877048881], [-75.58877670214943, 44.66487001864939], [-75.58917817126769, 44.664521402836705], [-75.58976950000002, 44.6640089], [-75.59136320000002, 44.662626], [-75.59223370000001, 44.6618782], [-75.59328210000001, 44.6609743], [-75.59410270000001, 44.6602635], [-75.59752920000001, 44.657292], [-75.5982079, 44.656706899999996], [-75.6011434, 44.654164300000005], [-75.60262060000001, 44.652888299999994], [-75.60446937416653, 44.65128916548546], [-75.60487072138994, 44.65094034038919], [-75.6073281, 44.6488121], [-75.60932610000002, 44.6470788], [-75.6109287, 44.64569490000001], [-75.6126421, 44.6442112], [-75.6131188, 44.6437874], [-75.61439770000001, 44.64269050000001], [-75.6148396, 44.6423194], [-75.6152747, 44.6419651], [-75.61573590000002, 44.6416046], [-75.61621900000002, 44.641244099999994], [-75.61664600000002, 44.6409249], [-75.61713720000002, 44.640573700000004], [-75.61762910000002, 44.6402369], [-75.6181109, 44.6399127], [-75.61857430000002, 44.6396111], [-75.61912750000002, 44.63925849999999], [-75.61964740000002, 44.6389402], [-75.62026760000002, 44.63856930000001], [-75.62087750000002, 44.638223200000006], [-75.6215757, 44.6378431], [-75.6222791, 44.6374723], [-75.62283090000001, 44.6371875], [-75.62340080000001, 44.636907], [-75.6239872, 44.6366271], [-75.62460020000002, 44.6363461], [-75.6251545, 44.63610210000001], [-75.6257711, 44.635841], [-75.6266286, 44.6354929], [-75.62751430000002, 44.6351449], [-75.6284217, 44.6347919], [-75.62919220000002, 44.63449069999999], [-75.6315195, 44.6335866], [-75.63323480000001, 44.6329249], [-75.63538470000002, 44.6320857], [-75.63595790000001, 44.631862500000004], [-75.63660870000001, 44.63160010000001], [-75.63713800000001, 44.6313792], [-75.6377213, 44.631127], [-75.6383663, 44.630838999999995], [-75.63900080000002, 44.63054549999999], [-75.63971150000002, 44.63020209999999], [-75.6402292, 44.629939], [-75.6406778, 44.6297034], [-75.64112680000001, 44.629466400000005], [-75.6415297, 44.6292487], [-75.64198160000001, 44.6289984], [-75.6424054, 44.6287596], [-75.6428342, 44.62849669999999], [-75.6432491, 44.62824689999999], [-75.64370240000001, 44.627966], [-75.64415220000001, 44.6276792], [-75.64459030000002, 44.627396499999996], [-75.64496150000001, 44.627147300000004], [-75.64534780000001, 44.62688250000001], [-75.6457303, 44.6266135], [-75.64612330000001, 44.62632610000001], [-75.6465557, 44.6260106], [-75.64695170000002, 44.6257036], [-75.64738620000001, 44.6253673], [-75.6482572, 44.624675200000006], [-75.65138030000001, 44.622184], [-75.6534659, 44.6205268], [-75.65603770000001, 44.61846200000001], [-75.65712570000001, 44.6176142], [-75.65751500000002, 44.6173106], [-75.65785920000002, 44.6170486], [-75.65813120000001, 44.6168426], [-75.6584245, 44.6166282], [-75.6587536, 44.61639079999999], [-75.6591741, 44.616095900000005], [-75.65955790000001, 44.61583460000001], [-75.65989150000001, 44.6156114], [-75.6602976, 44.6153436], [-75.6606379, 44.6151258], [-75.6610099, 44.6148958], [-75.66150210000002, 44.614593], [-75.66196010000002, 44.61431910000001], [-75.6623325, 44.61410109999999], [-75.6627444, 44.6138662], [-75.66326860000001, 44.6135781], [-75.66367030000002, 44.6133663], [-75.66421460000001, 44.6130877], [-75.66467130000001, 44.61285590000001], [-75.6651206, 44.6126359], [-75.66559510000002, 44.6124098], [-75.6661026, 44.6121734], [-75.6667966, 44.6118532], [-75.66933360000002, 44.61068190000001], [-75.67032440000001, 44.610230300000005], [-75.67120413620171, 44.60982858498009], [-75.67173657281761, 44.609582800891125], [-75.6725043, 44.6092283], [-75.6729962, 44.6090037], [-75.67369790000001, 44.6086745], [-75.67420930000002, 44.6084167], [-75.67465830000002, 44.608173], [-75.67505920000002, 44.60793869999999], [-75.67547390000001, 44.6076794], [-75.67585710000002, 44.60742150000001], [-75.6763052, 44.60709039999999], [-75.6766529, 44.6068135], [-75.67705930000001, 44.6064592], [-75.67739170000002, 44.6061486], [-75.67767940000002, 44.60585869999999], [-75.67796150000001, 44.6055494], [-75.67816050000002, 44.6053168], [-75.67839530000002, 44.6050224], [-75.6786049, 44.6047347], [-75.67882700000001, 44.6044113], [-75.6790245, 44.6041006], [-75.67952510000002, 44.6032356], [-75.6805273, 44.6014854], [-75.68068130000002, 44.60122], [-75.6808852, 44.6008904], [-75.6810892, 44.600579800000006], [-75.68133900000001, 44.6002271], [-75.6815294, 44.5999692], [-75.68156600000002, 44.5999213], [-75.6818115, 44.5996146], [-75.68210610000001, 44.59926080000001], [-75.6824018, 44.59892180000001], [-75.6827155, 44.59858750000001], [-75.6830186, 44.598272], [-75.68333850000002, 44.5979653], [-75.68362170000002, 44.5977035], [-75.68367160000001, 44.59765689999999], [-75.6837377, 44.5976002], [-75.6841423, 44.5972568], [-75.68448140000001, 44.5969806], [-75.68479830000001, 44.5967373], [-75.68507710000002, 44.5965283], [-75.68537600000002, 44.5963148], [-75.6854404, 44.5962684], [-75.68549470000002, 44.5962321], [-75.6859496, 44.59593220000001], [-75.68644310000002, 44.5956233], [-75.68688550000002, 44.595360199999995], [-75.68732950000002, 44.59510509999999], [-75.6879009, 44.5947768], [-75.6884582, 44.594459400000005], [-75.68959990000002, 44.5938083], [-75.6910485, 44.5929811], [-75.69317380000001, 44.5917684], [-75.6932296, 44.5917366], [-75.69327000000001, 44.5917123], [-75.69428210000001, 44.591135], [-75.69510093590267, 44.59066836076567], [-75.69559593090375, 44.59038615910242], [-75.6959366, 44.5902421], [-75.69720520000001, 44.5895234], [-75.6973286, 44.58945490000001], [-75.69779700000001, 44.5892206], [-75.69821140000002, 44.589032], [-75.69862230000001, 44.5888558], [-75.69924820000001, 44.58860140000001], [-75.7003545, 44.5881504], [-75.7014129, 44.5877278], [-75.70195420000002, 44.5875231], [-75.7026193, 44.5873004], [-75.70319220000002, 44.5871286], [-75.70383230000002, 44.5869613], [-75.7044428, 44.58682279999999], [-75.7050492, 44.5867027], [-75.70587510000001, 44.5865571], [-75.70741010000002, 44.586286], [-75.70895770000001, 44.5860137], [-75.7104342, 44.58575210000001], [-75.7111941, 44.5856201], [-75.7119028, 44.58549270000001], [-75.71237730000001, 44.5853984], [-75.71290980000002, 44.58528390000001], [-75.7135463, 44.5851301], [-75.7142387, 44.5849556], [-75.71500570000002, 44.584754800000006], [-75.7157618, 44.5845475], [-75.71650030000002, 44.5843392], [-75.71716000000002, 44.584142199999995], [-75.71783410000002, 44.583933200000004], [-75.71841690000001, 44.5837456], [-75.7191411, 44.5835036], [-75.7196456, 44.5833253], [-75.72011900000001, 44.5831543], [-75.7206624, 44.58295139999999], [-75.72124930000001, 44.5827244], [-75.7227707, 44.5821168], [-75.72366800000002, 44.58176400000001], [-75.72494910000002, 44.5812534], [-75.725375, 44.581083899999996], [-75.72827130000002, 44.57993140000001], [-75.7284238, 44.5798721], [-75.72898240000002, 44.5796513], [-75.72949170000001, 44.5794553], [-75.73007194457293, 44.579245131057405], [-75.73064889642548, 44.57905557803092], [-75.73085850000001, 44.5789874], [-75.7315633, 44.57877980000001], [-75.7321447, 44.5786261], [-75.73275990000002, 44.5784751], [-75.73335820000001, 44.5783431], [-75.73420060000001, 44.5781615], [-75.7348458, 44.5780217], [-75.73538290000002, 44.5778959], [-75.73583050000002, 44.5777837], [-75.73628640000001, 44.5776608], [-75.7367, 44.57754090000001], [-75.7371456, 44.5774049], [-75.73757520000001, 44.5772662], [-75.73795650000001, 44.5771412], [-75.73831530000001, 44.577019], [-75.74070040000001, 44.5762014], [-75.74510680000002, 44.5746747], [-75.74523526865339, 44.574630613707455], [-75.74580778033365, 44.57443511331965], [-75.74673580000001, 44.5741195], [-75.74726100000001, 44.5739357], [-75.74769370000001, 44.573791], [-75.74812460000001, 44.5736507], [-75.74853760000002, 44.57351919999999], [-75.74904370000002, 44.5733638], [-75.74956610000001, 44.5732086], [-75.75007240000001, 44.5730668], [-75.75250050000001, 44.5723873], [-75.75972840000001, 44.57036550000001], [-75.7619216, 44.5697486], [-75.76489960000002, 44.5689154], [-75.7659694, 44.56861930000001], [-75.766301, 44.5685284], [-75.76702270000001, 44.5683268], [-75.7694902, 44.5676347], [-75.77113750000001, 44.5671732], [-75.77130990000002, 44.5671252], [-75.7719646, 44.5669431], [-75.77291369835072, 44.56667530978293], [-75.77350414554573, 44.566506857346], [-75.7738561, 44.56640490000001], [-75.77457980000001, 44.5661836], [-75.77503620000002, 44.56603450000001], [-75.77553570000002, 44.5658633], [-75.77594730000001, 44.5657114], [-75.77635370000002, 44.5655522], [-75.77678750000001, 44.5653781], [-75.77718590000002, 44.5652064], [-75.77764790000002, 44.5649967], [-75.7780958, 44.564784], [-75.77854390000002, 44.564555600000006], [-75.7789583, 44.564335299999996], [-75.7793587, 44.5641122], [-75.77968850000002, 44.5639175], [-75.78005630000001, 44.5636952], [-75.78041280000001, 44.5634681], [-75.78140670000002, 44.5628427], [-75.78246270000001, 44.5621668], [-75.78394090000002, 44.5612281], [-75.78434230000002, 44.56097160000001], [-75.78481360000002, 44.5606555], [-75.78522670000001, 44.5603614], [-75.7856572, 44.560042900000006], [-75.7860157, 44.55977], [-75.78634570000001, 44.5595074], [-75.7866492, 44.5592489], [-75.78698140000002, 44.5589621], [-75.78732320000002, 44.55865159999999], [-75.78757150000001, 44.5584196], [-75.78784870000001, 44.5581607], [-75.7885987, 44.5574289], [-75.78977920000001, 44.5562871], [-75.79196060000001, 44.55416600000001], [-75.79253454463597, 44.553606539569984], [-75.79290762474697, 44.553242087990725], [-75.79352530000001, 44.5525688], [-75.79455420000001, 44.5515853], [-75.7948673, 44.5512904], [-75.7951544, 44.55102430000001], [-75.79540920000001, 44.5508012], [-75.79568110000001, 44.5505781], [-75.79593580000001, 44.5503825], [-75.79622670000002, 44.5501744], [-75.7965227, 44.54997710000001], [-75.7968218, 44.5497898], [-75.79717670000001, 44.5495815], [-75.79750420000002, 44.5494076], [-75.79785270000002, 44.5492288], [-75.79822690000002, 44.54904799999999], [-75.79860600000002, 44.5488676], [-75.79950000123956, 44.5484529947595], [-75.79995470000001, 44.548239], [-75.8003358, 44.5480508], [-75.8007272, 44.547850800000006], [-75.8011002, 44.54764819999999], [-75.80139140000001, 44.5474866], [-75.8017965, 44.54725380000001], [-75.80213500000002, 44.54704400000001], [-75.8024847, 44.546824300000004], [-75.80281530000002, 44.5465992], [-75.80312910000002, 44.5463843], [-75.80353830000001, 44.546089], [-75.8038804, 44.5458307], [-75.8042507, 44.5455367], [-75.80458300000001, 44.545263199999994], [-75.80489690000002, 44.5449999], [-75.8052236, 44.5447275], [-75.80562620000002, 44.5443933], [-75.80870160000002, 44.5418092], [-75.8107146, 44.540121799999994], [-75.81132660000002, 44.5396102], [-75.81181660000001, 44.539203], [-75.8122774, 44.538818], [-75.81267340000001, 44.5384769], [-75.8131363, 44.53808899999999], [-75.81353580000001, 44.5377521], [-75.81745830000001, 44.53446460000001], [-75.81770280000002, 44.53425970000001], [-75.819132, 44.53305730000001], [-75.821852, 44.530774699999995], [-75.82255730000001, 44.5302023], [-75.82327610000002, 44.5296428], [-75.8237572, 44.5292851], [-75.82428290000001, 44.52890360000001], [-75.82597220000001, 44.5276681], [-75.82754530000001, 44.5265162], [-75.8310758, 44.5239448], [-75.83172860000002, 44.52346850000001], [-75.8333451, 44.5222895], [-75.83372950000002, 44.5220091], [-75.8343902, 44.5215251], [-75.83501620000001, 44.5210775], [-75.83543260000002, 44.5207922], [-75.83589430000002, 44.5204891], [-75.83634720000002, 44.520196199999994], [-75.83693430000001, 44.51982249999999], [-75.83743780000002, 44.519499], [-75.83908620000001, 44.51844580000001], [-75.8404224, 44.5176025], [-75.84400780000001, 44.5153294], [-75.84550371104012, 44.514374740413594], [-75.84597539917138, 44.51407324374262], [-75.84643890000001, 44.513827400000004], [-75.84677590000001, 44.513610199999995], [-75.84711720000001, 44.5133796], [-75.84739570000002, 44.5131852], [-75.84772490000002, 44.5129451], [-75.84803730000002, 44.5127033], [-75.8483733, 44.512426], [-75.8486274, 44.5121987], [-75.84890410000001, 44.5119522], [-75.84916180000002, 44.5117028], [-75.8494134, 44.5114542], [-75.84942371385654, 44.51144364856652], [-75.84978605530387, 44.511074168383495], [-75.84983430000001, 44.5110254], [-75.8505263, 44.5103129], [-75.85114840000001, 44.5096689], [-75.85192400000001, 44.5088691], [-75.85429630000002, 44.50643449999999], [-75.8554703, 44.5052354], [-75.85581590000001, 44.50488790000001], [-75.85614090000001, 44.5045699], [-75.85650800000002, 44.5042265], [-75.85686250000002, 44.5039018], [-75.85732820000001, 44.503490199999995], [-75.8577467, 44.503127], [-75.85812800000001, 44.50280680000001], [-75.8585644, 44.5024523], [-75.85900360000001, 44.502107], [-75.8594975, 44.5017307], [-75.86021000000001, 44.5012046], [-75.86177300000001, 44.5000397], [-75.86379680000002, 44.4985401], [-75.86552530000002, 44.4972592], [-75.866012, 44.4968943], [-75.86650940000001, 44.496517], [-75.8668168, 44.496275600000004], [-75.86712420000002, 44.4960287], [-75.8674371, 44.4957707], [-75.8678351, 44.495439], [-75.86821440000001, 44.4951128], [-75.8685511, 44.49482170000001], [-75.86941390000001, 44.4940595], [-75.87099520000001, 44.4926838], [-75.87217600000001, 44.491655], [-75.87359750000002, 44.4903892], [-75.8752375, 44.4889764], [-75.87710460000001, 44.48734060000001], [-75.87942620000001, 44.4853087], [-75.88068280000002, 44.48421489999999], [-75.88132750000001, 44.4836449], [-75.88414220000001, 44.4811277], [-75.88542700000002, 44.4799772], [-75.88618130000002, 44.4792955], [-75.8882712, 44.477419700000006], [-75.88852831351683, 44.47718984590054], [-75.88892211439449, 44.47683672547658], [-75.88963490000002, 44.4761973], [-75.8921412, 44.47394], [-75.89368920000001, 44.4725515], [-75.89548320000002, 44.4709492], [-75.89627600000001, 44.4702714], [-75.89674570000001, 44.46988699999999], [-75.89714420000001, 44.4695755], [-75.8976038, 44.4692265], [-75.89807230000001, 44.4688795], [-75.89841230000002, 44.4686329], [-75.89877280000002, 44.46838180000001], [-75.89914740000002, 44.4681247], [-75.89953610000002, 44.4678705], [-75.9000124, 44.46755559999999], [-75.90049630000001, 44.4672461], [-75.9009742, 44.4669538], [-75.9014812, 44.46665010000001], [-75.90199290000001, 44.4663531], [-75.9025921, 44.466018000000005], [-75.90315190000001, 44.465716199999996], [-75.90373700000002, 44.4654095], [-75.9042632, 44.4651407], [-75.9072026, 44.463677399999995], [-75.908572, 44.463000300000004], [-75.90907030000001, 44.4627544], [-75.9096103, 44.46248460000001], [-75.91051370000001, 44.4620372], [-75.91165140000001, 44.46147379999999], [-75.9140342, 44.4602949], [-75.91671630000002, 44.4589606], [-75.9184517, 44.4581004], [-75.91884540000001, 44.457903300000005], [-75.9192857, 44.4576866], [-75.91982730000001, 44.4574273], [-75.92031130000001, 44.4572035], [-75.92085110000001, 44.4569566], [-75.9213848, 44.4567271], [-75.92309810000002, 44.455991], [-75.92433940000001, 44.4554597], [-75.9268879, 44.4543647], [-75.92860180000001, 44.4536346], [-75.93106090000002, 44.45257980000001], [-75.93420421904227, 44.451230661915204], [-75.93474792472175, 44.4509973806117], [-75.93618280000001, 44.45038250000001], [-75.93666340000001, 44.4501701], [-75.9370577, 44.4499929], [-75.9372965, 44.4498795], [-75.93754360000001, 44.4497574], [-75.93782630000001, 44.4496079], [-75.9380997, 44.4494562], [-75.93834550000001, 44.4493084], [-75.93858360000002, 44.4491553], [-75.93880800000001, 44.4490031], [-75.9390181, 44.44885130000001], [-75.9392499, 44.448676000000006], [-75.93953070000002, 44.448452], [-75.940947, 44.4472543], [-75.94128970000001, 44.4469713], [-75.9414912, 44.446812099999995], [-75.94170120000001, 44.4466518], [-75.9419308, 44.44648209999999], [-75.94215030000001, 44.44633060000001], [-75.9423944, 44.446174799999994], [-75.94265080000001, 44.4460211], [-75.94291440000002, 44.4458747], [-75.94317350000001, 44.4457418], [-75.94341850000002, 44.4456212], [-75.94369110000001, 44.4454922], [-75.9440173, 44.4453507], [-75.94486950000001, 44.4449893], [-75.9459882, 44.4445318], [-75.94693320000002, 44.444145500000005], [-75.9495253, 44.4430841], [-75.95083630000002, 44.4425482], [-75.9515903, 44.4422446], [-75.95203940000002, 44.4420681], [-75.95253480000001, 44.441885299999996], [-75.95305290000002, 44.4417105], [-75.9543097, 44.4413072], [-75.95487160000002, 44.441122799999995], [-75.95542320000001, 44.4409358], [-75.9559103, 44.4407593], [-75.95639230000002, 44.440573400000005], [-75.95684590000002, 44.4403893], [-75.9573166, 44.4401854], [-75.95782610000002, 44.4399526], [-75.9582905, 44.4397236], [-75.95882880000002, 44.439446600000004], [-75.95936690000002, 44.43916240000001], [-75.9615414, 44.4379999], [-75.96280427086529, 44.43732425729989], [-75.96331169678251, 44.43705324769808], [-75.96365040000002, 44.436823800000006], [-75.96424460000001, 44.4365064], [-75.96489470000002, 44.43614410000001], [-75.96523660000001, 44.43593909999999], [-75.96556770000001, 44.4357326], [-75.96588160000002, 44.4355319], [-75.9661868, 44.4353297], [-75.9665004, 44.4351057], [-75.96685420000001, 44.4348479], [-75.96722490000002, 44.4345665], [-75.9676242, 44.4342535], [-75.96827410000002, 44.4337447], [-75.97007695389654, 44.43232307024368], [-75.970504859878, 44.431990122577126], [-75.97084340000002, 44.431732200000006], [-75.97129080000002, 44.4314069], [-75.9716642, 44.4311409], [-75.9728227, 44.430316], [-75.97377680000001, 44.42964010000001], [-75.9760207, 44.4280508], [-75.97634140000001, 44.4278297], [-75.97667360000001, 44.427605699999994], [-75.97698710000002, 44.42740049999999], [-75.9772957, 44.4272006], [-75.9776791, 44.4269612], [-75.97808770000002, 44.42671130000001], [-75.9785069, 44.42645910000001], [-75.97944650000001, 44.425910200000004], [-75.98017438935373, 44.42548065414467], [-75.98066238594238, 44.425192359266426], [-75.98112240000002, 44.4249205], [-75.9818999, 44.424466], [-75.982648, 44.4240295], [-75.98445800000002, 44.422961300000004], [-75.9879251, 44.4209247], [-75.99098910000001, 44.4191251], [-75.9941376, 44.4172737], [-75.99535540000001, 44.416559500000005], [-75.9975281, 44.415280599999996], [-75.99861260000002, 44.414642900000004], [-76.00011820000002, 44.41375789999999], [-76.0012206, 44.4131105], [-76.00311330000001, 44.4119996], [-76.00430070000002, 44.411301], [-76.00548110000001, 44.4106077], [-76.0069582, 44.4097348], [-76.01085590000001, 44.4074448], [-76.01808120000001, 44.4031943], [-76.01845090000002, 44.4029758], [-76.0257858, 44.39866700000001], [-76.02631440000002, 44.3983633], [-76.0269831, 44.39799339999999], [-76.0276677, 44.3976309], [-76.0283553, 44.3972827], [-76.0290492, 44.3969417], [-76.02972700000001, 44.396628], [-76.03043720000001, 44.3963057], [-76.03112260000002, 44.3960118], [-76.0318821, 44.39569759999999], [-76.0326218, 44.3954126], [-76.0335198, 44.39506999999999], [-76.03568640000002, 44.3942638], [-76.0397875, 44.392746], [-76.04476990000002, 44.3908898], [-76.059716, 44.3853276], [-76.0639805, 44.3837428], [-76.0733027, 44.3802724], [-76.07708000000001, 44.37886840000001], [-76.0778267, 44.3785964], [-76.07853460000001, 44.3783448], [-76.0793095, 44.3780883], [-76.08001190000002, 44.377860500000004], [-76.0806984, 44.3776511], [-76.08141490000001, 44.37744620000001], [-76.0821049, 44.377255999999996], [-76.0829642, 44.37703570000001], [-76.08374570000001, 44.3768438], [-76.08457270000001, 44.376656], [-76.0854754, 44.3764668], [-76.0863559, 44.3762928], [-76.0874501, 44.376102], [-76.08836890000002, 44.3759542], [-76.08920750000001, 44.3758352], [-76.09015940000002, 44.3757173], [-76.0910241, 44.3756181], [-76.0918254, 44.3755283], [-76.09893678545266, 44.37475818704128], [-76.09956476527667, 44.37468764179816], [-76.09992280000002, 44.3746474], [-76.10184480000001, 44.3744401], [-76.10240490000001, 44.3743793], [-76.10563680000001, 44.3740275], [-76.10887540000002, 44.373674], [-76.11403560000001, 44.3731138], [-76.11577860000001, 44.3729261], [-76.12352580000001, 44.3720834], [-76.12974390000001, 44.3714097], [-76.13253890000001, 44.3711066], [-76.13874470000002, 44.3704349], [-76.13968020000002, 44.37033149999999], [-76.14817560000002, 44.36941050000001], [-76.15155970000002, 44.3690439], [-76.15384040000002, 44.3687935], [-76.15543080000002, 44.3686231], [-76.157351, 44.3684114], [-76.15990928062344, 44.368135392997246], [-76.16053803645711, 44.36806739439211], [-76.16045330000001, 44.3680767], [-76.16190570000002, 44.3679172], [-76.16249460000002, 44.3678455], [-76.1629753, 44.367777499999995], [-76.16350740000001, 44.3676865], [-76.16400480000001, 44.367591], [-76.16449920000001, 44.3674755], [-76.16494550000002, 44.3673578], [-76.16539210000002, 44.3672296], [-76.16581370000002, 44.3670991], [-76.16620690000002, 44.3669665], [-76.1665569, 44.3668402], [-76.1669965, 44.3666677], [-76.16726400000002, 44.36655859999999], [-76.1676043, 44.3664049], [-76.16790930000002, 44.366262], [-76.16824540000002, 44.3660986], [-76.16854320000002, 44.3659395], [-76.1687996, 44.3657996], [-76.16906550000002, 44.3656458], [-76.1694506, 44.3654134], [-76.16985610000002, 44.3651572], [-76.17034720000001, 44.3648339], [-76.17064390961642, 44.36463908900553], [-76.17113620000002, 44.3643081], [-76.1713561, 44.36416590000001], [-76.17160370000002, 44.3640089], [-76.1719212, 44.3638164], [-76.17218270000001, 44.36366100000001], [-76.1724425, 44.3635138], [-76.17279870000002, 44.3633196], [-76.1730658, 44.3631788], [-76.17334060000002, 44.3630378], [-76.17365070000001, 44.3628827], [-76.17388340000001, 44.3627708], [-76.17423590000001, 44.3626062], [-76.17453270000001, 44.3624756], [-76.17487780000002, 44.3623213], [-76.17521370000001, 44.3621827], [-76.17554990000001, 44.362046799999995], [-76.17582220000001, 44.3619386], [-76.17616210000001, 44.3618117], [-76.17644950000002, 44.3617055], [-76.1767727, 44.3615909], [-76.17707020000002, 44.36149209999999], [-76.17735570000002, 44.3613986], [-76.1776875, 44.3612949], [-76.17797350000001, 44.3612098], [-76.17826510000002, 44.3611283], [-76.17860580000001, 44.3610386], [-76.1789859, 44.3609427], [-76.17938890000002, 44.36084970000001], [-76.17970540000002, 44.360781], [-76.18002880000002, 44.3607105], [-76.18040590000001, 44.3606398], [-76.1808384, 44.3605592], [-76.18139350000001, 44.3604653], [-76.18179370000001, 44.3604046], [-76.1822271, 44.360349899999996], [-76.18287570000001, 44.3602764], [-76.1835089, 44.3602092], [-76.1854381, 44.3600193], [-76.1878536, 44.3597781], [-76.18923545977401, 44.35963824478292], [-76.18986501697941, 44.359574615398984], [-76.19049458429517, 44.35951105077857], [-76.19039770000002, 44.3595208], [-76.19340980000001, 44.3592177], [-76.1940819, 44.35915549999999], [-76.19475000000001, 44.3590986], [-76.19540440000002, 44.35905], [-76.19609, 44.3590099], [-76.19686760000002, 44.3589736], [-76.19764650000002, 44.358945500000004], [-76.1982774, 44.3589303], [-76.1989119, 44.3589215], [-76.1994333, 44.3589177], [-76.19997750000002, 44.3589205], [-76.20056270000002, 44.35893], [-76.2037022, 44.3589702], [-76.2045675, 44.3589725], [-76.2050737, 44.3589655], [-76.20557340000002, 44.358948000000005], [-76.2060422, 44.35892510000001], [-76.20647490000002, 44.3588966], [-76.2069188, 44.35886309999999], [-76.2073692, 44.35882029999999], [-76.20778320000001, 44.3587742], [-76.20822960000001, 44.3587193], [-76.20868670000002, 44.3586551], [-76.20910020000001, 44.3585912], [-76.20951660000001, 44.35852189999999], [-76.2099564, 44.3584425], [-76.21035160000001, 44.358366], [-76.21070065537404, 44.358293743565504], [-76.21138830000001, 44.3581504], [-76.2119913, 44.3580236], [-76.2163751, 44.3570923], [-76.21799240000001, 44.3567515], [-76.22024120000002, 44.35627629999999], [-76.2206843, 44.3561876], [-76.22124660000001, 44.3560756], [-76.22172420000001, 44.3559868], [-76.22224840000001, 44.3558959], [-76.22283080000001, 44.3558018], [-76.22341260000002, 44.35571410000001], [-76.22397000000001, 44.355635500000005], [-76.22462190000002, 44.3555488], [-76.22631340000001, 44.3553373], [-76.22870960000002, 44.3550397], [-76.23124500000002, 44.3547272], [-76.2344977, 44.3543224], [-76.2348808, 44.3542722], [-76.2353, 44.3542149], [-76.23595660000001, 44.354119700000005], [-76.23628110000001, 44.3540675], [-76.23659930000001, 44.3540142], [-76.2370088, 44.353945700000004], [-76.24095660000002, 44.3532683], [-76.24339970000001, 44.3528447], [-76.2449787, 44.35257360000001], [-76.24841541526123, 44.351982841846066], [-76.24903330091597, 44.35187642082017], [-76.2501611, 44.3516818], [-76.2521291, 44.3513384], [-76.25315310000002, 44.3511455], [-76.2537537, 44.3510249], [-76.2544013, 44.3508858], [-76.2551167, 44.3507256], [-76.2557436, 44.3505753], [-76.2563258, 44.3504299], [-76.2569471, 44.3502636], [-76.257491, 44.3501112], [-76.2580673, 44.3499476], [-76.25859390000001, 44.3497856], [-76.2591223, 44.3496229], [-76.25963710000002, 44.3494537], [-76.26009230000001, 44.349303899999995], [-76.26055350000001, 44.3491491], [-76.2622226, 44.3485839], [-76.26301570000001, 44.3483175], [-76.26485680000002, 44.3477018], [-76.26717700000002, 44.3469145], [-76.26926080000001, 44.3462115], [-76.27095170000001, 44.34563820000001], [-76.27309340119841, 44.34491588052086], [-76.27366758643721, 44.34472254525073], [-76.2748878, 44.3443119], [-76.27764930000001, 44.3433826], [-76.2788399, 44.34298], [-76.28575930000001, 44.3406461], [-76.28820750000001, 44.3398191], [-76.29080510000001, 44.3389424], [-76.29414600000001, 44.3378168], [-76.29658870000002, 44.3369926], [-76.29942750000001, 44.33603480000001], [-76.30117920000002, 44.3354463], [-76.30243290000001, 44.335022499999994], [-76.30352530000002, 44.3346536], [-76.30519390000002, 44.334091900000004], [-76.3055747, 44.33396259999999], [-76.3072333, 44.3334033], [-76.31002740000001, 44.3324593], [-76.311816, 44.3318569], [-76.31373420000001, 44.3312099], [-76.3170315, 44.3300968], [-76.32023790000001, 44.3290153], [-76.32286610000001, 44.3281279], [-76.3260044, 44.3270677], [-76.32762410578566, 44.32652430356059], [-76.3281979301448, 44.32633052770168], [-76.32767300000002, 44.3265079], [-76.3308503, 44.3254343], [-76.33156890000001, 44.3251938], [-76.33189530000001, 44.3250838], [-76.3322335, 44.3249727], [-76.33258900000001, 44.32486250000001], [-76.33287380000002, 44.32477560000001], [-76.33317700000002, 44.32468980000001], [-76.33346160000002, 44.32461240000001], [-76.33373560000001, 44.324539], [-76.3340083, 44.3244703], [-76.3343287, 44.3243921], [-76.33461100000001, 44.3243297], [-76.3349645, 44.3242512], [-76.33532590000002, 44.32417740000001], [-76.3357255, 44.32410109999999], [-76.3361785, 44.324017899999994], [-76.33705066254437, 44.32387152464668], [-76.33733860000001, 44.3238232], [-76.34053060000001, 44.323290899999996], [-76.3439485, 44.32272820000001], [-76.34632570000001, 44.3223327], [-76.3516034, 44.3214585], [-76.353347, 44.32117], [-76.3577043, 44.320444800000004], [-76.3612714, 44.3198557], [-76.36554560000002, 44.319145], [-76.3672333, 44.3188666], [-76.369915, 44.3184194], [-76.37217910000001, 44.3180437], [-76.37432490000002, 44.3176883], [-76.37667596563205, 44.3172975560888], [-76.37729490032835, 44.31719413470073], [-76.37873000000002, 44.3169526], [-76.37928160000001, 44.3168576], [-76.37958000000002, 44.3168035], [-76.37986830000001, 44.3167466], [-76.38017650000002, 44.3166821], [-76.3805048, 44.3166124], [-76.38082380000002, 44.316538800000004], [-76.38117680000002, 44.3164543], [-76.38152420000002, 44.316363], [-76.3818554, 44.3162745], [-76.38215020000001, 44.3161899], [-76.38243190000001, 44.3161072], [-76.38281070000001, 44.315989900000005], [-76.38325400000001, 44.3158466], [-76.38369660000001, 44.3156951], [-76.38407520000001, 44.3155561], [-76.3844499, 44.3154133], [-76.384874, 44.3152426], [-76.38529200000002, 44.3150611], [-76.3857174, 44.3148732], [-76.38609030000002, 44.3147035], [-76.38877690000001, 44.31344579999999], [-76.39246870000001, 44.3117156], [-76.39530720000002, 44.310382600000004], [-76.39812610000001, 44.3090572], [-76.4017375, 44.30736850000001], [-76.40478630000001, 44.3059357], [-76.4063629, 44.3051949], [-76.40894130000001, 44.303985], [-76.41057010000002, 44.3032195], [-76.41254870000002, 44.3022911], [-76.41497980000001, 44.3011505], [-76.41629320000001, 44.3005346], [-76.42035170000001, 44.2986256], [-76.42268250000001, 44.2975311], [-76.42391980000001, 44.2969501], [-76.42528490000001, 44.296307399999996], [-76.42796800000002, 44.2950484], [-76.4290149258461, 44.29455895606598], [-76.42954942974485, 44.29431584922762], [-76.42957750000001, 44.2943031], [-76.42997810000001, 44.2941277], [-76.43037600000001, 44.29396580000001], [-76.43064674800745, 44.29386035422849], [-76.43120878896924, 44.29364928713004], [-76.43130240000002, 44.293615], [-76.43179960000002, 44.2934457], [-76.4321734, 44.2933243], [-76.4325986, 44.29319], [-76.4331833, 44.2930197], [-76.43366520000001, 44.2928875], [-76.4341495, 44.2927637], [-76.43455790000002, 44.2926681], [-76.43505160000001, 44.2925591], [-76.4354453, 44.29248290000001], [-76.43585980000002, 44.292408300000005], [-76.4362668, 44.2923449], [-76.4366786, 44.2922866], [-76.43717320000002, 44.2922258], [-76.4376356, 44.2921777], [-76.438184, 44.2921306], [-76.43863530000002, 44.2920947], [-76.43949000000002, 44.292032], [-76.44101146362574, 44.29193002040734], [-76.44164442907825, 44.29188649321722], [-76.44227737244864, 44.29184279245283], [-76.44291031885523, 44.29179912349595], [-76.4441864, 44.2917112], [-76.4447246, 44.2916673], [-76.44522870000002, 44.2916191], [-76.44563360000001, 44.2915735], [-76.446069, 44.291509999999995], [-76.44646920000001, 44.2914386], [-76.44687360000002, 44.29136100000001], [-76.4472644, 44.2912745], [-76.44762710000002, 44.2911867], [-76.44795540000001, 44.2910973], [-76.4482771, 44.29100549999999], [-76.44861320000001, 44.2908992], [-76.44894440000002, 44.2907838], [-76.44928420000001, 44.29066040000001], [-76.44960360000002, 44.290534699999995], [-76.4499145, 44.290406100000006], [-76.4502435, 44.2902664], [-76.45056050000001, 44.2901309], [-76.4524934, 44.2892882], [-76.45380500000002, 44.28871620000001], [-76.45448188493953, 44.28842190803483], [-76.45488970000001, 44.288245], [-76.4580849, 44.2868513], [-76.46125840000002, 44.2854685], [-76.46163480000001, 44.2853034], [-76.4620304, 44.28512520000001], [-76.46242570000001, 44.2849385], [-76.46283780000002, 44.2847388], [-76.46323340000001, 44.28453360000001], [-76.46360800000001, 44.2843261], [-76.46396890000001, 44.284115699999994], [-76.46432940000001, 44.2838929], [-76.46470840000002, 44.283649700000005], [-76.46500430000002, 44.283449], [-76.4653212, 44.28322450000001], [-76.46571420000001, 44.2829263], [-76.46598480000002, 44.2827109], [-76.46625850000001, 44.2824829], [-76.4665536, 44.2822221], [-76.46682080000001, 44.28198290000001], [-76.4670863, 44.2817249], [-76.46735010000002, 44.2814548], [-76.4675849, 44.2811965], [-76.46781490000001, 44.280934300000006], [-76.4680548, 44.2806489], [-76.46824930000001, 44.2803999], [-76.46844860000002, 44.28013519999999], [-76.46900142563682, 44.27937327244723], [-76.46929031373233, 44.27897261171128], [-76.46967450000001, 44.2784366], [-76.46994810000001, 44.278086200000004], [-76.47022780000002, 44.2777446], [-76.47041670000002, 44.277525], [-76.4706047, 44.2773134], [-76.47078450000001, 44.277119], [-76.47100700000001, 44.2768888], [-76.4712094, 44.2766882], [-76.47145060000001, 44.27645820000001], [-76.47167230000001, 44.276253200000006], [-76.47189810000002, 44.276051], [-76.47222570000001, 44.27575999999999], [-76.47257590000001, 44.2754605], [-76.47295460000001, 44.275137], [-76.47363220000001, 44.2745502], [-76.4739258, 44.2742785], [-76.47417760000002, 44.2740311], [-76.47439690000002, 44.27379320000001], [-76.4745416, 44.273626199999995], [-76.4747303, 44.2733943], [-76.47489130000001, 44.2731797], [-76.4750833, 44.27290320000001], [-76.4752262, 44.2726777], [-76.47538060000001, 44.27240690000001], [-76.47549540000001, 44.272180299999995], [-76.47561090000002, 44.27192539999999], [-76.47572930000001, 44.27163579999999], [-76.47582150000001, 44.2713622], [-76.4759216, 44.2710466], [-76.47598700000002, 44.2707504], [-76.47604010000002, 44.2704585], [-76.4760806, 44.2701625], [-76.4761004, 44.269874800000004], [-76.47610630000001, 44.2695821], [-76.47609880000002, 44.2693178], [-76.47607420000001, 44.2690118], [-76.47603610000002, 44.268691499999996], [-76.47598440000002, 44.2683448], [-76.47594230000001, 44.2680576], [-76.47591350000002, 44.267761699999994], [-76.4758992, 44.2675656], [-76.4758915, 44.2673458], [-76.4758954, 44.2670254], [-76.47592080000001, 44.2666858], [-76.47594760000001, 44.2664619], [-76.4760051, 44.26616870000001], [-76.4760558, 44.265953], [-76.47611890000002, 44.2657026], [-76.47620370000001, 44.2654424], [-76.47630270000002, 44.26516719999999], [-76.47639910000001, 44.2649387], [-76.47651090000001, 44.26470439999999], [-76.47662320000002, 44.264485900000004], [-76.4767702, 44.2642329], [-76.4768876, 44.2640424], [-76.47776450000002, 44.2627463], [-76.47839390000001, 44.2618267], [-76.47856780000001, 44.2615829], [-76.47874460000001, 44.2613464], [-76.47891560000001, 44.26113279999999], [-76.4790988, 44.2609193], [-76.4792931, 44.260705599999994], [-76.47953470000002, 44.2604589], [-76.479781, 44.2602328], [-76.4800408, 44.2600077], [-76.48026620000002, 44.2598257], [-76.4804917, 44.2596538], [-76.48074790000001, 44.2594706], [-76.48100020000001, 44.2593013], [-76.48128250000002, 44.259130600000006], [-76.48161760000002, 44.2589382], [-76.48187680000001, 44.2588052], [-76.48212300000002, 44.2586832], [-76.48245600000001, 44.2585263], [-76.48273270000001, 44.2584004], [-76.4830421, 44.2582745], [-76.48334490000002, 44.258160200000006], [-76.483665, 44.2580496], [-76.4840544, 44.2579299], [-76.48443290000002, 44.25782219999999], [-76.48483270000001, 44.2577228], [-76.48523250000001, 44.257636500000004], [-76.4855721, 44.2575732], [-76.4859349, 44.2575132], [-76.4863248, 44.25745950000001], [-76.4867434, 44.2574128], [-76.48716820000001, 44.2573782], [-76.48755400000002, 44.2573589], [-76.4879662, 44.25734630000001], [-76.4883821, 44.257347300000006], [-76.4887792, 44.25735989999999], [-76.4892062, 44.2573837], [-76.4895925, 44.2574174], [-76.489925, 44.2574549], [-76.4902699, 44.2575011], [-76.490666, 44.2575629], [-76.49105730000001, 44.257638], [-76.49142900000001, 44.25771790000001], [-76.49176970000002, 44.2577986], [-76.49211420000002, 44.25789470000001], [-76.4924557, 44.2579974], [-76.49277410000002, 44.258104], [-76.4930986, 44.2582224], [-76.49343990000001, 44.2583531], [-76.49377510000001, 44.258496400000006], [-76.49412180000002, 44.2586571], [-76.49446670000002, 44.25883170000001], [-76.4947478, 44.2589819], [-76.4950545, 44.2591545], [-76.4954295, 44.2593668], [-76.4957655, 44.259559499999995], [-76.49640950000001, 44.259927], [-76.49681860000001, 44.2601493], [-76.49720830000001, 44.2603514], [-76.4976153, 44.260538999999994], [-76.49799800000001, 44.2607028], [-76.49848280000002, 44.260885900000005], [-76.50006030000002, 44.261431], [-76.50132960000002, 44.2618704], [-76.50192640000002, 44.262075], [-76.503065, 44.262467400000006], [-76.50371010000002, 44.2626901], [-76.50491780000002, 44.2631042], [-76.50714980000001, 44.263873700000005], [-76.50821190000002, 44.2642401], [-76.5095878, 44.2647151], [-76.51020370000002, 44.2649248], [-76.51103790000002, 44.265208799999996], [-76.5115389, 44.2653635], [-76.51202010000002, 44.2654967], [-76.51244370000002, 44.265602], [-76.5128541, 44.265694], [-76.51319460000002, 44.2657579], [-76.5135394, 44.2658177], [-76.51392920000002, 44.2658763], [-76.51431380000001, 44.2659254], [-76.5146775, 44.2659595], [-76.5150309, 44.2659904], [-76.51538250000002, 44.2660098], [-76.51573550000002, 44.26602389999999], [-76.51610280000001, 44.2660305], [-76.5164939, 44.2660289], [-76.51691790000001, 44.26601560000001], [-76.51730080000002, 44.2659945], [-76.51771730000002, 44.2659642], [-76.51811330000001, 44.2659271], [-76.5184076, 44.2658914], [-76.51877860000002, 44.2658396], [-76.51909620000002, 44.2657885], [-76.51940310000002, 44.2657348], [-76.5199317, 44.2656255], [-76.5202195, 44.26555749999999], [-76.52051550000002, 44.2654804], [-76.52081210000001, 44.2653987], [-76.52108810000001, 44.2653182], [-76.52136670000002, 44.2652309], [-76.52165159915454, 44.26513356330345], [-76.5222118923639, 44.26492186371699], [-76.52223530000002, 44.2649127], [-76.52250100000002, 44.2648025], [-76.52271570000002, 44.2647083], [-76.52297540000002, 44.2645909], [-76.52325320000001, 44.26445619999999], [-76.5235211, 44.264318599999996], [-76.52385570000001, 44.2641393], [-76.52421880000001, 44.2639402], [-76.52529960320875, 44.26333927262861], [-76.52579829805875, 44.26306017868279], [-76.52721310000001, 44.2622682], [-76.52975350000001, 44.2608467], [-76.530469, 44.2604462], [-76.53114170000002, 44.26007009999999], [-76.53228071766105, 44.259431879410535], [-76.53254480000001, 44.259281300000005], [-76.53352780000002, 44.2587313], [-76.536546, 44.2570377], [-76.5395242, 44.255369], [-76.5439128, 44.2529133], [-76.5455737, 44.2519815], [-76.54777240000001, 44.2507468], [-76.54810620000002, 44.2505578], [-76.5484439, 44.250363], [-76.54877110000001, 44.2501672], [-76.54912450000002, 44.249946200000004], [-76.54944870000001, 44.24973560000001], [-76.54973640000001, 44.2495387], [-76.550002, 44.2493489], [-76.5502679, 44.2491551], [-76.5505313, 44.2489517], [-76.5507891, 44.2487404], [-76.5510121, 44.2485591], [-76.5512461, 44.2483579], [-76.5514777, 44.2481568], [-76.55169780000001, 44.2479481], [-76.5519206, 44.2477332], [-76.55214880000001, 44.2475024], [-76.5527098, 44.2469276], [-76.55290580000002, 44.246727500000006], [-76.55313260000001, 44.24650290000001], [-76.55335620000001, 44.2462916], [-76.5535726, 44.2460948], [-76.55380130000002, 44.245891], [-76.5540539, 44.245678500000004], [-76.55426810000002, 44.24550210000001], [-76.55451950000001, 44.2453012], [-76.55476170000001, 44.24511639999999], [-76.55500510000002, 44.244937], [-76.5552833, 44.2447357], [-76.55557850000001, 44.2445379], [-76.55586380000001, 44.2443476], [-76.5561598, 44.244161], [-76.55657780000001, 44.2439154], [-76.55700940000001, 44.2436674], [-76.5573679, 44.2434761], [-76.5577425, 44.243280999999996], [-76.55823090000001, 44.2430429], [-76.5587072, 44.2428233], [-76.5591673, 44.2426276], [-76.5596182, 44.24244149999999], [-76.5601054, 44.24225750000001], [-76.5605136, 44.2421104], [-76.56088950000002, 44.2419812], [-76.5613263, 44.24184220000001], [-76.56167250000001, 44.2417376], [-76.5620942, 44.2416144], [-76.5624954, 44.2415084], [-76.5629803, 44.241389], [-76.56356310000001, 44.2412548], [-76.5640219, 44.2411608], [-76.56453970000001, 44.2410641], [-76.5649284, 44.240997300000004], [-76.5653452, 44.2409333], [-76.56648773818966, 44.240782983004976], [-76.56711261824739, 44.2406997987414], [-76.56773690813246, 44.240614409249496], [-76.568347, 44.2405229], [-76.56872440000001, 44.240459200000004], [-76.56912040000002, 44.24038680000001], [-76.5695511, 44.2403041], [-76.56998350000002, 44.2402118], [-76.5704159, 44.240115], [-76.57087, 44.240005], [-76.57133670000002, 44.239888300000004], [-76.57376170000002, 44.2392747], [-76.57478830000001, 44.239014], [-76.57569190000001, 44.23878719999999], [-76.57662900000001, 44.2385481], [-76.57713180000002, 44.2384221], [-76.57752600000002, 44.2383272], [-76.57792010000001, 44.23823719999999], [-76.57829340000002, 44.23815499999999], [-76.5787015, 44.2380713], [-76.5790209, 44.2380141], [-76.5793472, 44.2379568], [-76.57973880000002, 44.2378916], [-76.58012610000002, 44.23783590000001], [-76.58052550000001, 44.2377827], [-76.5809236, 44.237736], [-76.58109093518041, 44.237719209006684], [-76.581576, 44.2377129], [-76.5820249, 44.237677899999994], [-76.58249440000002, 44.2376504], [-76.582913, 44.2376319], [-76.58337800000001, 44.2376192], [-76.58376170000001, 44.2376142], [-76.5841028, 44.2376141], [-76.58445430000002, 44.23761890000001], [-76.58489040000002, 44.23763180000001], [-76.58528620000001, 44.23764649999999], [-76.58564320000002, 44.2376666], [-76.58599280000001, 44.237692], [-76.58642970000001, 44.23772749999999], [-76.5867862, 44.237761299999995], [-76.5871511, 44.2377997], [-76.58748410000001, 44.2378402], [-76.5878206, 44.2378844], [-76.5881484, 44.237932799999996], [-76.5884736, 44.23798519999999], [-76.5888063, 44.2380429], [-76.58914640000002, 44.2381089], [-76.58947540000001, 44.2381752], [-76.5898086, 44.23824700000001], [-76.590153, 44.2383254], [-76.590514, 44.2384137], [-76.59087480000001, 44.2385079], [-76.5912441, 44.238609999999994], [-76.5916331, 44.2387222], [-76.5919951, 44.23882739999999], [-76.59236220000001, 44.2389375], [-76.59393510000001, 44.2394098], [-76.59639360000001, 44.24014789999999], [-76.59806460000001, 44.24065100000001], [-76.59936840000002, 44.24104179999999], [-76.60022420000001, 44.2413004], [-76.60068130000002, 44.2414352], [-76.60119750000001, 44.241589899999994], [-76.60159940000001, 44.2417062], [-76.6019768, 44.2418104], [-76.6023403, 44.24190730000001], [-76.6027652, 44.24201000000001], [-76.6031346, 44.2420908], [-76.60354650000001, 44.2421758], [-76.60396470000002, 44.2422526], [-76.60437400000002, 44.242322], [-76.6047722, 44.2423825], [-76.60515350000001, 44.242435699999994], [-76.60554270000002, 44.242481600000005], [-76.60594390000001, 44.24252489999999], [-76.60637580000001, 44.24256569999999], [-76.60684780000001, 44.2426032], [-76.6072553, 44.2426283], [-76.607643, 44.242644999999996], [-76.6080213, 44.2426582], [-76.60841400000001, 44.2426659], [-76.6088572, 44.2426685], [-76.6093101, 44.2426624], [-76.60966580000002, 44.2426541], [-76.610011, 44.24264360000001], [-76.6101253, 44.2426393], [-76.61022890000001, 44.2426337], [-76.61064490000001, 44.242609400000006], [-76.6111014, 44.2425773], [-76.61150970000001, 44.2425403], [-76.611948, 44.2424987], [-76.61239340000002, 44.24244840000001], [-76.61283860000002, 44.242391], [-76.61326590000002, 44.2423268], [-76.61370910000001, 44.2422523], [-76.61415920000002, 44.2421704], [-76.61460990000002, 44.2420786], [-76.6151194, 44.2419644], [-76.61553280000001, 44.2418627], [-76.6159537, 44.241756099999996], [-76.61635660000002, 44.2416494], [-76.61677860000002, 44.2415296], [-76.61718510000001, 44.2414115], [-76.61757020000002, 44.24129429999999], [-76.61796440000002, 44.241166299999996], [-76.61838130000001, 44.2410261], [-76.61875570000001, 44.2408912], [-76.6191701, 44.24073390000001], [-76.61954230000002, 44.2405819], [-76.6198991, 44.2404307], [-76.62024960000001, 44.2402772], [-76.6205941, 44.2401182], [-76.6208821, 44.23997769999999], [-76.62104734069824, 44.23989458596163], [-76.62156260544451, 44.23962994212069], [-76.6220648889838, 44.239350117009366], [-76.62215110000001, 44.239300300000004], [-76.62240720000001, 44.2391515], [-76.62267390000001, 44.2389938], [-76.62292580000002, 44.238832900000006], [-76.6231374, 44.238696600000004], [-76.62335470000001, 44.2385519], [-76.62355070000001, 44.2384179], [-76.6237866, 44.238252], [-76.62403470000001, 44.2380711], [-76.62429090000002, 44.23787930000001], [-76.6245296, 44.2376914], [-76.62476580000002, 44.23749990000001], [-76.6249897, 44.237315], [-76.62519300000001, 44.2371381], [-76.62539700000002, 44.23695610000001], [-76.62560540000001, 44.2367636], [-76.62577830000001, 44.2365979], [-76.6259388, 44.23644060000001], [-76.6261171, 44.2362574], [-76.62631270000001, 44.2360562], [-76.62649800000001, 44.235850799999994], [-76.6266777, 44.2356478], [-76.62684930000002, 44.2354492], [-76.6270114, 44.23526189999999], [-76.62734276154991, 44.234875524756454], [-76.62767316139274, 44.23449146813819], [-76.62821490000002, 44.2338643], [-76.62872870000001, 44.2332584], [-76.62926680000001, 44.2326313], [-76.62950460000002, 44.232363199999995], [-76.62972820000002, 44.2321186], [-76.62993630000001, 44.2319099], [-76.63024190000002, 44.2316143], [-76.6304857, 44.2313972], [-76.63077410000001, 44.2311521], [-76.63102080000002, 44.23095670000001], [-76.63132660000001, 44.2307235], [-76.6316209, 44.2305144], [-76.6319092, 44.23032390000001], [-76.63220540000002, 44.2301345], [-76.6325716, 44.2299127], [-76.63263428952938, 44.22987661873036], [-76.63313087369426, 44.22959764589012], [-76.63332570000001, 44.2294927], [-76.6336677, 44.229323], [-76.634007, 44.2291582], [-76.63438180000001, 44.2289895], [-76.6347718, 44.2288262], [-76.6351572, 44.228674500000004], [-76.6355673, 44.2285258], [-76.63601370000002, 44.228373899999994], [-76.6364284, 44.228245300000005], [-76.63686520000002, 44.228118900000005], [-76.6373477, 44.22799539999999], [-76.63787440000002, 44.2278735], [-76.6383954, 44.22776720000001], [-76.6389168, 44.2276777], [-76.63944950000001, 44.2275975], [-76.6399454, 44.2275375], [-76.64042400000001, 44.2274887], [-76.64089280000002, 44.2274547], [-76.64135960000002, 44.2274283], [-76.64181760000001, 44.22741400000001], [-76.64230780000001, 44.2274078], [-76.6427411, 44.2274135], [-76.64319650000002, 44.2274275], [-76.643657, 44.2274515], [-76.6440647, 44.2274821], [-76.64452000000001, 44.22752499999999], [-76.6449594, 44.22757639999999], [-76.6454436, 44.2276441], [-76.64589850000002, 44.2277215], [-76.64675500000001, 44.2278723], [-76.64727420000001, 44.227962], [-76.6476869, 44.2280265], [-76.64811400000002, 44.22808590000001], [-76.6484987, 44.2281332], [-76.6489121, 44.2281761], [-76.64937040000001, 44.22821650000001], [-76.6498, 44.228245900000005], [-76.65023110000001, 44.22827], [-76.65070520000002, 44.228288899999995], [-76.65122510000002, 44.2282993], [-76.6517278, 44.2283024], [-76.65213080000001, 44.22829629999999], [-76.6525607, 44.2282819], [-76.65300820000002, 44.228263500000004], [-76.653479, 44.2282325], [-76.6539255, 44.22819890000001], [-76.65435870000002, 44.228156399999996], [-76.6548572, 44.2281001], [-76.65528640000001, 44.228045], [-76.65580550000001, 44.2279724], [-76.65645551203885, 44.22787927845311], [-76.65707938752276, 44.22779170061115], [-76.6576233, 44.2277247], [-76.6580862, 44.22767520000001], [-76.65854370000001, 44.2276359], [-76.65899660000001, 44.2276045], [-76.65945660000001, 44.2275834], [-76.6598958, 44.22756630000001], [-76.6603085, 44.2275588], [-76.66083370000001, 44.2275555], [-76.6613512, 44.2275612], [-76.66184470000002, 44.227578], [-76.6623346, 44.22760120000001], [-76.66282330000001, 44.2276339], [-76.66324530000001, 44.2276695], [-76.663693, 44.2277121], [-76.6641324, 44.2277631], [-76.6646037, 44.227825100000004], [-76.66501420000002, 44.227886], [-76.66543890000001, 44.22795589999999], [-76.6658981, 44.22803929999999], [-76.66632770000001, 44.2281266], [-76.6667369, 44.22821549999999], [-76.66708370000002, 44.2282958], [-76.66746100000002, 44.2283877], [-76.66788400000002, 44.2284976], [-76.66835440000001, 44.22863269999999], [-76.6688265, 44.228779], [-76.6693209, 44.2289421], [-76.6697852, 44.2291055], [-76.6702547, 44.2292842], [-76.6707067, 44.2294644], [-76.67117670000002, 44.2296669], [-76.67164520000001, 44.2298753], [-76.67251770000001, 44.230281000000005], [-76.67292090000001, 44.2304595], [-76.67333590000001, 44.2306409], [-76.67378320000002, 44.2308211], [-76.67420770000001, 44.230983], [-76.67462230000001, 44.231133099999994], [-76.67502770000002, 44.2312675], [-76.6754178, 44.231389300000004], [-76.67588070000001, 44.2315284], [-76.67635330000002, 44.2316582], [-76.67698510000001, 44.231816800000004], [-76.677411, 44.2319161], [-76.67786180000002, 44.2320126], [-76.67833620000002, 44.23210360000001], [-76.67879330000001, 44.2321861], [-76.67922150000001, 44.2322556], [-76.6796471, 44.2323172], [-76.68006780000002, 44.23237470000001], [-76.68051580000001, 44.2324256], [-76.68097880000002, 44.2324702], [-76.6814099, 44.23250490000001], [-76.68179740000001, 44.232530600000004], [-76.68218000000002, 44.2325499], [-76.68257260000001, 44.2325651], [-76.68295050000002, 44.2325736], [-76.68337270000002, 44.232578000000004], [-76.68383840000001, 44.232577199999994], [-76.68436660000002, 44.232563], [-76.6848863, 44.2325406], [-76.68530100000001, 44.232516], [-76.68572120000002, 44.232490000000006], [-76.68613910000002, 44.232455300000005], [-76.68654240000001, 44.23241219999999], [-76.68695980000001, 44.2323601], [-76.6874252, 44.2322973], [-76.68793530000002, 44.2322194], [-76.6884875, 44.2321262], [-76.6911092432263, 44.23166526087758], [-76.6914904, 44.2315572], [-76.69570240000002, 44.2308174], [-76.697776, 44.230448], [-76.7158613, 44.2272616], [-76.71755190000002, 44.22696640000001], [-76.72431730000001, 44.2257767], [-76.7262135, 44.2254451], [-76.7273741, 44.2252364], [-76.72823460000001, 44.2250868], [-76.7290232, 44.224948600000005], [-76.7296658, 44.2248286], [-76.7303394, 44.2246927], [-76.7310994, 44.2245282], [-76.7318106, 44.224361900000005], [-76.7324504, 44.224205700000006], [-76.733067, 44.2240485], [-76.73365150000001, 44.223889], [-76.7342439, 44.223718], [-76.73481760000001, 44.2235428], [-76.7353633, 44.2233698], [-76.7359233, 44.223186000000005], [-76.73723020000001, 44.2227643], [-76.7407761, 44.2215942], [-76.74266510000001, 44.22097730000001], [-76.74431500000001, 44.22043539999999], [-76.74596350000002, 44.2198989], [-76.746787, 44.2196224], [-76.74807450000002, 44.219201500000004], [-76.74841090000001, 44.2190924], [-76.74972370000002, 44.2186604], [-76.75362770000001, 44.2173837], [-76.7556784, 44.2167158], [-76.75824820000001, 44.2158661], [-76.75872610000002, 44.21571289999999], [-76.75925960000001, 44.21554040000001], [-76.7598071, 44.2153804], [-76.760361, 44.2152168], [-76.7609361, 44.2150517], [-76.7614656, 44.21490599999999], [-76.76207340000002, 44.2147464], [-76.7626085, 44.21460530000001], [-76.76319740000001, 44.2144577], [-76.7637768, 44.214331400000006], [-76.7643939, 44.2142049], [-76.76496300000001, 44.2140945], [-76.76556470000001, 44.2139791], [-76.76625380000002, 44.2138604], [-76.76685850000001, 44.2137632], [-76.767487, 44.21367120000001], [-76.7680733, 44.21359420000001], [-76.76870430000001, 44.2135132], [-76.76922600000002, 44.2134521], [-76.76933099525118, 44.2134415466479], [-76.76996098395762, 44.213379282952616], [-76.76986970000002, 44.2133874], [-76.77835140000002, 44.2126332], [-76.78068882129332, 44.21243113451324], [-76.7815681, 44.212355900000006], [-76.7822448, 44.2122927], [-76.7910561, 44.2115147], [-76.79458720000001, 44.2112], [-76.79835696703294, 44.210862908818456], [-76.79877420000001, 44.2108256], [-76.79981080000002, 44.210736600000004], [-76.80166360000001, 44.210567600000005], [-76.80351130000001, 44.2104048], [-76.8050065, 44.21027410000001], [-76.80553110000001, 44.21023399999999], [-76.80607880000001, 44.2102014], [-76.8065157, 44.21018250000001], [-76.80702440000002, 44.2101697], [-76.80749800000001, 44.2101665], [-76.80800350000001, 44.2101685], [-76.8085244, 44.21018419999999], [-76.80902120000002, 44.210208], [-76.8095331, 44.2102423], [-76.81002590000001, 44.2102811], [-76.81046270000002, 44.2103244], [-76.8109293, 44.21038], [-76.81132950000001, 44.2104301], [-76.81173810000001, 44.2104894], [-76.812133, 44.2105512], [-76.81251370000001, 44.21061559999999], [-76.81290150000001, 44.2106904], [-76.81325660000002, 44.2107632], [-76.81368500000002, 44.2108606], [-76.81410930000001, 44.210961], [-76.81458960000002, 44.21108329999999], [-76.81518730000002, 44.2112392], [-76.81527077412862, 44.21126047597598], [-76.81586901279225, 44.2114130855028], [-76.81685470000001, 44.2116654], [-76.8188842, 44.2121758], [-76.82184110000001, 44.2129372], [-76.82384120000002, 44.21344830000001], [-76.8271521, 44.2142976], [-76.83399350000002, 44.2160585], [-76.83888090000002, 44.2173019], [-76.84023810000001, 44.21765510000001], [-76.8458766, 44.2190926], [-76.84858440000001, 44.21978940000001], [-76.85530750000001, 44.2214931], [-76.86131772601503, 44.22304231974921], [-76.8619152691552, 44.223196268914684], [-76.86292530000001, 44.2234573], [-76.8665922, 44.224378900000005], [-76.86937030000001, 44.2250908], [-76.8718315, 44.2257238], [-76.8729508, 44.2260173], [-76.87567343629284, 44.22670760147497], [-76.87610410000002, 44.2268558], [-76.8793895, 44.2277008], [-76.88342577149113, 44.22873942529285], [-76.88402339459813, 44.22889320168499], [-76.88399000000001, 44.22884520000001], [-76.88618440000002, 44.2294106], [-76.8870363, 44.2296294], [-76.8876833, 44.2297819], [-76.88836930000001, 44.2299317], [-76.888804, 44.2300189], [-76.88929290000002, 44.2301085], [-76.8897219, 44.2301768], [-76.89020850000001, 44.230246900000004], [-76.89067320000001, 44.2303043], [-76.89112420000001, 44.2303535], [-76.89170680000001, 44.230402], [-76.89226340000002, 44.2304424], [-76.89291250000001, 44.2304699], [-76.89353810000001, 44.2304834], [-76.89408760000002, 44.2304853], [-76.8946164, 44.2304728], [-76.8951734, 44.230454699999996], [-76.89573870000001, 44.230428], [-76.89684920000002, 44.230374299999994], [-76.89895829601916, 44.23028311041447], [-76.89959301927699, 44.230255129781284], [-76.90276870000001, 44.2301137], [-76.90545210000002, 44.229984400000006], [-76.90593808885203, 44.22995894702349], [-76.9065106, 44.22993120000001], [-76.9069891, 44.2299542], [-76.90800180000001, 44.2299254], [-76.9087024, 44.2299184], [-76.90937860000001, 44.2299229], [-76.91006510000001, 44.22994370000001], [-76.9107091, 44.2299766], [-76.91134540000002, 44.23002760000001], [-76.91192770000002, 44.2300839], [-76.91246600000001, 44.2301505], [-76.91295660000002, 44.2302186], [-76.9134402, 44.2303001], [-76.91396320000001, 44.2303993], [-76.9144632, 44.2305088], [-76.91491560000001, 44.2306095], [-76.91543450000002, 44.2307355], [-76.915988, 44.230879300000005], [-76.91650310000001, 44.2310239], [-76.91696280000001, 44.2311702], [-76.91744170000001, 44.2313305], [-76.91796800000002, 44.2315145], [-76.9184764, 44.2317079], [-76.91900100000001, 44.2319176], [-76.91955300000001, 44.2321497], [-76.9200926, 44.2323893], [-76.92060750000002, 44.232627], [-76.9211507, 44.2328878], [-76.9216269, 44.23312760000001], [-76.9221413, 44.2333982], [-76.9225801, 44.23363390000001], [-76.92300520000002, 44.2338737], [-76.9234779, 44.23415120000001], [-76.92400480000002, 44.2344848], [-76.92638860000001, 44.2360478], [-76.93040290000002, 44.2387219], [-76.93657370000001, 44.2428118], [-76.93704010000002, 44.2431372], [-76.93738740000002, 44.2433945], [-76.9377071, 44.2436442], [-76.93805270000001, 44.243920900000006], [-76.93838980000001, 44.2442144], [-76.93871220000001, 44.2445108], [-76.93903170000002, 44.2448078], [-76.93932000000001, 44.24509100000001], [-76.93959680000002, 44.2453826], [-76.93986980000001, 44.2456815], [-76.94018250000002, 44.246044], [-76.94044740000001, 44.246371100000005], [-76.94077440000001, 44.2467961], [-76.9412688615096, 44.24747348536755], [-76.94156256451895, 44.24787245434894], [-76.9420186, 44.2484829], [-76.942179, 44.2486964], [-76.9423791, 44.24894580000001], [-76.9425708, 44.2491736], [-76.9427655, 44.2493839], [-76.94296650000001, 44.2495867], [-76.94320400000001, 44.2498123], [-76.94352220000002, 44.2500702], [-76.9437928, 44.2502676], [-76.9441218, 44.2504824], [-76.9444586, 44.25067790000001], [-76.94455785132455, 44.2507334916385], [-76.94500510000002, 44.250984], [-76.94604212329656, 44.2515814480279], [-76.9465350971382, 44.25186545783329], [-76.94693580000002, 44.2520956], [-76.94729710000001, 44.252290800000004], [-76.94764100000002, 44.25245790000001], [-76.94799050000002, 44.2526127], [-76.94834480000002, 44.2527518], [-76.94871220000002, 44.25288870000001], [-76.94910930000002, 44.2530204], [-76.94949550000001, 44.253136], [-76.94991850000001, 44.253252], [-76.95030870000001, 44.253347], [-76.95071660000002, 44.2534303], [-76.95109060000001, 44.2534977], [-76.95146800000002, 44.2535543], [-76.95186700000001, 44.25360340000001], [-76.9522597, 44.2536415], [-76.95267060000002, 44.2536732], [-76.9531328, 44.2536936], [-76.9536397, 44.2536957], [-76.95417390000001, 44.2536813], [-76.95466220000002, 44.2536523], [-76.95512560000002, 44.253614000000006], [-76.9555915, 44.2535532], [-76.95601740000001, 44.25348640000001], [-76.95609360675851, 44.253472498356146], [-76.95688960000001, 44.2532922], [-76.95900860000002, 44.2528834], [-76.96058900000001, 44.2525744], [-76.9618022, 44.2523398], [-76.96700760000002, 44.2513475], [-76.96901670000001, 44.2509607], [-76.9699602, 44.250787], [-76.97066150000002, 44.2506496], [-76.9720267, 44.2503988], [-76.97248310000002, 44.2503092], [-76.97450336281682, 44.24992985153273], [-76.97511690113701, 44.24981305743823], [-76.97568180000002, 44.24970290000001], [-76.97833600000001, 44.2491933], [-76.98171010000002, 44.2485516], [-76.98627620000002, 44.2476856], [-76.98677490000001, 44.2475893], [-76.98728170000001, 44.24748970000001], [-76.98776890000002, 44.2473891], [-76.98829590000001, 44.24727690000001], [-76.98880570000001, 44.2471606], [-76.98930630000001, 44.2470411], [-76.9898332, 44.24691060000001], [-76.9903218, 44.2467839], [-76.99081960000001, 44.24664909999999], [-76.99226, 44.2462742], [-76.99485940000001, 44.2455937], [-76.9963708802792, 44.245196592642486], [-76.99696695874458, 44.24503996158731], [-76.9971834, 44.2450184], [-77.0020324, 44.2437532], [-77.00546860000001, 44.242845], [-77.0106731, 44.2414818], [-77.01274590000001, 44.2409401], [-77.01586770000002, 44.240119], [-77.0196314, 44.2391274], [-77.02116190000001, 44.2387274], [-77.02179060000002, 44.2385598], [-77.02235470000001, 44.2384092], [-77.0229339, 44.2382463], [-77.02348360000002, 44.2380836], [-77.02406370000001, 44.2379055], [-77.02460860000001, 44.237729], [-77.02514140000001, 44.2375488], [-77.02568170000002, 44.2373609], [-77.02624400000002, 44.23716290000001], [-77.0275279, 44.2367088], [-77.03247190000002, 44.2349282], [-77.0343651, 44.2342463], [-77.03948530000001, 44.232415], [-77.0413163, 44.2317625], [-77.04256750000002, 44.2313131], [-77.04881170000002, 44.2290667], [-77.04990965953245, 44.228675855274055], [-77.05047765070415, 44.22847359451929], [-77.05097540000001, 44.2282961], [-77.05158390000001, 44.2280828], [-77.05198230000002, 44.2279485], [-77.05239290000002, 44.22781410000001], [-77.05270250000001, 44.2277159], [-77.05301980000002, 44.227621], [-77.05341050000001, 44.2275096], [-77.053769, 44.2274141], [-77.05413410000001, 44.2273242], [-77.05445110000001, 44.2272475], [-77.05481680000001, 44.227166], [-77.05521520000002, 44.2270879], [-77.05560950000002, 44.22701709999999], [-77.0560045, 44.2269546], [-77.0564431, 44.226884899999995], [-77.0569386, 44.22681029999999], [-77.05747310000001, 44.2267356], [-77.05930070000001, 44.2264792], [-77.06218390000001, 44.226082299999995], [-77.06488280000002, 44.2257085], [-77.0669845, 44.2254154], [-77.0684636, 44.2252097], [-77.07018600000002, 44.22496540000001], [-77.07082640000002, 44.2248782], [-77.07158140000001, 44.2247865], [-77.07226300000002, 44.22472020000001], [-77.0730443, 44.224651], [-77.07386350000002, 44.224595400000005], [-77.074421, 44.2245655], [-77.07497620000001, 44.2245456], [-77.07568980000002, 44.224518], [-77.0763277, 44.2244998], [-77.07692860000002, 44.2244889], [-77.07770070000001, 44.2244839], [-77.0783793, 44.224493300000006], [-77.07919310000001, 44.224508799999995], [-77.07992430000002, 44.2245328], [-77.0806223, 44.2245648], [-77.0814767, 44.2246176], [-77.08229910000001, 44.22468409999999], [-77.08350430000002, 44.2247898], [-77.0877641, 44.225184399999996], [-77.0963072, 44.225994899999996], [-77.1003122, 44.2263677], [-77.10368410000001, 44.2267014], [-77.10426210000001, 44.22675540000001], [-77.1048454, 44.226805199999994], [-77.10539470000002, 44.226848399999994], [-77.10597020000002, 44.2268804], [-77.1065888, 44.2268976], [-77.10715500000002, 44.2269108], [-77.10776930000002, 44.2269047], [-77.10837380000001, 44.226887600000005], [-77.1090363, 44.226852400000006], [-77.10962600000002, 44.22680760000001], [-77.11018370000001, 44.22675709999999], [-77.11076590000002, 44.226691], [-77.1112825, 44.2266182], [-77.1117749, 44.2265385], [-77.11227640000001, 44.2264494], [-77.11282850000002, 44.2263526], [-77.11305469531379, 44.226312022589575], [-77.11367109581738, 44.22620119404262], [-77.11348150000002, 44.2261981], [-77.11591780000002, 44.2257548], [-77.12098110000001, 44.224841500000004], [-77.12365490000002, 44.2243709], [-77.12705750000002, 44.223766], [-77.13137730000001, 44.2229891], [-77.13307010000001, 44.222685199999994], [-77.13650760000002, 44.2220711], [-77.1398428, 44.2214698], [-77.14694258585669, 44.22018617034419], [-77.14755839212347, 44.22007391585877], [-77.14892010000001, 44.2198234], [-77.15065440000001, 44.2195075], [-77.15098450000002, 44.21944750000001], [-77.15240010000001, 44.21919679999999], [-77.1564482, 44.2184591], [-77.15903620000002, 44.2179986], [-77.1614831, 44.2175661], [-77.1717478, 44.2157255], [-77.1718009, 44.21571589999999], [-77.1817809, 44.213911], [-77.1847372, 44.2133805], [-77.1894664, 44.2125246], [-77.1966232, 44.2112326], [-77.19918180000002, 44.2107658], [-77.2048708615, 44.20974655440638], [-77.20532060000001, 44.20966520000001], [-77.2071749, 44.209327], [-77.20795059206533, 44.20918700927174], [-77.20940880000002, 44.208967], [-77.20981354506942, 44.20889270602081], [-77.2102438, 44.2088145], [-77.21807960000001, 44.2073841], [-77.22249330000001, 44.2065947], [-77.224466, 44.2062477], [-77.22604110000002, 44.2059604], [-77.2323548, 44.204796800000004], [-77.2351248, 44.2043013], [-77.23999344157033, 44.20340531029232], [-77.24027380000001, 44.2034103], [-77.2410967, 44.2032717], [-77.24150740000002, 44.2032054], [-77.24198720000001, 44.203132200000006], [-77.24246230000001, 44.20306720000001], [-77.24287050000001, 44.2030225], [-77.2432717, 44.2029844], [-77.24369310000002, 44.2029482], [-77.24416150000002, 44.2029096], [-77.24459740000002, 44.202882599999995], [-77.24501606627679, 44.20286149822663], [-77.2455557, 44.2028501], [-77.24602790000002, 44.202853000000005], [-77.24646870000001, 44.2028591], [-77.24690440000002, 44.2028717], [-77.24733680000001, 44.2028905], [-77.2477989, 44.2029145], [-77.2482304, 44.2029403], [-77.2509021, 44.2031229], [-77.25446080000002, 44.2033987], [-77.2560974, 44.2035273], [-77.2623397, 44.2039906], [-77.26450190000001, 44.204149], [-77.2659706, 44.2042577], [-77.26706510000001, 44.2043393], [-77.2682774, 44.2044278], [-77.2686046, 44.204450300000005], [-77.26895240000002, 44.2044701], [-77.26933980000001, 44.2044892], [-77.26977980000001, 44.2045027], [-77.2702524, 44.2045149], [-77.27062870000002, 44.2045194], [-77.2710812, 44.2045149], [-77.27156730000002, 44.20450009999999], [-77.27206970000002, 44.2044767], [-77.2725951, 44.204445299999996], [-77.27289367611607, 44.20441984044463], [-77.27352621915666, 44.20435962578739], [-77.27409690000002, 44.204213], [-77.27459650000002, 44.20415], [-77.27504950000001, 44.2040814], [-77.27542550000001, 44.20402150000001], [-77.2758506, 44.2039491], [-77.27636620000001, 44.2038545], [-77.27661275760245, 44.20380346923464], [-77.2772189502574, 44.20366884173988], [-77.27805670000001, 44.203469000000005], [-77.2792063, 44.2031914], [-77.28022939890259, 44.20294524406207], [-77.2806502, 44.20284399999999], [-77.28515600000001, 44.2017444], [-77.29015250000002, 44.200531], [-77.2974246, 44.1987497], [-77.30202730000002, 44.1976282], [-77.30509900000001, 44.1968733], [-77.30881260000001, 44.1959607], [-77.3092112, 44.1958649], [-77.31213790000001, 44.19515890000001], [-77.31254940000001, 44.19505959999999], [-77.3168785, 44.19400519999999], [-77.32018990000002, 44.1931826], [-77.32185580000001, 44.1927807], [-77.3243219, 44.1921811], [-77.3272497, 44.19147730000001], [-77.32772385213309, 44.191360511382996], [-77.32832460853793, 44.19121314737405], [-77.32803570000002, 44.19128369999999], [-77.32984730000001, 44.1908413], [-77.3362801, 44.1892664], [-77.34036210000001, 44.188272700000006], [-77.34275124384708, 44.18768959218823], [-77.3429782, 44.18763419999999], [-77.34545230000002, 44.18703169999999], [-77.3490832, 44.186138299999996], [-77.3525974, 44.18528040000001], [-77.3593566, 44.183630599999994], [-77.36298550000001, 44.182742600000005], [-77.36862910000002, 44.1813619], [-77.36921160000001, 44.181212], [-77.36975280000001, 44.1810699], [-77.37037640000001, 44.18090200000001], [-77.37098910000002, 44.1807294], [-77.37146290000001, 44.180595], [-77.37199650000001, 44.1804348], [-77.3724509, 44.1802946], [-77.3729097, 44.1801482], [-77.3733819, 44.1799936], [-77.3738056, 44.17985109999999], [-77.3742964, 44.17968329999999], [-77.3750231, 44.17943110000001], [-77.37562700000001, 44.17920970000001], [-77.37608740000002, 44.1790409], [-77.37650360000002, 44.1788803], [-77.37694230000001, 44.17871], [-77.37733490000001, 44.1785523], [-77.37837269856567, 44.178130709202584], [-77.37892410762929, 44.177906685006654], [-77.38101700000001, 44.177056], [-77.38112917686816, 44.17700976918679], [-77.38167961426325, 44.17678471908109], [-77.38223033059619, 44.17655987954736], [-77.38278113369164, 44.17633514715375], [-77.38299090000001, 44.1762526], [-77.38500270000002, 44.17542530000001], [-77.3862893, 44.1749278], [-77.3863421, 44.1749073], [-77.38640720000001, 44.17488259999999], [-77.3872338, 44.1745801], [-77.3878269, 44.1743703], [-77.38836200000001, 44.1741843], [-77.38887840000001, 44.1740122], [-77.38941680000002, 44.1738402], [-77.3899534, 44.1736768], [-77.3906218, 44.173481100000004], [-77.3913452, 44.1732758], [-77.39195510000002, 44.1731135], [-77.3934548, 44.1727289], [-77.39586180000002, 44.1721139], [-77.40210830000001, 44.1705137], [-77.40612820000001, 44.1694927], [-77.41073610000001, 44.1683152], [-77.413468, 44.167618000000004], [-77.41743820000002, 44.1666047], [-77.42442710000002, 44.1648165], [-77.4289616786009, 44.16367415412988], [-77.4293098, 44.1635852], [-77.4306948, 44.1632224], [-77.4333834, 44.1625319], [-77.43887150000002, 44.1611349], [-77.45081950000001, 44.158094], [-77.4591375, 44.15597209999999], [-77.46724059811645, 44.15389320403467], [-77.4678386637348, 44.153740424906104], [-77.46737080000001, 44.1538598], [-77.4780422, 44.151137], [-77.48025300000002, 44.1505699], [-77.48883270000002, 44.1483795], [-77.4928282, 44.14735060000001], [-77.4976095, 44.1461259], [-77.5064458, 44.1438612], [-77.51697270000001, 44.1411736], [-77.52422810000002, 44.1393204], [-77.52490280000002, 44.1391527], [-77.52553760000002, 44.1389973], [-77.52605980000001, 44.1388719], [-77.5266285, 44.1387467], [-77.527196, 44.1386264], [-77.52774530000002, 44.13852], [-77.52834510000001, 44.1384105], [-77.5289336, 44.138311], [-77.5295565, 44.138212700000004], [-77.53071880000002, 44.138036500000005], [-77.53312160000002, 44.1376826], [-77.53624770000002, 44.13723650000001], [-77.537773, 44.1370162], [-77.54337230000002, 44.13621249999999], [-77.54539350000002, 44.13591589999999], [-77.5502504, 44.1352365], [-77.55707500000001, 44.1342321], [-77.5622937, 44.1334808], [-77.56419440000002, 44.1332048], [-77.56553320000002, 44.1330161], [-77.5672543, 44.13276400000001], [-77.5686599, 44.1325553], [-77.56923390000001, 44.1324649], [-77.56975090000002, 44.1323736], [-77.57019030000001, 44.1322844], [-77.57061760000002, 44.132189800000006], [-77.57108350000001, 44.1320818], [-77.5715833, 44.1319492], [-77.5720679, 44.1318179], [-77.57252790000001, 44.1316854], [-77.57295100000002, 44.1315533], [-77.57337710000002, 44.1314132], [-77.57379380000002, 44.1312733], [-77.57418380000001, 44.1311347], [-77.57456520000001, 44.1309928], [-77.57493620000001, 44.13084880000001], [-77.57535560000001, 44.13068260000001], [-77.5757645, 44.13051000000001], [-77.57613680000001, 44.1303444], [-77.57649530000002, 44.13017740000001], [-77.5768487, 44.1300016], [-77.5772465, 44.129793500000005], [-77.57766790000001, 44.1295642], [-77.57806020000001, 44.1293401], [-77.57846560000002, 44.1291032], [-77.5803141209926, 44.12797813248583], [-77.5807717, 44.1277], [-77.58163520000001, 44.1271638], [-77.58271145103119, 44.126500701914004], [-77.58322880000001, 44.126183399999995], [-77.58331130000002, 44.1261329], [-77.584406, 44.12546489999999], [-77.5847019, 44.12528350000001], [-77.58578440000001, 44.1246276], [-77.58582840000001, 44.1246008], [-77.587909, 44.123332700000006], [-77.58897057057776, 44.122681452801594], [-77.58944940522751, 44.1223852121051], [-77.59040577820551, 44.12179230901563], [-77.59088397098321, 44.12149586537204], [-77.59136217069917, 44.12119941794102], [-77.5915825, 44.1210628], [-77.59268840000001, 44.1203915], [-77.59339030000001, 44.1199592], [-77.5938544, 44.1196629], [-77.59427430000001, 44.119381], [-77.59466450000001, 44.1191049], [-77.595055, 44.1188164], [-77.59544250000002, 44.1185186], [-77.59581260000002, 44.1182231], [-77.59617220000001, 44.117915700000005], [-77.596541, 44.11759810000001], [-77.5969315, 44.1172417], [-77.5971451488824, 44.11703620680093], [-77.59777190000001, 44.116411500000005], [-77.59787620000002, 44.1163007], [-77.59835010000002, 44.11578049999999], [-77.598808, 44.11525480000001], [-77.59922487252808, 44.114772105493806], [-77.5993714, 44.11459740000001], [-77.5999795, 44.11388190000001], [-77.60153452402909, 44.11208107089596], [-77.60186766810638, 44.11169798831573], [-77.6018513, 44.1117168], [-77.6038414, 44.1094296], [-77.60617230000001, 44.1067334], [-77.60645540000002, 44.10641360000001], [-77.60673, 44.1061187], [-77.6069874, 44.1058499], [-77.6072791, 44.1055619], [-77.6075901, 44.1052736], [-77.6079264, 44.1049771], [-77.6082052, 44.1047471], [-77.6084747, 44.1045237], [-77.60879860000001, 44.1042696], [-77.60914990000002, 44.1040105], [-77.609549, 44.1037287], [-77.6099867, 44.1034345], [-77.61040460000001, 44.1031669], [-77.61091250000001, 44.1028383], [-77.61133970000002, 44.1025608], [-77.61410120000001, 44.1007858], [-77.6160677, 44.0995015], [-77.62476270000002, 44.0939537], [-77.62613990000001, 44.0930792], [-77.6309496, 44.0900018], [-77.6324066, 44.089071], [-77.63331280000001, 44.08848940000001], [-77.63692410000002, 44.086161999999995], [-77.64006250000001, 44.08413920000001], [-77.64887410000001, 44.0784973], [-77.6583236, 44.072430100000005], [-77.65997550000002, 44.0713709], [-77.6697012, 44.06512370000001], [-77.67503000000002, 44.0616968], [-77.6809775, 44.057860600000005], [-77.6842638, 44.055744700000005], [-77.68533310000001, 44.05506379999999], [-77.68584740000001, 44.0547374], [-77.686374, 44.0544082], [-77.68686140000001, 44.0541067], [-77.68742160000001, 44.053779000000006], [-77.68809750000001, 44.053405100000006], [-77.6886705, 44.05309460000001], [-77.68928580000001, 44.052765799999996], [-77.6898196, 44.0524946], [-77.69049600000001, 44.05216490000001], [-77.69117630000001, 44.0518414], [-77.69176860000002, 44.05158310000001], [-77.69238490000001, 44.05131599999999], [-77.69304180000002, 44.0510359], [-77.6937128, 44.0507552], [-77.69433570000001, 44.0504984], [-77.69498830000002, 44.0502295], [-77.69671410000001, 44.049529400000004], [-77.69732720000002, 44.049281900000004], [-77.69794920000001, 44.0490316], [-77.69849130000001, 44.04882159999999], [-77.69907850000001, 44.0485963], [-77.6996774, 44.0483707], [-77.7002372, 44.0481572], [-77.70074340000001, 44.047966800000005], [-77.70102645025473, 44.047863245028765], [-77.7017173, 44.0476542], [-77.70225420000001, 44.0474697], [-77.702837, 44.0472685], [-77.70353690000002, 44.0470364], [-77.70418780000001, 44.0468304], [-77.70490930000001, 44.0466097], [-77.70552700000002, 44.0464287], [-77.70700360000001, 44.0459872], [-77.7081879, 44.045636], [-77.7091597, 44.0453432], [-77.71008210000001, 44.0450695], [-77.7111531, 44.0447552], [-77.71225840000001, 44.044436600000004], [-77.71354260000001, 44.0440661], [-77.71498660000002, 44.04365670000001], [-77.7179327, 44.0428129], [-77.720699, 44.0420171], [-77.72266990000001, 44.04145630000001], [-77.7253229, 44.0407008], [-77.73416170000002, 44.0381684], [-77.7350293, 44.0379269], [-77.73542060000001, 44.0378139], [-77.73835050000001, 44.0369717], [-77.74443070000001, 44.0352236], [-77.7445486, 44.0351897], [-77.75015310000002, 44.0335925], [-77.75413440000001, 44.0324553], [-77.756915, 44.03165009999999], [-77.760078, 44.03075329999999], [-77.7637077, 44.0297107], [-77.76823030000001, 44.0284039], [-77.77337750000001, 44.02693459999999], [-77.77984490000001, 44.0250714], [-77.7828521, 44.0242117], [-77.78776630000002, 44.022806800000005], [-77.79745460000001, 44.0200201], [-77.80319080000001, 44.0183853], [-77.81122830000001, 44.0160574], [-77.82153590000001, 44.01312169999999], [-77.82468999336615, 44.01221590860646], [-77.82527902309224, 44.01204609195752], [-77.82489620000001, 44.0121132], [-77.83120120000001, 44.0102928], [-77.83568270000002, 44.0090092], [-77.83795910000002, 44.0083572], [-77.84877410000001, 44.0052458], [-77.85809770000002, 44.00258290000001], [-77.8598657, 44.00208099999999], [-77.86833750000001, 43.9996466], [-77.86924340000002, 43.9993894], [-77.8702799, 43.9991119], [-77.8711299, 43.99890150000001], [-77.87201340000001, 43.9987025], [-77.87285730000002, 43.9985224], [-77.8736645, 43.99836140000001], [-77.87449510000002, 43.99820690000001], [-77.87534610000002, 43.9980672], [-77.87607210000002, 43.9979584], [-77.87694500000002, 43.9978337], [-77.87791070000002, 43.99769800000001], [-77.8793952, 43.99748809999999], [-77.881683, 43.997170700000005], [-77.8894333, 43.996088300000004], [-77.88973770000001, 43.99604579999999], [-77.89739770000001, 43.9949791], [-77.89987605554751, 43.994642754971046], [-77.90050051375174, 43.994557385110085], [-77.90485670000001, 43.9939413], [-77.91179020000001, 43.9929772], [-77.92092460000002, 43.9916896], [-77.9324563, 43.990091699999994], [-77.9406344, 43.988957], [-77.9457514, 43.9882404], [-77.95092440000002, 43.9875192], [-77.9559037, 43.9868189], [-77.9614024, 43.9860662], [-77.9713781, 43.9846907], [-77.97522600000002, 43.9841549], [-77.98185240000001, 43.9832375], [-77.98365780000002, 43.9829842], [-77.9865872, 43.9825833], [-77.99403250000002, 43.98152890000001], [-77.99999620000001, 43.9806915], [-78.00762800000001, 43.9796381], [-78.00907259249055, 43.97944099413618], [-78.00969707666941, 43.97935584599594], [-78.01032092882583, 43.97926890895069], [-78.0098104, 43.97934060000001], [-78.01354620000001, 43.978816], [-78.01434580000002, 43.9787142], [-78.0147938, 43.97865240000001], [-78.01616540000002, 43.9784632], [-78.017603, 43.9782559], [-78.0190026, 43.978054], [-78.0290459, 43.97667630000001], [-78.03207570000001, 43.9762541], [-78.03589070000001, 43.975717], [-78.0404241, 43.975085], [-78.05011280000001, 43.9737514], [-78.05635170000001, 43.972883499999995], [-78.0630985, 43.97194519999999], [-78.06781420000002, 43.9712875], [-78.071787, 43.9707249], [-78.0756869, 43.9701782], [-78.07899070000002, 43.9697264], [-78.0825066, 43.96923219999999], [-78.0879989, 43.9684346], [-78.09162940000002, 43.967885700000004], [-78.09220390000002, 43.9677994], [-78.0927723, 43.96772760000001], [-78.09331460000001, 43.9676628], [-78.0938469, 43.9676043], [-78.0943578, 43.9675558], [-78.09484270000002, 43.9675185], [-78.0954544, 43.9674747], [-78.0961347, 43.9674282], [-78.09685970000001, 43.9673843], [-78.0975963, 43.9673435], [-78.0983473, 43.9673089], [-78.09909780000001, 43.9672788], [-78.09985530000002, 43.9672562], [-78.1006557, 43.96723659999999], [-78.10153430000001, 43.9672254], [-78.10230700000001, 43.96722], [-78.10307400000002, 43.9672175], [-78.10382790000001, 43.96723070000001], [-78.1046491, 43.9672456], [-78.1054519, 43.9672723], [-78.1061984, 43.9673063], [-78.10701910000002, 43.9673517], [-78.10792390000002, 43.9674137], [-78.1104189187153, 43.9676079463351], [-78.11113480000002, 43.967664], [-78.1126036, 43.9677714], [-78.12096960000001, 43.96837980000001], [-78.12388870000001, 43.968603], [-78.12842460000002, 43.9689608], [-78.13186240000002, 43.9692182], [-78.13277540000001, 43.9692741], [-78.1337141, 43.9693194], [-78.1344487, 43.969344], [-78.13519840000001, 43.9693593], [-78.13600900000002, 43.9693643], [-78.1369309, 43.9693607], [-78.14173230000002, 43.9693021], [-78.14811960000002, 43.969215], [-78.15417162174813, 43.96914464498632], [-78.15480751840414, 43.96913580236959], [-78.15420990000001, 43.969144199999995], [-78.15882140000001, 43.9690794], [-78.15892700000002, 43.9690763], [-78.15926870000001, 43.969072800000006], [-78.1620937, 43.9690367], [-78.16243757902177, 43.96903271914364], [-78.16301800000001, 43.969026], [-78.16349140000001, 43.969016800000006], [-78.16389670000001, 43.9690052], [-78.16430130000002, 43.9689937], [-78.1647194, 43.9689763], [-78.16520580000001, 43.9689467], [-78.1655677, 43.96892030000001], [-78.16587830000002, 43.9688935], [-78.16630660000001, 43.968851599999994], [-78.16677910000001, 43.96879700000001], [-78.16722330000002, 43.9687378], [-78.1677521, 43.96866010000001], [-78.1682288, 43.9685786], [-78.1686756, 43.96849850000001], [-78.16873561049374, 43.96848663269045], [-78.16959660000002, 43.9682997], [-78.17020860000001, 43.9681533], [-78.17069820000002, 43.9680232], [-78.17117040000001, 43.9678862], [-78.17164290000001, 43.967741700000005], [-78.17202770000002, 43.9676198], [-78.17235600000001, 43.9675089], [-78.17266800000002, 43.96739850000001], [-78.17310360000002, 43.9672369], [-78.17351820000002, 43.96707980000001], [-78.1739973, 43.9668885], [-78.1744248, 43.96670910000001], [-78.17484770000002, 43.9665223], [-78.1752465, 43.9663407], [-78.17564130000001, 43.966149], [-78.1761043, 43.9659088], [-78.17652930000001, 43.9656803], [-78.1769436, 43.9654526], [-78.17827290000001, 43.96471], [-78.17840900000002, 43.964633500000005], [-78.1784694, 43.964595700000004], [-78.17901380000002, 43.964286900000005], [-78.1802279, 43.9635988], [-78.18053780000001, 43.963427], [-78.18059747214272, 43.96339144455394], [-78.18109081933237, 43.96310852480618], [-78.18159148544312, 43.96283146572381], [-78.1820885540063, 43.96255027729242], [-78.18211710000001, 43.9625338], [-78.18365320000001, 43.961671], [-78.1850265, 43.96089080000001], [-78.18540420000001, 43.9606825], [-78.18580790000001, 43.9604709], [-78.18624700000001, 43.9602513], [-78.18665590000002, 43.960055600000004], [-78.18705670000001, 43.9598702], [-78.18712940000002, 43.959834699999995], [-78.1875574, 43.9596502], [-78.18795230000002, 43.9594885], [-78.1883938, 43.9593153], [-78.18885940000001, 43.9591445], [-78.18934560000001, 43.9589785], [-78.1898279, 43.9588272], [-78.19032550000001, 43.9586803], [-78.1907722, 43.958557600000006], [-78.1913134, 43.9584267], [-78.1918655, 43.9583097], [-78.19237460000001, 43.95821560000001], [-78.19286880000001, 43.9581325], [-78.19340840000001, 43.958057000000004], [-78.19391800000001, 43.95800100000001], [-78.1944299, 43.9579527], [-78.19498040000002, 43.9579116], [-78.1955473, 43.9578895], [-78.19608460000002, 43.95788040000001], [-78.1966699, 43.95788460000001], [-78.1972488, 43.9579028], [-78.19781510000001, 43.957930399999995], [-78.19833110000002, 43.9579723], [-78.19887820000001, 43.9580267], [-78.1994723, 43.95809849999999], [-78.20002100000002, 43.95815580000001], [-78.2005504, 43.95819960000001], [-78.2010534, 43.9582287], [-78.20160750000001, 43.9582463], [-78.20208970000002, 43.9582468], [-78.20257610000002, 43.9582391], [-78.2030616, 43.958221599999995], [-78.2036073, 43.9581928], [-78.2041296, 43.9581486], [-78.2046431, 43.9580899], [-78.20501471074242, 43.95804398489203], [-78.20564010802981, 43.957958244548834], [-78.20766650000002, 43.957669100000004], [-78.2104563, 43.95728750000001], [-78.21438170000002, 43.9567557], [-78.21801310000001, 43.9562529], [-78.2256165, 43.9551901], [-78.2306857, 43.954476400000004], [-78.23309536151125, 43.95413782129965], [-78.233721011588, 43.95405583837484], [-78.23465960000001, 43.9539888], [-78.235304, 43.9539363], [-78.2360683, 43.9538915], [-78.23668700000002, 43.9538717], [-78.23725410000002, 43.9538641], [-78.2378457, 43.9538633], [-78.2383869, 43.9538687], [-78.2387936041683, 43.95387491713379], [-78.2390149, 43.9538783], [-78.24076680000002, 43.9539147], [-78.24438850000001, 43.95397090000001], [-78.24702370000001, 43.95402239999999], [-78.25087307867474, 43.95408693329401], [-78.25150892890375, 43.95409711732581], [-78.25257610000001, 43.9541134], [-78.25596190000002, 43.9541577], [-78.25666190000001, 43.9541672], [-78.25728200000002, 43.9541691], [-78.25788060000001, 43.9541659], [-78.25852210000001, 43.9541545], [-78.25922670000001, 43.9541329], [-78.25984700000001, 43.9541093], [-78.26044910000002, 43.9540745], [-78.26107580000001, 43.9540365], [-78.2617452, 43.9539873], [-78.2624223, 43.95393070000001], [-78.2630836, 43.9538657], [-78.2637485, 43.95379520000001], [-78.26437140000002, 43.9537209], [-78.26496050000002, 43.9536442], [-78.26560840000002, 43.9535551], [-78.26614730000001, 43.9534734], [-78.2667027, 43.9533859], [-78.26732281722198, 43.953276963068774], [-78.26793659359615, 43.95315717622145], [-78.26844020000001, 43.9530589], [-78.26905750000002, 43.9529296], [-78.26978710000002, 43.9527728], [-78.27043740000002, 43.9526274], [-78.2711021, 43.9524706], [-78.27168260000002, 43.95232510000001], [-78.27237050000001, 43.95214970000001], [-78.2755619, 43.9513071], [-78.27880560000001, 43.9504504], [-78.2817611, 43.94967340000001], [-78.2826419, 43.9494457], [-78.28358830000002, 43.9491953], [-78.28439020000002, 43.9489838], [-78.2852406, 43.94875309999999], [-78.28946021544242, 43.94763716937908], [-78.29005462127147, 43.947481023005366], [-78.29065356376405, 43.94732516111314], [-78.29124813228502, 43.94716791865624], [-78.29302210000002, 43.946705099999996], [-78.2936496, 43.9465356], [-78.2941634, 43.9463903], [-78.29461240000002, 43.946246], [-78.29505710000001, 43.94608790000001], [-78.29537435161615, 43.94595801610482], [-78.29591692565567, 43.945711668172784], [-78.29599880000002, 43.9456733], [-78.29652520000002, 43.9454082], [-78.29700570000001, 43.945143], [-78.2974124, 43.9448917], [-78.2976924, 43.9446925], [-78.2979798, 43.94446469999999], [-78.2982441, 43.944242900000006], [-78.29849860000002, 43.9440218], [-78.29889300000002, 43.9436526], [-78.29916610000001, 43.9434096], [-78.29941160000001, 43.943205], [-78.29968490000002, 43.9429892], [-78.2999919, 43.94276059999999], [-78.30028170000001, 43.9425657], [-78.30057680000002, 43.942381000000005], [-78.3008298218194, 43.94222548194601], [-78.30132098338872, 43.94194500354717], [-78.3014504, 43.9418741], [-78.30174670000001, 43.941723], [-78.30204020000001, 43.941586], [-78.30231640000001, 43.9414677], [-78.30262710000001, 43.941349200000005], [-78.302928, 43.9412445], [-78.30322410000001, 43.9411512], [-78.30353340000002, 43.9410675], [-78.30384420000001, 43.9409915], [-78.30417660000002, 43.9409215], [-78.30452520000001, 43.9408661], [-78.30490420000001, 43.9408178], [-78.3053234, 43.9407809], [-78.3057643, 43.94075970000001], [-78.3061467, 43.9407453], [-78.30650730000002, 43.9407423], [-78.30690830000002, 43.9407481], [-78.30728740000002, 43.9407589], [-78.3076782, 43.9407771], [-78.30849652120973, 43.94081390145353], [-78.30913079563744, 43.94084363525188], [-78.3109285, 43.94092890000001], [-78.3117524, 43.9409756], [-78.31249620000001, 43.941019700000005], [-78.31324670000001, 43.941075], [-78.3139083, 43.94113140000001], [-78.31458290000002, 43.94119370000001], [-78.31535580000002, 43.9412694], [-78.31745890000002, 43.941488099999994], [-78.3197534, 43.9417196], [-78.32155000000002, 43.9419013], [-78.32363862266227, 43.942107845628726], [-78.32426816628102, 43.94217110829254], [-78.32634150000001, 43.94237809999999], [-78.32716050000002, 43.9424654], [-78.3278734, 43.94254889999999], [-78.3285458, 43.94263879999999], [-78.32921340000001, 43.9427365], [-78.3298583, 43.94283810000001], [-78.33221750000001, 43.9432095], [-78.33760260000001, 43.944076499999994], [-78.34078580000002, 43.944573], [-78.34931650000001, 43.9459322], [-78.35402030000002, 43.9466761], [-78.35586210000001, 43.9469725], [-78.35639890000002, 43.9470584], [-78.3570628, 43.9471604], [-78.3576972, 43.9472477], [-78.35832780000001, 43.9473282], [-78.3589569, 43.9473998], [-78.3595441, 43.9474586], [-78.36015070000002, 43.947518], [-78.3607803, 43.9475719], [-78.36138080000002, 43.9476143], [-78.36193670000002, 43.947645300000005], [-78.36253700000002, 43.9476764], [-78.36313580000001, 43.9476988], [-78.3637268, 43.94771860000001], [-78.3643893, 43.94773610000001], [-78.36497670000001, 43.9477407], [-78.3655576, 43.9477405], [-78.3661288, 43.947735300000005], [-78.3666812, 43.94772290000001], [-78.3671993, 43.9477058], [-78.36777510000002, 43.94768259999999], [-78.3683316, 43.9476546], [-78.3690122, 43.9476156], [-78.369667, 43.947567], [-78.370274, 43.9475087], [-78.37087120000001, 43.9474456], [-78.37149140000001, 43.9473703], [-78.3722202, 43.94727900000001], [-78.37282770000002, 43.9472004], [-78.37339620000002, 43.9471203], [-78.37391610000002, 43.9470381], [-78.37444950000001, 43.9469501], [-78.37500070000002, 43.946855], [-78.3755203, 43.9467605], [-78.376061, 43.9466504], [-78.37673192219111, 43.9465105887707], [-78.37734140962327, 43.94637936045148], [-78.37785350000001, 43.9462226], [-78.37857800000002, 43.9460413], [-78.37921250000001, 43.9458748], [-78.37979440000001, 43.9457159], [-78.38038750000001, 43.9455489], [-78.3809561, 43.9453815], [-78.38148518737468, 43.94521674859329], [-78.38224130000002, 43.9449671], [-78.38277070000001, 43.9447818], [-78.3833168, 43.94458959999999], [-78.38383570000002, 43.9443998], [-78.3843527, 43.9441974], [-78.38489570000002, 43.94398410000001], [-78.3853734, 43.943791], [-78.3858511, 43.9435913], [-78.38638930000002, 43.943358], [-78.38696000000002, 43.9431014], [-78.38751270000002, 43.942845199999994], [-78.388105, 43.9425522], [-78.3886653, 43.9422684], [-78.3892187, 43.9419841], [-78.38968870000001, 43.9417274], [-78.39013070000001, 43.94147730000001], [-78.39063230000001, 43.94119210000001], [-78.3918389, 43.94047700000001], [-78.39495660000001, 43.9385925], [-78.39672750000001, 43.93752090000001], [-78.39941940000001, 43.9358959], [-78.40060120000001, 43.9351755], [-78.40467398664083, 43.932722533807656], [-78.40487810000002, 43.9325996], [-78.40635190000002, 43.9317129], [-78.40676290000002, 43.931473], [-78.40711570000002, 43.93128000000001], [-78.40746940000001, 43.93109830000001], [-78.40782210000002, 43.9309203], [-78.40818300000001, 43.9307473], [-78.408553, 43.9305766], [-78.40894610000001, 43.93040630000001], [-78.4093988, 43.930218399999994], [-78.40990240000001, 43.9300212], [-78.41036650000001, 43.92984899999999], [-78.4108186, 43.9296926], [-78.41126740000001, 43.9295445], [-78.41172490000001, 43.9293953], [-78.4122347, 43.929229], [-78.41551480000001, 43.9281375], [-78.4178353, 43.9273654], [-78.4201047, 43.926609299999996], [-78.42252510000002, 43.925807299999995], [-78.4250072, 43.9249864], [-78.4275334, 43.9241442], [-78.42815370000001, 43.9239392], [-78.42871610000002, 43.9237554], [-78.42931960000001, 43.9235732], [-78.4299053, 43.9234076], [-78.43043620000002, 43.9232742], [-78.4309654, 43.9231532], [-78.431507, 43.923038600000005], [-78.43205650000002, 43.9229326], [-78.4326401, 43.92283259999999], [-78.43326610000001, 43.92274020000001], [-78.43382300000002, 43.9226671], [-78.434427, 43.9226048], [-78.43501430000002, 43.9225521], [-78.43678250000002, 43.9224201], [-78.43815830000001, 43.92232280000001], [-78.43857370000002, 43.9222943], [-78.43995900000002, 43.9221946], [-78.44139160000002, 43.9220956], [-78.44567910000002, 43.92178510000001], [-78.44638730000001, 43.9217356], [-78.4471043, 43.92167690000001], [-78.44776700000001, 43.9216157], [-78.44851670000001, 43.9215331], [-78.44912600000002, 43.9214545], [-78.44971750000002, 43.9213694], [-78.4502966, 43.9212761], [-78.4508489, 43.921179300000006], [-78.45143210000002, 43.9210687], [-78.4519876, 43.92095380000001], [-78.4525669, 43.9208253], [-78.45315990000002, 43.920686], [-78.4537134, 43.920543], [-78.45424850000002, 43.9203985], [-78.4548469, 43.9202256], [-78.4553728, 43.920065900000004], [-78.45597360000001, 43.9198687], [-78.4565528, 43.9196697], [-78.45709190000001, 43.91947569999999], [-78.45769670000001, 43.9192549], [-78.45886146866344, 43.918820720080454], [-78.45942406241664, 43.91861104349425], [-78.46099370000002, 43.918026100000006], [-78.46287180000002, 43.9173224], [-78.46542, 43.9163709], [-78.46971820000002, 43.9147642], [-78.4713951, 43.914137], [-78.47200980000001, 43.913909200000006], [-78.4725948, 43.9137001], [-78.47328520000002, 43.91346390000001], [-78.47386820000001, 43.913269099999994], [-78.47441560000001, 43.91309820000001], [-78.4750466, 43.912905300000006], [-78.47567550000001, 43.912721899999994], [-78.47636640000002, 43.9125306], [-78.47708480000001, 43.912342], [-78.47782770000002, 43.9121592], [-78.48004090000002, 43.91162099999999], [-78.48350460000002, 43.9108003], [-78.4861329, 43.910172700000004], [-78.4868958, 43.9099829], [-78.48761320000001, 43.9097915], [-78.48824430000002, 43.90961600000001], [-78.48895170000002, 43.9094075], [-78.48970870000001, 43.90917590000001], [-78.49034460000001, 43.9089696], [-78.49107370000002, 43.908720900000006], [-78.49187540000001, 43.908442900000004], [-78.4978119, 43.9063727], [-78.50136220000002, 43.9051368], [-78.5026158, 43.9046996], [-78.5032976, 43.9044666], [-78.5039216, 43.90425690000001], [-78.5045308, 43.9040628], [-78.50509340000002, 43.9038916], [-78.50568690000001, 43.9037172], [-78.50637350000001, 43.903524600000004], [-78.5070758, 43.903337], [-78.50776880000001, 43.90316179999999], [-78.50842150000001, 43.9030064], [-78.50891280000002, 43.9028925], [-78.50972140000002, 43.9027183], [-78.51036020000001, 43.90258990000001], [-78.51103400000001, 43.9024628], [-78.5116828, 43.902346699999995], [-78.51241070000002, 43.902227], [-78.5131622, 43.90211370000001], [-78.5140129, 43.901997], [-78.5179467, 43.9014851], [-78.52275240000002, 43.9008697], [-78.5257079, 43.900484799999994], [-78.52842590000002, 43.90013390000001], [-78.53836260000001, 43.8988532], [-78.5390207, 43.8987723], [-78.53961460000001, 43.8987084], [-78.54021220000001, 43.898654400000005], [-78.54078210000002, 43.89861379999999], [-78.5413112, 43.898585800000006], [-78.541833, 43.89856760000001], [-78.5423885, 43.8985584], [-78.5429974, 43.8985617], [-78.54356930000002, 43.8985745], [-78.54417370000002, 43.8986002], [-78.54477780000002, 43.8986375], [-78.5453368, 43.8986842], [-78.54597200000002, 43.8987475], [-78.54655970000002, 43.89882119999999], [-78.54719630000001, 43.8989139], [-78.54774670000002, 43.8990043], [-78.54835240000001, 43.89911750000001], [-78.54894730000001, 43.899242400000006], [-78.54951660000002, 43.8993713], [-78.55010800000001, 43.8995233], [-78.5506859, 43.8996823], [-78.5512834, 43.8998641], [-78.5518604, 43.9000588], [-78.5524521, 43.90027380000001], [-78.55291740000001, 43.9004467], [-78.55746470000001, 43.9021623], [-78.56216250000001, 43.90392789999999], [-78.5627771, 43.9041583], [-78.56332320000001, 43.9043565], [-78.56388760000002, 43.904553500000006], [-78.56455340000001, 43.90476350000001], [-78.56514630000001, 43.904935900000005], [-78.5656891, 43.90508220000001], [-78.5661879, 43.905205], [-78.56670250000002, 43.905322999999996], [-78.5672021, 43.9054249], [-78.5677537, 43.9055281], [-78.5683563, 43.9056294], [-78.56904550000002, 43.9057285], [-78.570188, 43.9058717], [-78.5709356, 43.905961000000005], [-78.57944880000001, 43.9069911], [-78.58012910000001, 43.9070715], [-78.58080820000002, 43.90714760000001], [-78.58141190000002, 43.9072089], [-78.5819949, 43.9072612], [-78.58249930000001, 43.9073008], [-78.58302810000002, 43.9073385], [-78.58355580000001, 43.90736669999999], [-78.58389458149938, 43.90738002680846], [-78.58453049994192, 43.90739492857511], [-78.58539850000001, 43.9073972], [-78.5859706, 43.9073859], [-78.58662630000002, 43.90735680000001], [-78.5872462, 43.907318599999996], [-78.5877999, 43.9072759], [-78.58840080000002, 43.9072234], [-78.58896550000001, 43.90715869999999], [-78.5894993, 43.9070916], [-78.59009600000002, 43.9070138], [-78.5929697, 43.9066275], [-78.59732110000002, 43.9060306], [-78.60097470000001, 43.9055512], [-78.60327360000001, 43.90523880000001], [-78.6036459, 43.9051901], [-78.60541940000002, 43.90495119999999], [-78.6073567, 43.904678], [-78.6076366, 43.9046386], [-78.61144080000001, 43.90412870000001], [-78.61337690000002, 43.9038661], [-78.61406720000001, 43.9037739], [-78.6147155, 43.9036872], [-78.61535700000002, 43.9035989], [-78.61600480000001, 43.9035109], [-78.61667900000002, 43.9034228], [-78.61738280000002, 43.90332510000001], [-78.6180127, 43.9032333], [-78.61865330000002, 43.9031342], [-78.6193134, 43.9030245], [-78.61990290000001, 43.9029185], [-78.6205014, 43.90280700000001], [-78.62114920000002, 43.9026792], [-78.6217875, 43.9025445], [-78.62244390000001, 43.90239609999999], [-78.62310390000002, 43.9022386], [-78.6237392, 43.9020816], [-78.62429390000001, 43.9019361], [-78.62492960000002, 43.90176449999999], [-78.62551330000001, 43.9015986], [-78.62615450000001, 43.9014089], [-78.62685810000002, 43.9011899], [-78.6274944, 43.90098700000001], [-78.62818880000002, 43.9007514], [-78.62879190000001, 43.9005393], [-78.62940390000001, 43.900316600000004], [-78.6300178, 43.9000847], [-78.6306733, 43.8998238], [-78.63126500000001, 43.89958000000001], [-78.63188860000001, 43.8993116], [-78.63247550000001, 43.8990513], [-78.63310660000002, 43.8987622], [-78.63380900000001, 43.8984312], [-78.6345643, 43.8980687], [-78.63534230000002, 43.8977032], [-78.63595050000002, 43.8974156], [-78.63651080000001, 43.897159], [-78.6370084, 43.8969417], [-78.6375113, 43.89673410000001], [-78.63798700000001, 43.8965487], [-78.63851610000002, 43.896355799999995], [-78.63900540000002, 43.896193000000004], [-78.6394814, 43.8960407], [-78.6400342, 43.89587610000001], [-78.6406104, 43.8957217], [-78.6412483, 43.8955612], [-78.6418, 43.8954387], [-78.6423265, 43.8953323], [-78.6428553, 43.8952351], [-78.6433744, 43.8951471], [-78.6439763, 43.8950572], [-78.64451110000002, 43.89498720000001], [-78.64505960000001, 43.8949286], [-78.64557280000001, 43.894883], [-78.6460748, 43.8948473], [-78.64658580000001, 43.89481820000001], [-78.64712090000002, 43.8947986], [-78.64771020000002, 43.8947861], [-78.64824830000002, 43.894784599999994], [-78.64877840000001, 43.894792100000004], [-78.64935630000001, 43.8948147], [-78.6499145, 43.8948428], [-78.65051040000002, 43.8948878], [-78.6510645, 43.8949394], [-78.65124547116537, 43.89495968761104], [-78.6517023, 43.8950109], [-78.65239380000001, 43.89508969999999], [-78.6540628, 43.8952843], [-78.65714280000002, 43.8956467], [-78.65792030000001, 43.8957384], [-78.6587014, 43.8958253], [-78.65952020000002, 43.8959131], [-78.6603415, 43.8959967], [-78.6611332, 43.896060500000004], [-78.66183050000001, 43.8961066], [-78.66254770000002, 43.896145399999995], [-78.66328350000002, 43.8961773], [-78.66410470000001, 43.8962031], [-78.6648521, 43.896214], [-78.66549050000002, 43.896215], [-78.666153, 43.8962115], [-78.6669929, 43.8961973], [-78.66817810000002, 43.8961664], [-78.6721014980696, 43.89606252424518], [-78.67241080000001, 43.89605410000001], [-78.67726310000002, 43.8959226], [-78.67782091332434, 43.89590661200131], [-78.6787181, 43.8958726], [-78.6793191, 43.8958352], [-78.6798457, 43.8957883], [-78.68031950000001, 43.8957322], [-78.68085250000001, 43.8956535], [-78.68132970000002, 43.8955705], [-78.68179830000001, 43.8954773], [-78.68227080000001, 43.8953702], [-78.68274460000002, 43.895249], [-78.68327460000002, 43.8950994], [-78.6837524, 43.8949487], [-78.68418720000001, 43.8947985], [-78.6846178, 43.8946362], [-78.6850877, 43.89444290000001], [-78.6855822, 43.8942221], [-78.6859835, 43.89402619999999], [-78.6863957, 43.893809999999995], [-78.68676800000001, 43.893598], [-78.6871151, 43.8933915], [-78.68761464540935, 43.89307553484182], [-78.68808377905263, 43.89277141245091], [-78.69018800000002, 43.89137490000001], [-78.69170880000001, 43.8904055], [-78.69249230000001, 43.8898933], [-78.6930343, 43.8895397], [-78.69356900000001, 43.8891922], [-78.69405640000001, 43.8888744], [-78.69452720000001, 43.8885675], [-78.69495720000002, 43.888288], [-78.6953582, 43.8880243], [-78.69578830000002, 43.8877449], [-78.6962109, 43.8874653], [-78.69675900000001, 43.887100999999994], [-78.6972564, 43.8867729], [-78.69778680000002, 43.8864267], [-78.69830600000002, 43.8860862], [-78.69964520000002, 43.8852146], [-78.7007295, 43.88450360000001], [-78.70351020000001, 43.8826934], [-78.70530340000002, 43.8815269], [-78.7095407, 43.878761], [-78.7108695, 43.8778991], [-78.7113351, 43.8776096], [-78.71179400000001, 43.8773379], [-78.71222180000001, 43.87710040000001], [-78.71270600000001, 43.8768451], [-78.7131833, 43.8766055], [-78.71362920000001, 43.87639519999999], [-78.7142278, 43.876130499999995], [-78.7147905, 43.8758975], [-78.7153128, 43.875698], [-78.715899, 43.8754886], [-78.7165571, 43.8752687], [-78.7172038, 43.87507649999999], [-78.7177271, 43.8749298], [-78.71826250000001, 43.874793], [-78.71883090000001, 43.874658], [-78.71940500000001, 43.8745354], [-78.72000870000001, 43.8744193], [-78.7205983, 43.8743174], [-78.7211923, 43.8742297], [-78.7218042, 43.87415120000001], [-78.72299740000001, 43.87401439999999], [-78.7253094, 43.87375480000001], [-78.7284039, 43.8734075], [-78.73103460000002, 43.8731097], [-78.7355262, 43.872605400000005], [-78.7419644, 43.871885000000006], [-78.74296210000001, 43.8717774], [-78.74358060000002, 43.8717127], [-78.74418030000001, 43.87165970000001], [-78.74472810000002, 43.87162320000001], [-78.74528450000001, 43.8715971], [-78.7457997, 43.8715802], [-78.74638730000001, 43.871573100000006], [-78.7469099, 43.8715756], [-78.74746980000002, 43.871589400000005], [-78.7480393, 43.8716136], [-78.7485693, 43.8716455], [-78.74908540000001, 43.8716873], [-78.74957710000001, 43.8717334], [-78.7501, 43.87179150000001], [-78.75070270000002, 43.8718725], [-78.75132770000002, 43.871966900000004], [-78.75194140000002, 43.8720757], [-78.75258810000001, 43.8722056], [-78.7532059, 43.8723441], [-78.753755, 43.8724753], [-78.75512080000001, 43.8728073], [-78.7582343, 43.8735626], [-78.76155228810937, 43.87436736514955], [-78.76215377748963, 43.87451340201196], [-78.76510100000002, 43.8752272], [-78.76605720000002, 43.87545909999999], [-78.76685060000001, 43.875647], [-78.76761810000002, 43.8758163], [-78.76827700000001, 43.8759441], [-78.7688879, 43.8760468], [-78.76946420000002, 43.8761347], [-78.77012370000001, 43.8762151], [-78.77068940000001, 43.8762746], [-78.77128860000002, 43.8763247], [-78.77187060000001, 43.8763644], [-78.77248750000001, 43.8763963], [-78.77298470000001, 43.8764109], [-78.77359600000001, 43.8764128], [-78.77426760000002, 43.876403800000006], [-78.77485160000002, 43.8763839], [-78.77542240000001, 43.87635499999999], [-78.77597920000001, 43.87631360000001], [-78.776472, 43.8762695], [-78.7770597, 43.87620900000001], [-78.77775830000002, 43.87613569999999], [-78.78249220000001, 43.8756241], [-78.78833875590196, 43.87499535532359], [-78.78896757964905, 43.87492797890385], [-78.78967290000001, 43.874891], [-78.7901676, 43.8748407], [-78.7905964, 43.874802200000005], [-78.79102990000001, 43.8747777], [-78.79147860000002, 43.8747664], [-78.79197550000002, 43.874772199999995], [-78.79234910000001, 43.8747917], [-78.79278090000001, 43.87482519999999], [-78.79317220000001, 43.874866700000005], [-78.7935919, 43.87492], [-78.79411150000001, 43.8749986], [-78.7946164, 43.8750828], [-78.7951463, 43.8751821], [-78.79574930000001, 43.8753034], [-78.79622930000001, 43.8754082], [-78.79669950000002, 43.8755224], [-78.79715600000002, 43.8756391], [-78.79761050000002, 43.8757626], [-78.7980318, 43.87588569999999], [-78.79846490000001, 43.8760208], [-78.7988487, 43.8761451], [-78.79922280000001, 43.8762717], [-78.79958420000001, 43.876402600000006], [-78.79996880000002, 43.8765471], [-78.80043780000001, 43.876733200000004], [-78.80078320000001, 43.8768741], [-78.8011833, 43.877046], [-78.80185080000001, 43.8773517], [-78.8022037, 43.8775188], [-78.8025956, 43.8777177], [-78.8029801, 43.877921400000005], [-78.80341960000001, 43.8781634], [-78.8038034, 43.8783858], [-78.80420370000002, 43.8786263], [-78.80448790000001, 43.87880440000001], [-78.8047579, 43.87897670000001], [-78.80502810000002, 43.879162], [-78.8059742482535, 43.879804390573184], [-78.80611810000002, 43.87985], [-78.80713960000001, 43.8805407], [-78.80750440000001, 43.8807799], [-78.8078942, 43.8810309], [-78.8082635, 43.881255800000005], [-78.80861130000001, 43.8814574], [-78.809028, 43.8816886], [-78.80942860000002, 43.8819014], [-78.80985330000001, 43.8821167], [-78.81031970000001, 43.8823386], [-78.8107754, 43.882543], [-78.8111878, 43.88271989999999], [-78.8116258, 43.8828967], [-78.81212280000001, 43.8830867], [-78.81261250000001, 43.8832627], [-78.81311370000002, 43.8834314], [-78.8135814, 43.8835809], [-78.81409530000002, 43.8837328], [-78.8146482, 43.8838865], [-78.81522150000002, 43.884032499999996], [-78.815811, 43.88416639999999], [-78.81642540000001, 43.8842939], [-78.8170816, 43.884413], [-78.81767190000001, 43.88450589999999], [-78.8183174, 43.88459329999999], [-78.8190105, 43.8846745], [-78.8195714, 43.8847262], [-78.82017560000001, 43.8847698], [-78.8208178, 43.884803600000005], [-78.8213972, 43.8848227], [-78.82193510000002, 43.8848296], [-78.8224295, 43.8848278], [-78.823009, 43.8848131], [-78.8235861, 43.8847904], [-78.824158, 43.884755299999995], [-78.82485090000002, 43.8846988], [-78.825512, 43.88462940000001], [-78.8261213, 43.8845511], [-78.82678890000001, 43.8844496], [-78.82736220000001, 43.8843559], [-78.8289011, 43.88408539999999], [-78.82993198778433, 43.88390625999906], [-78.8305501772956, 43.88380020781688], [-78.83131640000002, 43.8836638], [-78.8350061, 43.88301260000001], [-78.8352701, 43.88296840000001], [-78.83535050000002, 43.8829536], [-78.83568870000002, 43.882893800000005], [-78.83694910000001, 43.8826702], [-78.8375928, 43.8825561], [-78.8412107, 43.8819237], [-78.8449801, 43.8812569], [-78.8479569, 43.8807399], [-78.84895840000001, 43.8805629], [-78.85400092780782, 43.8796726426392], [-78.85461800490876, 43.87956405180885], [-78.85523538873825, 43.879455987748486], [-78.8548656, 43.8795213], [-78.85770338279198, 43.879020089540425], [-78.8584692, 43.8788876], [-78.85879420000002, 43.87882940000001], [-78.85932200000002, 43.8787353], [-78.85970780000001, 43.8786632], [-78.86008530000001, 43.8785905], [-78.86046870000001, 43.878513500000004], [-78.8609342, 43.878419], [-78.86137340000002, 43.8783232], [-78.86178110000002, 43.8782308], [-78.8621902, 43.8781373], [-78.86258660000001, 43.8780424], [-78.86303470000001, 43.8779308], [-78.86345230000002, 43.8778246], [-78.8638548, 43.877719], [-78.86432690000001, 43.8775903], [-78.86480840000002, 43.87745139999999], [-78.8652974, 43.8773072], [-78.86572200000002, 43.8771829], [-78.866139, 43.8770553], [-78.86656340000002, 43.87692140000001], [-78.86693660000002, 43.8767998], [-78.8721502, 43.8750337], [-78.87312450000002, 43.874699], [-78.87472090000001, 43.874153], [-78.8750974, 43.8740223], [-78.87623940000002, 43.873639], [-78.87681250000001, 43.8734465], [-78.88025740000002, 43.8722689], [-78.8820751, 43.871584299999995], [-78.88274670000001, 43.8713373], [-78.88330960000002, 43.8711455], [-78.8871708, 43.8698343], [-78.88771260000001, 43.8696574], [-78.88827450000001, 43.8694784], [-78.8891769, 43.8691988], [-78.8896741, 43.86904369999999], [-78.89025900000001, 43.8688553], [-78.891441, 43.8684578], [-78.8925338, 43.8680845], [-78.90137420000002, 43.865077], [-78.90225191853536, 43.86477321030459], [-78.90282691167026, 43.86457990336769], [-78.90342500000001, 43.8644208], [-78.9048474, 43.863941499999996], [-78.90514478026695, 43.86383799760572], [-78.90571688952583, 43.86364182711247], [-78.90689670000002, 43.8632485], [-78.90751340000001, 43.86306020000001], [-78.9080538, 43.8629068], [-78.9084889, 43.862791400000006], [-78.90892330000001, 43.8626832], [-78.90920600000001, 43.862615], [-78.9098347, 43.8624766], [-78.9104, 43.862362], [-78.9106874, 43.8623115], [-78.9109652, 43.8622657], [-78.9113259, 43.8622079], [-78.9118136, 43.8621377], [-78.9122475, 43.86208210000001], [-78.91268970000002, 43.86203329999999], [-78.91295250000002, 43.862008], [-78.9133148, 43.86197810000001], [-78.91366820000002, 43.86195029999999], [-78.91411140000001, 43.8619216], [-78.9145754, 43.8618992], [-78.9150627, 43.8618846], [-78.9155347, 43.8618762], [-78.91594030000002, 43.861875], [-78.91634320000001, 43.8618811], [-78.91672300000002, 43.86189040000001], [-78.9171611, 43.861905699999994], [-78.91753710000002, 43.8619256], [-78.9179158, 43.8619512], [-78.91832690000001, 43.861983699999996], [-78.9186633, 43.8620147], [-78.9189998, 43.8620457], [-78.91948330000001, 43.8621016], [-78.91987440000001, 43.86215130000001], [-78.92107930000002, 43.8623053], [-78.92363827160577, 43.86264306397052], [-78.924263310421, 43.86272554696302], [-78.9240613, 43.86265980000001], [-78.9285479, 43.8632515], [-78.92863580000001, 43.8632635], [-78.92927491243789, 43.863346918462426], [-78.92990079296493, 43.86342641889732], [-78.93052671907878, 43.86350638001662], [-78.9307972, 43.863542], [-78.93150790000001, 43.8636383], [-78.93240020000002, 43.86375900000001], [-78.93596190000001, 43.8642246], [-78.94083140000001, 43.8648656], [-78.95078620000001, 43.8661727], [-78.95132370000002, 43.86624230000001], [-78.9519584, 43.86632289999999], [-78.9525956, 43.8663972], [-78.9529929, 43.8664364], [-78.95338000000001, 43.8664695], [-78.95377730000001, 43.8664986], [-78.95428870000002, 43.8665268], [-78.9548345, 43.8665472], [-78.95534410000002, 43.8665583], [-78.95582860000002, 43.8665599], [-78.95648340000001, 43.8665503], [-78.9570476, 43.86652910000001], [-78.95750390000002, 43.8665047], [-78.95801250000001, 43.8664683], [-78.95852360000002, 43.866423], [-78.95898770000001, 43.8663738], [-78.95950130000001, 43.8663093], [-78.95994780000001, 43.8662487], [-78.9603539, 43.8661852], [-78.96079520000002, 43.86611059999999], [-78.9612394, 43.8660295], [-78.96184860000001, 43.8659065], [-78.9624612488806, 43.86577071469603], [-78.96306716011247, 43.865634499739805], [-78.96303270000001, 43.8656422], [-78.9710048, 43.86386079999999], [-78.97753590000002, 43.8623967], [-78.98253930000001, 43.8612754], [-78.98344330000002, 43.8610725], [-78.99221140000002, 43.8591095], [-78.99893010000001, 43.85760330000001], [-78.99931810000001, 43.8575164], [-79.01096264959351, 43.85490728658909], [-79.0117611, 43.85472579999999], [-79.01496790000002, 43.85400409999999], [-79.02134450000001, 43.852575800000004], [-79.02402700000002, 43.8519771], [-79.02431710000002, 43.8519096], [-79.03131860000002, 43.8503355], [-79.0366127, 43.8491428], [-79.03944913273477, 43.848506721769745], [-79.04005549665021, 43.84837040907299], [-79.04066078137674, 43.84823322202119], [-79.04119830000002, 43.8481129], [-79.04272620000002, 43.847771], [-79.0470107, 43.8468057], [-79.05096331712421, 43.84591547952775], [-79.05156951147741, 43.84577990131014], [-79.05217534596187, 43.845641763436205], [-79.0530252, 43.845437], [-79.05362040000001, 43.84527430000001], [-79.0542133, 43.845104], [-79.05474230000002, 43.8449333], [-79.05529190000001, 43.8447478], [-79.05587580000001, 43.8445333], [-79.05640870000002, 43.8443233], [-79.05693990000002, 43.84410170000001], [-79.05733939440077, 43.84392116676372], [-79.05775910000001, 43.8437315], [-79.06000425415533, 43.84269426455621], [-79.06053667038894, 43.842448351553145], [-79.06341010000001, 43.841123599999996], [-79.06828480000001, 43.83887179999999], [-79.0708512, 43.837685099999995], [-79.074607, 43.8359466], [-79.07814300000001, 43.8343148], [-79.0809924, 43.8329969], [-79.08162170000001, 43.832708399999994], [-79.08221570000002, 43.8324338], [-79.08236522887945, 43.83236375109521], [-79.08289533743199, 43.83211502615566], [-79.08372120000001, 43.8317234], [-79.0839163, 43.8316322], [-79.0849188, 43.8311525], [-79.08546450000001, 43.830895], [-79.08590420000002, 43.8306901], [-79.0863828, 43.8304695], [-79.0866662, 43.830333399999994], [-79.08766215033536, 43.829875252783935], [-79.08827660000001, 43.8295913], [-79.08949650000001, 43.8290281], [-79.09007760000001, 43.828760300000006], [-79.09062670000002, 43.82850599999999], [-79.09120330000002, 43.82823820000001], [-79.09179030000001, 43.8279682], [-79.0919218372901, 43.827908163342954], [-79.0924561892034, 43.8276645283182], [-79.09321260000002, 43.8273265], [-79.09386980000001, 43.8270338], [-79.0944432, 43.826776900000006], [-79.09511840000002, 43.8264714], [-79.0956567, 43.8262239], [-79.096218, 43.8259618], [-79.09673964190688, 43.82572318723275], [-79.09727228763639, 43.82547701059892], [-79.09749980000001, 43.8253716], [-79.09826370000002, 43.82501909999999], [-79.09939970521572, 43.824490665282134], [-79.0995381, 43.824426300000006], [-79.10089120000002, 43.8238101], [-79.10206203418178, 43.8232608837762], [-79.10259365875866, 43.82301469234176], [-79.10371250000001, 43.822498], [-79.10446390000001, 43.8221498], [-79.10487360000002, 43.82195839999999], [-79.10534330000002, 43.8217346], [-79.10572040000001, 43.8215441], [-79.10614460000001, 43.821321399999995], [-79.1065319, 43.821107399999995], [-79.1069633, 43.8208546], [-79.10723740000002, 43.8206862], [-79.10760220000002, 43.8204524], [-79.10790750000001, 43.8202446], [-79.10823150000002, 43.8200179], [-79.10848560000001, 43.81983230000001], [-79.1087743, 43.81961280000001], [-79.10900950000001, 43.819427], [-79.10925810000002, 43.8192234], [-79.10952790000002, 43.8189973], [-79.1097624, 43.818789], [-79.11000680000001, 43.8185669], [-79.11026650000001, 43.8183211], [-79.110481, 43.8181129], [-79.11071410000001, 43.81787670000001], [-79.1109195, 43.8176621], [-79.1111235, 43.8174453], [-79.11138600000001, 43.8171489], [-79.11158700000001, 43.8169106], [-79.11178690000001, 43.8166721], [-79.11197610000002, 43.81643749999999], [-79.11215780000002, 43.8161966], [-79.1123269, 43.815967500000006], [-79.11249750000002, 43.8157248], [-79.11265820000001, 43.8154857], [-79.11281720000001, 43.8152397], [-79.11297130000001, 43.8149929], [-79.11312250000002, 43.8147379], [-79.11327080000001, 43.814478300000005], [-79.11338640000001, 43.814266700000005], [-79.11351600000002, 43.8140056], [-79.11362730000002, 43.81377690000001], [-79.11374630000002, 43.8135131], [-79.1138428, 43.81328690000001], [-79.11393670000001, 43.8130527], [-79.1140295, 43.8128057], [-79.11411860000001, 43.8125548], [-79.1141967, 43.8123191], [-79.11426800000001, 43.812088300000006], [-79.11435090000002, 43.8117945], [-79.11442890000001, 43.811493], [-79.1144947, 43.8112269], [-79.11453780000001, 43.8110152], [-79.1145879, 43.8107644], [-79.11463190000002, 43.8105124], [-79.11466660000002, 43.8102803], [-79.11470080000001, 43.8100403], [-79.1147558, 43.809577700000006], [-79.11484090000002, 43.8087738], [-79.11484743735674, 43.808700606542764], [-79.11488568309113, 43.808251728934856], [-79.11487760000001, 43.8083629], [-79.1149908, 43.806806], [-79.11508890000002, 43.8053352], [-79.11518700000002, 43.8038596], [-79.1153008, 43.8021722], [-79.11534884164747, 43.80151445450611], [-79.1153796, 43.8011566], [-79.11540400000001, 43.8009325], [-79.1154241, 43.8007778], [-79.11544960000002, 43.8005939], [-79.11548250000001, 43.8004051], [-79.11552090000002, 43.8001956], [-79.11555540000002, 43.8000184], [-79.11559370000002, 43.7998304], [-79.11563350000002, 43.79965190000001], [-79.11567610000002, 43.7994717], [-79.11573120000001, 43.7992612], [-79.11578870000001, 43.799054500000004], [-79.11584200000001, 43.79887630000001], [-79.1158982, 43.798699], [-79.11597430000002, 43.798471], [-79.11603900000001, 43.7982867], [-79.1161088, 43.7980918], [-79.11619020000002, 43.7978871], [-79.11628090000002, 43.7976663], [-79.11638010000001, 43.797436999999995], [-79.11648450000001, 43.7972084], [-79.11661690000001, 43.7969347], [-79.1167122, 43.7967415], [-79.11684130000002, 43.796506199999996], [-79.1169521, 43.7963085], [-79.1170776, 43.79609109999999], [-79.11720830000002, 43.79587709999999], [-79.11733330000001, 43.7956805], [-79.11746880000001, 43.79547500000001], [-79.1177443, 43.7950794], [-79.11777272605967, 43.795040212303896], [-79.11806270217144, 43.79463998164371], [-79.11835197472683, 43.794239505343405], [-79.11863911685977, 43.79383825501327], [-79.11905100000001, 43.7932608], [-79.11978240000002, 43.7922687], [-79.12022240000002, 43.791663299999996], [-79.12105630000002, 43.7905115], [-79.1220585, 43.7891335], [-79.12229170000002, 43.788821500000005], [-79.12253010000002, 43.7885126], [-79.12279410000001, 43.7881913], [-79.1230502, 43.7878962], [-79.12351650000001, 43.78738109999999], [-79.1240919, 43.786764], [-79.12504120000001, 43.7857458], [-79.12775160000001, 43.7828444], [-79.1295099, 43.7809664], [-79.1296354, 43.78083169999999], [-79.1321665, 43.7781226], [-79.13305490000002, 43.7771783], [-79.13393298705729, 43.7762324787478], [-79.1341983, 43.77594669999999], [-79.13638330000002, 43.7736267], [-79.13658760000001, 43.7734168], [-79.13681960000001, 43.773182199999994], [-79.13702840000002, 43.7729771], [-79.13726290000001, 43.7727514], [-79.13750300000001, 43.7725284], [-79.13778040000001, 43.7722809], [-79.13802580000001, 43.7720699], [-79.1383688, 43.771781100000005], [-79.1386112, 43.7715862], [-79.13884000000002, 43.771408300000004], [-79.1390882, 43.77121760000001], [-79.1393518, 43.7710232], [-79.13962300000001, 43.7708279], [-79.13985670000001, 43.7706643], [-79.14008720000001, 43.770501700000004], [-79.140358, 43.7703217], [-79.14064480000002, 43.7701359], [-79.1409262, 43.769953900000004], [-79.14268410000001, 43.76884950000001], [-79.14454270000002, 43.7676888], [-79.14480833644674, 43.7675185074269], [-79.14528059952015, 43.76721722588381], [-79.14576043984948, 43.766920951130714], [-79.14615600000002, 43.7667306], [-79.1465087, 43.7665275], [-79.14683700000002, 43.7663506], [-79.14715050000001, 43.7661929], [-79.1474464, 43.7660529], [-79.14775880000002, 43.76591429999999], [-79.14811090000002, 43.7657676], [-79.14847840000002, 43.7656252], [-79.1488156, 43.7655038], [-79.14916160000001, 43.7653889], [-79.14949610000001, 43.76528609999999], [-79.14952662781673, 43.765277278513636], [-79.15005010000002, 43.7650899], [-79.15043040000002, 43.7649915], [-79.1519033, 43.7646146], [-79.15290670000002, 43.76436], [-79.1549975, 43.7638283], [-79.1583179, 43.7629735], [-79.16141620000002, 43.7621898], [-79.16206309872527, 43.76202721917956], [-79.1627662, 43.7618497], [-79.1633293, 43.76171179999999], [-79.16386500000002, 43.76158879999999], [-79.1644199, 43.7614684], [-79.16492460000002, 43.76136869999999], [-79.1663156913864, 43.76109976280459], [-79.1669291429268, 43.76098117832741], [-79.16857070000002, 43.7606642], [-79.17182320000002, 43.7600387], [-79.17343890000001, 43.7597261], [-79.17390640000002, 43.7596356], [-79.1786797, 43.758712], [-79.18180080000002, 43.7581078], [-79.1819275, 43.7580833], [-79.1848179, 43.7575255], [-79.18667420000001, 43.75716709999999], [-79.18721060000001, 43.7570635], [-79.18730290000002, 43.7570457], [-79.18840114281566, 43.75683455044578], [-79.18901465117196, 43.75671632893993], [-79.1902377, 43.75647970000001], [-79.19050070000002, 43.7564226], [-79.1907452, 43.7563681], [-79.1909906, 43.756312699999995], [-79.1912227, 43.75626], [-79.1914808, 43.7562053], [-79.1921372, 43.7560725], [-79.1924847, 43.7560065], [-79.1931204, 43.755881800000004], [-79.1936285, 43.75578], [-79.19503800000001, 43.7554805], [-79.195908, 43.755294199999994], [-79.19633944526494, 43.75520206338304], [-79.19695203459253, 43.75508040523385], [-79.1981696, 43.7548442], [-79.19852120000002, 43.754777], [-79.1989349, 43.75469940000001], [-79.1992874, 43.7546331], [-79.199647, 43.754570799999996], [-79.20022490000001, 43.7544669], [-79.20064085042063, 43.75439131985046], [-79.20125520584295, 43.75427482865758], [-79.20263360000001, 43.75401010000001], [-79.20300910000002, 43.7539352], [-79.2033832, 43.7538622], [-79.20378170000001, 43.7537817], [-79.20412170000002, 43.7537079], [-79.204418, 43.75364170000001], [-79.20471230000001, 43.753572], [-79.20501850000001, 43.7534951], [-79.20530980000001, 43.7534183], [-79.2055876, 43.7533423], [-79.20585860000001, 43.7532664], [-79.20616700000001, 43.75317379999999], [-79.20653660000002, 43.753056], [-79.2068151, 43.7529655], [-79.2071426, 43.7528508], [-79.20746560000002, 43.7527339], [-79.207811, 43.752606], [-79.2081325, 43.7524794], [-79.20842850000001, 43.7523566], [-79.2087567, 43.7522172], [-79.2090862, 43.7520733], [-79.21025720000002, 43.75155279999999], [-79.21059410000001, 43.7514018], [-79.2109013, 43.7512684], [-79.21120700000002, 43.7511405], [-79.21128880000002, 43.75110620000001], [-79.21158900000002, 43.7509858], [-79.21191270000001, 43.750864], [-79.21225610000002, 43.75073840000001], [-79.2125013, 43.7506519], [-79.21277970000001, 43.7505586], [-79.21309720000002, 43.7504563], [-79.2133534, 43.7503805], [-79.21360330000002, 43.7503074], [-79.21385350000001, 43.750236799999996], [-79.2140917, 43.7501731], [-79.2143256, 43.75011169999999], [-79.21452781074302, 43.75005966869814], [-79.21512640302794, 43.749907426587825], [-79.21667970000001, 43.7495128], [-79.21717470000002, 43.7493866], [-79.217476, 43.7493046], [-79.21778140000002, 43.74921739999999], [-79.2180318, 43.7491411], [-79.2183039, 43.74905239999999], [-79.21859680000001, 43.7489463], [-79.21884060000001, 43.7488553], [-79.2190903, 43.7487507], [-79.21933910000001, 43.7486418], [-79.21958540000001, 43.7485292], [-79.2198524, 43.7483965], [-79.22011510000002, 43.7482585], [-79.22037200000001, 43.748113800000006], [-79.2206233, 43.7479647], [-79.22087940000002, 43.7478048], [-79.22110620000001, 43.7476504], [-79.22130620000001, 43.7475049], [-79.2214898, 43.7473655], [-79.2216662, 43.7472258], [-79.22186620000001, 43.7470599], [-79.22203480000002, 43.7469119], [-79.2221962, 43.7467646], [-79.2226205, 43.746367799999994], [-79.22334860000001, 43.7456829], [-79.22368450000002, 43.7453773], [-79.2239681, 43.7451232], [-79.22437437009228, 43.74477116070759], [-79.22474100000001, 43.7445184], [-79.22506120000001, 43.7442506], [-79.22535310000002, 43.7440157], [-79.22568120000001, 43.7437568], [-79.22610680000001, 43.7434296], [-79.22637110000001, 43.7432294], [-79.22666480000001, 43.7430112], [-79.22694950000002, 43.7428067], [-79.22722360000002, 43.7426088], [-79.22752730000002, 43.7423958], [-79.22782020000001, 43.7421951], [-79.22805430000001, 43.7420357], [-79.22831810000001, 43.74185980000001], [-79.22859150000001, 43.7416822], [-79.2288732, 43.7414995], [-79.22927144484879, 43.74124779669894], [-79.23053540000001, 43.7404531], [-79.2306436, 43.74038530000001], [-79.2322129, 43.7394011], [-79.2345497, 43.7379355], [-79.23688540831046, 43.73647487695467], [-79.23736202723211, 43.736177093463255], [-79.2411686997627, 43.73379033902076], [-79.24164409225236, 43.73349152506756], [-79.24249650000002, 43.73295540000001], [-79.24270010000001, 43.7328234], [-79.24291320000002, 43.7326794], [-79.24313470000001, 43.7325279], [-79.2433554, 43.7323707], [-79.24358910000001, 43.7322007], [-79.2437875, 43.7320548], [-79.24401570000002, 43.731878699999996], [-79.24421460000002, 43.731722700000006], [-79.2444257, 43.7315504], [-79.24462810000001, 43.7313797], [-79.2448467, 43.7311905], [-79.24508210000002, 43.7309808], [-79.24516927703586, 43.730899731113034], [-79.24554980718504, 43.73053950664549], [-79.24591578157765, 43.73017249387951], [-79.2461556, 43.7298507], [-79.2463225, 43.7296688], [-79.24648030000002, 43.7294874], [-79.2466466, 43.72929299999999], [-79.2468135, 43.7290886], [-79.24698580000002, 43.7288725], [-79.24718053711989, 43.728613097134385], [-79.24745110000002, 43.7282372], [-79.24761730000002, 43.7279971], [-79.24964430000001, 43.724958900000004], [-79.25131250000001, 43.7224494], [-79.25198990000001, 43.7214297], [-79.25207817950506, 43.72129836579041], [-79.2523478604736, 43.720891180130366], [-79.2526183994062, 43.72048417121754], [-79.2531831, 43.719637500000005], [-79.25397303481036, 43.71844997373923], [-79.25424421609208, 43.718043171777765], [-79.25439970000001, 43.7178116], [-79.2548163, 43.71718829999999], [-79.25603370000002, 43.715348999999996], [-79.25640963573721, 43.71478777816663], [-79.25667986639255, 43.71438075307674], [-79.25745650000002, 43.7132107], [-79.259110704253, 43.71071668836972], [-79.2593837124482, 43.71031053490537], [-79.26133840000001, 43.70736410000001], [-79.26532758486933, 43.70135451911838], [-79.26559772504102, 43.7009474248906], [-79.26551930000001, 43.7011514], [-79.2667861, 43.69924889999999], [-79.26696960000001, 43.6989801], [-79.26715200000001, 43.6987204], [-79.2673263, 43.6984876], [-79.2674884, 43.6982792], [-79.26766840000002, 43.6980545], [-79.26784590000001, 43.697843600000006], [-79.26801490000001, 43.69764560000001], [-79.26818070000002, 43.6974598], [-79.2683695, 43.697255199999994], [-79.2685768, 43.6970368], [-79.26876050000001, 43.696849300000004], [-79.2689405, 43.6966689], [-79.26914580000002, 43.6964761], [-79.26942630000002, 43.69621620000001], [-79.2696175, 43.6960438], [-79.26981290000002, 43.6958758], [-79.2700106, 43.6957105], [-79.27022860000001, 43.6955326], [-79.2704718, 43.695341000000006], [-79.27059988460601, 43.69524383876578], [-79.27125280000001, 43.6947713], [-79.27143110000002, 43.694649], [-79.27168440000001, 43.6944776], [-79.27198750000001, 43.6942832], [-79.27231760000001, 43.694076], [-79.27263120000002, 43.6938861], [-79.2729197, 43.69371420000001], [-79.27341350000002, 43.6934392], [-79.2739555, 43.693158], [-79.2742898, 43.69298990000001], [-79.27467990000001, 43.6928042], [-79.27502930000001, 43.6926436], [-79.2754279, 43.692467], [-79.27586100000002, 43.6922864], [-79.27628480000001, 43.6921174], [-79.27670380000002, 43.691961], [-79.2771364, 43.69180660000001], [-79.2776333, 43.69164090000001], [-79.27806420000002, 43.69150580000001], [-79.27851620000001, 43.6913725], [-79.278905, 43.6912609], [-79.27931300000002, 43.6911531], [-79.2797047, 43.69105439999999], [-79.2800315, 43.6909765], [-79.2813531040472, 43.69067492272463], [-79.28169590000002, 43.6905967], [-79.286094, 43.68960130000001], [-79.28736600000002, 43.6893159], [-79.28768030000002, 43.6892427], [-79.2888587, 43.68897659999999], [-79.29251880000001, 43.68815010000001], [-79.2975137, 43.68701879999999], [-79.29831258717962, 43.686837085158686], [-79.29891678694216, 43.6866928794956], [-79.2992963, 43.68649210000001], [-79.2998049, 43.686356], [-79.30032150000001, 43.6862119], [-79.30077260000002, 43.6860798], [-79.30115710000001, 43.6859632], [-79.30157970000002, 43.6858276], [-79.30212270000001, 43.685649700000006], [-79.3025802, 43.6854914], [-79.30295341592348, 43.685358673266904], [-79.3035507, 43.68513810000001], [-79.30397110000001, 43.6849794], [-79.3044821, 43.6847834], [-79.30495130000001, 43.6846009], [-79.30630433824399, 43.68406874819504], [-79.30686042763607, 43.68385053117054], [-79.30730460000001, 43.6836764], [-79.3100636, 43.6825947], [-79.31075345929497, 43.682323790659815], [-79.31130973145186, 43.68210575873993], [-79.31191190000001, 43.681869600000006], [-79.3169942, 43.679873799999996], [-79.32076072137458, 43.67839353369222], [-79.32131709229434, 43.678175050887894], [-79.3215327, 43.6780939], [-79.3248791, 43.6767825], [-79.3282619, 43.675456800000006], [-79.32910612752151, 43.675125941505115], [-79.32975770000002, 43.67486869999999], [-79.3324334, 43.6738164], [-79.3326642, 43.6737238], [-79.33392250000001, 43.6732237], [-79.33436450000002, 43.6730418], [-79.33477350000001, 43.6728703], [-79.33507760000002, 43.6727423], [-79.33537320000002, 43.672613], [-79.33571080000002, 43.6724584], [-79.33603890000002, 43.672303400000004], [-79.33625575302734, 43.67219757052858], [-79.33677082357315, 43.67193505750681], [-79.33738610000002, 43.6716024], [-79.33763710000001, 43.6714567], [-79.33787450000001, 43.6713148], [-79.3381302, 43.6711577], [-79.33844050000002, 43.67095880000001], [-79.33872090000001, 43.6707724], [-79.33899120000001, 43.6705851], [-79.3392035, 43.6704303], [-79.33941720000001, 43.6702815], [-79.3395782, 43.6701577], [-79.3397908, 43.6699932], [-79.34000980000002, 43.6698159], [-79.34022250000001, 43.6696451], [-79.3404267, 43.669465], [-79.34068180000001, 43.6692483], [-79.3408352116136, 43.66910793998728], [-79.3412423, 43.6687978], [-79.34147430000002, 43.668567700000004], [-79.34169140000002, 43.6683484], [-79.3418984, 43.6681358], [-79.3419905224574, 43.6680360791668], [-79.34271830000002, 43.6671852], [-79.34286740000002, 43.66699560000001], [-79.34304930000002, 43.66675149999999], [-79.34326190000002, 43.6664378], [-79.343432, 43.6661635], [-79.34360940000002, 43.6658612], [-79.3438005, 43.6655326], [-79.34396080000002, 43.66526259999999], [-79.34397771197256, 43.6652316238612], [-79.34432750000002, 43.6646046], [-79.3443931, 43.664494600000005], [-79.34444369512642, 43.66439607264857], [-79.3447597, 43.66363170000001], [-79.3448931, 43.663298999999995], [-79.3449808, 43.6630801], [-79.34506870000001, 43.662833799999994], [-79.34513000000001, 43.6626251], [-79.34519410000001, 43.662415], [-79.34524700000001, 43.6622219], [-79.34530630000002, 43.66198], [-79.3453615, 43.6617942], [-79.34540930000001, 43.6615438], [-79.3454449, 43.66132030000001], [-79.34552290000002, 43.66078900000001], [-79.34556030000002, 43.660349], [-79.34558050000001, 43.660112299999994], [-79.34558841190287, 43.660018259865915], [-79.34566640000001, 43.6597076], [-79.3457329, 43.65893570000001], [-79.34576550000001, 43.6585473], [-79.34581930000002, 43.658157599999996], [-79.3459067, 43.657736099999994], [-79.34602642143001, 43.657326054102235], [-79.346286, 43.6566478], [-79.3464893, 43.6562371], [-79.34657490000001, 43.6560896], [-79.3466714, 43.6559369], [-79.346766, 43.655801], [-79.34689170000001, 43.6556348], [-79.34705370000002, 43.655431899999996], [-79.347379, 43.65510329999999], [-79.34769690000002, 43.6548188], [-79.34824710000001, 43.6544043], [-79.34867350000002, 43.6541025], [-79.34899172682638, 43.653897151588204], [-79.3499969, 43.6533372], [-79.35043990000001, 43.653089], [-79.3508616, 43.6528633], [-79.35100025821538, 43.652788952833035], [-79.35159740000002, 43.6526468], [-79.35189570000001, 43.65242959999999], [-79.35220530000001, 43.6522273], [-79.35340530000002, 43.6515829], [-79.3546476, 43.6509167], [-79.35507350000002, 43.6506828], [-79.35556160000002, 43.650436], [-79.35599310000002, 43.6502436], [-79.35617124009208, 43.65017602664627], [-79.35658540000001, 43.6498629], [-79.3571212, 43.649727], [-79.35836520000001, 43.6493079], [-79.35844300000001, 43.649281599999995], [-79.35939330000001, 43.6489632], [-79.3598632, 43.6488057], [-79.36068686113738, 43.64852784751322], [-79.3613726, 43.6483512], [-79.3618759322658, 43.64820868234885], [-79.36236600000001, 43.64808630000001], [-79.36292630000001, 43.64796390000001], [-79.364323, 43.6476669], [-79.36510300000002, 43.6475011], [-79.36612959843812, 43.64728340926854], [-79.36668400000002, 43.6472028], [-79.36928690000002, 43.64664969999999], [-79.36979772801038, 43.64653971982252], [-79.37040650757316, 43.646409713816404], [-79.3704887, 43.646353600000005], [-79.37160807391527, 43.646112630548934], [-79.37222026725105, 43.64598868144469], [-79.372793, 43.6459176], [-79.37307740000001, 43.6458621], [-79.37342910000001, 43.6457994], [-79.37407952833844, 43.64568207435267], [-79.37469388187414, 43.64556894997411], [-79.37540740000001, 43.6455413], [-79.37614620000001, 43.645420900000005], [-79.3764928, 43.6453644], [-79.37720169560629, 43.64525075325573], [-79.3778244, 43.6451264], [-79.37841794616313, 43.64500257349066], [-79.38023635188753, 43.64461418361178]]}, "properties": {"kind": "matched_corridor_segment", "alignment_id": "via_existing", "troncon_id": "MTL-TO", "length_km": 539.04, "n_points": 5795, "n_locked": 10496, "n_bootstrap": 0, "n_forced_switch": 191, "n_fallback": 0, "n_junction_switches": 372}}, {"type": "Feature", "geometry": {"type": "Point", "coordinates": [-73.5657451, 45.499756399999995]}, "properties": {"kind": "station_snapped", "stop_id": "226", "stop_name": "Montréal", "snap_dist_m": 38.3}}, {"type": "Feature", "geometry": {"type": "Point", "coordinates": [-73.50723470000001, 45.4990927]}, "properties": {"kind": "station_snapped", "stop_id": "343", "stop_name": "Saint-Lambert", "snap_dist_m": 17.6}}, {"type": "Feature", "geometry": {"type": "Point", "coordinates": [-72.94893060000001, 45.627719]}, "properties": {"kind": "station_snapped", "stop_id": "631", "stop_name": "Saint-Hyacinthe", "snap_dist_m": 1.3}}, {"type": "Feature", "geometry": {"type": "Point", "coordinates": [-72.48782290000001, 45.8825864]}, "properties": {"kind": "station_snapped", "stop_id": "630", "stop_name": "Drummondville", "snap_dist_m": 18.4}}, {"type": "Feature", "geometry": {"type": "Point", "coordinates": [-71.2706265, 46.7135945]}, "properties": {"kind": "station_snapped", "stop_id": "492", "stop_name": "Charny", "snap_dist_m": 5.5}}, {"type": "Feature", "geometry": {"type": "Point", "coordinates": [-71.2976163, 46.7542262]}, "properties": {"kind": "station_snapped", "stop_id": "629", "stop_name": "Sainte-Foy", "snap_dist_m": 3.4}}, {"type": "Feature", "geometry": {"type": "Point", "coordinates": [-71.21461879391673, 46.8185686057989]}, "properties": {"kind": "station_snapped", "stop_id": "628", "stop_name": "Québec", "snap_dist_m": 0.4}}, {"type": "Feature", "geometry": {"type": "Point", "coordinates": [-73.74145980000002, 45.4489164]}, "properties": {"kind": "station_snapped", "stop_id": "332", "stop_name": "Dorval", "snap_dist_m": 14.0}}, {"type": "Feature", "geometry": {"type": "Point", "coordinates": [-73.75198190000002, 45.449125]}, "properties": {"kind": "station_snapped", "stop_id": "555", "stop_name": "Aéroport Montréal Pierre-Elliott Trudeau", "snap_dist_m": 874.4}}, {"type": "Feature", "geometry": {"type": "Point", "coordinates": [-74.232949, 45.2748788]}, "properties": {"kind": "station_snapped", "stop_id": "351", "stop_name": "Coteau", "snap_dist_m": 2.3}}, {"type": "Feature", "geometry": {"type": "Point", "coordinates": [-74.6399149, 45.318038]}, "properties": {"kind": "station_snapped", "stop_id": "344", "stop_name": "Alexandria", "snap_dist_m": 19.0}}, {"type": "Feature", "geometry": {"type": "Point", "coordinates": [-75.0872546, 45.3123128]}, "properties": {"kind": "station_snapped", "stop_id": "419", "stop_name": "Casselman", "snap_dist_m": 5.3}}, {"type": "Feature", "geometry": {"type": "Point", "coordinates": [-75.6514721724215, 45.41581077663107]}, "properties": {"kind": "station_snapped", "stop_id": "617", "stop_name": "Ottawa", "snap_dist_m": 20.1}}, {"type": "Feature", "geometry": {"type": "Point", "coordinates": [-76.02406080000002, 44.91249570000001]}, "properties": {"kind": "station_snapped", "stop_id": "377", "stop_name": "Smiths Falls", "snap_dist_m": 5.4}}, {"type": "Feature", "geometry": {"type": "Point", "coordinates": [-75.69242870000001, 44.592241]}, "properties": {"kind": "station_snapped", "stop_id": "35", "stop_name": "Brockville", "snap_dist_m": 26.6}}, {"type": "Feature", "geometry": {"type": "Point", "coordinates": [-76.15384040000002, 44.3687935]}, "properties": {"kind": "station_snapped", "stop_id": "200", "stop_name": "Gananoque", "snap_dist_m": 9.0}}, {"type": "Feature", "geometry": {"type": "Point", "coordinates": [-76.536546, 44.2570377]}, "properties": {"kind": "station_snapped", "stop_id": "58", "stop_name": "Kingston", "snap_dist_m": 6.6}}, {"type": "Feature", "geometry": {"type": "Point", "coordinates": [-76.95417390000001, 44.2536813]}, "properties": {"kind": "station_snapped", "stop_id": "309", "stop_name": "Napanee", "snap_dist_m": 7.8}}, {"type": "Feature", "geometry": {"type": "Point", "coordinates": [-77.3742964, 44.17968329999999]}, "properties": {"kind": "station_snapped", "stop_id": "415", "stop_name": "Belleville", "snap_dist_m": 21.8}}, {"type": "Feature", "geometry": {"type": "Point", "coordinates": [-77.598808, 44.11525480000001]}, "properties": {"kind": "station_snapped", "stop_id": "413", "stop_name": "Trenton Junction", "snap_dist_m": 0.3}}, {"type": "Feature", "geometry": {"type": "Point", "coordinates": [-78.17164290000001, 43.967741700000005]}, "properties": {"kind": "station_snapped", "stop_id": "178", "stop_name": "Cobourg", "snap_dist_m": 11.5}}, {"type": "Feature", "geometry": {"type": "Point", "coordinates": [-78.29889300000002, 43.9436526]}, "properties": {"kind": "station_snapped", "stop_id": "9", "stop_name": "Port Hope", "snap_dist_m": 12.0}}, {"type": "Feature", "geometry": {"type": "Point", "coordinates": [-78.88330960000002, 43.8711455]}, "properties": {"kind": "station_snapped", "stop_id": "367", "stop_name": "Oshawa", "snap_dist_m": 111.3}}, {"type": "Feature", "geometry": {"type": "Point", "coordinates": [-79.1981696, 43.7548442]}, "properties": {"kind": "station_snapped", "stop_id": "450", "stop_name": "Guildwood", "snap_dist_m": 7.9}}, {"type": "Feature", "geometry": {"type": "Point", "coordinates": [-79.38023635188753, 43.64461418361178]}, "properties": {"kind": "station_snapped", "stop_id": "119", "stop_name": "Toronto", "snap_dist_m": 22.8}}]}