{
 "type": "FeatureCollection",
 "meta": {
  "source": "VIA Rail GTFS (shapes.txt, basse-résolution)",
  "feed_publisher_name": "VIA Rail Canada inc.",
  "generated_at": "2026-05-16T23:35:09.924569+00:00",
  "scenarios_supported": [
   "S1",
   "S2",
   "S3"
  ],
  "alignment_id": "via_existing",
  "note": "Cette polyligne est basse-résolution (pas médian ~200 m, max jusqu'à 32 km). À utiliser uniquement pour l'identification sémantique du corridor et l'ordre des gares. La géométrie haute-résolution pour le calcul de courbure est fournie par OSM (voir 03_match_gtfs_to_osm.py)."
 },
 "features": [
  {
   "type": "Feature",
   "geometry": {
    "type": "LineString",
    "coordinates": [
     [
      -73.56618,
      45.49992
     ],
     [
      -73.55756,
      45.49594
     ],
     [
      -73.55662,
      45.4953
     ],
     [
      -73.55608,
      45.49446
     ],
     [
      -73.55593,
      45.49381
     ],
     [
      -73.55609,
      45.49189
     ],
     [
      -73.55659,
      45.48812
     ],
     [
      -73.55648,
      45.48704
     ],
     [
      -73.55613,
      45.48635
     ],
     [
      -73.5558,
      45.48598
     ],
     [
      -73.55505,
      45.48548
     ],
     [
      -73.55387,
      45.48509
     ],
     [
      -73.55237,
      45.48503
     ],
     [
      -73.5514,
      45.48517
     ],
     [
      -73.54116,
      45.48765
     ],
     [
      -73.50746,
      45.49905
     ],
     [
      -73.49716,
      45.50241
     ],
     [
      -73.49269,
      45.50363
     ],
     [
      -73.48761,
      45.50447
     ],
     [
      -73.43209,
      45.50822
     ],
     [
      -73.33849,
      45.51435
     ],
     [
      -73.33577,
      45.51465
     ],
     [
      -73.33332,
      45.51513
     ],
     [
      -73.22544,
      45.54728
     ],
     [
      -73.22307,
      45.54774
     ],
     [
      -73.2203,
      45.54805
     ],
     [
      -73.21851,
      45.54812
     ],
     [
      -73.20735,
      45.54808
     ],
     [
      -73.20627,
      45.5482
     ],
     [
      -73.20503,
      45.54856
     ],
     [
      -73.20393,
      45.54919
     ],
     [
      -73.20334,
      45.54973
     ],
     [
      -73.20301,
      45.55015
     ],
     [
      -73.18766,
      45.57285
     ],
     [
      -73.18651,
      45.57408
     ],
     [
      -73.18503,
      45.57513
     ],
     [
      -73.18311,
      45.57603
     ],
     [
      -73.17939,
      45.57699
     ],
     [
      -72.94893,
      45.62771
     ],
     [
      -72.8929,
      45.64017
     ],
     [
      -72.88983,
      45.64111
     ],
     [
      -72.85247,
      45.65462
     ],
     [
      -72.85005,
      45.65562
     ],
     [
      -72.84813,
      45.65676
     ],
     [
      -72.8465,
      45.65807
     ],
     [
      -72.84523,
      45.65954
     ],
     [
      -72.83852,
      45.66926
     ],
     [
      -72.83544,
      45.67325
     ],
     [
      -72.83252,
      45.67556
     ],
     [
      -72.81751,
      45.68545
     ],
     [
      -72.81505,
      45.68664
     ],
     [
      -72.81265,
      45.68752
     ],
     [
      -72.80953,
      45.68829
     ],
     [
      -72.78441,
      45.69318
     ],
     [
      -72.78246,
      45.6937
     ],
     [
      -72.78061,
      45.69451
     ],
     [
      -72.77861,
      45.69582
     ],
     [
      -72.67716,
      45.7657
     ],
     [
      -72.67433,
      45.76751
     ],
     [
      -72.57962,
      45.81624
     ],
     [
      -72.57757,
      45.81739
     ],
     [
      -72.57573,
      45.8187
     ],
     [
      -72.55048,
      45.84032
     ],
     [
      -72.54778,
      45.84246
     ],
     [
      -72.54541,
      45.8438
     ],
     [
      -72.54252,
      45.84502
     ],
     [
      -72.52367,
      45.85168
     ],
     [
      -72.52199,
      45.85244
     ],
     [
      -72.52019,
      45.85343
     ],
     [
      -72.51804,
      45.85493
     ],
     [
      -72.49117,
      45.87849
     ],
     [
      -72.49003,
      45.87969
     ],
     [
      -72.48742,
      45.88308
     ],
     [
      -72.48678,
      45.88374
     ],
     [
      -72.48578,
      45.88456
     ],
     [
      -72.48121,
      45.88751
     ],
     [
      -72.47754,
      45.88968
     ],
     [
      -72.47299,
      45.89298
     ],
     [
      -72.46998,
      45.8955
     ],
     [
      -72.46891,
      45.8963
     ],
     [
      -72.46816,
      45.8967
     ],
     [
      -72.46348,
      45.89871
     ],
     [
      -72.46173,
      45.89973
     ],
     [
      -72.43846,
      45.91904
     ],
     [
      -72.42512,
      45.92987
     ],
     [
      -72.42342,
      45.93108
     ],
     [
      -72.39538,
      45.94693
     ],
     [
      -72.39385,
      45.94787
     ],
     [
      -72.39166,
      45.94965
     ],
     [
      -72.39054,
      45.95087
     ],
     [
      -72.38993,
      45.952
     ],
     [
      -72.38949,
      45.95331
     ],
     [
      -72.38943,
      45.95471
     ],
     [
      -72.38975,
      45.95609
     ],
     [
      -72.39484,
      45.96645
     ],
     [
      -72.40544,
      45.98758
     ],
     [
      -72.40621,
      45.98936
     ],
     [
      -72.4065,
      45.99079
     ],
     [
      -72.40658,
      45.99204
     ],
     [
      -72.40736,
      46.02242
     ],
     [
      -72.40725,
      46.02351
     ],
     [
      -72.40692,
      46.02461
     ],
     [
      -72.40651,
      46.0255
     ],
     [
      -72.40579,
      46.02641
     ],
     [
      -72.39912,
      46.03302
     ],
     [
      -72.39791,
      46.0344
     ],
     [
      -72.39723,
      46.03566
     ],
     [
      -72.39683,
      46.03713
     ],
     [
      -72.39679,
      46.03862
     ],
     [
      -72.40019,
      46.07273
     ],
     [
      -72.40024,
      46.07391
     ],
     [
      -72.40012,
      46.07491
     ],
     [
      -72.39979,
      46.07592
     ],
     [
      -72.39931,
      46.07685
     ],
     [
      -72.3983,
      46.07813
     ],
     [
      -72.39696,
      46.07936
     ],
     [
      -72.37743,
      46.09589
     ],
     [
      -72.37585,
      46.09756
     ],
     [
      -72.37467,
      46.0992
     ],
     [
      -72.36964,
      46.10708
     ],
     [
      -72.36914,
      46.10776
     ],
     [
      -72.36841,
      46.10848
     ],
     [
      -72.36735,
      46.10932
     ],
     [
      -72.35131,
      46.12079
     ],
     [
      -72.35022,
      46.12146
     ],
     [
      -72.27976,
      46.1533
     ],
     [
      -72.17904,
      46.19401
     ],
     [
      -72.17747,
      46.19472
     ],
     [
      -72.15813,
      46.20529
     ],
     [
      -72.1387,
      46.21329
     ],
     [
      -72.13812,
      46.21363
     ],
     [
      -72.13756,
      46.2142
     ],
     [
      -72.13727,
      46.21476
     ],
     [
      -72.13714,
      46.21554
     ],
     [
      -72.13207,
      46.27007
     ],
     [
      -72.13188,
      46.27066
     ],
     [
      -72.13154,
      46.27124
     ],
     [
      -72.11448,
      46.29551
     ],
     [
      -72.11375,
      46.29641
     ],
     [
      -72.11315,
      46.29692
     ],
     [
      -72.11239,
      46.29738
     ],
     [
      -72.11082,
      46.29798
     ],
     [
      -72.01734,
      46.33122
     ],
     [
      -72.01566,
      46.332
     ],
     [
      -72.00973,
      46.33569
     ],
     [
      -72.00864,
      46.33666
     ],
     [
      -72.00813,
      46.33766
     ],
     [
      -72.008,
      46.33859
     ],
     [
      -72.00783,
      46.36358
     ],
     [
      -72.00753,
      46.36526
     ],
     [
      -72.0068,
      46.36678
     ],
     [
      -72.00565,
      46.36813
     ],
     [
      -72.00411,
      46.36931
     ],
     [
      -72.00061,
      46.37147
     ],
     [
      -71.99882,
      46.37225
     ],
     [
      -71.99717,
      46.37262
     ],
     [
      -71.87725,
      46.38982
     ],
     [
      -71.76877,
      46.40522
     ],
     [
      -71.76574,
      46.40573
     ],
     [
      -71.76363,
      46.40646
     ],
     [
      -71.76217,
      46.40722
     ],
     [
      -71.69042,
      46.45428
     ],
     [
      -71.68791,
      46.45608
     ],
     [
      -71.68638,
      46.45755
     ],
     [
      -71.68579,
      46.4582
     ],
     [
      -71.68482,
      46.45954
     ],
     [
      -71.63708,
      46.53666
     ],
     [
      -71.63664,
      46.53726
     ],
     [
      -71.63566,
      46.5382
     ],
     [
      -71.63403,
      46.53928
     ],
     [
      -71.63236,
      46.54007
     ],
     [
      -71.60414,
      46.55002
     ],
     [
      -71.60059,
      46.55134
     ],
     [
      -71.5979,
      46.55273
     ],
     [
      -71.59529,
      46.55455
     ],
     [
      -71.50793,
      46.61906
     ],
     [
      -71.50607,
      46.62024
     ],
     [
      -71.50392,
      46.62111
     ],
     [
      -71.44879,
      46.64012
     ],
     [
      -71.42808,
      46.64922
     ],
     [
      -71.42615,
      46.64994
     ],
     [
      -71.42412,
      46.65055
     ],
     [
      -71.4101,
      46.65403
     ],
     [
      -71.40841,
      46.65453
     ],
     [
      -71.33401,
      46.68077
     ],
     [
      -71.33155,
      46.68185
     ],
     [
      -71.30545,
      46.69478
     ],
     [
      -71.30291,
      46.69579
     ],
     [
      -71.29054,
      46.69898
     ],
     [
      -71.28892,
      46.69953
     ],
     [
      -71.27799,
      46.70526
     ],
     [
      -71.27617,
      46.70649
     ],
     [
      -71.27503,
      46.70762
     ],
     [
      -71.2693,
      46.71537
     ],
     [
      -71.26908,
      46.71602
     ],
     [
      -71.26914,
      46.7165
     ],
     [
      -71.26936,
      46.71695
     ],
     [
      -71.27345,
      46.72112
     ],
     [
      -71.27507,
      46.72337
     ],
     [
      -71.27725,
      46.7277
     ],
     [
      -71.28347,
      46.73815
     ],
     [
      -71.28561,
      46.74157
     ],
     [
      -71.29223,
      46.7526
     ],
     [
      -71.29289,
      46.7534
     ],
     [
      -71.29355,
      46.75388
     ],
     [
      -71.2945,
      46.75425
     ],
     [
      -71.29549,
      46.75441
     ],
     [
      -71.29663,
      46.75437
     ],
     [
      -71.3269,
      46.74992
     ],
     [
      -71.33488,
      46.74782
     ],
     [
      -71.33563,
      46.74773
     ],
     [
      -71.33635,
      46.7478
     ],
     [
      -71.33679,
      46.74794
     ],
     [
      -71.33735,
      46.74831
     ],
     [
      -71.33765,
      46.74875
     ],
     [
      -71.33774,
      46.74936
     ],
     [
      -71.33798,
      46.74981
     ],
     [
      -71.33823,
      46.75003
     ],
     [
      -71.34023,
      46.75123
     ],
     [
      -71.34057,
      46.75168
     ],
     [
      -71.34066,
      46.75197
     ],
     [
      -71.34019,
      46.75981
     ],
     [
      -71.34024,
      46.76138
     ],
     [
      -71.34038,
      46.76232
     ],
     [
      -71.34041,
      46.76322
     ],
     [
      -71.34029,
      46.76439
     ],
     [
      -71.34006,
      46.76509
     ],
     [
      -71.33897,
      46.76655
     ],
     [
      -71.33821,
      46.76817
     ],
     [
      -71.33622,
      46.76975
     ],
     [
      -71.33592,
      46.77008
     ],
     [
      -71.33255,
      46.77599
     ],
     [
      -71.33209,
      46.77656
     ],
     [
      -71.33169,
      46.77699
     ],
     [
      -71.3307,
      46.77776
     ],
     [
      -71.32941,
      46.7785
     ],
     [
      -71.32518,
      46.78023
     ],
     [
      -71.32289,
      46.78101
     ],
     [
      -71.31395,
      46.78336
     ],
     [
      -71.31205,
      46.78369
     ],
     [
      -71.30901,
      46.78405
     ],
     [
      -71.30817,
      46.78427
     ],
     [
      -71.30743,
      46.7845
     ],
     [
      -71.30011,
      46.78752
     ],
     [
      -71.29313,
      46.78952
     ],
     [
      -71.29233,
      46.78981
     ],
     [
      -71.29097,
      46.79055
     ],
     [
      -71.29008,
      46.79129
     ],
     [
      -71.28941,
      46.79211
     ],
     [
      -71.28901,
      46.79315
     ],
     [
      -71.2889,
      46.79388
     ],
     [
      -71.28892,
      46.7944
     ],
     [
      -71.28949,
      46.79636
     ],
     [
      -71.28953,
      46.7972
     ],
     [
      -71.28911,
      46.79843
     ],
     [
      -71.28842,
      46.79935
     ],
     [
      -71.28802,
      46.79973
     ],
     [
      -71.26798,
      46.81419
     ],
     [
      -71.24841,
      46.83193
     ],
     [
      -71.24747,
      46.83257
     ],
     [
      -71.23852,
      46.83747
     ],
     [
      -71.23772,
      46.83775
     ],
     [
      -71.23697,
      46.8379
     ],
     [
      -71.23557,
      46.83794
     ],
     [
      -71.23421,
      46.83768
     ],
     [
      -71.23334,
      46.83733
     ],
     [
      -71.23268,
      46.83691
     ],
     [
      -71.22815,
      46.83234
     ],
     [
      -71.21805,
      46.82362
     ],
     [
      -71.21529,
      46.82061
     ],
     [
      -71.21461,
      46.81857
     ]
    ]
   },
   "properties": {
    "kind": "corridor_segment",
    "troncon_id": "MTL-QC",
    "troncon_label_fr": "Montréal → Québec",
    "troncon_label_en": "Montréal → Québec City",
    "route_id": "628-226",
    "route_long_name": "Québec - Montréal",
    "shape_id": "467",
    "n_pts": 271,
    "length_km_approx": 269.8,
    "n_stops": 7
   }
  },
  {
   "type": "Feature",
   "geometry": {
    "type": "Point",
    "coordinates": [
     -73.5661785423,
     45.4999195215
    ]
   },
   "properties": {
    "kind": "station",
    "troncon_id": "MTL-QC",
    "stop_id": "226",
    "stop_name": "Montréal",
    "km_along_segment": 0.0,
    "snap_distance_m_gtfs": 0.1
   }
  },
  {
   "type": "Feature",
   "geometry": {
    "type": "Point",
    "coordinates": [
     -73.5074597921,
     45.4990791825
    ]
   },
   "properties": {
    "kind": "station",
    "troncon_id": "MTL-QC",
    "stop_id": "343",
    "stop_name": "Saint-Lambert",
    "km_along_segment": 6.11,
    "snap_distance_m_gtfs": 3.2
   }
  },
  {
   "type": "Feature",
   "geometry": {
    "type": "Point",
    "coordinates": [
     -72.9489314282,
     45.6277076183
    ]
   },
   "properties": {
    "kind": "station",
    "troncon_id": "MTL-QC",
    "stop_id": "631",
    "stop_name": "Saint-Hyacinthe",
    "km_along_segment": 53.24,
    "snap_distance_m_gtfs": 0.3
   }
  },
  {
   "type": "Feature",
   "geometry": {
    "type": "Point",
    "coordinates": [
     -72.487905,
     45.882431
    ]
   },
   "properties": {
    "kind": "station",
    "troncon_id": "MTL-QC",
    "stop_id": "630",
    "stop_name": "Drummondville",
    "km_along_segment": 100.01,
    "snap_distance_m_gtfs": 81.3
   }
  },
  {
   "type": "Feature",
   "geometry": {
    "type": "Point",
    "coordinates": [
     -71.2706122454,
     46.7135459681
    ]
   },
   "properties": {
    "kind": "station",
    "troncon_id": "MTL-QC",
    "stop_id": "492",
    "stop_name": "Charny",
    "km_along_segment": 245.04,
    "snap_distance_m_gtfs": 226.2
   }
  },
  {
   "type": "Feature",
   "geometry": {
    "type": "Point",
    "coordinates": [
     -71.2975749888,
     46.7542382955
    ]
   },
   "properties": {
    "kind": "station",
    "troncon_id": "MTL-QC",
    "stop_id": "629",
    "stop_name": "Sainte-Foy",
    "km_along_segment": 249.98,
    "snap_distance_m_gtfs": 73.5
   }
  },
  {
   "type": "Feature",
   "geometry": {
    "type": "Point",
    "coordinates": [
     -71.2146142824,
     46.8185710392
    ]
   },
   "properties": {
    "kind": "station",
    "troncon_id": "MTL-QC",
    "stop_id": "628",
    "stop_name": "Québec",
    "km_along_segment": 269.85,
    "snap_distance_m_gtfs": 0.3
   }
  },
  {
   "type": "Feature",
   "geometry": {
    "type": "LineString",
    "coordinates": [
     [
      -73.56618,
      45.49992
     ],
     [
      -73.55719,
      45.49575
     ],
     [
      -73.55662,
      45.4953
     ],
     [
      -73.55622,
      45.49476
     ],
     [
      -73.55599,
      45.49415
     ],
     [
      -73.55593,
      45.49346
     ],
     [
      -73.55609,
      45.49189
     ],
     [
      -73.55667,
      45.48814
     ],
     [
      -73.55668,
      45.48761
     ],
     [
      -73.55661,
      45.48713
     ],
     [
      -73.55605,
      45.48585
     ],
     [
      -73.55592,
      45.48521
     ],
     [
      -73.55601,
      45.48456
     ],
     [
      -73.55628,
      45.48404
     ],
     [
      -73.55697,
      45.48304
     ],
     [
      -73.55767,
      45.48237
     ],
     [
      -73.55836,
      45.48195
     ],
     [
      -73.55953,
      45.48141
     ],
     [
      -73.56552,
      45.47717
     ],
     [
      -73.56745,
      45.47628
     ],
     [
      -73.57003,
      45.47566
     ],
     [
      -73.57242,
      45.47545
     ],
     [
      -73.57443,
      45.47552
     ],
     [
      -73.57574,
      45.4757
     ],
     [
      -73.57909,
      45.4766
     ],
     [
      -73.58087,
      45.47687
     ],
     [
      -73.58459,
      45.47707
     ],
     [
      -73.58557,
      45.47687
     ],
     [
      -73.58644,
      45.47656
     ],
     [
      -73.59428,
      45.47181
     ],
     [
      -73.60284,
      45.46723
     ],
     [
      -73.61904,
      45.46048
     ],
     [
      -73.62363,
      45.45782
     ],
     [
      -73.631,
      45.45288
     ],
     [
      -73.63429,
      45.45101
     ],
     [
      -73.63731,
      45.44955
     ],
     [
      -73.64162,
      45.44807
     ],
     [
      -73.64393,
      45.44759
     ],
     [
      -73.64658,
      45.44723
     ],
     [
      -73.64992,
      45.44713
     ],
     [
      -73.685,
      45.44787
     ],
     [
      -73.69527,
      45.44855
     ],
     [
      -73.69742,
      45.44863
     ],
     [
      -73.70348,
      45.44835
     ],
     [
      -73.73389,
      45.44894
     ],
     [
      -73.73779,
      45.44886
     ],
     [
      -73.78483,
      45.44976
     ],
     [
      -73.78804,
      45.44969
     ],
     [
      -73.79118,
      45.44947
     ],
     [
      -73.79633,
      45.44877
     ],
     [
      -73.79938,
      45.4481
     ],
     [
      -73.80271,
      45.44719
     ],
     [
      -73.81371,
      45.44384
     ],
     [
      -73.81833,
      45.44256
     ],
     [
      -73.85723,
      45.4321
     ],
     [
      -73.8605,
      45.4314
     ],
     [
      -73.86308,
      45.43096
     ],
     [
      -73.89695,
      45.42559
     ],
     [
      -73.90091,
      45.42467
     ],
     [
      -73.90421,
      45.4237
     ],
     [
      -73.94462,
      45.40915
     ],
     [
      -73.94669,
      45.40855
     ],
     [
      -73.95052,
      45.4076
     ],
     [
      -73.95168,
      45.40714
     ],
     [
      -73.95327,
      45.40626
     ],
     [
      -73.95425,
      45.40556
     ],
     [
      -73.95542,
      45.4045
     ],
     [
      -73.96094,
      45.39908
     ],
     [
      -73.96313,
      45.39727
     ],
     [
      -73.966,
      45.39523
     ],
     [
      -73.96972,
      45.39308
     ],
     [
      -73.97229,
      45.39183
     ],
     [
      -73.97564,
      45.39046
     ],
     [
      -73.9796,
      45.38915
     ],
     [
      -73.98351,
      45.38819
     ],
     [
      -73.98743,
      45.38751
     ],
     [
      -73.99095,
      45.38706
     ],
     [
      -74.00538,
      45.38633
     ],
     [
      -74.0099,
      45.38571
     ],
     [
      -74.01275,
      45.38497
     ],
     [
      -74.01597,
      45.38374
     ],
     [
      -74.03271,
      45.37548
     ],
     [
      -74.03501,
      45.3741
     ],
     [
      -74.04001,
      45.3708
     ],
     [
      -74.04275,
      45.36928
     ],
     [
      -74.05241,
      45.36446
     ],
     [
      -74.06449,
      45.35983
     ],
     [
      -74.1657,
      45.3101
     ],
     [
      -74.17543,
      45.3045
     ],
     [
      -74.17852,
      45.30313
     ],
     [
      -74.18595,
      45.30029
     ],
     [
      -74.19154,
      45.29771
     ],
     [
      -74.19409,
      45.29625
     ],
     [
      -74.19667,
      45.29452
     ],
     [
      -74.20045,
      45.29153
     ],
     [
      -74.20279,
      45.28994
     ],
     [
      -74.20505,
      45.28871
     ],
     [
      -74.23295,
      45.27487
     ],
     [
      -74.23713,
      45.27289
     ],
     [
      -74.23837,
      45.27252
     ],
     [
      -74.23903,
      45.27248
     ],
     [
      -74.24021,
      45.2726
     ],
     [
      -74.24308,
      45.27334
     ],
     [
      -74.24482,
      45.27404
     ],
     [
      -74.24621,
      45.27482
     ],
     [
      -74.35761,
      45.33973
     ],
     [
      -74.35978,
      45.34077
     ],
     [
      -74.36216,
      45.34164
     ],
     [
      -74.36341,
      45.342
     ],
     [
      -74.4092,
      45.35321
     ],
     [
      -74.42343,
      45.35543
     ],
     [
      -74.42532,
      45.3559
     ],
     [
      -74.42746,
      45.35667
     ],
     [
      -74.42962,
      45.35775
     ],
     [
      -74.43154,
      45.35909
     ],
     [
      -74.435,
      45.36208
     ],
     [
      -74.43726,
      45.36374
     ],
     [
      -74.4401,
      45.36522
     ],
     [
      -74.44668,
      45.36771
     ],
     [
      -74.44939,
      45.36838
     ],
     [
      -74.45844,
      45.36964
     ],
     [
      -74.46137,
      45.37047
     ],
     [
      -74.46516,
      45.37236
     ],
     [
      -74.46699,
      45.37303
     ],
     [
      -74.46895,
      45.37343
     ],
     [
      -74.47103,
      45.37361
     ],
     [
      -74.47343,
      45.37346
     ],
     [
      -74.47597,
      45.37284
     ],
     [
      -74.49553,
      45.36374
     ],
     [
      -74.61534,
      45.31778
     ],
     [
      -74.61799,
      45.31689
     ],
     [
      -74.62003,
      45.31657
     ],
     [
      -74.62248,
      45.31651
     ],
     [
      -74.63966,
      45.31805
     ],
     [
      -74.67635,
      45.31886
     ],
     [
      -74.67979,
      45.31845
     ],
     [
      -74.68316,
      45.31715
     ],
     [
      -74.68677,
      45.3153
     ],
     [
      -74.69052,
      45.31455
     ],
     [
      -74.71051,
      45.31511
     ],
     [
      -74.71267,
      45.31476
     ],
     [
      -74.7146,
      45.31417
     ],
     [
      -74.71638,
      45.31338
     ],
     [
      -74.7358,
      45.30373
     ],
     [
      -74.74719,
      45.29998
     ],
     [
      -74.75069,
      45.29917
     ],
     [
      -74.7547,
      45.29877
     ],
     [
      -74.75689,
      45.29875
     ],
     [
      -74.76459,
      45.29938
     ],
     [
      -74.76689,
      45.29921
     ],
     [
      -74.76788,
      45.29905
     ],
     [
      -74.76984,
      45.2985
     ],
     [
      -74.77391,
      45.29684
     ],
     [
      -74.77558,
      45.2964
     ],
     [
      -74.77703,
      45.29617
     ],
     [
      -74.7785,
      45.29609
     ],
     [
      -74.78008,
      45.29615
     ],
     [
      -74.79599,
      45.29899
     ],
     [
      -74.79872,
      45.29931
     ],
     [
      -74.82246,
      45.30179
     ],
     [
      -74.82387,
      45.30189
     ],
     [
      -74.82524,
      45.30187
     ],
     [
      -74.82695,
      45.30168
     ],
     [
      -74.82889,
      45.30122
     ],
     [
      -74.84559,
      45.29391
     ],
     [
      -74.84819,
      45.29245
     ],
     [
      -74.8603,
      45.28468
     ],
     [
      -74.87769,
      45.27174
     ],
     [
      -74.88165,
      45.26893
     ],
     [
      -74.8844,
      45.26779
     ],
     [
      -74.94939,
      45.25305
     ],
     [
      -74.95132,
      45.25281
     ],
     [
      -74.95279,
      45.25279
     ],
     [
      -74.95428,
      45.25291
     ],
     [
      -74.95596,
      45.25324
     ],
     [
      -74.95802,
      45.25386
     ],
     [
      -74.97003,
      45.25781
     ],
     [
      -74.973,
      45.25898
     ],
     [
      -75.0872,
      45.31229
     ],
     [
      -75.09649,
      45.31659
     ],
     [
      -75.0983,
      45.31718
     ],
     [
      -75.09986,
      45.31748
     ],
     [
      -75.10222,
      45.31764
     ],
     [
      -75.13751,
      45.31826
     ],
     [
      -75.1393,
      45.31838
     ],
     [
      -75.14176,
      45.31872
     ],
     [
      -75.30661,
      45.34507
     ],
     [
      -75.39279,
      45.35871
     ],
     [
      -75.5899,
      45.38966
     ],
     [
      -75.59334,
      45.3906
     ],
     [
      -75.5959,
      45.39184
     ],
     [
      -75.59746,
      45.39332
     ],
     [
      -75.59894,
      45.39605
     ],
     [
      -75.60406,
      45.40683
     ],
     [
      -75.60499,
      45.40831
     ],
     [
      -75.60593,
      45.40927
     ],
     [
      -75.60705,
      45.41002
     ],
     [
      -75.60813,
      45.41054
     ],
     [
      -75.60936,
      45.41097
     ],
     [
      -75.61063,
      45.41126
     ],
     [
      -75.61554,
      45.41169
     ],
     [
      -75.61912,
      45.41219
     ],
     [
      -75.62384,
      45.41321
     ],
     [
      -75.63241,
      45.41535
     ],
     [
      -75.63519,
      45.41591
     ],
     [
      -75.63786,
      45.41633
     ],
     [
      -75.63953,
      45.41652
     ],
     [
      -75.64151,
      45.41655
     ],
     [
      -75.64667,
      45.41617
     ],
     [
      -75.6515,
      45.41599
     ]
    ]
   },
   "properties": {
    "kind": "corridor_segment",
    "troncon_id": "MTL-Ott",
    "troncon_label_fr": "Montréal → Ottawa",
    "troncon_label_en": "Montréal → Ottawa",
    "route_id": "617-226",
    "route_long_name": "Ottawa - Montréal",
    "shape_id": "470",
    "n_pts": 210,
    "length_km_approx": 185.5,
    "n_stops": 7
   }
  },
  {
   "type": "Feature",
   "geometry": {
    "type": "Point",
    "coordinates": [
     -73.5661785423,
     45.4999195215
    ]
   },
   "properties": {
    "kind": "station",
    "troncon_id": "MTL-Ott",
    "stop_id": "226",
    "stop_name": "Montréal",
    "km_along_segment": 0.0,
    "snap_distance_m_gtfs": 0.1
   }
  },
  {
   "type": "Feature",
   "geometry": {
    "type": "Point",
    "coordinates": [
     -73.74128,
     45.44892
    ]
   },
   "properties": {
    "kind": "station",
    "troncon_id": "MTL-Ott",
    "stop_id": "332",
    "stop_name": "Dorval",
    "km_along_segment": 17.84,
    "snap_distance_m_gtfs": 272.3
   }
  },
  {
   "type": "Feature",
   "geometry": {
    "type": "Point",
    "coordinates": [
     -73.7518336719,
     45.4569878826
    ]
   },
   "properties": {
    "kind": "station",
    "troncon_id": "MTL-Ott",
    "stop_id": "555",
    "stop_name": "Aéroport Montréal Pierre-Elliott Trudeau",
    "km_along_segment": 17.84,
    "snap_distance_m_gtfs": 1420.1
   }
  },
  {
   "type": "Feature",
   "geometry": {
    "type": "Point",
    "coordinates": [
     -74.23292,
     45.27488
    ]
   },
   "properties": {
    "kind": "station",
    "troncon_id": "MTL-Ott",
    "stop_id": "351",
    "stop_name": "Coteau",
    "km_along_segment": 62.26,
    "snap_distance_m_gtfs": 2.6
   }
  },
  {
   "type": "Feature",
   "geometry": {
    "type": "Point",
    "coordinates": [
     -74.639672,
     45.31805
    ]
   },
   "properties": {
    "kind": "station",
    "troncon_id": "MTL-Ott",
    "stop_id": "344",
    "stop_name": "Alexandria",
    "km_along_segment": 99.39,
    "snap_distance_m_gtfs": 0.9
   }
  },
  {
   "type": "Feature",
   "geometry": {
    "type": "Point",
    "coordinates": [
     -75.0871973889,
     45.3122868987
    ]
   },
   "properties": {
    "kind": "station",
    "troncon_id": "MTL-Ott",
    "stop_id": "419",
    "stop_name": "Casselman",
    "km_along_segment": 138.78,
    "snap_distance_m_gtfs": 0.4
   }
  },
  {
   "type": "Feature",
   "geometry": {
    "type": "Point",
    "coordinates": [
     -75.65151,
     45.41599
    ]
   },
   "properties": {
    "kind": "station",
    "troncon_id": "MTL-Ott",
    "stop_id": "617",
    "stop_name": "Ottawa",
    "km_along_segment": 185.45,
    "snap_distance_m_gtfs": 0.8
   }
  },
  {
   "type": "Feature",
   "geometry": {
    "type": "LineString",
    "coordinates": [
     [
      -75.6515,
      45.41599
     ],
     [
      -75.6578,
      45.41524
     ],
     [
      -75.65884,
      45.41485
     ],
     [
      -75.65946,
      45.41438
     ],
     [
      -75.65985,
      45.41387
     ],
     [
      -75.66,
      45.41341
     ],
     [
      -75.66048,
      45.41037
     ],
     [
      -75.66105,
      45.40859
     ],
     [
      -75.662,
      45.40666
     ],
     [
      -75.66741,
      45.39646
     ],
     [
      -75.66898,
      45.39279
     ],
     [
      -75.66979,
      45.39126
     ],
     [
      -75.67063,
      45.39009
     ],
     [
      -75.67192,
      45.38862
     ],
     [
      -75.6771,
      45.38372
     ],
     [
      -75.67868,
      45.38174
     ],
     [
      -75.67966,
      45.38004
     ],
     [
      -75.68056,
      45.37798
     ],
     [
      -75.68086,
      45.3767
     ],
     [
      -75.68085,
      45.37514
     ],
     [
      -75.6799,
      45.36956
     ],
     [
      -75.67985,
      45.36851
     ],
     [
      -75.67999,
      45.36676
     ],
     [
      -75.68085,
      45.36392
     ],
     [
      -75.68188,
      45.36201
     ],
     [
      -75.68391,
      45.35954
     ],
     [
      -75.69194,
      45.35146
     ],
     [
      -75.69295,
      45.35029
     ],
     [
      -75.69525,
      45.34728
     ],
     [
      -75.69585,
      45.34673
     ],
     [
      -75.69654,
      45.34625
     ],
     [
      -75.70249,
      45.34341
     ],
     [
      -75.70331,
      45.34278
     ],
     [
      -75.704,
      45.34201
     ],
     [
      -75.75975,
      45.26925
     ],
     [
      -75.76078,
      45.26827
     ],
     [
      -75.79272,
      45.24917
     ],
     [
      -75.79465,
      45.24793
     ],
     [
      -75.79602,
      45.24669
     ],
     [
      -75.79733,
      45.24504
     ],
     [
      -75.79831,
      45.24293
     ],
     [
      -75.80775,
      45.21274
     ],
     [
      -75.80857,
      45.21104
     ],
     [
      -75.82993,
      45.17602
     ],
     [
      -75.8392,
      45.15835
     ],
     [
      -75.84013,
      45.15691
     ],
     [
      -75.9015,
      45.07888
     ],
     [
      -75.90299,
      45.07661
     ],
     [
      -75.92873,
      45.0356
     ],
     [
      -75.92935,
      45.03487
     ],
     [
      -76.02228,
      44.94028
     ],
     [
      -76.02486,
      44.93724
     ],
     [
      -76.02619,
      44.93462
     ],
     [
      -76.02681,
      44.93215
     ],
     [
      -76.02687,
      44.92955
     ],
     [
      -76.02481,
      44.91551
     ],
     [
      -76.02441,
      44.91361
     ],
     [
      -76.02402,
      44.91246
     ],
     [
      -76.02295,
      44.91063
     ],
     [
      -76.02252,
      44.91005
     ],
     [
      -76.02014,
      44.90778
     ],
     [
      -76.01912,
      44.90697
     ],
     [
      -76.01584,
      44.90513
     ],
     [
      -76.01514,
      44.90462
     ],
     [
      -76.01469,
      44.90409
     ],
     [
      -76.01389,
      44.90253
     ],
     [
      -76.01333,
      44.90191
     ],
     [
      -76.01261,
      44.90138
     ],
     [
      -76.01182,
      44.90098
     ],
     [
      -76.00736,
      44.89944
     ],
     [
      -76.00598,
      44.89885
     ],
     [
      -76.00488,
      44.89812
     ],
     [
      -76.004,
      44.89723
     ],
     [
      -76.00341,
      44.89626
     ],
     [
      -76.00313,
      44.89535
     ],
     [
      -76.00309,
      44.89427
     ],
     [
      -76.00339,
      44.89313
     ],
     [
      -76.00452,
      44.89034
     ],
     [
      -76.00497,
      44.88791
     ],
     [
      -76.00467,
      44.88549
     ],
     [
      -76.00348,
      44.8828
     ],
     [
      -76.00172,
      44.88074
     ],
     [
      -75.97555,
      44.85934
     ],
     [
      -75.9717,
      44.85666
     ],
     [
      -75.96867,
      44.85489
     ],
     [
      -75.95261,
      44.84657
     ],
     [
      -75.94873,
      44.84421
     ],
     [
      -75.94577,
      44.84202
     ],
     [
      -75.91209,
      44.81415
     ],
     [
      -75.90695,
      44.81016
     ],
     [
      -75.87993,
      44.78878
     ],
     [
      -75.84074,
      44.76369
     ],
     [
      -75.83037,
      44.75695
     ],
     [
      -75.82712,
      44.75441
     ],
     [
      -75.82416,
      44.75161
     ],
     [
      -75.82127,
      44.74816
     ],
     [
      -75.81977,
      44.74594
     ],
     [
      -75.81675,
      44.7403
     ],
     [
      -75.80318,
      44.7141
     ],
     [
      -75.80154,
      44.71111
     ],
     [
      -75.80046,
      44.70963
     ],
     [
      -75.79881,
      44.70795
     ],
     [
      -75.79709,
      44.70657
     ],
     [
      -75.79343,
      44.7043
     ],
     [
      -75.79148,
      44.70296
     ],
     [
      -75.78995,
      44.70171
     ],
     [
      -75.78814,
      44.69991
     ],
     [
      -75.78373,
      44.69523
     ],
     [
      -75.78177,
      44.69355
     ],
     [
      -75.77986,
      44.6922
     ],
     [
      -75.75876,
      44.67997
     ],
     [
      -75.75434,
      44.67714
     ],
     [
      -75.75004,
      44.67414
     ],
     [
      -75.74544,
      44.67062
     ],
     [
      -75.74046,
      44.66632
     ],
     [
      -75.71775,
      44.64412
     ],
     [
      -75.71074,
      44.63594
     ],
     [
      -75.70413,
      44.62573
     ],
     [
      -75.69459,
      44.60874
     ],
     [
      -75.6928,
      44.6051
     ],
     [
      -75.69142,
      44.60092
     ],
     [
      -75.69053,
      44.59898
     ],
     [
      -75.68882,
      44.59639
     ],
     [
      -75.68864,
      44.59578
     ],
     [
      -75.68872,
      44.59505
     ],
     [
      -75.68903,
      44.59447
     ],
     [
      -75.68973,
      44.5938
     ],
     [
      -75.69679,
      44.58978
     ],
     [
      -75.69989,
      44.5884
     ],
     [
      -75.70374,
      44.58691
     ],
     [
      -75.71239,
      44.58535
     ],
     [
      -75.71866,
      44.58363
     ],
     [
      -75.7264,
      44.58064
     ],
     [
      -75.73139,
      44.57881
     ],
     [
      -75.73662,
      44.57755
     ],
     [
      -75.74031,
      44.57623
     ],
     [
      -75.74993,
      44.57304
     ],
     [
      -75.77058,
      44.56731
     ],
     [
      -75.77585,
      44.56573
     ],
     [
      -75.77912,
      44.56422
     ],
     [
      -75.782,
      44.56247
     ],
     [
      -75.78658,
      44.55928
     ],
     [
      -75.79471,
      44.55146
     ],
     [
      -75.79639,
      44.55009
     ],
     [
      -75.80225,
      44.54703
     ],
     [
      -75.80418,
      44.54569
     ],
     [
      -75.82152,
      44.53106
     ],
     [
      -75.82398,
      44.52914
     ],
     [
      -75.83482,
      44.52124
     ],
     [
      -75.84717,
      44.51334
     ],
     [
      -75.84883,
      44.51202
     ],
     [
      -75.85717,
      44.50362
     ],
     [
      -75.85873,
      44.50231
     ],
     [
      -75.86553,
      44.49724
     ],
     [
      -75.86786,
      44.49539
     ],
     [
      -75.8872,
      44.47837
     ],
     [
      -75.89577,
      44.47067
     ],
     [
      -75.89834,
      44.46868
     ],
     [
      -75.90116,
      44.46681
     ],
     [
      -75.90505,
      44.46474
     ],
     [
      -75.92068,
      44.45703
     ],
     [
      -75.93704,
      44.45003
     ],
     [
      -75.9381,
      44.44949
     ],
     [
      -75.93881,
      44.44902
     ],
     [
      -75.94134,
      44.44691
     ],
     [
      -75.9425,
      44.4461
     ],
     [
      -75.94461,
      44.44509
     ],
     [
      -75.95107,
      44.44246
     ],
     [
      -75.95736,
      44.44019
     ],
     [
      -75.96524,
      44.43598
     ],
     [
      -75.96653,
      44.43512
     ],
     [
      -75.9703,
      44.43218
     ],
     [
      -75.97718,
      44.42731
     ],
     [
      -76.02774,
      44.39762
     ],
     [
      -76.0301,
      44.39649
     ],
     [
      -76.03276,
      44.39539
     ],
     [
      -76.0779,
      44.37859
     ],
     [
      -76.08088,
      44.37762
     ],
     [
      -76.08427,
      44.37674
     ],
     [
      -76.08756,
      44.3761
     ],
     [
      -76.09094,
      44.37564
     ],
     [
      -76.15373,
      44.36881
     ],
     [
      -76.16352,
      44.36769
     ],
     [
      -76.16484,
      44.36738
     ],
     [
      -76.16739,
      44.3665
     ],
     [
      -76.16925,
      44.36553
     ],
     [
      -76.17273,
      44.36333
     ],
     [
      -76.17568,
      44.36199
     ],
     [
      -76.17726,
      44.36142
     ],
     [
      -76.18016,
      44.36068
     ],
     [
      -76.18275,
      44.36029
     ],
     [
      -76.1933,
      44.35922
     ],
     [
      -76.19611,
      44.35901
     ],
     [
      -76.19907,
      44.35892
     ],
     [
      -76.20481,
      44.35898
     ],
     [
      -76.20614,
      44.35893
     ],
     [
      -76.20897,
      44.35862
     ],
     [
      -76.21996,
      44.35633
     ],
     [
      -76.22284,
      44.3558
     ],
     [
      -76.23594,
      44.35413
     ],
     [
      -76.2519,
      44.35139
     ],
     [
      -76.2542,
      44.35093
     ],
     [
      -76.25698,
      44.35025
     ],
     [
      -76.25944,
      44.34952
     ],
     [
      -76.33243,
      44.32492
     ],
     [
      -76.33412,
      44.32444
     ],
     [
      -76.33591,
      44.32407
     ],
     [
      -76.37814,
      44.31705
     ],
     [
      -76.38145,
      44.31638
     ],
     [
      -76.38437,
      44.31544
     ],
     [
      -76.38596,
      44.31476
     ],
     [
      -76.42915,
      44.29449
     ],
     [
      -76.43049,
      44.29393
     ],
     [
      -76.43194,
      44.2934
     ],
     [
      -76.43417,
      44.29277
     ],
     [
      -76.43556,
      44.29247
     ],
     [
      -76.43809,
      44.29214
     ],
     [
      -76.44562,
      44.2916
     ],
     [
      -76.44814,
      44.29105
     ],
     [
      -76.44953,
      44.29058
     ],
     [
      -76.46139,
      44.28541
     ],
     [
      -76.46306,
      44.2846
     ],
     [
      -76.46449,
      44.28377
     ],
     [
      -76.46577,
      44.28286
     ],
     [
      -76.46678,
      44.28198
     ],
     [
      -76.46771,
      44.281
     ],
     [
      -76.47034,
      44.27754
     ],
     [
      -76.47138,
      44.27648
     ],
     [
      -76.4738,
      44.27435
     ],
     [
      -76.47453,
      44.27359
     ],
     [
      -76.47547,
      44.27218
     ],
     [
      -76.47578,
      44.27143
     ],
     [
      -76.47598,
      44.27066
     ],
     [
      -76.47609,
      44.26985
     ],
     [
      -76.47588,
      44.26762
     ],
     [
      -76.47593,
      44.26639
     ],
     [
      -76.47638,
      44.26489
     ],
     [
      -76.47674,
      44.26422
     ],
     [
      -76.47883,
      44.26119
     ],
     [
      -76.47971,
      44.26027
     ],
     [
      -76.48079,
      44.25942
     ],
     [
      -76.48197,
      44.25872
     ],
     [
      -76.48305,
      44.25825
     ],
     [
      -76.48433,
      44.25784
     ],
     [
      -76.48554,
      44.25755
     ],
     [
      -76.48684,
      44.25738
     ],
     [
      -76.48834,
      44.25736
     ],
     [
      -76.48977,
      44.25744
     ],
     [
      -76.4911,
      44.25766
     ],
     [
      -76.49235,
      44.25798
     ],
     [
      -76.49344,
      44.25838
     ],
     [
      -76.49441,
      44.25883
     ],
     [
      -76.4971,
      44.26036
     ],
     [
      -76.49803,
      44.26076
     ],
     [
      -76.5106,
      44.2651
     ],
     [
      -76.51196,
      44.26549
     ],
     [
      -76.51381,
      44.26587
     ],
     [
      -76.51578,
      44.26603
     ],
     [
      -76.51753,
      44.26599
     ],
     [
      -76.51902,
      44.26581
     ],
     [
      -76.52037,
      44.26553
     ],
     [
      -76.5218,
      44.26508
     ],
     [
      -76.52357,
      44.2643
     ],
     [
      -76.54833,
      44.25042
     ],
     [
      -76.54998,
      44.24935
     ],
     [
      -76.55102,
      44.24855
     ],
     [
      -76.55192,
      44.24773
     ],
     [
      -76.55302,
      44.24657
     ],
     [
      -76.55409,
      44.24563
     ],
     [
      -76.55531,
      44.24471
     ],
     [
      -76.55762,
      44.24333
     ],
     [
      -76.55873,
      44.2428
     ],
     [
      -76.56046,
      44.24213
     ],
     [
      -76.56238,
      44.24154
     ],
     [
      -76.56455,
      44.24107
     ],
     [
      -76.56855,
      44.24051
     ],
     [
      -76.57026,
      44.24018
     ],
     [
      -76.57802,
      44.23822
     ],
     [
      -76.5797,
      44.23791
     ],
     [
      -76.5814,
      44.2377
     ],
     [
      -76.58426,
      44.2376
     ],
     [
      -76.5875,
      44.23782
     ],
     [
      -76.58905,
      44.23806
     ],
     [
      -76.59099,
      44.23852
     ],
     [
      -76.60206,
      44.24182
     ],
     [
      -76.60409,
      44.24225
     ],
     [
      -76.60588,
      44.2425
     ],
     [
      -76.6078,
      44.24264
     ],
     [
      -76.60969,
      44.24263
     ],
     [
      -76.61281,
      44.24236
     ],
     [
      -76.61462,
      44.24203
     ],
     [
      -76.61705,
      44.24141
     ],
     [
      -76.61868,
      44.24088
     ],
     [
      -76.6205,
      44.24012
     ],
     [
      -76.62216,
      44.23925
     ],
     [
      -76.62371,
      44.23824
     ],
     [
      -76.62508,
      44.23717
     ],
     [
      -76.62628,
      44.236
     ],
     [
      -76.63019,
      44.23159
     ],
     [
      -76.63112,
      44.23082
     ],
     [
      -76.63257,
      44.22986
     ],
     [
      -76.63379,
      44.22921
     ],
     [
      -76.63525,
      44.22859
     ],
     [
      -76.63662,
      44.22818
     ],
     [
      -76.63965,
      44.22758
     ],
     [
      -76.64125,
      44.22743
     ],
     [
      -76.64418,
      44.22749
     ],
     [
      -76.64917,
      44.2282
     ],
     [
      -76.65241,
      44.2283
     ],
     [
      -76.65416,
      44.22819
     ],
     [
      -76.65811,
      44.22767
     ],
     [
      -76.66072,
      44.22755
     ],
     [
      -76.66294,
      44.22762
     ],
     [
      -76.6651,
      44.22788
     ],
     [
      -76.66692,
      44.22823
     ],
     [
      -76.66865,
      44.22871
     ],
     [
      -76.67041,
      44.22932
     ],
     [
      -76.67422,
      44.23098
     ],
     [
      -76.67614,
      44.23159
     ],
     [
      -76.67878,
      44.23217
     ],
     [
      -76.68112,
      44.23246
     ],
     [
      -76.68327,
      44.23255
     ],
     [
      -76.68528,
      44.23249
     ],
     [
      -76.68739,
      44.23228
     ],
     [
      -76.72642,
      44.22542
     ],
     [
      -76.72956,
      44.22482
     ],
     [
      -76.73268,
      44.22411
     ],
     [
      -76.73513,
      44.22342
     ],
     [
      -76.75946,
      44.21548
     ],
     [
      -76.76257,
      44.21461
     ],
     [
      -76.76564,
      44.21397
     ],
     [
      -76.76716,
      44.21371
     ],
     [
      -76.76964,
      44.21342
     ],
     [
      -76.80423,
      44.21034
     ],
     [
      -76.807,
      44.21016
     ],
     [
      -76.80899,
      44.21021
     ],
     [
      -76.8109,
      44.21037
     ],
     [
      -76.81321,
      44.21075
     ],
     [
      -76.81503,
      44.21121
     ],
     [
      -76.88763,
      44.22979
     ],
     [
      -76.88917,
      44.2301
     ],
     [
      -76.89061,
      44.23032
     ],
     [
      -76.89374,
      44.23049
     ],
     [
      -76.90838,
      44.2299
     ],
     [
      -76.91062,
      44.22996
     ],
     [
      -76.91272,
      44.23017
     ],
     [
      -76.91476,
      44.23056
     ],
     [
      -76.91647,
      44.231
     ],
     [
      -76.91816,
      44.23157
     ],
     [
      -76.92012,
      44.23238
     ],
     [
      -76.92197,
      44.23327
     ],
     [
      -76.9238,
      44.23431
     ],
     [
      -76.93643,
      44.24267
     ],
     [
      -76.93739,
      44.24336
     ],
     [
      -76.93911,
      44.24483
     ],
     [
      -76.9407,
      44.24666
     ],
     [
      -76.94212,
      44.24862
     ],
     [
      -76.94278,
      44.24941
     ],
     [
      -76.94355,
      44.2501
     ],
     [
      -76.94437,
      44.25066
     ],
     [
      -76.94732,
      44.25231
     ],
     [
      -76.94864,
      44.25285
     ],
     [
      -76.94996,
      44.25324
     ],
     [
      -76.95142,
      44.25353
     ],
     [
      -76.95295,
      44.25365
     ],
     [
      -76.95426,
      44.25365
     ],
     [
      -76.95571,
      44.25351
     ],
     [
      -76.95765,
      44.25316
     ],
     [
      -76.98346,
      44.24828
     ],
     [
      -76.98785,
      44.24742
     ],
     [
      -76.99127,
      44.24659
     ],
     [
      -77.02193,
      44.23853
     ],
     [
      -77.02502,
      44.23761
     ],
     [
      -77.05106,
      44.22827
     ],
     [
      -77.05318,
      44.22757
     ],
     [
      -77.0551,
      44.22711
     ],
     [
      -77.05753,
      44.22673
     ],
     [
      -77.07248,
      44.22472
     ],
     [
      -77.07647,
      44.2245
     ],
     [
      -77.08005,
      44.22454
     ],
     [
      -77.08428,
      44.22487
     ],
     [
      -77.1045,
      44.22676
     ],
     [
      -77.10715,
      44.22692
     ],
     [
      -77.1096,
      44.2268
     ],
     [
      -77.112,
      44.22648
     ],
     [
      -77.24001,
      44.20343
     ],
     [
      -77.24257,
      44.20304
     ],
     [
      -77.24442,
      44.20287
     ],
     [
      -77.24636,
      44.20284
     ],
     [
      -77.26901,
      44.20443
     ],
     [
      -77.27188,
      44.20442
     ],
     [
      -77.27364,
      44.20428
     ],
     [
      -77.27537,
      44.20405
     ],
     [
      -77.27705,
      44.20372
     ],
     [
      -77.36733,
      44.18166
     ],
     [
      -77.37113,
      44.18068
     ],
     [
      -77.37455,
      44.17961
     ],
     [
      -77.38769,
      44.17438
     ],
     [
      -77.39014,
      44.17358
     ],
     [
      -77.52363,
      44.13945
     ],
     [
      -77.52744,
      44.13856
     ],
     [
      -77.53023,
      44.13806
     ],
     [
      -77.56838,
      44.13259
     ],
     [
      -77.57029,
      44.13224
     ],
     [
      -77.57228,
      44.13174
     ],
     [
      -77.57405,
      44.13117
     ],
     [
      -77.57687,
      44.12995
     ],
     [
      -77.5782,
      44.12923
     ],
     [
      -77.59375,
      44.1197
     ],
     [
      -77.59534,
      44.11856
     ],
     [
      -77.59675,
      44.11736
     ],
     [
      -77.59881,
      44.11525
     ],
     [
      -77.60695,
      44.10583
     ],
     [
      -77.60841,
      44.10454
     ],
     [
      -77.60988,
      44.10347
     ],
     [
      -77.68682,
      44.05412
     ],
     [
      -77.68912,
      44.05284
     ],
     [
      -77.69205,
      44.05143
     ],
     [
      -77.69746,
      44.04924
     ],
     [
      -77.70159,
      44.04767
     ],
     [
      -77.70502,
      44.04654
     ],
     [
      -77.71147,
      44.04461
     ],
     [
      -77.86916,
      43.99942
     ],
     [
      -77.873,
      43.99849
     ],
     [
      -77.87613,
      43.99794
     ],
     [
      -78.05626,
      43.97289
     ],
     [
      -78.09067,
      43.96803
     ],
     [
      -78.09544,
      43.96747
     ],
     [
      -78.10001,
      43.96726
     ],
     [
      -78.10342,
      43.96724
     ],
     [
      -78.1065,
      43.96732
     ],
     [
      -78.13356,
      43.96931
     ],
     [
      -78.13623,
      43.96936
     ],
     [
      -78.16295,
      43.96902
     ],
     [
      -78.16568,
      43.9689
     ],
     [
      -78.16743,
      43.9687
     ],
     [
      -78.16903,
      43.96841
     ],
     [
      -78.17151,
      43.96778
     ],
     [
      -78.17426,
      43.96679
     ],
     [
      -78.17611,
      43.9659
     ],
     [
      -78.18483,
      43.96098
     ],
     [
      -78.18667,
      43.96003
     ],
     [
      -78.18959,
      43.95889
     ],
     [
      -78.19132,
      43.95843
     ],
     [
      -78.19424,
      43.95798
     ],
     [
      -78.19565,
      43.9579
     ],
     [
      -78.19758,
      43.95793
     ],
     [
      -78.20036,
      43.95819
     ],
     [
      -78.20209,
      43.95825
     ],
     [
      -78.20388,
      43.95817
     ],
     [
      -78.23416,
      43.95401
     ],
     [
      -78.23626,
      43.95386
     ],
     [
      -78.25659,
      43.95415
     ],
     [
      -78.25892,
      43.95412
     ],
     [
      -78.26319,
      43.9538
     ],
     [
      -78.26716,
      43.95325
     ],
     [
      -78.27079,
      43.9525
     ],
     [
      -78.28906,
      43.94768
     ],
     [
      -78.2948,
      43.94609
     ],
     [
      -78.29662,
      43.94528
     ],
     [
      -78.29736,
      43.94485
     ],
     [
      -78.29902,
      43.94359
     ],
     [
      -78.29952,
      43.94301
     ],
     [
      -78.30046,
      43.94237
     ],
     [
      -78.30157,
      43.94172
     ],
     [
      -78.30257,
      43.94129
     ],
     [
      -78.30373,
      43.94096
     ],
     [
      -78.30469,
      43.94077
     ],
     [
      -78.30579,
      43.94068
     ],
     [
      -78.30759,
      43.94071
     ],
     [
      -78.31158,
      43.94092
     ],
     [
      -78.31598,
      43.94129
     ],
     [
      -78.32683,
      43.94238
     ],
     [
      -78.32995,
      43.94281
     ],
     [
      -78.35608,
      43.94697
     ],
     [
      -78.35842,
      43.94731
     ],
     [
      -78.36076,
      43.94754
     ],
     [
      -78.36312,
      43.94766
     ],
     [
      -78.36608,
      43.94768
     ],
     [
      -78.36888,
      43.94755
     ],
     [
      -78.37347,
      43.94707
     ],
     [
      -78.37613,
      43.94661
     ],
     [
      -78.37885,
      43.94595
     ],
     [
      -78.38297,
      43.94469
     ],
     [
      -78.38581,
      43.94362
     ],
     [
      -78.38805,
      43.94256
     ],
     [
      -78.39104,
      43.94094
     ],
     [
      -78.40675,
      43.93145
     ],
     [
      -78.40811,
      43.93075
     ],
     [
      -78.40957,
      43.93012
     ],
     [
      -78.4115,
      43.92945
     ],
     [
      -78.42877,
      43.92373
     ],
     [
      -78.43152,
      43.92303
     ],
     [
      -78.4333,
      43.92274
     ],
     [
      -78.43491,
      43.92255
     ],
     [
      -78.44752,
      43.92164
     ],
     [
      -78.45163,
      43.92104
     ],
     [
      -78.45354,
      43.92058
     ],
     [
      -78.45738,
      43.91936
     ],
     [
      -78.47341,
      43.91339
     ],
     [
      -78.47731,
      43.91226
     ],
     [
      -78.48584,
      43.91023
     ],
     [
      -78.48855,
      43.90952
     ],
     [
      -78.49111,
      43.90869
     ],
     [
      -78.50466,
      43.90399
     ],
     [
      -78.50829,
      43.90302
     ],
     [
      -78.51055,
      43.90254
     ],
     [
      -78.51271,
      43.90216
     ],
     [
      -78.53855,
      43.89883
     ],
     [
      -78.54016,
      43.89864
     ],
     [
      -78.54373,
      43.89857
     ],
     [
      -78.54715,
      43.8989
     ],
     [
      -78.55009,
      43.89952
     ],
     [
      -78.55278,
      43.90041
     ],
     [
      -78.56238,
      43.90403
     ],
     [
      -78.56459,
      43.90478
     ],
     [
      -78.56767,
      43.90552
     ],
     [
      -78.57027,
      43.90589
     ],
     [
      -78.58045,
      43.9071
     ],
     [
      -78.58392,
      43.90737
     ],
     [
      -78.58642,
      43.90736
     ],
     [
      -78.58951,
      43.90707
     ],
     [
      -78.61583,
      43.90353
     ],
     [
      -78.62052,
      43.9028
     ],
     [
      -78.62539,
      43.90161
     ],
     [
      -78.62757,
      43.90095
     ],
     [
      -78.62958,
      43.90024
     ],
     [
      -78.63117,
      43.89961
     ],
     [
      -78.63663,
      43.89709
     ],
     [
      -78.63964,
      43.89597
     ],
     [
      -78.6412,
      43.89555
     ],
     [
      -78.64413,
      43.89502
     ],
     [
      -78.64676,
      43.8948
     ],
     [
      -78.64843,
      43.89478
     ],
     [
      -78.65033,
      43.89487
     ],
     [
      -78.65973,
      43.89594
     ],
     [
      -78.66318,
      43.89617
     ],
     [
      -78.66724,
      43.89618
     ],
     [
      -78.67848,
      43.89588
     ],
     [
      -78.67999,
      43.89576
     ],
     [
      -78.68258,
      43.89528
     ],
     [
      -78.68401,
      43.89484
     ],
     [
      -78.68614,
      43.89393
     ],
     [
      -78.68741,
      43.89319
     ],
     [
      -78.71126,
      43.87764
     ],
     [
      -78.71356,
      43.87643
     ],
     [
      -78.71603,
      43.87543
     ],
     [
      -78.7172,
      43.87508
     ],
     [
      -78.7204,
      43.87434
     ],
     [
      -78.72239,
      43.87407
     ],
     [
      -78.74313,
      43.87173
     ],
     [
      -78.74619,
      43.87156
     ],
     [
      -78.7496,
      43.87173
     ],
     [
      -78.75158,
      43.87201
     ],
     [
      -78.75372,
      43.87247
     ],
     [
      -78.76718,
      43.87573
     ],
     [
      -78.76857,
      43.876
     ],
     [
      -78.77134,
      43.87634
     ],
     [
      -78.77382,
      43.87641
     ],
     [
      -78.77532,
      43.87636
     ],
     [
      -78.79116,
      43.87472
     ],
     [
      -78.79355,
      43.87488
     ],
     [
      -78.79691,
      43.87554
     ],
     [
      -78.79893,
      43.87614
     ],
     [
      -78.80177,
      43.87729
     ],
     [
      -78.80418,
      43.87859
     ],
     [
      -78.80846,
      43.88139
     ],
     [
      -78.80958,
      43.882
     ],
     [
      -78.81118,
      43.88273
     ],
     [
      -78.81261,
      43.88328
     ],
     [
      -78.81444,
      43.88384
     ],
     [
      -78.81608,
      43.88423
     ],
     [
      -78.81786,
      43.88454
     ],
     [
      -78.82109,
      43.88482
     ],
     [
      -78.82281,
      43.88481
     ],
     [
      -78.82471,
      43.8847
     ],
     [
      -78.82667,
      43.88446
     ],
     [
      -78.85733,
      43.87908
     ],
     [
      -78.8604,
      43.87852
     ],
     [
      -78.86353,
      43.87783
     ],
     [
      -78.86583,
      43.87714
     ],
     [
      -78.88463,
      43.87083
     ],
     [
      -78.90764,
      43.86298
     ],
     [
      -78.91016,
      43.86236
     ],
     [
      -78.9133,
      43.86194
     ],
     [
      -78.91621,
      43.86183
     ],
     [
      -78.91874,
      43.86198
     ],
     [
      -78.95219,
      43.86635
     ],
     [
      -78.95439,
      43.86653
     ],
     [
      -78.95627,
      43.86655
     ],
     [
      -78.95788,
      43.86647
     ],
     [
      -78.96032,
      43.86618
     ],
     [
      -78.96284,
      43.86568
     ],
     [
      -79.05171,
      43.84576
     ],
     [
      -79.05365,
      43.84527
     ],
     [
      -79.05538,
      43.84472
     ],
     [
      -79.05699,
      43.84407
     ],
     [
      -79.10432,
      43.82221
     ],
     [
      -79.1062,
      43.82129
     ],
     [
      -79.10751,
      43.82051
     ],
     [
      -79.10879,
      43.81959
     ],
     [
      -79.10998,
      43.8186
     ],
     [
      -79.11118,
      43.81739
     ],
     [
      -79.11264,
      43.81553
     ],
     [
      -79.11323,
      43.81457
     ],
     [
      -79.11383,
      43.81334
     ],
     [
      -79.11435,
      43.81184
     ],
     [
      -79.11464,
      43.81056
     ],
     [
      -79.11485,
      43.80869
     ],
     [
      -79.11533,
      43.80187
     ],
     [
      -79.11552,
      43.80019
     ],
     [
      -79.11597,
      43.79847
     ],
     [
      -79.11662,
      43.79692
     ],
     [
      -79.11757,
      43.79531
     ],
     [
      -79.1218,
      43.78948
     ],
     [
      -79.12314,
      43.78778
     ],
     [
      -79.13597,
      43.77403
     ],
     [
      -79.13762,
      43.77242
     ],
     [
      -79.13979,
      43.77069
     ],
     [
      -79.14538,
      43.76715
     ],
     [
      -79.1467,
      43.76638
     ],
     [
      -79.14797,
      43.76579
     ],
     [
      -79.14956,
      43.76522
     ],
     [
      -79.1633,
      43.76172
     ],
     [
      -79.18722,
      43.75708
     ],
     [
      -79.19826,
      43.75482
     ],
     [
      -79.20399,
      43.75377
     ],
     [
      -79.20622,
      43.75317
     ],
     [
      -79.2082,
      43.75247
     ],
     [
      -79.21129,
      43.75113
     ],
     [
      -79.21321,
      43.75044
     ],
     [
      -79.21743,
      43.74934
     ],
     [
      -79.21902,
      43.74881
     ],
     [
      -79.22034,
      43.74815
     ],
     [
      -79.22155,
      43.74736
     ],
     [
      -79.22524,
      43.74405
     ],
     [
      -79.22769,
      43.74224
     ],
     [
      -79.24355,
      43.73222
     ],
     [
      -79.24575,
      43.73034
     ],
     [
      -79.24714,
      43.72874
     ],
     [
      -79.26696,
      43.69897
     ],
     [
      -79.26811,
      43.6975
     ],
     [
      -79.27009,
      43.69561
     ],
     [
      -79.27254,
      43.69388
     ],
     [
      -79.27539,
      43.69244
     ],
     [
      -79.27907,
      43.69118
     ],
     [
      -79.29901,
      43.68662
     ],
     [
      -79.30079,
      43.6861
     ],
     [
      -79.30445,
      43.68481
     ],
     [
      -79.33306,
      43.67359
     ],
     [
      -79.33617,
      43.67227
     ],
     [
      -79.33821,
      43.67114
     ],
     [
      -79.34026,
      43.66964
     ],
     [
      -79.34169,
      43.66836
     ],
     [
      -79.34304,
      43.66679
     ],
     [
      -79.34397,
      43.66544
     ],
     [
      -79.34474,
      43.66402
     ],
     [
      -79.3452,
      43.66291
     ],
     [
      -79.34556,
      43.6616
     ],
     [
      -79.34601,
      43.65786
     ],
     [
      -79.34632,
      43.65684
     ],
     [
      -79.34685,
      43.6559
     ],
     [
      -79.34761,
      43.65503
     ],
     [
      -79.34892,
      43.65397
     ],
     [
      -79.35561,
      43.6504
     ],
     [
      -79.35749,
      43.6496
     ],
     [
      -79.36177,
      43.64821
     ],
     [
      -79.37334,
      43.64581
     ],
     [
      -79.38032,
      43.64481
     ]
    ]
   },
   "properties": {
    "kind": "corridor_segment",
    "troncon_id": "Ott-TO",
    "troncon_label_fr": "Ottawa → Toronto",
    "troncon_label_en": "Ottawa → Toronto",
    "route_id": "617-119",
    "route_long_name": "Ottawa - Toronto",
    "shape_id": "520",
    "n_pts": 669,
    "length_km_approx": 444.1,
    "n_stops": 13
   }
  },
  {
   "type": "Feature",
   "geometry": {
    "type": "Point",
    "coordinates": [
     -75.65151,
     45.41599
    ]
   },
   "properties": {
    "kind": "station",
    "troncon_id": "Ott-TO",
    "stop_id": "617",
    "stop_name": "Ottawa",
    "km_along_segment": 0.0,
    "snap_distance_m_gtfs": 0.8
   }
  },
  {
   "type": "Feature",
   "geometry": {
    "type": "Point",
    "coordinates": [
     -76.024023,
     44.912455
    ]
   },
   "properties": {
    "kind": "station",
    "troncon_id": "Ott-TO",
    "stop_id": "377",
    "stop_name": "Smiths Falls",
    "km_along_segment": 64.61,
    "snap_distance_m_gtfs": 0.6
   }
  },
  {
   "type": "Feature",
   "geometry": {
    "type": "Point",
    "coordinates": [
     -75.692713,
     44.592113
    ]
   },
   "properties": {
    "kind": "station",
    "troncon_id": "Ott-TO",
    "stop_id": "35",
    "stop_name": "Brockville",
    "km_along_segment": 110.03,
    "snap_distance_m_gtfs": 301.6
   }
  },
  {
   "type": "Feature",
   "geometry": {
    "type": "Point",
    "coordinates": [
     -76.15373,
     44.36881
    ]
   },
   "properties": {
    "kind": "station",
    "troncon_id": "Ott-TO",
    "stop_id": "200",
    "stop_name": "Gananoque",
    "km_along_segment": 155.81,
    "snap_distance_m_gtfs": 0.0
   }
  },
  {
   "type": "Feature",
   "geometry": {
    "type": "Point",
    "coordinates": [
     -76.5366231779,
     44.257016447
    ]
   },
   "properties": {
    "kind": "station",
    "troncon_id": "Ott-TO",
    "stop_id": "58",
    "stop_name": "Kingston",
    "km_along_segment": 192.0,
    "snap_distance_m_gtfs": 1186.3
   }
  },
  {
   "type": "Feature",
   "geometry": {
    "type": "Point",
    "coordinates": [
     -76.954262,
     44.25365
    ]
   },
   "properties": {
    "kind": "station",
    "troncon_id": "Ott-TO",
    "stop_id": "309",
    "stop_name": "Napanee",
    "km_along_segment": 227.49,
    "snap_distance_m_gtfs": 0.2
   }
  },
  {
   "type": "Feature",
   "geometry": {
    "type": "Point",
    "coordinates": [
     -77.37455,
     44.17961
    ]
   },
   "properties": {
    "kind": "station",
    "troncon_id": "Ott-TO",
    "stop_id": "415",
    "stop_name": "Belleville",
    "km_along_segment": 262.38,
    "snap_distance_m_gtfs": 0.0
   }
  },
  {
   "type": "Feature",
   "geometry": {
    "type": "Point",
    "coordinates": [
     -77.5988055795,
     44.1152523097
    ]
   },
   "properties": {
    "kind": "station",
    "troncon_id": "Ott-TO",
    "stop_id": "413",
    "stop_name": "Trenton Junction",
    "km_along_segment": 281.9,
    "snap_distance_m_gtfs": 0.4
   }
  },
  {
   "type": "Feature",
   "geometry": {
    "type": "Point",
    "coordinates": [
     -78.17151,
     43.96778
    ]
   },
   "properties": {
    "kind": "station",
    "troncon_id": "Ott-TO",
    "stop_id": "178",
    "stop_name": "Cobourg",
    "km_along_segment": 332.11,
    "snap_distance_m_gtfs": 0.0
   }
  },
  {
   "type": "Feature",
   "geometry": {
    "type": "Point",
    "coordinates": [
     -78.299017,
     43.943592
    ]
   },
   "properties": {
    "kind": "station",
    "troncon_id": "Ott-TO",
    "stop_id": "9",
    "stop_name": "Port Hope",
    "km_along_segment": 342.94,
    "snap_distance_m_gtfs": 0.3
   }
  },
  {
   "type": "Feature",
   "geometry": {
    "type": "Point",
    "coordinates": [
     -78.884625828,
     43.8708276005
    ]
   },
   "properties": {
    "kind": "station",
    "troncon_id": "Ott-TO",
    "stop_id": "367",
    "stop_name": "Oshawa",
    "km_along_segment": 393.28,
    "snap_distance_m_gtfs": 0.4
   }
  },
  {
   "type": "Feature",
   "geometry": {
    "type": "Point",
    "coordinates": [
     -79.1982632662,
     43.754823679
    ]
   },
   "properties": {
    "kind": "station",
    "troncon_id": "Ott-TO",
    "stop_id": "450",
    "stop_name": "Guildwood",
    "km_along_segment": 423.92,
    "snap_distance_m_gtfs": 0.5
   }
  },
  {
   "type": "Feature",
   "geometry": {
    "type": "Point",
    "coordinates": [
     -79.38032,
     43.64481
    ]
   },
   "properties": {
    "kind": "station",
    "troncon_id": "Ott-TO",
    "stop_id": "119",
    "stop_name": "Toronto",
    "km_along_segment": 444.12,
    "snap_distance_m_gtfs": 0.0
   }
  },
  {
   "type": "Feature",
   "geometry": {
    "type": "LineString",
    "coordinates": [
     [
      -73.56618,
      45.49992
     ],
     [
      -73.55719,
      45.49575
     ],
     [
      -73.55662,
      45.4953
     ],
     [
      -73.55622,
      45.49476
     ],
     [
      -73.55599,
      45.49415
     ],
     [
      -73.55593,
      45.49346
     ],
     [
      -73.55609,
      45.49189
     ],
     [
      -73.55667,
      45.48814
     ],
     [
      -73.55668,
      45.48761
     ],
     [
      -73.55661,
      45.48713
     ],
     [
      -73.55605,
      45.48585
     ],
     [
      -73.55592,
      45.48521
     ],
     [
      -73.55601,
      45.48456
     ],
     [
      -73.55628,
      45.48404
     ],
     [
      -73.55697,
      45.48304
     ],
     [
      -73.55767,
      45.48237
     ],
     [
      -73.55836,
      45.48195
     ],
     [
      -73.55953,
      45.48141
     ],
     [
      -73.56552,
      45.47717
     ],
     [
      -73.56745,
      45.47628
     ],
     [
      -73.57003,
      45.47566
     ],
     [
      -73.57242,
      45.47545
     ],
     [
      -73.57443,
      45.47552
     ],
     [
      -73.57574,
      45.4757
     ],
     [
      -73.57909,
      45.4766
     ],
     [
      -73.58087,
      45.47687
     ],
     [
      -73.58459,
      45.47707
     ],
     [
      -73.58557,
      45.47687
     ],
     [
      -73.58644,
      45.47656
     ],
     [
      -73.59428,
      45.47181
     ],
     [
      -73.60284,
      45.46723
     ],
     [
      -73.61904,
      45.46048
     ],
     [
      -73.62363,
      45.45782
     ],
     [
      -73.631,
      45.45288
     ],
     [
      -73.63429,
      45.45101
     ],
     [
      -73.63731,
      45.44955
     ],
     [
      -73.64162,
      45.44807
     ],
     [
      -73.64393,
      45.44759
     ],
     [
      -73.64658,
      45.44723
     ],
     [
      -73.64992,
      45.44713
     ],
     [
      -73.685,
      45.44787
     ],
     [
      -73.69527,
      45.44855
     ],
     [
      -73.69742,
      45.44863
     ],
     [
      -73.70348,
      45.44835
     ],
     [
      -73.73389,
      45.44894
     ],
     [
      -73.73779,
      45.44886
     ],
     [
      -73.78483,
      45.44976
     ],
     [
      -73.78804,
      45.44969
     ],
     [
      -73.79118,
      45.44947
     ],
     [
      -73.79633,
      45.44877
     ],
     [
      -73.79938,
      45.4481
     ],
     [
      -73.80271,
      45.44719
     ],
     [
      -73.81371,
      45.44384
     ],
     [
      -73.81833,
      45.44256
     ],
     [
      -73.85723,
      45.4321
     ],
     [
      -73.8605,
      45.4314
     ],
     [
      -73.86308,
      45.43096
     ],
     [
      -73.89695,
      45.42559
     ],
     [
      -73.90091,
      45.42467
     ],
     [
      -73.90421,
      45.4237
     ],
     [
      -73.94462,
      45.40915
     ],
     [
      -73.94669,
      45.40855
     ],
     [
      -73.95052,
      45.4076
     ],
     [
      -73.95168,
      45.40714
     ],
     [
      -73.95327,
      45.40626
     ],
     [
      -73.95425,
      45.40556
     ],
     [
      -73.95542,
      45.4045
     ],
     [
      -73.96094,
      45.39908
     ],
     [
      -73.96313,
      45.39727
     ],
     [
      -73.966,
      45.39523
     ],
     [
      -73.96972,
      45.39308
     ],
     [
      -73.97229,
      45.39183
     ],
     [
      -73.97564,
      45.39046
     ],
     [
      -73.9796,
      45.38915
     ],
     [
      -73.98351,
      45.38819
     ],
     [
      -73.98743,
      45.38751
     ],
     [
      -73.99095,
      45.38706
     ],
     [
      -74.00538,
      45.38633
     ],
     [
      -74.0099,
      45.38571
     ],
     [
      -74.01275,
      45.38497
     ],
     [
      -74.01597,
      45.38374
     ],
     [
      -74.03271,
      45.37548
     ],
     [
      -74.03501,
      45.3741
     ],
     [
      -74.04001,
      45.3708
     ],
     [
      -74.04275,
      45.36928
     ],
     [
      -74.05241,
      45.36446
     ],
     [
      -74.06449,
      45.35983
     ],
     [
      -74.1657,
      45.3101
     ],
     [
      -74.17543,
      45.3045
     ],
     [
      -74.17852,
      45.30313
     ],
     [
      -74.18595,
      45.30029
     ],
     [
      -74.19154,
      45.29771
     ],
     [
      -74.19409,
      45.29625
     ],
     [
      -74.19667,
      45.29452
     ],
     [
      -74.20045,
      45.29153
     ],
     [
      -74.20279,
      45.28994
     ],
     [
      -74.20505,
      45.28871
     ],
     [
      -74.35855,
      45.21249
     ],
     [
      -74.51646,
      45.13426
     ],
     [
      -74.51815,
      45.13337
     ],
     [
      -74.58401,
      45.09605
     ],
     [
      -74.58733,
      45.09434
     ],
     [
      -74.58909,
      45.09357
     ],
     [
      -74.59183,
      45.0925
     ],
     [
      -74.64917,
      45.07156
     ],
     [
      -74.65242,
      45.07025
     ],
     [
      -74.6547,
      45.06901
     ],
     [
      -74.65603,
      45.0681
     ],
     [
      -74.65733,
      45.06709
     ],
     [
      -74.65953,
      45.06476
     ],
     [
      -74.66125,
      45.06219
     ],
     [
      -74.66212,
      45.06112
     ],
     [
      -74.6634,
      45.05981
     ],
     [
      -74.66485,
      45.0586
     ],
     [
      -74.66709,
      45.05714
     ],
     [
      -74.66975,
      45.05582
     ],
     [
      -74.69742,
      45.0444
     ],
     [
      -74.69939,
      45.04368
     ],
     [
      -74.70153,
      45.04309
     ],
     [
      -74.70385,
      45.0426
     ],
     [
      -74.706,
      45.04233
     ],
     [
      -74.70829,
      45.04221
     ],
     [
      -74.90087,
      45.04218
     ],
     [
      -74.90232,
      45.04213
     ],
     [
      -74.90435,
      45.04191
     ],
     [
      -74.90651,
      45.04155
     ],
     [
      -74.90905,
      45.04088
     ],
     [
      -74.91099,
      45.04022
     ],
     [
      -75.01344,
      45.00142
     ],
     [
      -75.01531,
      45.00053
     ],
     [
      -75.06651,
      44.97001
     ],
     [
      -75.06827,
      44.96911
     ],
     [
      -75.17321,
      44.92288
     ],
     [
      -75.27817,
      44.87646
     ],
     [
      -75.28076,
      44.87544
     ],
     [
      -75.29712,
      44.8695
     ],
     [
      -75.3003,
      44.86826
     ],
     [
      -75.30294,
      44.86704
     ],
     [
      -75.32867,
      44.85403
     ],
     [
      -75.33103,
      44.85272
     ],
     [
      -75.33362,
      44.85108
     ],
     [
      -75.33671,
      44.84875
     ],
     [
      -75.33957,
      44.84607
     ],
     [
      -75.37672,
      44.80591
     ],
     [
      -75.3796,
      44.80291
     ],
     [
      -75.3821,
      44.80076
     ],
     [
      -75.38513,
      44.79863
     ],
     [
      -75.38837,
      44.79659
     ],
     [
      -75.39111,
      44.79516
     ],
     [
      -75.39413,
      44.79384
     ],
     [
      -75.39668,
      44.7929
     ],
     [
      -75.39925,
      44.79208
     ],
     [
      -75.41708,
      44.78657
     ],
     [
      -75.41967,
      44.78555
     ],
     [
      -75.42227,
      44.78437
     ],
     [
      -75.45324,
      44.76857
     ],
     [
      -75.45698,
      44.76653
     ],
     [
      -75.46022,
      44.76444
     ],
     [
      -75.492,
      44.74076
     ],
     [
      -75.4932,
      44.73973
     ],
     [
      -75.49431,
      44.73861
     ],
     [
      -75.49523,
      44.73745
     ],
     [
      -75.49594,
      44.73638
     ],
     [
      -75.49959,
      44.72972
     ],
     [
      -75.50048,
      44.72823
     ],
     [
      -75.50135,
      44.72705
     ],
     [
      -75.50254,
      44.72573
     ],
     [
      -75.50371,
      44.72458
     ],
     [
      -75.5055,
      44.72337
     ],
     [
      -75.53761,
      44.70307
     ],
     [
      -75.54064,
      44.701
     ],
     [
      -75.56485,
      44.6811
     ],
     [
      -75.56683,
      44.67962
     ],
     [
      -75.56913,
      44.67811
     ],
     [
      -75.58185,
      44.6705
     ],
     [
      -75.58407,
      44.66884
     ],
     [
      -75.59396,
      44.6604
     ],
     [
      -75.61457,
      44.64255
     ],
     [
      -75.61679,
      44.64082
     ],
     [
      -75.61952,
      44.63902
     ],
     [
      -75.62262,
      44.63731
     ],
     [
      -75.62604,
      44.63572
     ],
     [
      -75.63631,
      44.63173
     ],
     [
      -75.63924,
      44.63045
     ],
     [
      -75.64296,
      44.62843
     ],
     [
      -75.64675,
      44.6259
     ],
     [
      -75.65609,
      44.61845
     ],
     [
      -75.65942,
      44.61596
     ],
     [
      -75.66241,
      44.61408
     ],
     [
      -75.6664,
      44.61205
     ],
     [
      -75.67357,
      44.60876
     ],
     [
      -75.67502,
      44.60799
     ],
     [
      -75.67629,
      44.60712
     ],
     [
      -75.67731,
      44.60623
     ],
     [
      -75.67828,
      44.60519
     ],
     [
      -75.67898,
      44.60418
     ],
     [
      -75.68121,
      44.60041
     ],
     [
      -75.68192,
      44.5995
     ],
     [
      -75.68282,
      44.59848
     ],
     [
      -75.68369,
      44.59766
     ],
     [
      -75.68487,
      44.59669
     ],
     [
      -75.68618,
      44.59581
     ],
     [
      -75.69679,
      44.58978
     ],
     [
      -75.69989,
      44.5884
     ],
     [
      -75.70374,
      44.58691
     ],
     [
      -75.71239,
      44.58535
     ],
     [
      -75.71866,
      44.58363
     ],
     [
      -75.7264,
      44.58064
     ],
     [
      -75.73139,
      44.57881
     ],
     [
      -75.73662,
      44.57755
     ],
     [
      -75.74031,
      44.57623
     ],
     [
      -75.74993,
      44.57304
     ],
     [
      -75.77058,
      44.56731
     ],
     [
      -75.77585,
      44.56573
     ],
     [
      -75.77912,
      44.56422
     ],
     [
      -75.782,
      44.56247
     ],
     [
      -75.78658,
      44.55928
     ],
     [
      -75.79471,
      44.55146
     ],
     [
      -75.79639,
      44.55009
     ],
     [
      -75.80225,
      44.54703
     ],
     [
      -75.80418,
      44.54569
     ],
     [
      -75.82152,
      44.53106
     ],
     [
      -75.82398,
      44.52914
     ],
     [
      -75.83482,
      44.52124
     ],
     [
      -75.84717,
      44.51334
     ],
     [
      -75.84883,
      44.51202
     ],
     [
      -75.85717,
      44.50362
     ],
     [
      -75.85873,
      44.50231
     ],
     [
      -75.86553,
      44.49724
     ],
     [
      -75.86786,
      44.49539
     ],
     [
      -75.8872,
      44.47837
     ],
     [
      -75.89577,
      44.47067
     ],
     [
      -75.89834,
      44.46868
     ],
     [
      -75.90116,
      44.46681
     ],
     [
      -75.90505,
      44.46474
     ],
     [
      -75.92068,
      44.45703
     ],
     [
      -75.93704,
      44.45003
     ],
     [
      -75.9381,
      44.44949
     ],
     [
      -75.93881,
      44.44902
     ],
     [
      -75.94134,
      44.44691
     ],
     [
      -75.9425,
      44.4461
     ],
     [
      -75.94461,
      44.44509
     ],
     [
      -75.95107,
      44.44246
     ],
     [
      -75.95736,
      44.44019
     ],
     [
      -75.96524,
      44.43598
     ],
     [
      -75.96653,
      44.43512
     ],
     [
      -75.9703,
      44.43218
     ],
     [
      -75.97718,
      44.42731
     ],
     [
      -76.02774,
      44.39762
     ],
     [
      -76.0301,
      44.39649
     ],
     [
      -76.03276,
      44.39539
     ],
     [
      -76.0779,
      44.37859
     ],
     [
      -76.08088,
      44.37762
     ],
     [
      -76.08427,
      44.37674
     ],
     [
      -76.08756,
      44.3761
     ],
     [
      -76.09094,
      44.37564
     ],
     [
      -76.15373,
      44.36881
     ],
     [
      -76.16352,
      44.36769
     ],
     [
      -76.16484,
      44.36738
     ],
     [
      -76.16739,
      44.3665
     ],
     [
      -76.16925,
      44.36553
     ],
     [
      -76.17273,
      44.36333
     ],
     [
      -76.17568,
      44.36199
     ],
     [
      -76.17726,
      44.36142
     ],
     [
      -76.18016,
      44.36068
     ],
     [
      -76.18275,
      44.36029
     ],
     [
      -76.1933,
      44.35922
     ],
     [
      -76.19611,
      44.35901
     ],
     [
      -76.19907,
      44.35892
     ],
     [
      -76.20481,
      44.35898
     ],
     [
      -76.20614,
      44.35893
     ],
     [
      -76.20897,
      44.35862
     ],
     [
      -76.21996,
      44.35633
     ],
     [
      -76.22284,
      44.3558
     ],
     [
      -76.23594,
      44.35413
     ],
     [
      -76.2519,
      44.35139
     ],
     [
      -76.2542,
      44.35093
     ],
     [
      -76.25698,
      44.35025
     ],
     [
      -76.25944,
      44.34952
     ],
     [
      -76.33243,
      44.32492
     ],
     [
      -76.33412,
      44.32444
     ],
     [
      -76.33591,
      44.32407
     ],
     [
      -76.37975,
      44.31678
     ],
     [
      -76.38298,
      44.31594
     ],
     [
      -76.38596,
      44.31476
     ],
     [
      -76.42915,
      44.29449
     ],
     [
      -76.43049,
      44.29393
     ],
     [
      -76.43194,
      44.2934
     ],
     [
      -76.43417,
      44.29277
     ],
     [
      -76.43556,
      44.29247
     ],
     [
      -76.43809,
      44.29214
     ],
     [
      -76.44562,
      44.2916
     ],
     [
      -76.44814,
      44.29105
     ],
     [
      -76.44953,
      44.29058
     ],
     [
      -76.46139,
      44.28541
     ],
     [
      -76.46306,
      44.2846
     ],
     [
      -76.46449,
      44.28377
     ],
     [
      -76.46577,
      44.28286
     ],
     [
      -76.46678,
      44.28198
     ],
     [
      -76.46771,
      44.281
     ],
     [
      -76.47034,
      44.27754
     ],
     [
      -76.47138,
      44.27648
     ],
     [
      -76.4738,
      44.27435
     ],
     [
      -76.47453,
      44.27359
     ],
     [
      -76.47547,
      44.27218
     ],
     [
      -76.47578,
      44.27143
     ],
     [
      -76.47598,
      44.27066
     ],
     [
      -76.47609,
      44.26985
     ],
     [
      -76.47587,
      44.26702
     ],
     [
      -76.47612,
      44.26564
     ],
     [
      -76.47638,
      44.26489
     ],
     [
      -76.47674,
      44.26422
     ],
     [
      -76.47883,
      44.26119
     ],
     [
      -76.47971,
      44.26027
     ],
     [
      -76.48079,
      44.25942
     ],
     [
      -76.48197,
      44.25872
     ],
     [
      -76.48305,
      44.25825
     ],
     [
      -76.48433,
      44.25784
     ],
     [
      -76.48554,
      44.25755
     ],
     [
      -76.48684,
      44.25738
     ],
     [
      -76.48834,
      44.25736
     ],
     [
      -76.48977,
      44.25744
     ],
     [
      -76.4911,
      44.25766
     ],
     [
      -76.49235,
      44.25798
     ],
     [
      -76.49344,
      44.25838
     ],
     [
      -76.49441,
      44.25883
     ],
     [
      -76.4971,
      44.26036
     ],
     [
      -76.49803,
      44.26076
     ],
     [
      -76.5106,
      44.2651
     ],
     [
      -76.51196,
      44.26549
     ],
     [
      -76.51381,
      44.26587
     ],
     [
      -76.51578,
      44.26603
     ],
     [
      -76.51753,
      44.26599
     ],
     [
      -76.51902,
      44.26581
     ],
     [
      -76.52037,
      44.26553
     ],
     [
      -76.5218,
      44.26508
     ],
     [
      -76.52357,
      44.2643
     ],
     [
      -76.54833,
      44.25042
     ],
     [
      -76.54998,
      44.24935
     ],
     [
      -76.55102,
      44.24855
     ],
     [
      -76.55192,
      44.24773
     ],
     [
      -76.55302,
      44.24657
     ],
     [
      -76.55409,
      44.24563
     ],
     [
      -76.55531,
      44.24471
     ],
     [
      -76.55762,
      44.24333
     ],
     [
      -76.55873,
      44.2428
     ],
     [
      -76.56046,
      44.24213
     ],
     [
      -76.56238,
      44.24154
     ],
     [
      -76.56455,
      44.24107
     ],
     [
      -76.56855,
      44.24051
     ],
     [
      -76.57026,
      44.24018
     ],
     [
      -76.57802,
      44.23822
     ],
     [
      -76.5797,
      44.23791
     ],
     [
      -76.5814,
      44.2377
     ],
     [
      -76.58426,
      44.2376
     ],
     [
      -76.5875,
      44.23782
     ],
     [
      -76.58905,
      44.23806
     ],
     [
      -76.59099,
      44.23852
     ],
     [
      -76.60206,
      44.24182
     ],
     [
      -76.60409,
      44.24225
     ],
     [
      -76.60588,
      44.2425
     ],
     [
      -76.6078,
      44.24264
     ],
     [
      -76.60969,
      44.24263
     ],
     [
      -76.61281,
      44.24236
     ],
     [
      -76.61462,
      44.24203
     ],
     [
      -76.61705,
      44.24141
     ],
     [
      -76.61868,
      44.24088
     ],
     [
      -76.6205,
      44.24012
     ],
     [
      -76.62216,
      44.23925
     ],
     [
      -76.62371,
      44.23824
     ],
     [
      -76.62508,
      44.23717
     ],
     [
      -76.62628,
      44.236
     ],
     [
      -76.63019,
      44.23159
     ],
     [
      -76.63112,
      44.23082
     ],
     [
      -76.63257,
      44.22986
     ],
     [
      -76.63379,
      44.22921
     ],
     [
      -76.63525,
      44.22859
     ],
     [
      -76.63662,
      44.22818
     ],
     [
      -76.63965,
      44.22758
     ],
     [
      -76.64125,
      44.22743
     ],
     [
      -76.64418,
      44.22749
     ],
     [
      -76.64917,
      44.2282
     ],
     [
      -76.65241,
      44.2283
     ],
     [
      -76.65416,
      44.22819
     ],
     [
      -76.65811,
      44.22767
     ],
     [
      -76.66072,
      44.22755
     ],
     [
      -76.66294,
      44.22762
     ],
     [
      -76.6651,
      44.22788
     ],
     [
      -76.66692,
      44.22823
     ],
     [
      -76.66865,
      44.22871
     ],
     [
      -76.67041,
      44.22932
     ],
     [
      -76.67422,
      44.23098
     ],
     [
      -76.67614,
      44.23159
     ],
     [
      -76.67878,
      44.23217
     ],
     [
      -76.68112,
      44.23246
     ],
     [
      -76.68327,
      44.23255
     ],
     [
      -76.68528,
      44.23249
     ],
     [
      -76.68739,
      44.23228
     ],
     [
      -76.72642,
      44.22542
     ],
     [
      -76.72956,
      44.22482
     ],
     [
      -76.73268,
      44.22411
     ],
     [
      -76.73513,
      44.22342
     ],
     [
      -76.75946,
      44.21548
     ],
     [
      -76.76257,
      44.21461
     ],
     [
      -76.76564,
      44.21397
     ],
     [
      -76.76716,
      44.21371
     ],
     [
      -76.76964,
      44.21342
     ],
     [
      -76.80423,
      44.21034
     ],
     [
      -76.807,
      44.21016
     ],
     [
      -76.80899,
      44.21021
     ],
     [
      -76.8109,
      44.21037
     ],
     [
      -76.81321,
      44.21075
     ],
     [
      -76.81503,
      44.21121
     ],
     [
      -76.88763,
      44.22979
     ],
     [
      -76.88917,
      44.2301
     ],
     [
      -76.89061,
      44.23032
     ],
     [
      -76.89374,
      44.23049
     ],
     [
      -76.90838,
      44.2299
     ],
     [
      -76.91062,
      44.22996
     ],
     [
      -76.91272,
      44.23017
     ],
     [
      -76.91476,
      44.23056
     ],
     [
      -76.91647,
      44.231
     ],
     [
      -76.91816,
      44.23157
     ],
     [
      -76.92012,
      44.23238
     ],
     [
      -76.92197,
      44.23327
     ],
     [
      -76.9238,
      44.23431
     ],
     [
      -76.93643,
      44.24267
     ],
     [
      -76.93739,
      44.24336
     ],
     [
      -76.93911,
      44.24483
     ],
     [
      -76.9407,
      44.24666
     ],
     [
      -76.94212,
      44.24862
     ],
     [
      -76.94278,
      44.24941
     ],
     [
      -76.94355,
      44.2501
     ],
     [
      -76.94437,
      44.25066
     ],
     [
      -76.94732,
      44.25231
     ],
     [
      -76.94864,
      44.25285
     ],
     [
      -76.94996,
      44.25324
     ],
     [
      -76.95142,
      44.25353
     ],
     [
      -76.95295,
      44.25365
     ],
     [
      -76.95426,
      44.25365
     ],
     [
      -76.95571,
      44.25351
     ],
     [
      -76.95765,
      44.25316
     ],
     [
      -76.98346,
      44.24828
     ],
     [
      -76.98785,
      44.24742
     ],
     [
      -76.99127,
      44.24659
     ],
     [
      -77.02193,
      44.23853
     ],
     [
      -77.02502,
      44.23761
     ],
     [
      -77.05106,
      44.22827
     ],
     [
      -77.05318,
      44.22757
     ],
     [
      -77.0551,
      44.22711
     ],
     [
      -77.05753,
      44.22673
     ],
     [
      -77.07248,
      44.22472
     ],
     [
      -77.07647,
      44.2245
     ],
     [
      -77.08005,
      44.22454
     ],
     [
      -77.08428,
      44.22487
     ],
     [
      -77.1045,
      44.22676
     ],
     [
      -77.10715,
      44.22692
     ],
     [
      -77.1096,
      44.2268
     ],
     [
      -77.112,
      44.22648
     ],
     [
      -77.24001,
      44.20343
     ],
     [
      -77.24257,
      44.20304
     ],
     [
      -77.24442,
      44.20287
     ],
     [
      -77.24636,
      44.20284
     ],
     [
      -77.26901,
      44.20443
     ],
     [
      -77.27188,
      44.20442
     ],
     [
      -77.27364,
      44.20428
     ],
     [
      -77.27537,
      44.20405
     ],
     [
      -77.27705,
      44.20372
     ],
     [
      -77.36733,
      44.18166
     ],
     [
      -77.37113,
      44.18068
     ],
     [
      -77.37455,
      44.17961
     ],
     [
      -77.38769,
      44.17438
     ],
     [
      -77.39014,
      44.17358
     ],
     [
      -77.52363,
      44.13945
     ],
     [
      -77.52744,
      44.13856
     ],
     [
      -77.53023,
      44.13806
     ],
     [
      -77.56838,
      44.13259
     ],
     [
      -77.57029,
      44.13224
     ],
     [
      -77.57228,
      44.13174
     ],
     [
      -77.57405,
      44.13117
     ],
     [
      -77.57687,
      44.12995
     ],
     [
      -77.5782,
      44.12923
     ],
     [
      -77.59375,
      44.1197
     ],
     [
      -77.59534,
      44.11856
     ],
     [
      -77.59675,
      44.11736
     ],
     [
      -77.59881,
      44.11525
     ],
     [
      -77.60695,
      44.10583
     ],
     [
      -77.60841,
      44.10454
     ],
     [
      -77.60988,
      44.10347
     ],
     [
      -77.68682,
      44.05412
     ],
     [
      -77.68912,
      44.05284
     ],
     [
      -77.69205,
      44.05143
     ],
     [
      -77.69746,
      44.04924
     ],
     [
      -77.70159,
      44.04767
     ],
     [
      -77.70502,
      44.04654
     ],
     [
      -77.71147,
      44.04461
     ],
     [
      -77.86916,
      43.99942
     ],
     [
      -77.873,
      43.99849
     ],
     [
      -77.87613,
      43.99794
     ],
     [
      -78.05626,
      43.97289
     ],
     [
      -78.09067,
      43.96803
     ],
     [
      -78.09544,
      43.96747
     ],
     [
      -78.10001,
      43.96726
     ],
     [
      -78.10342,
      43.96724
     ],
     [
      -78.1065,
      43.96732
     ],
     [
      -78.13356,
      43.96931
     ],
     [
      -78.13623,
      43.96936
     ],
     [
      -78.16295,
      43.96902
     ],
     [
      -78.16568,
      43.9689
     ],
     [
      -78.16743,
      43.9687
     ],
     [
      -78.16903,
      43.96841
     ],
     [
      -78.17151,
      43.96778
     ],
     [
      -78.17426,
      43.96679
     ],
     [
      -78.17611,
      43.9659
     ],
     [
      -78.18483,
      43.96098
     ],
     [
      -78.18667,
      43.96003
     ],
     [
      -78.18959,
      43.95889
     ],
     [
      -78.19132,
      43.95843
     ],
     [
      -78.19424,
      43.95798
     ],
     [
      -78.19565,
      43.9579
     ],
     [
      -78.19758,
      43.95793
     ],
     [
      -78.20036,
      43.95819
     ],
     [
      -78.20209,
      43.95825
     ],
     [
      -78.20388,
      43.95817
     ],
     [
      -78.23416,
      43.95401
     ],
     [
      -78.23626,
      43.95386
     ],
     [
      -78.25659,
      43.95415
     ],
     [
      -78.25892,
      43.95412
     ],
     [
      -78.26319,
      43.9538
     ],
     [
      -78.26716,
      43.95325
     ],
     [
      -78.27079,
      43.9525
     ],
     [
      -78.28906,
      43.94768
     ],
     [
      -78.2948,
      43.94609
     ],
     [
      -78.29662,
      43.94528
     ],
     [
      -78.29736,
      43.94485
     ],
     [
      -78.29902,
      43.94359
     ],
     [
      -78.29952,
      43.94301
     ],
     [
      -78.30046,
      43.94237
     ],
     [
      -78.30157,
      43.94172
     ],
     [
      -78.30257,
      43.94129
     ],
     [
      -78.30373,
      43.94096
     ],
     [
      -78.30469,
      43.94077
     ],
     [
      -78.30579,
      43.94068
     ],
     [
      -78.30759,
      43.94071
     ],
     [
      -78.31158,
      43.94092
     ],
     [
      -78.31598,
      43.94129
     ],
     [
      -78.32683,
      43.94238
     ],
     [
      -78.32995,
      43.94281
     ],
     [
      -78.35608,
      43.94697
     ],
     [
      -78.35842,
      43.94731
     ],
     [
      -78.36076,
      43.94754
     ],
     [
      -78.36312,
      43.94766
     ],
     [
      -78.36608,
      43.94768
     ],
     [
      -78.36888,
      43.94755
     ],
     [
      -78.37347,
      43.94707
     ],
     [
      -78.37613,
      43.94661
     ],
     [
      -78.37885,
      43.94595
     ],
     [
      -78.38297,
      43.94469
     ],
     [
      -78.38581,
      43.94362
     ],
     [
      -78.38805,
      43.94256
     ],
     [
      -78.39104,
      43.94094
     ],
     [
      -78.40675,
      43.93145
     ],
     [
      -78.40811,
      43.93075
     ],
     [
      -78.40957,
      43.93012
     ],
     [
      -78.4115,
      43.92945
     ],
     [
      -78.42877,
      43.92373
     ],
     [
      -78.43152,
      43.92303
     ],
     [
      -78.4333,
      43.92274
     ],
     [
      -78.43491,
      43.92255
     ],
     [
      -78.44752,
      43.92164
     ],
     [
      -78.45163,
      43.92104
     ],
     [
      -78.45354,
      43.92058
     ],
     [
      -78.45738,
      43.91936
     ],
     [
      -78.47341,
      43.91339
     ],
     [
      -78.47731,
      43.91226
     ],
     [
      -78.48584,
      43.91023
     ],
     [
      -78.48855,
      43.90952
     ],
     [
      -78.49111,
      43.90869
     ],
     [
      -78.50466,
      43.90399
     ],
     [
      -78.50829,
      43.90302
     ],
     [
      -78.51055,
      43.90254
     ],
     [
      -78.51271,
      43.90216
     ],
     [
      -78.53855,
      43.89883
     ],
     [
      -78.54016,
      43.89864
     ],
     [
      -78.54373,
      43.89857
     ],
     [
      -78.54715,
      43.8989
     ],
     [
      -78.55009,
      43.89952
     ],
     [
      -78.55278,
      43.90041
     ],
     [
      -78.56238,
      43.90403
     ],
     [
      -78.56459,
      43.90478
     ],
     [
      -78.56767,
      43.90552
     ],
     [
      -78.57027,
      43.90589
     ],
     [
      -78.58045,
      43.9071
     ],
     [
      -78.58392,
      43.90737
     ],
     [
      -78.58642,
      43.90736
     ],
     [
      -78.58951,
      43.90707
     ],
     [
      -78.61583,
      43.90353
     ],
     [
      -78.62052,
      43.9028
     ],
     [
      -78.62539,
      43.90161
     ],
     [
      -78.62757,
      43.90095
     ],
     [
      -78.62958,
      43.90024
     ],
     [
      -78.63117,
      43.89961
     ],
     [
      -78.63663,
      43.89709
     ],
     [
      -78.63964,
      43.89597
     ],
     [
      -78.6412,
      43.89555
     ],
     [
      -78.64413,
      43.89502
     ],
     [
      -78.64676,
      43.8948
     ],
     [
      -78.64843,
      43.89478
     ],
     [
      -78.65033,
      43.89487
     ],
     [
      -78.65973,
      43.89594
     ],
     [
      -78.66318,
      43.89617
     ],
     [
      -78.66724,
      43.89618
     ],
     [
      -78.67848,
      43.89588
     ],
     [
      -78.67999,
      43.89576
     ],
     [
      -78.68258,
      43.89528
     ],
     [
      -78.68401,
      43.89484
     ],
     [
      -78.68614,
      43.89393
     ],
     [
      -78.68741,
      43.89319
     ],
     [
      -78.71126,
      43.87764
     ],
     [
      -78.71356,
      43.87643
     ],
     [
      -78.71603,
      43.87543
     ],
     [
      -78.7172,
      43.87508
     ],
     [
      -78.7204,
      43.87434
     ],
     [
      -78.72239,
      43.87407
     ],
     [
      -78.74313,
      43.87173
     ],
     [
      -78.74619,
      43.87156
     ],
     [
      -78.7496,
      43.87173
     ],
     [
      -78.75158,
      43.87201
     ],
     [
      -78.75372,
      43.87247
     ],
     [
      -78.76718,
      43.87573
     ],
     [
      -78.76857,
      43.876
     ],
     [
      -78.77134,
      43.87634
     ],
     [
      -78.77382,
      43.87641
     ],
     [
      -78.77532,
      43.87636
     ],
     [
      -78.79116,
      43.87472
     ],
     [
      -78.79355,
      43.87488
     ],
     [
      -78.79691,
      43.87554
     ],
     [
      -78.79893,
      43.87614
     ],
     [
      -78.80177,
      43.87729
     ],
     [
      -78.80418,
      43.87859
     ],
     [
      -78.80846,
      43.88139
     ],
     [
      -78.80958,
      43.882
     ],
     [
      -78.81118,
      43.88273
     ],
     [
      -78.81261,
      43.88328
     ],
     [
      -78.81444,
      43.88384
     ],
     [
      -78.81608,
      43.88423
     ],
     [
      -78.81786,
      43.88454
     ],
     [
      -78.82109,
      43.88482
     ],
     [
      -78.82281,
      43.88481
     ],
     [
      -78.82471,
      43.8847
     ],
     [
      -78.82667,
      43.88446
     ],
     [
      -78.85733,
      43.87908
     ],
     [
      -78.8604,
      43.87852
     ],
     [
      -78.86353,
      43.87783
     ],
     [
      -78.86583,
      43.87714
     ],
     [
      -78.88463,
      43.87083
     ],
     [
      -78.90764,
      43.86298
     ],
     [
      -78.91016,
      43.86236
     ],
     [
      -78.9133,
      43.86194
     ],
     [
      -78.91621,
      43.86183
     ],
     [
      -78.91874,
      43.86198
     ],
     [
      -78.95219,
      43.86635
     ],
     [
      -78.95439,
      43.86653
     ],
     [
      -78.95627,
      43.86655
     ],
     [
      -78.95788,
      43.86647
     ],
     [
      -78.96032,
      43.86618
     ],
     [
      -78.96284,
      43.86568
     ],
     [
      -79.05365,
      43.84527
     ],
     [
      -79.05538,
      43.84472
     ],
     [
      -79.05699,
      43.84407
     ],
     [
      -79.1062,
      43.82129
     ],
     [
      -79.10751,
      43.82051
     ],
     [
      -79.10879,
      43.81959
     ],
     [
      -79.10998,
      43.8186
     ],
     [
      -79.11118,
      43.81739
     ],
     [
      -79.11264,
      43.81553
     ],
     [
      -79.11323,
      43.81457
     ],
     [
      -79.11383,
      43.81334
     ],
     [
      -79.11435,
      43.81184
     ],
     [
      -79.11464,
      43.81056
     ],
     [
      -79.11485,
      43.80869
     ],
     [
      -79.11533,
      43.80187
     ],
     [
      -79.11552,
      43.80019
     ],
     [
      -79.11597,
      43.79847
     ],
     [
      -79.11662,
      43.79692
     ],
     [
      -79.11757,
      43.79531
     ],
     [
      -79.1218,
      43.78948
     ],
     [
      -79.12314,
      43.78778
     ],
     [
      -79.13597,
      43.77403
     ],
     [
      -79.13762,
      43.77242
     ],
     [
      -79.13979,
      43.77069
     ],
     [
      -79.1467,
      43.76638
     ],
     [
      -79.14797,
      43.76579
     ],
     [
      -79.14956,
      43.76522
     ],
     [
      -79.1633,
      43.76172
     ],
     [
      -79.16491,
      43.76138
     ],
     [
      -79.18722,
      43.75708
     ],
     [
      -79.19826,
      43.75482
     ],
     [
      -79.20399,
      43.75377
     ],
     [
      -79.20622,
      43.75317
     ],
     [
      -79.2082,
      43.75247
     ],
     [
      -79.21129,
      43.75113
     ],
     [
      -79.21321,
      43.75044
     ],
     [
      -79.21743,
      43.74934
     ],
     [
      -79.21902,
      43.74881
     ],
     [
      -79.22034,
      43.74815
     ],
     [
      -79.22155,
      43.74736
     ],
     [
      -79.22524,
      43.74405
     ],
     [
      -79.22769,
      43.74224
     ],
     [
      -79.24355,
      43.73222
     ],
     [
      -79.24575,
      43.73034
     ],
     [
      -79.24714,
      43.72874
     ],
     [
      -79.26696,
      43.69897
     ],
     [
      -79.26811,
      43.6975
     ],
     [
      -79.27009,
      43.69561
     ],
     [
      -79.27254,
      43.69388
     ],
     [
      -79.27539,
      43.69244
     ],
     [
      -79.27907,
      43.69118
     ],
     [
      -79.29901,
      43.68662
     ],
     [
      -79.30079,
      43.6861
     ],
     [
      -79.30445,
      43.68481
     ],
     [
      -79.33306,
      43.67359
     ],
     [
      -79.33617,
      43.67227
     ],
     [
      -79.33821,
      43.67114
     ],
     [
      -79.34026,
      43.66964
     ],
     [
      -79.34169,
      43.66836
     ],
     [
      -79.34304,
      43.66679
     ],
     [
      -79.34397,
      43.66544
     ],
     [
      -79.34474,
      43.66402
     ],
     [
      -79.3452,
      43.66291
     ],
     [
      -79.34556,
      43.6616
     ],
     [
      -79.34601,
      43.65786
     ],
     [
      -79.34632,
      43.65684
     ],
     [
      -79.34685,
      43.6559
     ],
     [
      -79.34761,
      43.65503
     ],
     [
      -79.34892,
      43.65397
     ],
     [
      -79.35561,
      43.6504
     ],
     [
      -79.35749,
      43.6496
     ],
     [
      -79.36177,
      43.64821
     ],
     [
      -79.37334,
      43.64581
     ],
     [
      -79.38032,
      43.64481
     ]
    ]
   },
   "properties": {
    "kind": "corridor_segment",
    "troncon_id": "MTL-TO",
    "troncon_label_fr": "Montréal → Toronto",
    "troncon_label_en": "Montréal → Toronto",
    "route_id": "226-119",
    "route_long_name": "Montréal - Toronto",
    "shape_id": "453",
    "n_pts": 741,
    "length_km_approx": 538.1,
    "n_stops": 14
   }
  },
  {
   "type": "Feature",
   "geometry": {
    "type": "Point",
    "coordinates": [
     -73.5661785423,
     45.4999195215
    ]
   },
   "properties": {
    "kind": "station",
    "troncon_id": "MTL-TO",
    "stop_id": "226",
    "stop_name": "Montréal",
    "km_along_segment": 0.0,
    "snap_distance_m_gtfs": 0.1
   }
  },
  {
   "type": "Feature",
   "geometry": {
    "type": "Point",
    "coordinates": [
     -73.74128,
     45.44892
    ]
   },
   "properties": {
    "kind": "station",
    "troncon_id": "MTL-TO",
    "stop_id": "332",
    "stop_name": "Dorval",
    "km_along_segment": 17.84,
    "snap_distance_m_gtfs": 272.3
   }
  },
  {
   "type": "Feature",
   "geometry": {
    "type": "Point",
    "coordinates": [
     -73.7518336719,
     45.4569878826
    ]
   },
   "properties": {
    "kind": "station",
    "troncon_id": "MTL-TO",
    "stop_id": "555",
    "stop_name": "Aéroport Montréal Pierre-Elliott Trudeau",
    "km_along_segment": 17.84,
    "snap_distance_m_gtfs": 1420.1
   }
  },
  {
   "type": "Feature",
   "geometry": {
    "type": "Point",
    "coordinates": [
     -75.692713,
     44.592113
    ]
   },
   "properties": {
    "kind": "station",
    "troncon_id": "MTL-TO",
    "stop_id": "35",
    "stop_name": "Brockville",
    "km_along_segment": 204.72,
    "snap_distance_m_gtfs": 414.2
   }
  },
  {
   "type": "Feature",
   "geometry": {
    "type": "Point",
    "coordinates": [
     -76.15373,
     44.36881
    ]
   },
   "properties": {
    "kind": "station",
    "troncon_id": "MTL-TO",
    "stop_id": "200",
    "stop_name": "Gananoque",
    "km_along_segment": 249.79,
    "snap_distance_m_gtfs": 0.0
   }
  },
  {
   "type": "Feature",
   "geometry": {
    "type": "Point",
    "coordinates": [
     -76.5366231779,
     44.257016447
    ]
   },
   "properties": {
    "kind": "station",
    "troncon_id": "MTL-TO",
    "stop_id": "58",
    "stop_name": "Kingston",
    "km_along_segment": 285.97,
    "snap_distance_m_gtfs": 1186.3
   }
  },
  {
   "type": "Feature",
   "geometry": {
    "type": "Point",
    "coordinates": [
     -76.954262,
     44.25365
    ]
   },
   "properties": {
    "kind": "station",
    "troncon_id": "MTL-TO",
    "stop_id": "309",
    "stop_name": "Napanee",
    "km_along_segment": 321.46,
    "snap_distance_m_gtfs": 0.2
   }
  },
  {
   "type": "Feature",
   "geometry": {
    "type": "Point",
    "coordinates": [
     -77.37455,
     44.17961
    ]
   },
   "properties": {
    "kind": "station",
    "troncon_id": "MTL-TO",
    "stop_id": "415",
    "stop_name": "Belleville",
    "km_along_segment": 356.35,
    "snap_distance_m_gtfs": 0.0
   }
  },
  {
   "type": "Feature",
   "geometry": {
    "type": "Point",
    "coordinates": [
     -77.5988055795,
     44.1152523097
    ]
   },
   "properties": {
    "kind": "station",
    "troncon_id": "MTL-TO",
    "stop_id": "413",
    "stop_name": "Trenton Junction",
    "km_along_segment": 375.87,
    "snap_distance_m_gtfs": 0.4
   }
  },
  {
   "type": "Feature",
   "geometry": {
    "type": "Point",
    "coordinates": [
     -78.17151,
     43.96778
    ]
   },
   "properties": {
    "kind": "station",
    "troncon_id": "MTL-TO",
    "stop_id": "178",
    "stop_name": "Cobourg",
    "km_along_segment": 426.08,
    "snap_distance_m_gtfs": 0.0
   }
  },
  {
   "type": "Feature",
   "geometry": {
    "type": "Point",
    "coordinates": [
     -78.299017,
     43.943592
    ]
   },
   "properties": {
    "kind": "station",
    "troncon_id": "MTL-TO",
    "stop_id": "9",
    "stop_name": "Port Hope",
    "km_along_segment": 436.91,
    "snap_distance_m_gtfs": 0.3
   }
  },
  {
   "type": "Feature",
   "geometry": {
    "type": "Point",
    "coordinates": [
     -78.884625828,
     43.8708276005
    ]
   },
   "properties": {
    "kind": "station",
    "troncon_id": "MTL-TO",
    "stop_id": "367",
    "stop_name": "Oshawa",
    "km_along_segment": 487.25,
    "snap_distance_m_gtfs": 0.4
   }
  },
  {
   "type": "Feature",
   "geometry": {
    "type": "Point",
    "coordinates": [
     -79.1982632662,
     43.754823679
    ]
   },
   "properties": {
    "kind": "station",
    "troncon_id": "MTL-TO",
    "stop_id": "450",
    "stop_name": "Guildwood",
    "km_along_segment": 517.89,
    "snap_distance_m_gtfs": 0.5
   }
  },
  {
   "type": "Feature",
   "geometry": {
    "type": "Point",
    "coordinates": [
     -79.38032,
     43.64481
    ]
   },
   "properties": {
    "kind": "station",
    "troncon_id": "MTL-TO",
    "stop_id": "119",
    "stop_name": "Toronto",
    "km_along_segment": 538.09,
    "snap_distance_m_gtfs": 0.0
   }
  }
 ]
}