troncon;seg_idx;km_debut;km_fin;longueur_m;R_publie_m;R_corps_m;corps_m;facteur;Dc_publie_deg;Dc_corps_deg;vmax_S1_publie;vmax_S1_corrige;vmax_S2_publie;vmax_S2_corrige;vmax_S3_publie;vmax_S3_corrige
MTL-QC;0;0.0;0.69;690.0;686.0;;0.0;;2.5459461257600067;;100.3;100.3;126.3;126.3;150.7;150.7
MTL-QC;1;0.7;1.38;680.0;485.0;275.1572784880645;230.0;1.7626282781432505;3.6013667589456495;6.350075441963338;84.4;63.6;106.2;80.0;126.7;95.5
MTL-QC;2;1.39;2.91;1520.0;323.0;280.75115457241384;450.0;1.1504850282519103;5.408742953799646;6.223426427405227;68.9;64.2;86.8;80.8;103.5;96.4
MTL-QC;3;2.92;3.33;410.0;3268.0;539.6213213366358;180.0;6.0560987321724085;0.5343885218643474;3.2367282923829728;219.1;89.0;275.8;112.1;329.0;133.7
MTL-QC;4;3.34;3.55;210.0;4332.0;1427002624704.3276;210.0;3.035733729570107e-09;0.4031345710698762;1.2238066905592379e-09;252.2;360.0;317.5;360.0;360.0;360.0
MTL-QC;5;3.56;7.06;3500.0;3886.0;174528.42187663846;3500.0;0.022265714421842036;0.44940294292702737;0.010006251950255281;238.9;360.0;300.7;360.0;358.8;360.0
MTL-QC;6;7.07;8.0;930.0;3270.0;3266.799437999951;510.0;1.0009797240573814;0.534061676364523;0.5345849132309473;219.1;219.0;275.9;275.7;329.1;328.9
MTL-QC;7;8.01;19.54;11530.0;2687.0;;0.0;;0.6499384900714462;;198.6;198.6;250.1;250.1;298.3;298.3
MTL-QC;8;19.55;20.18;630.0;2011.0;1648.6676592727601;400.0;1.2197728200036795;0.8684197294789219;1.0592797290036338;171.8;155.6;216.4;195.9;258.1;233.7
MTL-QC;9;20.19;28.96;8770.0;2734.0;;0.0;;0.6387653268684098;;200.4;200.4;252.3;252.3;300.9;300.9
MTL-QC;10;28.97;29.16;190.0;1902.0;1709.3343783925793;180.0;1.1127138282847848;0.9181882475879323;1.021683363539301;167.1;158.4;210.4;199.5;251.0;237.9
MTL-QC;11;29.17;29.37;200.0;1808.0;1736.2500436581706;200.0;1.0413246678402708;0.9659270136302073;1.0058446314679033;162.9;159.7;205.1;201.0;244.7;239.8
MTL-QC;12;29.38;30.03;650.0;1895.0;1961.786549516626;240.0;0.965956260871968;0.9215800449767113;0.8902053720640076;166.8;169.7;210.0;213.7;250.5;254.9
MTL-QC;13;30.04;30.9;860.0;499.0;399.6562427143098;360.0;1.2485730151767078;3.5002945178793063;4.37075337880991;85.6;76.6;107.8;96.4;128.5;115.0
MTL-QC;14;30.91;31.32;410.0;695.0;;0.0;;2.5129717183982923;;101.0;101.0;127.2;127.2;151.7;151.7
MTL-QC;15;31.33;33.79;2460.0;1104.0;877.4694095046887;100.0;1.2581635189119387;1.581911982973221;1.9903408051783007;127.3;113.5;160.3;142.9;191.3;170.5
MTL-QC;16;33.8;34.62;820.0;901.0;870.472736023932;530.0;1.0350697531498891;1.9383558754254513;2.006340366843169;115.0;113.1;144.8;142.3;172.8;169.8
MTL-QC;17;34.63;57.94;23310.0;3903.0;227.8586924261778;340.0;17.12903711700401;0.4474455027675719;7.670016935746325;239.4;57.8;301.4;72.8;359.5;86.9
MTL-QC;18;57.95;58.43;480.0;3158.0;2120.3439813241794;280.0;1.4893809814895187;0.5530025769807588;0.8236354156128605;215.3;176.4;271.1;222.2;323.4;265.0
MTL-QC;19;58.44;61.7;3260.0;1727.0;2993.8351214914783;50.0;0.5768520743185208;1.0112322097173303;0.5833263459811658;159.2;209.7;200.5;264.0;239.1;314.9
MTL-QC;20;61.71;62.08;370.0;1189.0;1147.557251098556;370.0;1.036113883522387;1.4688168050649213;1.521864548588787;132.1;129.8;166.4;163.4;198.4;195.0
MTL-QC;21;62.09;62.6;510.0;1212.0;1140.9617374412387;250.0;1.062261739572507;1.4409417353979355;1.5306624542399043;133.4;129.4;168.0;163.0;200.3;194.4
MTL-QC;22;62.61;63.83;1220.0;2724.0;;0.0;;0.6411103047665693;;200.0;200.0;251.8;251.8;300.4;300.4
MTL-QC;23;63.84;64.15;310.0;1877.0;1747.8418484991273;310.0;1.0738957884615137;0.9304179797765986;0.9991736325098909;166.0;160.2;209.0;201.7;249.3;240.6
MTL-QC;24;64.16;64.57;410.0;1898.0;1738.0841826369517;200.0;1.0920069459008772;0.9201233539325817;1.0047831718617146;166.9;159.7;210.2;201.1;250.7;239.9
MTL-QC;25;64.58;65.92;1340.0;2742.0;;0.0;;0.6369016597231025;;200.7;200.7;252.6;252.6;301.4;301.4
MTL-QC;26;65.93;66.14;210.0;1887.0;1759.8343042902816;210.0;1.072260039141016;0.9254871993630474;0.9923645561268705;166.5;160.7;209.6;202.4;250.0;241.4
MTL-QC;27;66.15;66.46;310.0;1769.0;1760.388134578798;310.0;1.0048920265094052;0.9872227035676087;0.9920523435693986;161.2;160.8;202.9;202.4;242.1;241.5
MTL-QC;28;66.47;66.88;410.0;1896.0;1734.7621530091885;210.0;1.092945218288929;0.9210939690808141;1.0067073579837311;166.8;159.6;210.1;200.9;250.6;239.7
MTL-QC;29;66.89;68.37;1480.0;6201.0;233462.23787860278;1480.0;0.02656104069054815;0.28162830472826617;0.007480333336422185;301.7;360.0;360.0;360.0;360.0;360.0
MTL-QC;30;68.38;68.86;480.0;1221.0;952.1517705367106;80.0;1.2823585879714792;1.4303199895763692;1.8342138183492285;133.9;118.2;168.6;148.9;201.1;177.6
MTL-QC;31;68.87;69.44;570.0;1135.0;861.3038801030801;280.0;1.3177695192365373;1.5387029429777683;2.0277007209521147;129.1;112.5;162.5;141.6;193.9;168.9
MTL-QC;32;69.45;80.45;11000.0;3910.0;1402666.0775960018;11000.0;0.002787548699189519;0.44664444537757825;0.0012450399902635295;239.6;360.0;301.7;360.0;359.8;360.0
MTL-QC;33;80.46;80.86;400.0;3538.0;1667.733580891367;190.0;2.1214419620362963;0.49360677224040456;1.0471694555359379;227.9;156.5;287.0;197.0;342.3;235.0
MTL-QC;34;80.87;89.97;9100.0;2714.0;;0.0;;0.6434725635397084;;199.6;199.6;251.4;251.4;299.8;299.8
MTL-QC;35;89.98;90.52;540.0;2235.0;1631.4691022471904;330.0;1.369930939495884;0.7813820550624011;1.070446725650663;181.2;154.8;228.1;194.9;272.1;232.4
MTL-QC;36;90.53;93.54;3010.0;2736.0;;0.0;;0.638298388318901;;200.4;200.4;252.4;252.4;301.0;301.0
MTL-QC;37;93.55;93.74;190.0;1895.0;1744.3754985415637;190.0;1.0863486683826793;0.9215800449767113;1.001159198989486;166.8;160.0;210.0;201.5;250.5;240.4
MTL-QC;38;93.75;94.38;630.0;1786.0;1716.2063885425607;430.0;1.0406673765599426;0.9778256177483982;1.0175922452326351;161.9;158.7;203.9;199.9;243.2;238.4
MTL-QC;39;94.39;95.51;1120.0;6257.0;503170.6894700186;1120.0;0.012435144039471765;0.27910773314551823;0.0034707414330218374;303.1;360.0;360.0;360.0;360.0;360.0
MTL-QC;40;95.52;95.86;340.0;2739.0;1252.3984864102629;40.0;2.187003601266533;0.6375992590975531;1.3944590965095136;200.5;135.6;252.5;170.7;301.2;203.7
MTL-QC;41;95.87;96.07;200.0;1897.0;1819.295713746251;200.0;1.0427111907463038;0.9206084056694622;0.9599295878213234;166.9;163.4;210.1;205.8;250.6;245.5
MTL-QC;42;96.08;96.3;220.0;1802.0;1678.5060009136284;220.0;1.0735737608439604;0.9691432733618256;1.040448681107363;162.7;157.0;204.8;197.7;244.3;235.8
MTL-QC;43;96.31;96.52;210.0;1893.0;1862.7497513418043;210.0;1.016239566606521;0.9225537374709947;0.9375359419603829;166.7;165.4;209.9;208.2;250.4;248.4
MTL-QC;44;96.53;96.86;330.0;2796.0;;0.0;;0.6246008608736058;;202.6;202.6;255.1;255.1;304.3;304.3
MTL-QC;45;96.87;99.74;2870.0;3996.0;1170572.83138779;2870.0;0.0034137132631572214;0.43703193021585696;0.0014918980799662365;242.2;360.0;305.0;360.0;360.0;360.0
MTL-QC;46;99.75;100.25;500.0;2762.0;1146.6448577104134;170.0;2.4087667436237234;0.6322897252768317;1.5230755782132102;201.4;129.8;253.6;163.4;302.5;194.9
MTL-QC;47;100.26;100.29;30.0;1574.0;;0.0;;1.109531542024433;;152.0;152.0;191.4;191.4;228.3;228.3
MTL-QC;48;100.3;101.07;770.0;1585.0;976.6462631517325;250.0;1.6229007981713368;1.1018310849778457;1.7882075694764519;152.6;119.7;192.1;150.8;229.1;179.8
MTL-QC;49;101.08;101.64;560.0;3847.0;1867.5903853308153;350.0;2.059873530200554;0.453958910174621;0.9351058752541455;237.7;165.6;299.2;208.5;357.0;248.7
MTL-QC;50;101.65;101.67;20.0;4033.0;;0.0;;0.4330224437931969;;243.3;243.3;306.4;306.4;360.0;360.0
MTL-QC;51;101.68;102.24;560.0;1523.0;5772.545885416397;560.0;0.2638350617268657;1.1466871341844125;0.30253157323430185;149.6;291.1;188.3;360.0;224.6;360.0
MTL-QC;52;102.25;102.26;10.0;1810.0;;0.0;;0.9648596657254993;;163.0;163.0;205.3;205.3;244.9;244.9
MTL-QC;53;102.27;102.82;550.0;1766.0;564.1623580670639;170.0;3.130304556388127;0.9888997939255134;3.095895713722306;161.0;91.0;202.7;114.6;241.8;136.7
MTL-QC;54;102.83;103.56;730.0;1555.0;841.77303895592;200.0;1.8472912864122137;1.123088950536534;2.0747525719375135;151.1;111.2;190.2;140.0;226.9;167.0
MTL-QC;55;103.57;107.61;4040.0;3874.0;226203.66769780352;4040.0;0.01712615909117559;0.4507950087741652;0.007720367130443623;238.5;360.0;300.3;360.0;358.2;360.0
MTL-QC;56;107.62;108.14;520.0;2919.0;1675.5883338098045;230.0;1.7420746737732629;0.5982813612816151;1.0422604426658615;207.0;156.8;260.7;197.5;310.9;235.6
MTL-QC;57;108.15;110.87;2720.0;1728.0;1075.1182752644652;120.0;1.6072650235388608;1.0106469907141116;1.6244109043009707;159.3;125.6;200.5;158.2;239.2;188.7
MTL-QC;58;110.88;111.15;270.0;1107.0;2707.734310207923;270.0;0.4088288853993932;1.5776246873854862;0.64496157299777;127.5;199.4;160.6;251.0;191.5;299.5
MTL-QC;59;111.16;112.31;1150.0;848.0;841.5379561428734;730.0;1.0076788501456844;2.0595157796850447;2.075332215425482;111.6;111.2;140.5;140.0;167.6;166.9
MTL-QC;60;112.32;115.85;3530.0;1708.0;1202.8598291521105;190.0;1.4199493229431064;1.0224815768720463;1.4518916029332494;158.3;132.9;199.4;167.3;237.8;199.6
MTL-QC;61;115.86;115.87;10.0;1727.0;;0.0;;1.0112322097173303;;159.2;159.2;200.5;200.5;239.2;239.2
MTL-QC;62;115.88;116.21;330.0;1747.0;1302.6568218042594;80.0;1.3411053247165268;0.9996551288786173;1.3406563959615092;160.2;138.3;201.6;174.1;240.5;207.7
MTL-QC;63;116.22;119.57;3350.0;1116.0;831.9557832472794;100.0;1.3414174436579342;1.5649011134594168;2.099237817998965;128.0;110.5;161.2;139.2;192.2;166.0
MTL-QC;64;119.58;119.89;310.0;995.0;884.1584011142869;310.0;1.1253639605143395;1.7552197481195384;1.9752816294308009;120.9;113.9;152.2;143.5;181.5;171.1
MTL-QC;65;119.9;120.47;570.0;1225.0;1000.6598991141689;70.0;1.2241921566802343;1.4256493155814882;1.7452911628737147;134.1;121.2;168.8;152.6;201.4;182.0
MTL-QC;66;120.48;120.99;510.0;1100.0;902.7211802329687;110.0;1.2185379318519134;1.5876647576240215;1.934659742868524;127.1;115.1;160.0;145.0;190.9;172.9
MTL-QC;67;121.0;121.7;700.0;962.0;873.8964871815032;410.0;1.100816874894015;1.815434943285308;1.998479129107904;118.9;113.3;149.7;142.6;178.5;170.1
MTL-QC;68;121.71;124.94;3230.0;6452.0;1779899.4219825894;3230.0;0.003624923925652644;0.27067219211001015;0.0009811651928258059;307.8;360.0;360.0;360.0;360.0;360.0
MTL-QC;69;124.95;125.45;500.0;1118.0;879.4488217495376;90.0;1.2712507792959447;1.5621014745646755;1.9858606128644405;128.1;113.6;161.3;143.1;192.4;170.7
MTL-QC;70;125.46;126.23;770.0;920.0;865.019181315904;480.0;1.0635602306534484;1.898320911804388;2.0189907403732192;116.2;112.7;146.3;141.9;174.5;169.3
MTL-QC;71;126.24;128.41;2170.0;2711.0;;0.0;;0.6441846395318511;;199.5;199.5;251.2;251.2;299.7;299.7
MTL-QC;72;128.42;129.13;710.0;2095.0;1724.331635994564;380.0;1.2149635002153405;0.8335994092216598;1.0127971092889292;175.4;159.1;220.8;200.3;263.4;239.0
MTL-QC;73;129.14;129.49;350.0;50000.0;197475.75566874837;350.0;0.2531956382730418;0.03492750773198695;0.0088434924853342;360.0;360.0;360.0;360.0;360.0;360.0
MTL-QC;74;129.5;129.85;350.0;1722.0;;0.0;;1.0141685005849073;;159.0;159.0;200.2;200.2;238.8;238.8
MTL-QC;75;129.86;130.42;560.0;1459.0;840.8037599928605;230.0;1.7352443809390063;1.196989114854946;2.0771446095001687;146.4;111.1;184.3;139.9;219.8;166.9
MTL-QC;76;130.43;131.87;1440.0;2744.0;141148.07577532457;1440.0;0.01944057674840584;0.6364374409104744;0.012372647330536442;200.7;360.0;252.7;360.0;301.5;360.0
MTL-QC;77;131.88;132.41;530.0;2226.0;902.0107301149848;170.0;2.4678198669723566;0.7845413309628778;1.9361836826169558;180.8;115.1;227.6;144.9;271.5;172.8
MTL-QC;78;132.42;147.54;15120.0;3918.0;161538.99524225114;15120.0;0.02425420558128637;0.4457324561988238;0.01081085938123122;239.8;360.0;302.0;360.0;360.0;360.0
MTL-QC;79;147.55;147.96;410.0;3528.0;1463.940092372679;170.0;2.4099346813311184;0.4950058930969394;1.1929497072187936;227.6;146.6;286.5;184.6;341.8;220.2
MTL-QC;80;147.97;149.54;1570.0;3878.0;;0.0;;0.45033002957802065;;238.6;238.6;300.4;300.4;358.4;358.4
MTL-QC;81;149.55;149.92;370.0;3669.0;1288.6789611933743;160.0;2.8471016525344233;0.47598266051088123;1.355198712399604;232.1;137.6;292.2;173.2;348.6;206.6
MTL-QC;82;149.93;151.27;1340.0;702.0;;0.0;;2.487909638031452;;101.5;101.5;127.8;127.8;152.5;152.5
MTL-QC;83;151.28;152.05;770.0;516.0;282.99765875120323;220.0;1.8233366391685957;3.384940612149655;6.173975305325724;87.0;64.5;109.6;81.2;130.7;96.8
MTL-QC;84;152.06;157.55;5490.0;1745.0;2480528.360001247;5490.0;0.0007034791571579221;1.000800894531107;0.0007040336195022815;160.1;360.0;201.5;360.0;240.4;360.0
MTL-QC;85;157.56;158.19;630.0;1239.0;459.3371850570175;160.0;2.697364899482725;1.409539466622735;3.8026442787853476;134.9;82.1;169.8;103.4;202.6;123.3
MTL-QC;86;158.2;160.83;2630.0;1129.0;;0.0;;1.546880779113276;;128.7;128.7;162.1;162.1;193.3;193.3
MTL-QC;87;160.84;161.61;770.0;782.0;407.1392752016651;200.0;1.920718652389058;2.2333579595783712;4.290383033420803;107.1;77.3;134.9;97.3;160.9;116.1
MTL-QC;88;161.62;169.24;7620.0;2753.0;1360567.2787485565;7620.0;0.002023420703261508;0.6343568032148479;0.0012835641330442519;201.1;360.0;253.1;360.0;302.0;360.0
MTL-QC;89;169.25;170.25;1000.0;689.0;575.9798590326775;50.0;1.1962223838124006;2.534858916534301;3.0323615783894278;100.6;92.0;126.6;115.8;151.1;138.1
MTL-QC;90;170.26;170.86;600.0;641.0;412.8207584310596;240.0;1.5527319954455392;2.72471127858955;4.231309208383545;97.0;77.9;122.1;98.0;145.6;116.9
MTL-QC;91;170.87;173.47;2600.0;1103.0;799.8658011589098;100.0;1.3789813221191418;1.5833462645841025;2.1834675730234294;127.2;108.4;160.2;136.4;191.1;162.8
MTL-QC;92;173.48;174.41;930.0;893.0;1144.6446813912808;930.0;0.7801547628864056;1.955722444404228;1.5257371898293155;114.5;129.6;144.2;163.2;172.0;194.7
MTL-QC;93;174.42;175.0;580.0;997.0;602.1525878005997;240.0;1.655726505538414;1.7516984710569088;2.9005303480432456;121.0;94.0;152.3;118.4;181.7;141.2
MTL-QC;94;175.01;193.15;18140.0;1056.0;869.7753158630497;350.0;1.2141066557541538;1.6538219573744877;2.0079492943071493;124.5;113.0;156.7;142.3;187.0;169.7
MTL-QC;95;193.16;193.27;110.0;1412.0;822.4566600380012;60.0;1.7168077889171196;1.2368337593078134;2.123486133392432;144.0;109.9;181.3;138.4;216.3;165.0
MTL-QC;96;193.28;193.61;330.0;1744.0;;0.0;;1.0013747628585297;;160.0;160.0;201.5;201.5;240.4;240.4
MTL-QC;97;193.62;200.92;7300.0;2701.0;;0.0;;0.6465696505026237;;199.1;199.1;250.7;250.7;299.1;299.1
MTL-QC;98;200.93;201.12;190.0;1900.0;1457.8937749788429;180.0;1.3032499573074678;0.9191547822504683;1.1978974029268818;167.0;146.3;210.3;184.2;250.8;219.7
MTL-QC;99;201.13;201.34;210.0;1789.0;2126.1992786251817;210.0;0.8414074908146815;0.9761858481138843;0.8213671837584129;162.1;176.7;204.0;222.5;243.4;265.4
MTL-QC;100;201.35;201.74;390.0;1900.0;1531.266669357311;170.0;1.2408028190135232;0.9191547822504683;1.1404964441884229;167.0;149.9;210.3;188.8;250.8;225.2
MTL-QC;101;201.75;210.96;9210.0;1109.0;881.1930114607752;100.0;1.2585211021607894;1.5747793779174317;1.9819295065528713;127.6;113.7;160.7;143.2;191.6;170.8
MTL-QC;102;210.97;211.68;710.0;951.0;876.1195672637505;420.0;1.0854682802829207;1.836435452631472;1.993407643337905;118.1;113.4;148.7;142.8;177.4;170.3
MTL-QC;103;211.69;214.03;2340.0;2701.0;3374.5900136132095;50.0;0.800393526059188;0.6465696505026237;0.5175091755876888;199.1;222.6;250.7;280.3;299.1;334.3
MTL-QC;104;214.04;214.75;710.0;1959.0;1828.3708019820401;490.0;1.071445681519499;0.8914716565755667;0.9551648825644735;169.6;163.8;213.5;206.3;254.7;246.1
MTL-QC;105;214.76;224.75;9990.0;1747.0;;0.0;;0.9996551288786173;;160.1;160.1;201.6;201.6;240.5;240.5
MTL-QC;106;224.76;225.33;570.0;1468.0;844.0085953933379;230.0;1.7393187794679508;1.1896503612619473;2.0692565007215102;146.8;111.3;184.9;140.2;220.5;167.2
MTL-QC;107;225.34;229.59;4250.0;6220.0;3667131.8676429517;4250.0;0.00169614844093346;0.280768023616686;0.0004762237690367701;302.2;360.0;360.0;360.0;360.0;360.0
MTL-QC;108;229.6;230.0;400.0;4754.0;2255.667294178171;100.0;2.1075803210296007;0.36734925341201763;0.7742226217068945;264.2;182.0;332.6;229.1;360.0;273.3
MTL-QC;109;230.01;231.77;1760.0;2705.0;1466.5664170150692;60.0;1.8444442533366736;0.6456135299896726;1.1908132979415054;199.3;146.7;250.9;184.8;299.3;220.4
MTL-QC;110;231.78;232.25;470.0;2476.0;1747.0459617548327;270.0;1.4172494909710127;0.7053256812142172;0.9996288290156092;190.7;160.2;240.0;201.7;286.3;240.5
MTL-QC;111;232.26;233.17;910.0;4301.0;553254.4454907305;910.0;0.007773999892915567;0.4060402264567383;0.0031565500720569695;251.3;360.0;316.4;360.0;360.0;360.0
MTL-QC;112;233.18;233.55;370.0;3948.0;2053.923380859897;190.0;1.9221749149898317;0.4423454145677172;0.8502709501495129;240.7;173.7;303.1;218.6;360.0;260.8
MTL-QC;113;233.56;239.69;6130.0;3912.0;955344.3854540373;6130.0;0.004094858419187528;0.44641609839113466;0.0018280060952081017;239.7;360.0;301.8;360.0;360.0;360.0
MTL-QC;114;239.7;240.09;390.0;3575.0;2376.5919197746707;230.0;1.504254882907686;0.4884980836293461;0.7348284381306801;229.1;186.8;288.5;235.2;344.1;280.6
MTL-QC;115;240.1;242.35;2250.0;2722.0;1391828.6834071872;2250.0;0.0019557004626004418;0.6415813679564205;0.0012547344227153954;199.9;360.0;251.7;360.0;300.3;360.0
MTL-QC;116;242.36;243.27;910.0;1968.0;1145.7150933638447;230.0;1.7177045247976168;0.8873947228031763;1.5243116489211723;170.0;129.7;214.0;163.3;255.3;194.8
MTL-QC;117;243.28;243.84;560.0;1688.0;909.096761000981;170.0;1.8567880476676546;1.034596614758086;1.9210905170683092;157.4;115.5;198.2;145.5;236.4;173.5
MTL-QC;118;243.85;243.86;10.0;1735.0;;0.0;;1.0065693473355177;;159.6;159.6;200.9;200.9;239.7;239.7
MTL-QC;119;243.87;244.16;290.0;1761.0;1669.547169593828;40.0;1.0547770270117143;0.9917076430116013;1.0460319090749883;160.8;156.6;202.4;197.1;241.5;235.1
MTL-QC;120;244.17;244.84;670.0;1726.0;922.7035789036187;50.0;1.8705899049951447;1.0118181068686423;1.892758206769901;159.2;116.4;200.4;146.5;239.1;174.8
MTL-QC;121;244.85;245.51;660.0;1274.0;695.1925520364224;180.0;1.8325858012547476;1.3708139815327984;2.512275572601792;136.8;101.0;172.2;127.2;205.4;151.7
MTL-QC;122;245.52;246.02;500.0;697.0;;0.0;;2.505759744492215;;101.2;101.2;127.4;127.4;151.9;151.9
MTL-QC;123;246.03;246.68;650.0;452.0;204.92044667956742;170.0;2.205734016902613;3.864394725044309;8.530086962803232;81.5;54.9;102.6;69.1;122.4;82.4
MTL-QC;124;246.69;247.44;750.0;2174.0;1718.425653522378;420.0;1.2651114673153296;0.8033071127904308;1.0162780387802042;178.7;158.8;224.9;199.9;268.3;238.6
MTL-QC;125;247.45;247.47;20.0;1490.0;;0.0;;1.1720844367403125;;147.9;147.9;186.2;186.2;222.1;222.1
MTL-QC;126;247.48;250.8;3320.0;435.0;327.48350743134927;50.0;1.3283111672156178;4.015477727757815;5.334639084725822;79.9;69.3;100.6;87.3;120.0;104.1
MTL-QC;127;250.81;251.47;660.0;384.0;285.1018222114606;300.0;1.3468872174208217;4.549047231165799;6.128365288202899;75.1;64.7;94.5;81.5;112.7;97.2
MTL-QC;128;251.48;253.11;1630.0;6419.0;750746.858974996;1630.0;0.008550152322666977;0.2720637171263449;0.0023261840376702187;307.0;360.0;360.0;360.0;360.0;360.0
MTL-QC;129;253.12;254.06;940.0;445.0;780.5150719401255;150.0;0.5701363317608512;3.925206558276058;2.237607457368065;80.8;107.1;101.7;134.8;121.3;160.8
MTL-QC;130;254.07;254.53;460.0;312.0;148.01633911752225;260.0;2.107875399838647;5.599585147473829;11.819477257423237;67.7;46.6;85.3;58.7;101.7;70.0
MTL-QC;131;254.54;255.47;930.0;432.0;359.29136281430436;370.0;1.2023667828142985;4.043374528279608;4.862069175225879;79.7;72.6;100.3;91.4;119.7;109.1
MTL-QC;132;255.48;255.88;400.0;1282.0;2058.0566218038534;110.0;0.6229177498898683;1.3622593558601088;0.8485633008209476;137.2;173.8;172.8;218.9;206.1;261.1
MTL-QC;133;255.89;255.92;30.0;627.0;;0.0;;2.7855619821696607;;96.0;96.0;120.8;120.8;144.1;144.1
MTL-QC;134;255.93;256.33;400.0;1083.0;499.56806897009176;90.0;2.1678727430131994;1.612588182298819;3.496313025811189;126.1;85.6;158.8;107.8;189.4;128.6
MTL-QC;135;256.34;256.55;210.0;1103.0;439.1209451167102;70.0;2.5118364593309095;1.5833462645841025;3.9777791285445008;127.3;80.3;160.2;101.1;191.1;120.6
MTL-QC;136;256.56;256.9;340.0;1221.0;341.2675125201403;210.0;3.5778383678638064;1.4303199895763692;5.119023256213964;133.9;70.8;168.6;89.1;201.1;106.3
MTL-QC;137;256.91;256.93;20.0;553.0;;0.0;;3.158402338212292;;90.1;90.1;113.4;113.4;135.3;135.3
MTL-QC;138;256.94;257.15;210.0;50000.0;405.0036309889792;110.0;123.45568329327048;0.03492750773198695;4.313017520659449;360.0;77.1;360.0;97.1;360.0;115.8
MTL-QC;139;257.16;257.35;190.0;553.0;;0.0;;3.158402338212292;;90.1;90.1;113.4;113.4;135.3;135.3
MTL-QC;140;257.36;258.35;990.0;867.0;699.6830011034735;400.0;1.2391325766563572;2.0143775142548344;2.4961496471397693;112.8;101.4;142.0;127.6;169.4;152.2
MTL-QC;141;258.36;259.16;800.0;2743.0;1670.3054384425416;240.0;1.6422146134887048;0.6366694656966684;1.0455570286071696;200.7;156.6;252.7;197.2;301.4;235.2
MTL-QC;142;259.17;259.56;390.0;2524.0;729.0087246996553;150.0;3.4622356557390503;0.6919120329842997;2.395722474224788;192.5;103.5;242.4;130.3;289.1;155.4
MTL-QC;143;259.57;260.35;780.0;1626.0;603.5577664943779;190.0;2.694025477369358;1.0740473122110261;2.89377601350777;154.5;94.1;194.5;118.5;232.0;141.4
MTL-QC;144;260.36;260.87;510.0;992.0;858.1092956943626;150.0;1.156029896165262;1.7605282894059597;2.0352502733101168;120.7;112.2;152.0;141.3;181.3;168.6
MTL-QC;145;260.88;260.89;10.0;1524.0;;0.0;;1.1459346897143057;;149.6;149.6;188.3;188.3;224.6;224.6
MTL-QC;146;260.9;261.24;340.0;682.0;409.2800780557189;100.0;1.6663405735256758;2.5608808402077097;4.267931110468804;100.1;77.5;126.0;97.6;150.3;116.4
MTL-QC;147;261.25;261.9;650.0;546.0;539.6411951154464;650.0;1.0117833941183703;3.1989051308954615;3.2366090592069217;89.5;89.0;112.7;112.1;134.4;133.7
MTL-QC;148;261.91;262.76;850.0;687.0;500.65704512238267;500.0;1.3721968095586607;2.5422396276461683;3.4887058631875956;100.4;85.7;126.5;107.9;150.9;128.8
MTL-QC;149;262.77;264.43;1660.0;6223.0;18312.2844112045;1660.0;0.3398265262957807;0.2806326699680969;0.09536634108201825;302.3;360.0;360.0;360.0;360.0;360.0
MTL-QC;150;264.44;264.82;380.0;4981.0;1465.1862995614024;60.0;3.399567687393093;0.35060792698222887;1.1919350129494748;270.4;146.7;340.5;184.7;360.0;220.3
MTL-QC;151;264.83;267.22;2390.0;1884.0;804.4191078353135;130.0;2.342062715379588;0.9269609372143374;2.1711068638317284;166.3;108.7;209.4;136.8;249.8;163.2
MTL-QC;152;267.23;268.23;1000.0;436.0;400.4465224879556;90.0;1.0887845829978804;4.006264157948594;4.362123539762088;80.0;76.7;100.7;96.5;120.2;115.2
MTL-QC;153;268.24;269.04;800.0;383.0;341.85534741338654;380.0;1.1203569079668645;4.560930906814177;5.1102150319159945;75.0;70.8;94.4;89.2;112.7;106.4
MTL-QC;154;269.05;270.6;1550.0;1768.0;1136.6300254207797;150.0;1.5554753617787702;0.9877811012763973;1.5364961779935808;161.1;129.2;202.8;162.7;242.0;194.0
MTL-QC;155;270.61;271.1;490.0;1517.0;505.5569106451046;260.0;3.0006512977228734;1.1512226343986722;3.4548829720487384;149.3;86.2;187.9;108.5;224.2;129.4
MTL-Ott;0;0.0;0.69;690.0;686.0;;0.0;;2.5459461257600067;;100.3;100.3;126.3;126.3;150.7;150.7
MTL-Ott;1;0.7;2.34;1640.0;493.0;381.47850241477147;1330.0;1.2923401892355502;3.5429079484489736;4.579131497535776;85.1;74.8;107.1;94.2;127.7;112.4
MTL-Ott;2;2.35;2.79;440.0;685.0;447.3296292972217;140.0;1.5313092519182576;2.549663448441887;3.9047567025806043;100.3;81.0;126.3;102.0;150.7;121.7
MTL-Ott;3;2.8;4.19;1390.0;895.0;923.8156641371944;890.0;0.9688079935686011;1.9513516919633551;1.8904795059059276;114.7;116.5;144.4;146.6;172.2;174.9
MTL-Ott;4;4.2;5.36;1160.0;598.0;331.1945507591452;210.0;1.8055852628894364;2.920676346017234;5.274821823981183;93.7;69.7;118.0;87.8;140.7;104.7
MTL-Ott;5;5.37;5.66;290.0;3714.0;;0.0;;0.4702154713133963;;233.5;233.5;294.0;294.0;350.7;350.7
MTL-Ott;6;5.67;5.68;10.0;4027.0;;0.0;;0.4336676255804438;;243.2;243.2;306.2;306.2;360.0;360.0
MTL-Ott;7;5.69;6.07;380.0;4290.0;596.681685540563;50.0;7.189763158414156;0.40708135961660596;2.9271307197624115;251.0;93.6;316.0;117.8;360.0;140.6
MTL-Ott;8;6.08;6.53;450.0;6258.0;40563.051425171325;450.0;0.1542783341027596;0.27906313290822976;0.043053353711973295;303.1;360.0;360.0;360.0;360.0;360.0
MTL-Ott;9;6.54;7.03;490.0;5253.0;4112.616600905118;490.0;1.2772890132388959;0.3324534188900085;0.42463947552692516;277.7;245.7;349.7;309.4;360.0;360.0
MTL-Ott;10;7.04;7.58;540.0;50000.0;82313.23271022874;540.0;0.6074357470082292;0.03492750773198695;0.02121621654301915;360.0;360.0;360.0;360.0;360.0;360.0
MTL-Ott;11;7.59;7.95;360.0;3876.0;4568.406693921431;360.0;0.8484358463875985;0.4505623992114927;0.3822730145756451;238.5;259.0;300.3;326.1;358.3;360.0
MTL-Ott;12;7.96;8.84;880.0;3485.0;10608.273777106917;60.0;0.3285171624737637;0.501113608523077;0.16462395267746516;226.2;360.0;284.8;360.0;339.7;360.0
MTL-Ott;13;8.85;9.61;760.0;3929.0;1132.8258779405735;150.0;3.4683176616186993;0.4444845351902762;1.5416562032522305;240.2;129.0;302.4;162.4;360.0;193.7
MTL-Ott;14;9.62;9.91;290.0;2701.0;10217.886712211195;220.0;0.2643403744897747;0.6465696505026237;0.1709136200310284;199.1;360.0;250.7;360.0;299.1;360.0
MTL-Ott;15;9.92;10.29;370.0;1726.0;3669.2108169014496;370.0;0.47040088076965847;1.0118181068686423;0.4759553124592985;159.2;232.1;200.4;292.2;239.1;348.6
MTL-Ott;16;10.3;10.67;370.0;1655.0;1098.7774994762387;150.0;1.506219412746347;1.0552266110937927;1.5894313076390372;155.9;127.0;196.2;159.9;234.1;190.8
MTL-Ott;17;10.68;11.14;460.0;1906.0;1728.764190234708;260.0;1.10252168038096;0.9162612636707218;1.010200228467536;167.3;159.3;210.6;200.6;251.2;239.3
MTL-Ott;18;11.15;13.84;2690.0;6510.0;7831.663677213147;80.0;0.8312410068043865;0.2682606689226022;0.22298920557721652;309.2;339.1;360.0;360.0;360.0;360.0
MTL-Ott;19;13.85;13.88;30.0;5840.0;;0.0;;0.2990372160424226;;292.8;292.8;360.0;360.0;360.0;360.0
MTL-Ott;20;13.89;14.44;550.0;3915.0;33396.098370475454;550.0;0.11722926302855607;0.4460740153611202;0.052292797823219425;239.7;360.0;301.9;360.0;360.0;360.0
MTL-Ott;21;14.45;14.75;300.0;2891.0;1852.6822446572592;210.0;1.5604402796739851;0.6040759073029635;0.9426306427466518;206.0;164.9;259.4;207.7;309.4;247.7
MTL-Ott;22;14.76;15.23;470.0;50000.0;3963.692485646867;440.0;12.614500287562064;0.03492750773198695;0.4405941350805895;360.0;241.2;360.0;303.7;360.0;360.0
MTL-Ott;23;15.24;15.35;110.0;5165.0;20007.341590183038;110.0;0.25815523650249966;0.3381176947959897;0.08728673524999472;275.4;360.0;346.7;360.0;360.0;360.0
MTL-Ott;24;15.36;21.68;6320.0;3899.0;46804.36144331156;6320.0;0.08330420242400668;0.44790454127006;0.037312236222537716;239.3;360.0;301.3;360.0;359.4;360.0
MTL-Ott;25;21.69;22.96;1270.0;3463.0;3516.774894750471;810.0;0.9847090313256213;0.5042971402397348;0.4965858998198747;225.5;227.2;283.9;286.1;338.7;341.3
MTL-Ott;26;22.97;27.64;4670.0;4280.0;80362.06522024625;4670.0;0.05325895978743097;0.4080324883037054;0.021731340094860323;250.7;360.0;315.6;360.0;360.0;360.0
MTL-Ott;27;27.65;27.75;100.0;4200.0;3690.8924720711934;100.0;1.1379361582005434;0.4158045694918002;0.4731593605696468;248.3;232.8;312.7;293.1;360.0;349.6
MTL-Ott;28;27.76;27.95;190.0;4267.0;3647.441980593332;190.0;1.1698609663164221;0.4092756204501396;0.47879594802192815;250.3;231.4;315.1;291.4;360.0;347.6
MTL-Ott;29;27.96;30.84;2880.0;3871.0;143424.71179067204;2880.0;0.02698977011471854;0.4511443737989361;0.012176251505346495;238.4;360.0;300.1;360.0;358.0;360.0
MTL-Ott;30;30.85;31.48;630.0;3545.0;3540.743990510639;630.0;1.0012020099450194;0.49263208431005395;0.4932242366291935;228.2;228.0;287.3;287.1;342.7;342.4
MTL-Ott;31;31.49;34.79;3300.0;3917.0;158787.7312532542;3300.0;0.02466815269091972;0.4458462511197003;0.010998175667958712;239.8;360.0;301.9;360.0;360.0;360.0
MTL-Ott;32;34.8;34.89;90.0;3416.0;;0.0;;0.5112357004794357;;224.0;224.0;282.0;282.0;336.4;336.4
MTL-Ott;33;34.9;35.12;220.0;834.0;1685.2633223520725;210.0;0.49487815283133957;2.0940918042524492;1.0362767287885022;110.6;157.3;139.3;198.1;166.2;236.3
MTL-Ott;34;35.13;35.17;40.0;511.0;2590.068158490208;40.0;0.1972921053544282;3.4180711404329704;0.6742623475186362;86.6;195.0;109.1;245.5;130.1;292.9
MTL-Ott;35;35.18;35.44;260.0;1103.0;910.4088737878927;140.0;1.211543551207715;1.5833462645841025;1.91832151605011;127.2;115.6;160.2;145.6;191.1;173.6
MTL-Ott;36;35.45;35.72;270.0;1025.0;924.4883718810338;270.0;1.1087213546174277;1.7038436195448303;1.8891037660863688;122.7;116.5;154.5;146.7;184.3;175.0
MTL-Ott;37;35.73;36.36;630.0;1216.0;922.051503230853;60.0;1.3187983488331796;1.4362015468677207;1.89409688899156;133.6;116.4;168.2;146.5;200.7;174.8
MTL-Ott;38;36.37;36.74;370.0;3880.0;8585.637306165763;370.0;0.4519175294318086;0.4500978995027207;0.203406714536415;238.7;355.0;300.5;360.0;358.5;360.0
MTL-Ott;39;36.75;39.62;2870.0;3347.0;38708.78640758316;100.0;0.08646615692772826;0.521775140174649;0.04511573641929824;221.7;360.0;279.1;360.0;332.9;360.0
MTL-Ott;40;39.63;40.22;590.0;6322.0;138128.33829406436;590.0;0.045769029571187336;0.2762380656385555;0.012643135975356578;304.7;360.0;360.0;360.0;360.0;360.0
MTL-Ott;41;40.23;40.85;620.0;1895.0;1823.008178058964;280.0;1.0394906741546759;0.9215800449767113;0.9579746939884117;166.8;163.6;210.0;206.0;250.5;245.7
MTL-Ott;42;40.86;41.19;330.0;1842.0;1866.828194246867;330.0;0.9867003325087002;0.9480973312677349;0.9354876699974736;164.4;165.6;207.0;208.4;247.0;248.7
MTL-Ott;43;41.2;41.67;470.0;1896.0;1826.650714028354;270.0;1.037965269133861;0.9210939690808141;0.95606434610224;166.8;163.8;210.0;206.2;250.6;246.0
MTL-Ott;44;41.68;43.09;1410.0;4271.0;65510.60539512625;1410.0;0.06519555076982614;0.4088923122241477;0.02665790317121047;250.4;360.0;315.3;360.0;360.0;360.0
MTL-Ott;45;43.1;43.43;330.0;3951.0;3473.8169386343397;330.0;1.1373656326154178;0.44200953938987303;0.5027268254052027;240.9;225.8;303.3;284.3;360.0;339.2
MTL-Ott;46;43.44;43.78;340.0;50000.0;11170.936447393371;340.0;4.475900497282572;0.03492750773198695;0.1563320952998086;360.0;360.0;360.0;360.0;360.0;360.0
MTL-Ott;47;43.79;44.14;350.0;4422.0;3369.7002909373364;350.0;1.3122828792497594;0.39492962838802276;0.5182601306796174;254.8;222.4;320.8;280.1;360.0;334.1
MTL-Ott;48;44.15;44.66;510.0;6185.0;64763.66259112259;510.0;0.09550108428932186;0.2823568515323588;0.026965358440297293;301.4;360.0;360.0;360.0;360.0;360.0
MTL-Ott;49;44.67;44.88;210.0;4259.0;3643.236181687036;210.0;1.1690156189730825;0.4100443969059339;0.4793486794708446;250.1;231.3;314.8;291.2;360.0;347.4
MTL-Ott;50;44.89;44.94;50.0;4238.0;9019.697953853796;50.0;0.46986052323284877;0.41207624432481443;0.1936180345993375;249.5;360.0;314.1;360.0;360.0;360.0
MTL-Ott;51;44.95;45.15;200.0;4268.0;3442.4337730246107;200.0;1.23982051112926;0.4091797260358624;0.5073099961697293;250.3;224.8;315.2;283.1;360.0;337.7
MTL-Ott;52;45.16;46.03;870.0;6173.0;289228.27309469844;870.0;0.021343003344554946;0.28290574009475294;0.0060380520261069815;301.1;360.0;360.0;360.0;360.0;360.0
MTL-Ott;53;46.04;46.4;360.0;4979.0;3434.696668650273;360.0;1.4496185486902369;0.3507487620983965;0.5084527859119647;270.4;224.6;340.4;282.7;360.0;337.3
MTL-Ott;54;46.41;56.71;10300.0;3876.0;195292.87448471013;10300.0;0.019847114290406226;0.4505623992114927;0.008942340399971762;238.6;360.0;300.4;360.0;358.3;360.0
MTL-Ott;55;56.72;57.17;450.0;3716.0;424916161002.4852;60.0;8.745254572650312e-09;0.4699623937523888;4.109929251546014e-09;233.6;360.0;294.1;360.0;350.8;360.0
MTL-Ott;56;57.18;57.99;810.0;3875.0;12497.280945015938;810.0;0.310067447235024;0.4506786739784597;0.13974046035136511;238.5;360.0;300.3;360.0;358.2;360.0
MTL-Ott;57;58.0;59.01;1010.0;3362.0;3365.006836206167;390.0;0.9991064397926879;0.5194471565841233;0.518982996100206;222.2;222.3;279.7;279.9;333.7;333.8
MTL-Ott;58;59.02;59.81;790.0;2505.0;1706.4873676856662;290.0;1.4679276550387095;0.6971601328707955;1.0233879297729904;191.8;158.3;241.4;199.3;288.0;237.7
MTL-Ott;59;59.82;62.74;2920.0;683.0;;0.0;;2.557130757755476;;100.1;100.1;126.1;126.1;150.4;150.4
MTL-Ott;60;62.75;63.79;1040.0;532.0;297.024171626256;200.0;1.7911000208744385;3.283109590374339;5.882156031505671;88.4;66.0;111.3;83.1;132.8;99.2
MTL-Ott;61;63.8;74.97;11170.0;2705.0;2313.135772389246;40.0;1.1694082259624543;0.6456135299896726;0.7549872407119579;199.3;184.3;250.9;232.0;299.3;276.8
MTL-Ott;62;74.98;75.7;720.0;1903.0;1758.968248836119;520.0;1.0818842246067741;0.917705742131872;0.99285317451911;167.2;160.7;210.5;202.3;251.1;241.4
MTL-Ott;63;75.71;79.18;3470.0;4292.0;3231104.7739794054;3470.0;0.0013283382311103467;0.40689166573455776;0.0005404886197529278;251.0;360.0;316.1;360.0;360.0;360.0
MTL-Ott;64;79.19;79.54;350.0;4035.0;1891.8658300360587;180.0;2.1328150949917486;0.4328078095907683;0.9231068186407169;243.4;166.7;306.5;209.8;360.0;250.3
MTL-Ott;65;79.55;80.47;920.0;1750.0;1320.489911400923;80.0;1.3252657100147058;0.9979413910106072;1.3225501504697261;160.3;139.2;201.8;175.3;240.8;209.1
MTL-Ott;66;80.48;81.44;960.0;1323.0;1319.8848262184415;740.0;1.0023601860705404;1.3200408042539375;1.3231564844786727;139.4;139.2;175.5;175.3;209.3;209.1
MTL-Ott;67;81.45;82.04;590.0;1824.0;1716.8612391835102;390.0;1.062403855577427;0.9574537715994306;1.017204101784914;163.7;158.8;206.1;199.9;245.8;238.5
MTL-Ott;68;82.05;82.74;690.0;1892.0;4715.903276881723;690.0;0.4011956753385831;0.923041355698101;0.3703168400006344;166.7;263.1;209.9;331.3;250.3;360.0
MTL-Ott;69;82.75;83.33;580.0;1744.0;949.904540289913;210.0;1.8359739595177924;1.0013747628585297;1.8385534692366037;160.0;118.1;201.5;148.7;240.3;177.4
MTL-Ott;70;83.34;84.14;800.0;1303.0;905.2884566036175;310.0;1.4393202415155961;1.3403032838912603;1.9291727887762864;138.3;115.3;174.2;145.2;207.8;173.2
MTL-Ott;71;84.15;85.53;1380.0;866.0;866.5855399538209;950.0;0.9993243137268918;2.0167038253276153;2.0153410256770057;112.8;112.8;142.0;142.0;169.4;169.4
MTL-Ott;72;85.54;86.89;1350.0;6194.0;335142.43635566684;1350.0;0.018481694133853806;0.2819465808194859;0.005210845213010528;301.6;360.0;360.0;360.0;360.0;360.0
MTL-Ott;73;86.9;87.15;250.0;5595.0;2409.3010830538033;250.0;2.322250232382042;0.3121318175299952;0.7248521232902904;286.6;188.1;360.0;236.8;360.0;282.5
MTL-Ott;74;87.16;97.97;10810.0;1103.0;1289.9222387505022;100.0;0.8550903045662919;1.5833462645841025;1.3538924580103153;127.3;137.6;160.2;173.3;191.1;206.7
MTL-Ott;75;97.98;98.43;450.0;994.0;868.6088870621561;370.0;1.1443585424988532;1.7569857010731058;2.0106459857033125;120.8;112.9;152.1;142.2;181.4;169.6
MTL-Ott;76;98.44;98.74;300.0;1911.0;;0.0;;0.9138638782326951;;167.5;167.5;210.9;210.9;251.6;251.6
MTL-Ott;77;98.75;99.45;700.0;6154.0;268869.33566110994;700.0;0.02288844127526936;0.2837791915138628;0.006495256724608644;300.6;360.0;360.0;360.0;360.0;360.0
MTL-Ott;78;99.46;99.83;370.0;5010.0;1048.4944731564015;100.0;4.778279836724204;0.3485784536618269;1.6656614821329607;271.2;124.1;341.5;156.2;360.0;186.3
MTL-Ott;79;99.84;102.68;2840.0;1105.0;928.202939078754;120.0;1.190472420930619;1.5804802975943246;1.8815430974654812;127.4;116.7;160.4;147.0;191.3;175.3
MTL-Ott;80;102.69;103.85;1160.0;919.0;745.4957524956383;1160.0;1.2327367351504486;1.9003867386460913;2.3427323544869685;116.2;104.6;146.2;131.7;174.4;157.1
MTL-Ott;81;103.86;104.3;440.0;1235.0;509.4340530547389;80.0;2.424258827211338;1.414105008019282;3.428581064837798;134.6;86.5;169.5;108.9;202.2;129.9
MTL-Ott;82;104.31;105.4;1090.0;1102.0;867.1933277915726;180.0;1.2707662347984099;1.5847831494956512;2.013928392647498;127.2;112.8;160.2;142.1;191.1;169.5
MTL-Ott;83;105.41;106.15;740.0;1008.0;920.0391883385893;400.0;1.0956055054787945;1.7325812491206665;1.8982400469357261;121.6;116.2;153.2;146.3;182.7;174.6
MTL-Ott;84;106.16;107.27;1110.0;9025.0;54223.128814664466;1110.0;0.1664418892323163;0.19350428692839755;0.03220720420838199;360.0;360.0;360.0;360.0;360.0;360.0
MTL-Ott;85;107.28;107.72;440.0;2728.0;119169.52476250264;90.0;0.022891758655887336;0.6401702505447107;0.014654546687161612;200.1;360.0;252.0;360.0;300.6;360.0
MTL-Ott;86;107.73;107.75;20.0;2724.0;;0.0;;0.6411103047665693;;199.9;199.9;251.8;251.8;300.3;300.3
MTL-Ott;87;107.76;108.06;300.0;2728.0;14610.549653205986;90.0;0.18671439916713853;0.6401702505447107;0.11952840363247698;200.2;360.0;252.0;360.0;300.6;360.0
MTL-Ott;88;108.07;109.06;990.0;1723.0;1727.1144445913114;310.0;0.9976177348268979;1.0135798790193224;1.0111652002257079;159.1;159.2;200.3;200.5;238.9;239.2
MTL-Ott;89;109.07;109.32;250.0;1694.0;1642.904860754674;250.0;1.0311004857711938;1.0309320648944893;1.0629954587430834;157.7;155.3;198.6;195.5;236.9;233.3
MTL-Ott;90;109.33;109.78;450.0;1752.0;1630.4203685692285;290.0;1.0745694998508044;0.9968021597584092;1.0711352880850893;160.4;154.7;201.9;194.8;240.9;232.4
MTL-Ott;91;109.79;111.42;1630.0;897.0;505.7186525029438;1380.0;1.7737134977333637;1.947000432877507;3.453777676677014;114.7;86.2;144.5;108.5;172.3;129.4
MTL-Ott;92;111.43;111.88;450.0;1211.0;681.5171349964413;60.0;1.7769179053822668;1.442131675762664;2.562695564725095;133.3;100.0;167.9;125.9;200.3;150.2
MTL-Ott;93;111.89;112.5;610.0;6289.0;2508307868498.961;610.0;2.5072679789357385e-09;0.2776875606239582;6.962364474835489e-10;303.9;360.0;360.0;360.0;360.0;360.0
MTL-Ott;94;112.51;113.12;610.0;4575.0;1155.8632432646323;160.0;3.9580807043213193;0.38172209603570767;1.5109278479627446;259.2;130.3;326.3;164.0;360.0;195.7
MTL-Ott;95;113.13;114.95;1820.0;1100.0;623.2353423620964;100.0;1.7649833461480846;1.5876647576240215;2.802391534812286;127.1;95.7;160.0;120.4;190.9;143.7
MTL-Ott;96;114.96;115.48;520.0;949.0;888.8255995458221;430.0;1.0677010208582272;1.8403060388983183;1.964908461341039;118.1;114.2;148.7;143.8;177.3;171.6
MTL-Ott;97;115.49;115.81;320.0;1916.0;;0.0;;0.9114790056416392;;167.7;167.7;211.2;211.2;251.9;251.9
MTL-Ott;98;115.82;116.97;1150.0;2679.0;1109.016627010108;140.0;2.415653593240115;0.6518793500661559;1.574755766439998;198.3;127.6;249.7;160.7;297.8;191.6
MTL-Ott;99;116.98;116.99;10.0;2698.0;;0.0;;0.6472886014183518;;199.0;199.0;250.6;250.6;298.9;298.9
MTL-Ott;100;117.0;117.26;260.0;2725.0;2825.2759075190015;70.0;0.9645075699502007;0.6408750324765393;0.6181285955361037;200.0;203.7;251.8;256.4;300.4;305.9
MTL-Ott;101;117.27;121.15;3880.0;1158.0;930.9049348517214;390.0;1.2439508661369931;1.508139703018756;1.8760813405818335;130.4;116.9;164.2;147.2;195.9;175.6
MTL-Ott;103;121.17;121.39;220.0;1783.0;;0.0;;0.979470905597508;;161.8;161.8;203.7;203.7;243.0;243.0
MTL-Ott;104;121.4;126.53;5130.0;1100.0;875.1785990343277;90.0;1.2568863100785832;1.5876647576240215;1.995551117593126;127.1;113.4;160.0;142.7;190.9;170.3
MTL-Ott;105;126.54;127.33;790.0;929.0;887.8773357695288;490.0;1.0463157044039535;1.879928631275866;1.9670072134646672;116.8;114.2;147.1;143.8;175.4;171.5
MTL-Ott;106;127.34;128.37;1030.0;3832.0;1554.000157576908;160.0;2.465894215850717;0.4557358985576987;1.123811568203137;237.2;151.1;298.6;190.2;356.2;226.9
MTL-Ott;107;128.38;128.74;360.0;3877.0;;0.0;;0.45044618442681394;;238.6;238.6;300.4;300.4;358.3;358.3
MTL-Ott;108;128.75;140.25;11500.0;1100.0;674.9721353093894;110.0;1.6296969051852623;1.5876647576240215;2.5875494489268243;127.1;99.6;160.0;125.3;190.9;149.5
MTL-Ott;109;140.26;140.84;580.0;1062.0;929.376303971695;280.0;1.1427018264416005;1.6444776871974007;1.879167380917946;124.9;116.8;157.2;147.1;187.5;175.4
MTL-Ott;110;140.85;143.02;2170.0;50000.0;251332.3814232793;2170.0;0.19893974551489618;0.03492750773198695;0.00694846939634011;360.0;360.0;360.0;360.0;360.0;360.0
MTL-Ott;111;143.03;143.54;510.0;2666.0;1664.293563578552;190.0;1.6018808570451875;0.6550580911152983;1.0493339664870354;197.8;156.3;249.1;196.8;297.1;234.8
MTL-Ott;112;143.55;143.56;10.0;2705.0;;0.0;;0.6456135299896726;;199.3;199.3;250.9;250.9;299.3;299.3
MTL-Ott;113;143.57;143.83;260.0;2738.0;1144.0923342099709;100.0;2.393163487010573;0.6378321319400104;1.5264738318381033;200.5;129.6;252.4;163.2;301.1;194.7
MTL-Ott;114;143.84;179.93;36090.0;1103.0;1847.1527342880224;220.0;0.5971352447068471;1.5833462645841025;0.9454525014458064;127.3;164.7;160.2;207.3;191.1;247.3
MTL-Ott;115;179.94;180.28;340.0;772.0;709.1364046649218;300.0;1.0886481005932593;2.2622912018413475;2.4628686472407417;106.4;102.0;134.0;128.5;159.9;153.3
MTL-Ott;116;180.29;180.83;540.0;776.0;696.8824293712439;230.0;1.1135307295667352;2.250628403432508;2.5061825571691787;106.7;101.2;134.4;127.4;160.3;151.9
MTL-Ott;117;180.84;181.67;830.0;6373.0;337000.3585327657;830.0;0.01891095910920335;0.2740274633617092;0.005182117217196368;305.9;360.0;360.0;360.0;360.0;360.0
MTL-Ott;118;181.68;182.28;600.0;781.0;700.8345668220238;170.0;1.114385672415519;2.2362179356679697;2.492047489354364;107.1;101.4;134.8;127.7;160.8;152.4
MTL-Ott;119;182.29;183.04;750.0;700.0;693.2802536597269;530.0;1.0096926838818796;2.4950190731741233;2.5192063823687354;101.4;100.9;127.7;127.0;152.3;151.5
MTL-Ott;120;183.05;183.59;540.0;3581.0;3803.052878032975;470.0;0.941611940418818;0.48767959543833617;0.4592047730155117;229.3;236.3;288.7;297.5;344.4;354.9
MTL-Ott;121;183.6;183.97;370.0;3883.0;;0.0;;0.4497501527516002;;238.8;238.8;300.6;300.6;358.6;358.6
MTL-Ott;122;183.98;184.28;300.0;50000.0;11915.573863812226;300.0;4.196189002012797;0.03492750773198695;0.14656246150206437;360.0;360.0;360.0;360.0;360.0;360.0
MTL-Ott;123;184.29;185.02;730.0;1724.0;4058.5232907574937;50.0;0.42478504532081374;1.01299194033608;0.4302992341286263;159.1;244.1;200.3;307.3;238.9;360.0
MTL-Ott;124;185.03;185.56;530.0;1632.0;1129.3443427042228;280.0;1.4450862666847606;1.0700984938590477;1.5464090988360366;154.8;128.8;194.9;162.1;232.5;193.4
MTL-Ott;125;185.57;186.05;480.0;6184.0;12483.192748621139;480.0;0.49538608627853387;0.2824025108827969;0.13989816776379596;301.3;360.0;360.0;360.0;360.0;360.0
Ott-TO;1;0.01;0.5;490.0;434.0;476.68966276137076;100.0;0.910445587357448;4.024733782563661;3.6641721678608867;79.8;83.7;100.5;105.3;119.9;125.6
Ott-TO;2;0.51;1.03;520.0;401.0;243.0619052163997;250.0;1.649785471906784;4.356099844679065;7.189615506184906;76.8;59.7;96.7;75.2;115.3;89.7
Ott-TO;3;1.04;1.66;620.0;3330.0;1658.880122490151;230.0;2.00737832399928;0.524438875656757;1.0527583653289112;221.1;156.1;278.4;196.5;332.1;234.4
Ott-TO;4;1.67;3.0;1330.0;792.0;19830.856367883716;1330.0;0.03993776089683411;2.2051554918096;0.08806354597404403;107.8;360.0;135.7;360.0;161.9;360.0
Ott-TO;5;3.01;3.04;30.0;2037.0;;0.0;;0.8573351261474487;;172.9;172.9;217.7;217.7;259.7;259.7
Ott-TO;6;3.05;3.5;450.0;1871.0;1751.5797062948152;330.0;1.0681786237166444;0.9334017484289249;0.9970413496980493;165.8;160.4;208.7;201.9;249.0;240.9
Ott-TO;7;3.51;4.92;1410.0;1741.0;3534.0757972315478;1410.0;0.49263233158831204;1.0031003234315106;0.4941548717078908;159.9;227.8;201.3;286.8;240.1;342.1
Ott-TO;8;4.93;5.68;750.0;1258.0;851.2903500791901;260.0;1.4777566782978055;1.3882496651945058;2.051554625866971;135.9;111.8;171.1;140.8;204.1;167.9
Ott-TO;9;5.69;6.31;620.0;1744.0;1712.7215000490967;370.0;1.0182624553670907;1.0013747628585297;1.0196628031187582;160.0;158.6;201.5;199.7;240.4;238.2
Ott-TO;10;6.32;6.93;610.0;1740.0;1715.4105454750352;610.0;1.014334442906293;1.0036768326084826;1.0180643567274286;159.8;158.7;201.3;199.8;240.1;238.4
Ott-TO;11;6.94;7.35;410.0;1888.0;1626.5632818080064;240.0;1.1607295093378682;0.9249969942218755;1.073675356796658;166.5;154.5;209.6;194.6;250.1;232.1
Ott-TO;12;7.36;7.96;600.0;6194.0;249390.3572511539;600.0;0.024836565728811235;0.2819465808194859;0.0070025777255170426;301.6;360.0;360.0;360.0;360.0;360.0
Ott-TO;13;7.97;8.73;760.0;1214.0;;0.0;;1.4385677362217109;;133.5;133.5;168.1;168.1;200.5;200.5
Ott-TO;14;8.74;9.23;490.0;1104.0;572.2248812743096;220.0;1.9293114230570678;1.581911982973221;3.052264828747165;127.3;91.7;160.3;115.4;191.3;137.7
Ott-TO;15;9.24;10.03;790.0;1064.0;431.5580240833198;170.0;2.465485382319241;1.6413863521055883;4.0475172326973095;125.0;79.6;157.4;100.2;187.7;119.6
Ott-TO;16;10.04;18.81;8770.0;1721.0;1077149.0709380733;8770.0;0.0015977361411092397;1.014757806223279;0.0016212940313787036;158.9;360.0;200.1;360.0;238.7;360.0
Ott-TO;17;18.82;19.53;710.0;1304.0;577.7787538403306;170.0;2.256919264221268;1.3392753971298708;3.022918228059649;138.4;92.1;174.2;116.0;207.8;138.3
Ott-TO;18;19.54;22.46;2920.0;1756.0;6110.836386790013;40.0;0.28735837270917614;0.9945314827271907;0.2857836569896421;160.6;299.5;202.2;360.0;241.2;360.0
Ott-TO;19;22.47;22.88;410.0;1175.0;1047.9586840470708;350.0;1.1212274089492853;1.4863185767472655;1.6665131437512173;131.3;124.0;165.4;156.2;197.3;186.3
Ott-TO;20;22.89;23.39;500.0;1215.0;905.4176281563546;210.0;1.3419221828870602;1.4373836677276284;1.9288975370282888;133.6;115.3;168.2;145.2;200.6;173.2
Ott-TO;21;23.4;26.59;3190.0;2690.0;;0.0;;0.649213643847107;;198.7;198.7;250.2;250.2;298.5;298.5
Ott-TO;22;26.6;27.03;430.0;2545.0;943.8130001269067;160.0;2.696508736007869;0.6862026706671346;1.8504208547639325;193.3;117.7;243.4;148.2;290.3;176.8
Ott-TO;23;27.04;33.07;6030.0;3934.0;64565.68965564546;6030.0;0.060930194054792705;0.4439196053985541;0.02704804029956467;240.3;360.0;302.6;360.0;360.0;360.0
Ott-TO;24;33.08;33.56;480.0;3210.0;1269.0132526882626;170.0;2.529524410560705;0.5440442119206829;1.3762010261109767;217.1;136.5;273.3;171.9;326.1;205.0
Ott-TO;25;33.57;43.19;9620.0;6138.0;1118694.4925047732;9620.0;0.005486752675662976;0.28451892373648113;0.0015610833621810428;300.2;360.0;360.0;360.0;360.0;360.0
Ott-TO;26;43.2;43.35;150.0;5141.0;3800.164385590999;150.0;1.352836214005115;0.3396961519814045;0.45955381492260344;274.7;236.2;345.9;297.4;360.0;354.8
Ott-TO;27;43.36;48.5;5140.0;2721.0;45898.39193188879;5140.0;0.059283122686255435;0.6418171592374403;0.038048727158887755;199.9;360.0;251.7;360.0;300.2;360.0
Ott-TO;28;48.51;48.74;230.0;2521.0;1199.6167157448115;180.0;2.101504561342141;0.6927354210724833;1.4558169418056346;192.4;132.7;242.3;167.1;289.0;199.3
Ott-TO;29;48.75;49.08;330.0;2756.0;;0.0;;0.6336662771560234;;201.2;201.2;253.3;253.3;302.1;302.1
Ott-TO;30;49.09;61.63;12540.0;2737.0;526470972369.87286;40.0;5.1987671564864875e-09;0.6380651749515954;3.317135134151007e-09;200.5;360.0;252.4;360.0;301.1;360.0
Ott-TO;31;61.64;61.84;200.0;1899.0;1678.5759838852766;200.0;1.1313160787660765;0.9196388130618056;1.0404053016642503;167.0;157.0;210.2;197.7;250.8;235.8
Ott-TO;32;61.85;62.35;500.0;1744.0;1859.0128205282329;500.0;0.9381323144960602;1.0013747628585297;0.9394205902650251;160.0;165.2;201.5;208.0;240.3;248.1
Ott-TO;33;62.36;62.99;630.0;1734.0;1645.3820803547355;420.0;1.0538585661672935;1.0071498520984348;1.0613950106885404;159.6;155.4;200.9;195.7;239.6;233.4
Ott-TO;34;63.0;64.67;1670.0;1727.0;;0.0;;1.0112322097173303;;159.2;159.2;200.5;200.5;239.1;239.1
Ott-TO;35;64.68;65.69;1010.0;1321.0;1766.8144519317525;440.0;0.7476733046617772;1.322039440634935;0.9884439275343455;139.3;161.1;175.4;202.8;209.2;241.9
Ott-TO;36;65.7;66.07;370.0;429.0;310.11428813930155;210.0;1.3833609620956764;4.071661738639473;5.633661919015919;79.4;67.5;99.9;85.0;119.2;101.3
Ott-TO;37;66.08;67.79;1710.0;519.0;953.4573109722824;1450.0;0.5443348055832231;3.365368837852658;1.8317020704289155;87.3;118.3;109.9;149.0;131.1;177.7
Ott-TO;38;67.8;69.47;1670.0;1257.0;1286.1690917726874;1050.0;0.977320951063686;1.3893541343010343;1.3578434119783376;135.9;137.4;171.1;173.0;204.0;206.4
Ott-TO;39;69.48;72.41;2930.0;3890.0;17387.345589204924;2930.0;0.2237259264240505;0.4489408295662232;0.10043945892766393;239.0;360.0;300.9;360.0;359.0;360.0
Ott-TO;40;72.42;72.96;540.0;3678.0;1675452903.0892274;80.0;2.195227328215818e-06;0.47481793280791773;1.0423303193654409e-06;232.4;360.0;292.6;360.0;349.0;360.0
Ott-TO;41;72.97;74.7;1730.0;3897.0;;0.0;;0.4481344139023744;;239.2;239.2;301.2;301.2;359.3;359.3
Ott-TO;42;74.71;75.29;580.0;3157.0;3481.5039607958556;420.0;0.9067920173436552;0.5531777454546271;0.5016168174883199;215.3;226.1;271.1;284.7;323.3;339.6
Ott-TO;43;75.3;82.89;7590.0;6130.0;142672.20282890066;7590.0;0.04296562244399766;0.2848902379414375;0.012240473815170239;300.0;360.0;360.0;360.0;360.0;360.0
Ott-TO;44;82.9;83.27;370.0;4963.0;2977.3888556429397;370.0;1.6668968148361951;0.35187952933685057;0.5865485061295991;269.9;209.1;339.9;263.2;360.0;314.0
Ott-TO;45;83.28;88.34;5060.0;6135.0;849565.8362669805;5060.0;0.007221335578837994;0.2846580530806531;0.002055609212496162;300.1;360.0;360.0;360.0;360.0;360.0
Ott-TO;46;88.35;88.76;410.0;4264.0;4434.523366216733;410.0;0.961546404847966;0.40956357356640416;0.39381431847605114;250.2;255.2;315.0;321.3;360.0;360.0
Ott-TO;47;88.77;89.05;280.0;3867.0;;0.0;;0.45161103706070227;;238.3;238.3;300.0;300.0;357.9;357.9
Ott-TO;48;89.06;89.31;250.0;3786.0;;0.0;;0.4612731314907657;;235.8;235.8;296.9;296.9;354.1;354.1
Ott-TO;49;89.32;90.21;890.0;3876.0;3950.846727626417;890.0;0.9810555223256198;0.4505623992114927;0.4420266871538678;238.6;240.8;300.4;303.2;358.3;360.0
Ott-TO;50;90.22;94.47;4250.0;1717.0;1584.2985598960004;330.0;1.0837603741258912;1.0171218934105826;1.1023189301134253;158.8;152.5;199.9;192.0;238.5;229.1
Ott-TO;51;94.48;94.54;60.0;1728.0;9150.650306060312;60.0;0.18883903790483356;1.0106469907141116;0.1908472194304621;159.3;360.0;200.5;360.0;239.2;360.0
Ott-TO;52;94.55;95.03;480.0;1746.0;1940.3680119209405;360.0;0.8998293052004508;1.0002276835807777;0.9000320065254588;160.1;168.8;201.6;212.5;240.5;253.5
Ott-TO;53;95.04;95.59;550.0;2413.0;2187.422666103853;350.0;1.1031247126546129;0.7237409738992366;0.7983777050774643;188.2;179.2;237.0;225.6;282.7;269.2
Ott-TO;54;95.6;96.06;460.0;2743.0;1699.9323016779454;80.0;1.6135936691669885;0.6366694656966684;1.027334295644469;200.7;158.0;252.7;198.9;301.4;237.3
Ott-TO;55;96.07;97.12;1050.0;2357.0;2248.9145056776965;420.0;1.0480611842066145;0.7409365839158113;0.7765474061823263;186.0;181.7;234.2;228.8;279.4;272.9
Ott-TO;56;97.13;108.84;11710.0;4287.0;18775.252406186253;11710.0;0.22833248295439573;0.4073662323065082;0.0930147575941604;250.9;360.0;315.9;360.0;360.0;360.0
Ott-TO;57;108.85;109.06;210.0;4017.0;3891.039131641122;110.0;1.032372038444587;0.43474721159907276;0.4488209358846015;242.8;239.0;305.8;300.9;360.0;359.0
Ott-TO;58;109.07;109.75;680.0;406.0;1627.5723407670314;310.0;0.24945127772856046;4.302427914905491;1.0730096822911472;77.2;154.6;97.3;194.6;116.0;232.2
Ott-TO;59;109.76;109.78;20.0;600.0;;0.0;;2.9109386600301326;;93.9;93.9;118.2;118.2;141.0;141.0
Ott-TO;60;109.79;110.02;230.0;436.0;268.32953326701255;50.0;1.6248677314477342;4.006264157948594;6.511827467466506;80.0;62.8;100.8;79.0;120.2;94.3
Ott-TO;61;110.03;110.92;890.0;394.0;266.29364703743556;260.0;1.4795696569682395;4.433530783304967;6.561666408284002;76.1;62.5;95.8;78.7;114.3;93.9
Ott-TO;62;110.93;111.18;250.0;2690.0;927.6975696020027;130.0;2.899651878094338;0.649213643847107;1.8825681728924653;198.7;116.7;250.2;146.9;298.5;175.3
Ott-TO;63;111.19;112.05;860.0;1892.0;1972.0942908553336;550.0;0.9593861757894977;0.923041355698101;0.8855523542516465;166.7;170.2;209.8;214.2;250.3;255.6
Ott-TO;64;112.06;113.15;1090.0;3467.0;1703.5590928569882;150.0;2.0351510050558903;0.5037153111191724;1.025147094457961;225.6;158.2;284.1;199.1;338.9;237.5
Ott-TO;65;113.16;114.07;910.0;2574.0;1664.4151042894912;190.0;1.5464892101533736;0.6784714696912771;1.0492573387512558;194.4;156.3;244.7;196.8;291.9;234.8
Ott-TO;66;114.08;114.11;30.0;2730.0;;0.0;;0.6397012564765114;;200.2;200.2;252.1;252.1;300.7;300.7
Ott-TO;67;114.12;114.63;510.0;3715.0;2859.3884159786912;440.0;1.2992288767905833;0.4700888984710231;0.6107542501348631;233.6;204.9;294.1;258.0;350.8;307.7
Ott-TO;68;114.64;114.66;20.0;4035.0;;0.0;;0.4328078095907683;;243.4;243.4;306.5;306.5;360.0;360.0
Ott-TO;69;114.67;117.73;3060.0;2728.0;;0.0;;0.6401702505447107;;200.1;200.1;252.0;252.0;300.6;300.6
Ott-TO;70;117.74;118.03;290.0;1886.0;1710.4044470031663;280.0;1.102663176130358;0.9259779243569636;1.0210441578578755;166.4;158.5;209.5;199.5;249.9;238.0
Ott-TO;71;118.04;119.26;1220.0;1894.0;5311.223805677586;1000.0;0.3566033120229944;0.9220666341689382;0.3288089186043385;166.8;279.3;210.0;351.6;250.5;360.0
Ott-TO;72;119.27;119.77;500.0;6276.0;120666.36655089019;500.0;0.05201117908322151;0.2782627590586781;0.014472760008606615;303.5;360.0;360.0;360.0;360.0;360.0
Ott-TO;73;119.78;120.57;790.0;1431.0;944.3786684294508;260.0;1.5152820026947718;1.220411162569627;1.8493123848600252;144.9;117.8;182.5;148.3;217.7;176.9
Ott-TO;74;120.58;121.26;680.0;2512.0;1740.886159256724;430.0;1.442943288763066;0.6952173857013643;1.003165920255836;192.1;159.9;241.8;201.3;288.4;240.1
Ott-TO;75;121.27;125.94;4670.0;2706.0;22661.915215885798;4670.0;0.1194073834546481;0.6453749415353484;0.07706213153454308;199.3;360.0;250.9;360.0;299.3;360.0
Ott-TO;76;125.95;126.5;550.0;2088.0;1370.0360964104568;280.0;1.5240474360278784;0.8363940928018136;1.27471924416671;175.1;141.8;220.4;178.6;262.9;213.0
Ott-TO;77;126.51;127.28;770.0;4291.0;33840.088472497584;770.0;0.1268022689564588;0.4069864905717508;0.051606703688462645;251.0;360.0;316.0;360.0;360.0;360.0
Ott-TO;78;127.29;127.68;390.0;3914.0;;0.0;;0.44618798477078037;;239.7;239.7;301.8;301.8;360.0;360.0
Ott-TO;79;127.69;132.27;4580.0;3893.0;;0.0;;0.44859486774463125;;239.1;239.1;301.0;301.0;359.1;359.1
Ott-TO;80;132.28;133.07;790.0;3412.0;3517.9996601110347;550.0;0.9698693375917811;0.5118350429159262;0.49641301605845367;223.8;227.3;281.8;286.2;336.1;341.3
Ott-TO;81;133.08;136.02;2940.0;2698.0;22329.964202317864;2940.0;0.12082419727837924;0.6472886014183518;0.07820771584365971;199.0;360.0;250.6;360.0;298.9;360.0
Ott-TO;82;136.03;136.53;500.0;2114.0;837.4474775591841;210.0;2.5243374141641013;0.8261071365592865;2.085470208884886;176.2;110.9;221.8;139.6;264.6;166.5
Ott-TO;83;136.54;137.2;660.0;1847.0;772.5439494904815;210.0;2.390802492490114;0.9455306856860916;2.2606981120536007;164.7;106.5;207.4;134.1;247.3;159.9
Ott-TO;84;137.21;137.83;620.0;1153.0;1686.3511919851762;80.0;0.6837247220388808;1.514680151207508;1.0356082057119127;130.1;157.4;163.8;198.1;195.4;236.3
Ott-TO;86;137.85;138.46;610.0;2017.0;1686.3565554666814;290.0;1.1960697122215749;0.8658363791146728;1.0356049118553063;172.1;157.4;216.6;198.1;258.4;236.3
Ott-TO;87;138.47;138.78;310.0;3918.0;3158.37602960468;310.0;1.2405109345040206;0.4457324561988238;0.5529367371464706;239.8;215.3;302.0;271.1;360.0;323.4
Ott-TO;88;138.79;139.36;570.0;2983.0;1652.5953915717716;230.0;1.8050395246248931;0.5854451749184469;1.0567620617535067;209.3;155.8;263.5;196.1;314.3;233.9
Ott-TO;89;139.37;140.13;760.0;6157.0;9894.499091799196;760.0;0.6222649517551699;0.2836409197396833;0.17649969279544708;300.7;360.0;360.0;360.0;360.0;360.0
Ott-TO;90;140.14;140.42;280.0;5479.0;3092.133482639605;280.0;1.7719157438581346;0.3187402101643223;0.5647823548928123;283.6;213.1;357.1;268.3;360.0;320.0
Ott-TO;91;140.43;145.48;5050.0;3918.0;;0.0;;0.4457324561988238;;239.8;239.8;302.0;302.0;360.0;360.0
Ott-TO;92;145.49;145.99;500.0;3548.0;3495.6003363702034;270.0;1.01499017581747;0.4922155382711323;0.499593982133784;228.2;226.5;287.4;285.2;342.8;340.3
Ott-TO;93;146.0;150.17;4170.0;3898.0;371674.10204039275;4170.0;0.010487682565454542;0.4480194481000205;0.004698673785612108;239.2;360.0;301.2;360.0;359.3;360.0
Ott-TO;94;150.18;151.09;910.0;3443.0;3476.144138967274;690.0;0.9904652575836165;0.5072265647201439;0.5023902589433072;224.8;225.9;283.1;284.4;337.7;339.3
Ott-TO;95;151.1;156.89;5790.0;1728.0;1232.9465370367716;40.0;1.4015206240434608;1.0106469907141116;1.416460308880273;159.3;134.5;200.6;169.4;239.2;202.1
Ott-TO;96;156.9;157.14;240.0;1208.0;1057.2617059947265;240.0;1.1425742492616349;1.445713318395525;1.6518481965778262;133.2;124.6;167.7;156.9;200.0;187.1
Ott-TO;97;157.15;157.63;480.0;1201.0;1154.9299263815947;330.0;1.0398899297403639;1.4541400751795046;1.51214892316666;132.8;130.2;167.2;164.0;199.4;195.6
Ott-TO;98;157.64;158.37;730.0;1718.0;1882.3017980041786;650.0;0.9127122982199829;1.0165298395211313;0.9277972543758438;158.8;166.2;199.9;209.3;238.6;249.7
Ott-TO;99;158.38;158.42;40.0;1729.0;1467.8187128161426;40.0;1.1779383822425575;1.0100624486822658;1.1897972977411022;159.3;146.8;200.6;184.8;239.3;220.5
Ott-TO;100;158.43;158.7;270.0;1749.0;1749.2320798965648;270.0;0.9998673246968015;0.9985119837160124;0.9983795024834691;160.2;160.3;201.8;201.8;240.7;240.7
Ott-TO;101;158.71;159.03;320.0;2773.0;;0.0;;0.6297815185892032;;201.8;201.8;254.1;254.1;303.1;303.1
Ott-TO;102;159.04;159.44;400.0;50000.0;106981.41980344756;400.0;0.46737087703512337;0.03492750773198695;0.016324099723801742;360.0;360.0;360.0;360.0;360.0;360.0
Ott-TO;103;159.45;159.74;290.0;4276.0;7126.319805387219;290.0;0.6000292039612805;0.4084141854180284;0.24506010653454077;250.6;323.5;315.5;360.0;360.0;360.0
Ott-TO;104;159.75;160.09;340.0;3938.0;3741.9880813584314;340.0;1.0523817592092415;0.44346869445623616;0.46669849006717257;240.5;234.4;302.7;295.1;360.0;352.0
Ott-TO;105;160.1;160.48;380.0;2749.0;;0.0;;0.6352798491187172;;200.9;200.9;253.0;253.0;301.7;301.7
Ott-TO;106;160.49;161.13;640.0;2034.0;1739.3531156719287;440.0;1.1694002682222733;0.8585996558796452;1.0040501204821206;172.8;159.8;217.6;201.2;259.5;240.0
Ott-TO;107;161.14;161.74;600.0;6301.0;158587.80498698162;600.0;0.03973193273289359;0.2771587148484416;0.011012040694995624;304.2;360.0;360.0;360.0;360.0;360.0
Ott-TO;108;161.75;162.16;410.0;4690.0;2440.865076068311;50.0;1.9214499178932676;0.37236213921391165;0.7154785914053364;262.4;189.3;330.4;238.4;360.0;284.3
Ott-TO;109;162.17;164.56;2390.0;3910.0;20141.709049706922;2390.0;0.19412453979702848;0.44664444537757825;0.0867044361470514;239.6;360.0;301.7;360.0;359.8;360.0
Ott-TO;110;164.57;165.05;480.0;3512.0;3009.823141644852;270.0;1.166845968923181;0.49726105935277953;0.5802277209611368;227.1;210.2;285.9;264.7;341.0;315.7
Ott-TO;111;165.06;171.76;6700.0;2563.0;1720.7515942867267;250.0;1.4894654222664812;0.6813833986569456;1.0149042993186026;194.0;158.9;244.3;200.1;291.4;238.7
Ott-TO;113;171.78;172.0;220.0;2762.0;3235.073836696665;60.0;0.8537672212206072;0.6322897252768317;0.5398274991901278;201.4;217.9;253.6;274.4;302.5;327.3
Ott-TO;114;172.01;175.39;3380.0;2715.0;;0.0;;0.6432355545808628;;199.7;199.7;251.4;251.4;299.9;299.9
Ott-TO;115;175.4;175.68;280.0;1884.0;1704.8890416413667;280.0;1.1050572523981947;0.9269609372143374;1.0243473770397735;166.3;158.2;209.4;199.2;249.8;237.6
Ott-TO;116;175.69;176.11;420.0;1892.0;1570.838759285495;210.0;1.2044520730189947;0.923041355698101;1.1117644931845319;166.7;151.9;209.8;191.2;250.3;228.1
Ott-TO;117;176.12;180.6;4480.0;1676.0;1868.7632014639998;460.0;0.8968498516489473;1.04200443120204;0.9345189996257811;156.9;165.6;197.5;208.6;235.6;248.8
Ott-TO;118;180.61;181.08;470.0;1719.0;1441.1349427639495;190.0;1.1928098812892107;1.015938474494009;1.211828163396561;158.9;145.5;200.0;183.1;238.6;218.5
Ott-TO;119;181.09;182.05;960.0;1291.0;1011.5220163395592;370.0;1.276294513758386;1.3527621399292196;1.7265481208457867;137.7;121.9;173.3;153.4;206.7;183.0
Ott-TO;120;182.06;183.1;1040.0;1722.0;1322.566916838488;130.0;1.3020135148369893;1.0141685005849073;1.3204730793538775;159.0;139.4;200.2;175.5;238.8;209.3
Ott-TO;121;183.11;183.76;650.0;1463.0;1433.7898518109384;550.0;1.0203726844294287;1.1937162987950478;1.218036411035402;146.6;145.1;184.5;182.7;220.1;217.9
Ott-TO;122;183.77;184.28;510.0;1031.0;1592.2387849877614;280.0;0.6475159440409717;1.6939272193523884;1.096821684045795;123.0;152.9;154.9;192.5;184.8;229.6
Ott-TO;123;184.29;184.4;110.0;1413.0;;0.0;;1.235958400680778;;144.1;144.1;181.4;181.4;216.3;216.3
Ott-TO;124;184.41;185.17;760.0;919.0;861.025804673833;610.0;1.067331542227272;1.9003867386460913;2.0283556521183566;116.1;112.4;146.2;141.6;174.4;168.9
Ott-TO;125;185.18;186.1;920.0;1110.0;1375.572684184197;840.0;0.8069366401080444;1.573360568559107;1.2695883743596752;127.7;142.1;160.7;178.9;191.7;213.4
Ott-TO;126;186.11;187.59;1480.0;706.0;855.4686133796179;1350.0;0.8252786706117404;2.4738116363048213;2.0415333994627343;101.8;112.1;128.2;141.1;152.9;168.3
Ott-TO;127;187.6;187.68;80.0;909.0;;0.0;;1.9212950319867907;;115.5;115.5;145.4;145.4;173.5;173.5
Ott-TO;128;187.69;188.25;560.0;2370.0;865.513350495803;170.0;2.738259321641154;0.7368723186314746;2.017837868308108;186.6;112.7;234.9;141.9;280.2;169.3
Ott-TO;129;188.26;188.6;340.0;50000.0;74675.08411673825;340.0;0.6695673743311207;0.03492750773198695;0.023386319444267712;360.0;360.0;360.0;360.0;360.0;360.0
Ott-TO;130;188.61;189.18;570.0;1108.0;989.8400943012605;170.0;1.1193727212900484;1.5762007485455627;1.76437019811293;127.6;120.6;160.6;151.8;191.6;181.1
Ott-TO;131;189.19;190.08;890.0;987.0;986.8930165711308;820.0;1.000108404281997;1.7694475795472586;1.769639410490781;120.4;120.4;151.5;151.6;180.8;180.8
Ott-TO;132;190.09;190.42;330.0;1941.0;;0.0;;0.8997389507861591;;168.8;168.8;212.5;212.5;253.5;253.5
Ott-TO;133;190.43;192.53;2100.0;2690.0;;0.0;;0.649213643847107;;198.7;198.7;250.2;250.2;298.5;298.5
Ott-TO;134;192.54;193.02;480.0;2409.0;1568.928031699839;400.0;1.535443278038696;0.7249427183929052;1.1131185042155671;188.1;151.8;236.8;191.1;282.5;228.0
Ott-TO;135;193.03;194.13;1100.0;1608.0;1611.4983651427237;1010.0;0.9978291227478757;1.0860705879025736;1.0837127915998381;153.7;153.8;193.5;193.7;230.8;231.0
Ott-TO;136;194.14;194.39;250.0;1888.0;1623.676009700075;170.0;1.1627935553157251;0.9249969942218755;1.0755846563445184;166.5;154.4;209.6;194.4;250.1;231.9
Ott-TO;137;194.4;194.78;380.0;3585.0;1825.7357545012947;220.0;1.963591933367846;0.48713545871889274;0.9565434847140826;229.4;163.7;288.9;206.1;344.6;245.9
Ott-TO;138;194.79;194.82;30.0;4015.0;;0.0;;0.43496377413905973;;242.8;242.8;305.7;305.7;360.0;360.0
Ott-TO;139;194.83;195.52;690.0;1732.0;1236.6374699964447;50.0;1.4005721499001478;1.0083128726885262;1.412232452889695;159.5;134.7;200.8;169.7;239.5;202.4
Ott-TO;140;195.53;196.29;760.0;1622.0;1710.2866857477898;760.0;0.9483790135984201;1.0766960887373822;1.0211144633951428;154.3;158.5;194.3;199.5;231.8;238.0
Ott-TO;141;196.3;196.78;480.0;1892.0;1522.1441055679;130.0;1.2429834948472962;0.923041355698101;1.1473319324776285;166.7;149.5;209.9;188.2;250.3;224.5
Ott-TO;142;196.79;196.98;190.0;50000.0;98348.24611325235;190.0;0.508397475054337;0.03492750773198695;0.017757056537000666;360.0;360.0;360.0;360.0;360.0;360.0
Ott-TO;143;196.99;197.52;530.0;1726.0;1336.9639569185917;170.0;1.2909846904011166;1.0118181068686423;1.3062530013082239;159.2;140.1;200.5;176.4;239.1;210.4
Ott-TO;144;197.53;198.38;850.0;1596.0;1667.1213347573307;850.0;0.9573388371472774;1.0942367794557437;1.047554036606486;153.1;156.5;192.7;197.0;229.9;235.0
Ott-TO;145;198.39;198.77;380.0;1720.0;2083.439592667613;380.0;0.8255578928485904;1.0153477971276499;0.838224894964509;158.9;174.9;200.1;220.2;238.7;262.7
Ott-TO;146;198.78;205.27;6490.0;1217.0;3318.6213618174556;6170.0;0.3667185458402236;1.4350213688404143;0.5262370446679273;133.7;220.7;168.3;277.9;200.8;331.5
Ott-TO;147;205.28;208.53;3250.0;3927.0;301671.81647312496;3250.0;0.013017457334632533;0.44471090991198664;0.005788990767247077;240.1;360.0;302.3;360.0;360.0;360.0
Ott-TO;148;208.54;209.01;470.0;3410.0;3255.6789546510654;300.0;1.0474005721996855;0.5121352414201693;0.5364109182078981;223.8;218.6;281.7;275.3;336.1;328.4
Ott-TO;149;209.02;211.18;2160.0;3896.0;128328.5328078521;2160.0;0.030359577209797366;0.448249438722532;0.013608628770645944;239.2;360.0;301.1;360.0;359.2;360.0
Ott-TO;150;211.19;212.0;810.0;3020.0;2953.261313146129;410.0;1.022598300582746;0.5782724409810774;0.5913405301402879;210.6;208.2;265.1;262.2;316.3;312.7
Ott-TO;151;212.01;215.06;3050.0;1727.0;1648.299140043825;230.0;1.0477467093467527;1.0112322097173303;1.0595165646984313;159.3;155.6;200.5;195.9;239.2;233.6
Ott-TO;152;215.07;215.71;640.0;1661.0;1647.821883789746;430.0;1.0079972940885737;1.0514147280916937;1.0598234396877813;156.1;155.5;196.6;195.8;234.5;233.6
Ott-TO;153;215.72;221.99;6270.0;1721.0;1494.7543018639594;190.0;1.1513597906049924;1.014757806223279;1.1683563078926886;159.0;148.1;200.1;186.5;238.8;222.5
Ott-TO;154;222.0;222.57;570.0;1692.0;1597.7509787799102;340.0;1.0589885548322813;1.0321506936523448;1.0930375665943801;157.6;153.2;198.4;192.8;236.7;230.0
Ott-TO;155;222.58;223.06;480.0;50000.0;91348.7744212679;480.0;0.5473527183782223;0.03492750773198695;0.01911766609594912;360.0;360.0;360.0;360.0;360.0;360.0
Ott-TO;156;223.07;223.67;600.0;1725.0;1627.4977411155814;200.0;1.0599093051997632;1.012404683347497;1.0730588672982977;159.1;154.6;200.4;194.6;239.0;232.2
Ott-TO;157;223.68;224.21;530.0;1586.0;1630.0509093838537;530.0;0.9729757462602782;1.101136340330758;1.0713780733250198;152.6;154.7;192.2;194.8;229.2;232.3
Ott-TO;158;224.22;224.97;750.0;1899.0;2471.9438156841766;580.0;0.7682213438473321;0.9196388130618056;0.7064830567040732;167.0;190.5;210.3;239.9;250.8;286.1
Ott-TO;159;224.98;225.86;880.0;6214.0;71508.1346422174;880.0;0.08689920428061819;0.2810391229919132;0.024422051861888984;302.1;360.0;360.0;360.0;360.0;360.0
Ott-TO;160;225.87;226.79;920.0;2007.0;1708.9405901057758;500.0;1.1744118032071411;0.8701505444358358;1.0219187945475092;171.7;158.4;216.2;199.4;257.8;237.9
Ott-TO;161;226.8;227.63;830.0;1107.0;1705.9138194333464;580.0;0.6489190646029893;1.5776246873854862;1.0237320139613408;127.5;158.3;160.5;199.3;191.5;237.7
Ott-TO;162;227.64;228.65;1010.0;868.0;867.4701202694796;660.0;1.0006108334087125;2.012056564173213;2.0132857219781113;112.9;112.9;142.1;142.1;169.6;169.5
Ott-TO;163;228.66;230.83;2170.0;6170.0;64541.90223763036;2170.0;0.09559681053842038;0.28304329583962734;0.027058009064518045;301.0;360.0;360.0;360.0;360.0;360.0
Ott-TO;164;230.84;231.1;260.0;5561.0;3111.896051748126;260.0;1.7870134180337018;0.3140401988073734;0.5611955898937684;285.8;213.8;359.8;269.1;360.0;321.0
Ott-TO;165;231.11;233.77;2660.0;6198.0;176080.18470526385;2660.0;0.03519987220807767;0.28176462073609126;0.009918068660947616;301.7;360.0;360.0;360.0;360.0;360.0
Ott-TO;166;233.78;234.17;390.0;4834.0;3090.470565974411;390.0;1.5641630932265043;0.361269808137237;0.5650862547621411;266.4;213.0;335.4;268.2;360.0;319.9
Ott-TO;167;234.18;236.46;2280.0;2742.0;;0.0;;0.6369016597231025;;200.6;200.6;252.6;252.6;301.3;301.3
Ott-TO;168;236.47;237.05;580.0;2096.0;1429.1654328842872;290.0;1.4665901873724532;0.8332016925692953;1.2219778188514252;175.4;144.9;220.8;182.4;263.4;217.6
Ott-TO;169;237.06;238.07;1010.0;3917.0;;0.0;;0.4458462511197003;;239.8;239.8;302.0;302.0;360.0;360.0
Ott-TO;170;238.08;239.01;930.0;3197.0;3435.488398032007;750.0;0.9305809333634708;0.5462564822427846;0.5083356090788301;216.6;224.6;272.8;282.8;325.4;337.3
Ott-TO;171;239.02;241.16;2140.0;1707.0;1612.7621210952602;370.0;1.058432596892058;1.0230805860912737;1.082863571955614;158.3;153.9;199.3;193.7;237.8;231.1
Ott-TO;173;241.18;241.66;480.0;1745.0;1656.085331811461;230.0;1.0536896659130979;1.000800894531107;1.0545350384260834;160.1;155.9;201.5;196.3;240.4;234.2
Ott-TO;174;241.67;252.06;10390.0;2704.0;1400754.1379434953;10390.0;0.0019303887290098272;0.645852294917549;0.0012467393900810662;199.3;360.0;250.9;360.0;299.3;360.0
Ott-TO;175;252.07;252.65;580.0;1961.0;1605.0861881453106;400.0;1.2217412463476185;0.8905624371835097;1.0880422579571627;169.7;153.5;213.6;193.3;254.8;230.6
Ott-TO;176;252.66;252.88;220.0;3919.0;10440.725878285775;220.0;0.37535704372342416;0.44561871935183434;0.1672657629426647;239.9;360.0;302.0;360.0;360.0;360.0
Ott-TO;177;252.89;254.4;1510.0;1730.0;2297.768433759528;120.0;0.7529044156853678;1.0094785824477932;0.7600366242731816;159.4;183.7;200.7;231.3;239.4;275.9
Ott-TO;178;254.41;255.1;690.0;1647.0;;0.0;;1.0603523264884358;;155.5;155.5;195.8;195.8;233.5;233.5
Ott-TO;179;255.11;262.7;7590.0;6132.0;2408492.7092191773;7590.0;0.002545990683936082;0.284797318559633;0.0007250905734053771;300.1;360.0;360.0;360.0;360.0;360.0
Ott-TO;180;262.71;263.34;630.0;4339.0;4235.841287436445;630.0;1.0243537719105589;0.4024842014890442;0.4122862517218783;252.4;249.4;317.8;314.0;360.0;360.0
Ott-TO;181;263.35;264.32;970.0;4280.0;22086.34654499177;970.0;0.19378487932720223;0.4080324883037054;0.07907036569329394;250.7;360.0;315.6;360.0;360.0;360.0
Ott-TO;182;264.33;264.75;420.0;3938.0;3382.054881774887;420.0;1.1643808683356893;0.44346869445623616;0.516366922111646;240.5;222.8;302.7;280.6;360.0;334.7
Ott-TO;183;264.76;276.2;11440.0;4260.0;1444799.151314678;11440.0;0.0029485067153615526;0.4099481419419875;0.0012087322711963394;250.1;360.0;314.9;360.0;360.0;360.0
Ott-TO;184;276.21;276.55;340.0;4052.0;2522.25181359067;160.0;1.6065009759004139;0.43099197357634444;0.6923916068005943;243.9;192.4;307.1;242.3;360.0;289.0
Ott-TO;185;276.56;279.7;3140.0;2731.0;;0.0;;0.6394670170411161;;200.2;200.2;252.1;252.1;300.7;300.7
Ott-TO;186;279.71;279.99;280.0;1889.0;1619.1370588524624;280.0;1.1666708446157108;0.9245073081078123;1.0785999476325054;166.5;154.2;209.7;194.1;250.1;231.6
Ott-TO;187;280.0;280.26;260.0;1846.0;2127.209221732147;260.0;0.8678036843488468;0.9460429024587141;0.8209772135036899;164.6;176.7;207.3;222.5;247.2;265.4
Ott-TO;188;280.27;280.72;450.0;1890.0;1472.8400542176764;210.0;1.283235063160952;0.9240181401969692;1.1857407866378602;166.6;147.1;209.7;185.2;250.2;220.9
Ott-TO;189;280.73;282.22;1490.0;2722.0;1857.1629652466809;80.0;1.465676438167851;0.6415813679564205;0.9403563353573459;199.9;165.1;251.7;207.9;300.3;248.0
Ott-TO;190;282.23;282.61;380.0;2239.0;2130.3600728000756;380.0;1.0509960398652851;0.7799860851947819;0.8197629487772715;181.3;176.9;228.3;222.7;272.3;265.6
Ott-TO;191;282.62;283.02;400.0;2694.0;1528.106314148212;110.0;1.7629663427584705;0.6482496934766551;1.1428552416302677;198.9;149.8;250.4;188.6;298.7;225.0
Ott-TO;192;283.03;283.97;940.0;2733.0;;0.0;;0.6389990524251653;;200.3;200.3;252.2;252.2;300.9;300.9
Ott-TO;193;283.98;284.59;610.0;2058.0;1661.9077913408116;390.0;1.2383358515574592;0.848586647790367;1.0508403930087964;173.8;156.2;218.8;196.7;261.0;234.6
Ott-TO;194;284.6;292.75;8150.0;3902.0;1504130.6701468125;8150.0;0.002594189505901865;0.44756017416113264;0.0011610529552051304;239.4;360.0;301.4;360.0;359.5;360.0
Ott-TO;195;292.76;293.26;500.0;3581.0;5215.235342406313;90.0;0.6866420717166953;0.48767959543833617;0.3348607934981751;229.3;276.7;288.7;348.4;344.4;360.0
Ott-TO;196;293.27;293.92;650.0;6146.0;13606.856592518025;650.0;0.45168404313010024;0.2841485761839115;0.12834527304737448;300.4;360.0;360.0;360.0;360.0;360.0
Ott-TO;197;293.93;294.09;160.0;5953.0;1168.740052214997;160.0;5.0935192891848535;0.29336087135092825;1.4942799730141214;295.6;131.0;360.0;164.9;360.0;196.7
Ott-TO;198;294.1;308.75;14650.0;3892.0;989180.9165812859;14650.0;0.00393456842399585;0.44871012909104174;0.0017654761938427767;239.0;360.0;301.0;360.0;359.0;360.0
Ott-TO;199;308.76;309.18;420.0;3658.0;3365.1749147071864;420.0;1.087016304565046;0.47741399990776173;0.5189570745708293;231.8;222.3;291.8;279.9;348.1;333.8
Ott-TO;200;309.19;326.95;17760.0;4309.0;;0.0;;0.4052863774503289;;251.5;251.5;316.7;316.7;360.0;360.0
Ott-TO;201;326.96;327.22;260.0;3952.0;2366.4376444583945;140.0;1.6700207627505403;0.44189769431631243;0.7379815967304764;240.9;186.4;303.3;234.7;360.0;280.0
Ott-TO;202;327.23;328.13;900.0;4279.0;5102.21287863594;900.0;0.8386557169962647;0.40812784568005395;0.3422785363749488;250.7;273.7;315.6;344.6;360.0;360.0
Ott-TO;203;328.14;330.08;1940.0;6217.0;136893.45222970532;1940.0;0.045414882149132745;0.2809035078948924;0.012757186956142561;302.1;360.0;360.0;360.0;360.0;360.0
Ott-TO;204;330.09;330.5;410.0;4677.0;3472.7349523695934;410.0;1.3467771264284611;0.37339714561090775;0.502883459014981;262.0;225.8;329.9;284.3;360.0;339.1
Ott-TO;205;330.51;333.22;2710.0;1711.0;1666.7543782692292;410.0;1.0265459760044044;1.0206887504979294;1.0477846749461828;158.5;156.4;199.6;197.0;238.1;235.0
Ott-TO;206;333.23;333.27;40.0;1729.0;1217.0048716996419;40.0;1.4207009685880034;1.0100624486822658;1.4350156241152099;159.3;133.7;200.6;168.3;239.3;200.8
Ott-TO;207;333.28;333.53;250.0;1744.0;1820.4550574764246;250.0;0.9580022274307561;1.0013747628585297;0.9593182492704903;160.0;163.5;201.5;205.8;240.4;245.5
Ott-TO;208;333.54;333.82;280.0;1893.0;1855.141726651354;280.0;1.0204072135324036;0.9225537374709947;0.9413809078881982;166.7;165.0;209.9;207.8;250.4;247.9
Ott-TO;209;333.83;334.19;360.0;2730.0;3025.342260612543;40.0;0.9023772402687605;0.6397012564765114;0.5772512975951988;200.2;210.8;252.1;265.4;300.7;316.5
Ott-TO;210;334.2;334.45;250.0;50000.0;11770.922241019978;250.0;4.247755526390036;0.03492750773198695;0.14836355314439845;360.0;360.0;360.0;360.0;360.0;360.0
Ott-TO;211;334.46;335.01;550.0;1721.0;1997.9061931608207;230.0;0.8614018044947662;1.014757806223279;0.8741112579735122;159.0;171.3;200.1;215.6;238.7;257.2
Ott-TO;212;335.02;335.95;930.0;1328.0;1330.8012271845914;880.0;0.9978950822050882;1.3150705524935054;1.3123023159408216;139.6;139.8;175.8;176.0;209.7;209.9
Ott-TO;213;335.96;336.71;750.0;1771.0;1286.160471974105;370.0;1.3769665905543835;0.9861078000249209;1.3578525126192034;161.2;137.4;203.0;173.0;242.2;206.4
Ott-TO;214;336.72;338.97;2250.0;2646.0;2016.6783684101256;270.0;1.3120585024601659;0.6600094539847295;0.8659744703623875;197.1;172.1;248.2;216.7;296.0;258.4
Ott-TO;216;338.99;339.27;280.0;2725.0;1960.3659674520609;90.0;1.3900465756104479;0.6408750324765393;0.8908504736798362;200.0;169.7;251.9;213.6;300.4;254.8
Ott-TO;217;339.28;340.79;1510.0;3908.0;;0.0;;0.4468730260884045;;239.5;239.5;301.6;301.6;359.8;359.8
Ott-TO;218;340.8;341.84;1040.0;3372.0;3478.36034646164;710.0;0.9694222749032213;0.5179066740849142;0.5020701632450804;222.5;226.0;280.1;284.5;334.2;339.4
Ott-TO;219;341.85;343.7;1850.0;1746.0;;0.0;;1.0002276835807777;;160.1;160.1;201.6;201.6;240.5;240.5
Ott-TO;220;343.71;344.24;530.0;1318.0;897.8324138016055;390.0;1.4679799701364302;1.325048769085835;1.9451951229249678;139.1;114.8;175.2;144.6;208.9;172.4
Ott-TO;221;344.25;345.34;1090.0;740.0;610.2563951817267;360.0;1.212605071970835;2.3601335589495935;2.862005129787964;104.2;94.7;131.2;119.2;156.5;142.2
Ott-TO;222;345.35;349.22;3870.0;3888.0;26220.950305444298;3870.0;0.14827837872804817;0.4491717673893952;0.06660229463613819;238.9;360.0;300.8;360.0;358.9;360.0
Ott-TO;223;349.23;352.05;2820.0;3069.0;3247.8388729037088;730.0;0.9449360390394554;0.5690396014863378;0.5377057904114334;212.3;218.4;267.3;274.9;318.8;328.0
Ott-TO;224;352.06;353.64;1580.0;2723.0;;0.0;;0.6413457498630432;;199.9;199.9;251.8;251.8;300.3;300.3
Ott-TO;225;353.65;354.22;570.0;2138.0;1730.6274773207797;380.0;1.235390069797044;0.8168335589183023;1.0091125641672467;177.2;159.4;223.1;200.7;266.1;239.4
Ott-TO;226;354.23;355.63;1400.0;2757.0;;0.0;;0.633436435758645;;201.2;201.2;253.3;253.3;302.2;302.2
Ott-TO;227;355.64;356.13;490.0;1924.0;1718.8233901314618;480.0;1.1193703850241679;0.9076889927141737;1.0160428653600693;168.1;158.9;211.6;200.0;252.5;238.6
Ott-TO;228;356.14;356.47;330.0;2782.0;;0.0;;0.6277441028960155;;202.1;202.1;254.5;254.5;303.6;303.6
Ott-TO;229;356.48;356.84;360.0;50000.0;42678.64150065761;360.0;1.1715461936441809;0.03492750773198695;0.040919188972910844;360.0;360.0;360.0;360.0;360.0;360.0
Ott-TO;230;356.85;357.3;450.0;2686.0;2311.2620363193964;140.0;1.1621356461499972;0.6501804652998048;0.7555993164080135;198.6;184.2;250.1;231.9;298.3;276.7
Ott-TO;231;357.31;358.08;770.0;2362.0;2352.213560338711;610.0;1.004160523443237;0.7393681104252213;0.7424443117371079;186.2;185.8;234.5;234.0;279.7;279.1
Ott-TO;232;358.09;359.45;1360.0;4277.0;71277.79105553727;1360.0;0.06000466536157813;0.40831869420593053;0.02450097494609564;250.6;360.0;315.5;360.0;360.0;360.0
Ott-TO;233;359.46;359.84;380.0;3997.0;;0.0;;0.43692258969838255;;242.3;242.3;305.0;305.0;360.0;360.0
Ott-TO;234;359.85;360.51;660.0;6251.0;49627.466293745216;660.0;0.12595847555465153;0.2793756342357869;0.035189694687817276;303.0;360.0;360.0;360.0;360.0;360.0
Ott-TO;235;360.52;360.97;450.0;4391.0;3464.1773113527424;450.0;1.2675448181043996;0.3977178013479787;0.5041257521940473;253.9;225.5;319.7;284.0;360.0;338.7
Ott-TO;236;360.98;362.25;1270.0;3869.0;34461.132086610036;1270.0;0.11227141320477137;0.45137758481289436;0.050676669939161624;238.3;360.0;300.1;360.0;357.9;360.0
Ott-TO;237;362.26;362.96;700.0;3465.0;3290.632453919956;270.0;1.0529890677618308;0.5040060577617773;0.5307130550538626;225.6;219.8;284.0;276.7;338.8;330.1
Ott-TO;238;362.97;364.69;1720.0;6208.0;134395.87402808148;1720.0;0.04619189424448301;0.28131074640101533;0.012994263223709874;301.9;360.0;360.0;360.0;360.0;360.0
Ott-TO;239;364.7;365.03;330.0;2732.0;;0.0;;0.6392329490867467;;200.3;200.3;252.2;252.2;300.8;300.8
Ott-TO;240;365.04;365.24;200.0;1894.0;1775.3408323190893;200.0;1.0668374013151654;0.9220666341689382;0.9836966382870587;166.7;161.5;209.9;203.3;250.4;242.5
Ott-TO;241;365.25;365.64;390.0;1745.0;1764.3040332579826;390.0;0.9890585562952346;1.000800894531107;0.9898504140144108;160.0;160.9;201.5;202.6;240.4;241.7
Ott-TO;242;365.65;365.9;250.0;1736.0;1760.9295550446857;250.0;0.9858429572192324;1.0059895113826771;0.991747316685466;159.7;160.8;201.0;202.4;239.8;241.5
Ott-TO;243;365.91;366.42;510.0;1907.0;1451.2660014533487;170.0;1.3140251326016479;0.9157807808308528;1.2033682703513093;167.3;146.0;210.7;183.8;251.3;219.2
Ott-TO;244;366.43;366.77;340.0;50000.0;120401.7444273766;340.0;0.41527637525350625;0.03492750773198695;0.014504568621722853;360.0;360.0;360.0;360.0;360.0;360.0
Ott-TO;245;366.78;367.11;330.0;2726.0;;0.0;;0.6406399328027739;;200.1;200.1;251.9;251.9;300.5;300.5
Ott-TO;246;367.12;367.77;650.0;1995.0;1723.3209916858689;450.0;1.157648522605389;0.8753846341842149;1.013391081228089;171.2;159.1;215.5;200.3;257.1;238.9
Ott-TO;247;367.78;368.66;880.0;2742.0;3095.051686363746;60.0;0.8859302777012644;0.6369016597231025;0.56424983929531;200.6;213.2;252.6;268.4;301.3;320.2
Ott-TO;248;368.67;369.38;710.0;2081.0;1908.5868500866452;530.0;1.0903355013189615;0.8392075782156359;0.915019360038831;174.8;167.4;220.1;210.8;262.5;251.4
Ott-TO;249;369.39;371.75;2360.0;3888.0;102641.0645312086;2360.0;0.03787957595488336;0.4491717673893952;0.01701439257232652;238.9;360.0;300.8;360.0;358.8;360.0
Ott-TO;250;371.76;372.99;1230.0;3546.0;2892.211883252179;140.0;1.2260512518234528;0.49249315731684207;0.6038227874480893;228.2;206.1;287.3;259.5;342.7;309.5
Ott-TO;251;373.0;374.22;1220.0;1753.0;1753.0554243270908;980.0;0.9999683841558449;0.996233518982002;0.9962020214248102;160.4;160.4;202.0;202.0;240.9;241.0
Ott-TO;252;374.23;374.9;670.0;1888.0;1755.2559158125557;210.0;1.0756266268591343;0.9249969942218755;0.994953092895917;166.5;160.5;209.6;202.1;250.0;241.1
Ott-TO;253;374.91;375.27;360.0;3881.0;;0.0;;0.4499819241836482;;238.7;238.7;300.6;300.6;358.5;358.5
Ott-TO;254;375.28;375.74;460.0;3579.0;3695.1754826510605;190.0;0.9685602258413688;0.4879521199100855;0.47261092706384794;229.2;232.9;288.6;293.3;344.3;349.8
Ott-TO;255;375.75;376.7;950.0;1759.0;958.1948960296145;40.0;1.835743445606535;0.9928352523856847;1.822644854530361;160.7;118.6;202.3;149.3;241.4;178.1
Ott-TO;256;376.71;376.94;230.0;1211.0;1109.8731542069866;230.0;1.0911156787689575;1.442131675762664;1.5735403969587916;133.3;127.7;167.9;160.7;200.3;191.7
Ott-TO;257;376.95;377.15;200.0;1171.0;1196.5163985072836;200.0;0.9786744264106061;1.4913959545805053;1.4595893415438188;131.1;132.5;165.1;166.9;196.9;199.1
Ott-TO;258;377.16;377.68;520.0;1209.0;1135.7742844882662;250.0;1.0644720667757734;1.4445174623719674;1.5376539094037558;133.3;129.1;167.8;162.6;200.1;193.9
Ott-TO;259;377.69;380.02;2330.0;2744.0;;0.0;;0.6364374409104744;;200.7;200.7;252.7;252.7;301.5;301.5
Ott-TO;260;380.03;380.22;190.0;1903.0;1714.8676260492005;190.0;1.1097066450453839;0.917705742131872;1.018386679837001;167.2;158.7;210.5;199.8;251.1;238.3
Ott-TO;261;380.23;380.73;500.0;1746.0;1745.643520108439;500.0;1.0002042111619325;1.0002276835807777;1.000431946427384;160.1;160.1;201.6;201.6;240.5;240.4
Ott-TO;262;380.74;381.15;410.0;1898.0;1729.6530400379697;220.0;1.0973299014687563;0.9201233539325817;1.0096810841668487;167.0;159.4;210.2;200.6;250.7;239.3
Ott-TO;263;381.16;382.42;1260.0;6250.0;541267.6537350593;1260.0;0.011546967488028135;0.27942033442585046;0.0032264543202212364;302.9;360.0;360.0;360.0;360.0;360.0
Ott-TO;264;382.43;382.98;550.0;1888.0;1749.1297110564412;220.0;1.07939393406089;0.9249969942218755;0.9984379347068373;166.5;160.3;209.7;201.8;250.1;240.7
Ott-TO;265;382.99;383.3;310.0;1764.0;1769.7165930323013;310.0;0.9967697692077881;0.9900210233872254;0.9868229478069775;160.9;161.2;202.6;203.0;241.7;242.1
Ott-TO;266;383.31;383.5;190.0;1899.0;1650.4573346477866;190.0;1.1505901789368298;0.9196388130618056;1.0581310651037799;167.0;155.7;210.3;196.0;250.8;233.8
Ott-TO;267;383.51;383.85;340.0;2697.0;2075.4991193486426;40.0;1.2994464680121878;0.6475286071616798;0.8414318449219033;199.0;174.6;250.5;219.8;298.9;262.2
Ott-TO;268;383.86;384.72;860.0;2742.0;;0.0;;0.6369016597231025;;200.7;200.7;252.6;252.6;301.4;301.4
Ott-TO;269;384.73;384.93;200.0;1896.0;1725.0588775540973;200.0;1.0990929206360043;0.9210939690808141;1.0123701283168463;166.8;159.1;210.1;200.4;250.6;239.0
Ott-TO;270;384.94;385.24;300.0;1764.0;1812.7773818722985;300.0;0.9730924589196277;0.9900210233872254;0.9633813557262368;160.9;163.1;202.6;205.4;241.7;245.0
Ott-TO;271;385.25;385.45;200.0;1892.0;1748.6503504864659;200.0;1.0819773086561615;0.923041355698101;0.9987116451682867;166.7;160.2;209.8;201.7;250.3;240.7
Ott-TO;272;385.46;385.8;340.0;2716.0;1657.1391914943083;40.0;1.6389691426891393;0.642998720152718;1.0538643866728794;199.7;156.0;251.4;196.4;299.9;234.3
Ott-TO;273;385.81;386.55;740.0;1756.0;1484.5650982050934;40.0;1.1828379921655734;0.9945314827271907;1.1763755164614214;160.6;147.6;202.1;185.9;241.1;221.7
Ott-TO;274;386.56;387.13;570.0;1268.0;768.9782205567608;210.0;1.6489413693432489;1.3773007946551408;2.2711822710403515;136.5;106.3;171.8;133.8;204.9;159.6
Ott-TO;275;387.14;387.55;410.0;1745.0;1827.8050199370714;410.0;0.9546970168952035;1.000800894531107;0.9554605528666003;160.1;163.8;201.5;206.3;240.4;246.0
Ott-TO;276;387.56;388.01;450.0;1891.0;1827.8450657643532;290.0;1.0345515795723295;0.9235294896672012;0.9554396194211613;166.6;163.8;209.8;206.3;250.2;246.0
Ott-TO;277;388.02;388.97;950.0;1744.0;1760.8239840902834;760.0;0.9904453913382062;1.0013747628585297;0.9918067788043952;160.0;160.8;201.5;202.4;240.3;241.5
Ott-TO;278;388.98;389.24;260.0;1740.0;1776.6713963112777;260.0;0.979359494171283;1.0036768326084826;0.9829599216130738;159.8;161.5;201.2;203.4;240.0;242.6
Ott-TO;279;389.25;389.63;380.0;1744.0;1732.8006080394466;380.0;1.0064631740712653;1.0013747628585297;1.0078469886110764;160.0;159.5;201.5;200.8;240.3;239.6
Ott-TO;280;389.64;390.04;400.0;1902.0;1656.3905910369444;200.0;1.148279886575121;0.9181882475879323;1.0543406907669546;167.1;155.9;210.4;196.3;251.0;234.2
Ott-TO;281;390.05;392.82;2770.0;3886.0;120593.28210371755;2770.0;0.03222401722724325;0.44940294292702737;0.014481531091468517;238.9;360.0;300.7;360.0;358.7;360.0
Ott-TO;282;392.83;393.27;440.0;3701.0;3751.1034323595695;440.0;0.9866430149786478;0.47186714265012986;0.4655643853801441;233.1;234.7;293.5;295.5;350.1;352.5
Ott-TO;283;393.28;397.21;3930.0;1744.0;1800.9831027388577;390.0;0.9683600014613128;1.0013747628585297;0.9696904981839407;160.0;162.6;201.5;204.7;240.4;244.2
Ott-TO;284;397.22;397.59;370.0;1738.0;1781.3260830744346;370.0;0.9756776238297387;1.0048318412891977;0.9803913394969701;159.7;161.7;201.1;203.6;239.9;242.9
Ott-TO;285;397.6;398.04;440.0;1895.0;1760.8509628662152;210.0;1.0761842086370697;0.9215800449767113;0.9917915825148869;166.8;160.8;210.0;202.4;250.5;241.5
Ott-TO;286;398.05;400.22;2170.0;6263.0;97356.02584645544;2170.0;0.06433089216149454;0.278840345359195;0.017938030558533203;303.2;360.0;360.0;360.0;360.0;360.0
Ott-TO;287;400.23;400.88;650.0;1747.0;1715.186812149775;310.0;1.0185479433638782;0.9996551288786173;1.018197159123301;160.1;158.7;201.6;199.8;240.5;238.3
Ott-TO;288;400.89;400.99;100.0;1734.0;1752.4812995319285;100.0;0.9894542101323052;1.0071498520984348;0.9965283922099193;159.6;160.4;200.9;202.0;239.7;240.9
Ott-TO;289;401.0;401.52;520.0;1747.0;1781.8574655914272;320.0;0.980437567951117;0.9996551288786173;0.9800989617207734;160.2;161.7;201.7;203.6;240.6;242.9
Ott-TO;290;401.53;409.01;7480.0;2700.0;183107942846.021;40.0;1.4745400762163999e-08;0.6468091232862936;9.537409095504448e-09;199.1;360.0;250.7;360.0;299.0;360.0
Ott-TO;291;409.02;409.58;560.0;2191.0;1763.5028278744376;370.0;1.2424136584123473;0.7970741406199389;0.9903001400979314;179.3;160.9;225.8;202.6;269.4;241.7
Ott-TO;292;409.59;414.38;4790.0;1711.0;1582.1963125437705;370.0;1.0814081580364359;1.0206887504979294;1.1037836147786957;158.5;152.4;199.6;191.9;238.0;228.9
Ott-TO;293;414.39;414.43;40.0;1730.0;2083.354820137251;40.0;0.830391435620183;1.0094785824477932;0.8382590032748967;159.4;174.9;200.7;220.2;239.4;262.7
Ott-TO;294;414.44;415.0;560.0;1745.0;1871.9733177542416;560.0;0.9321714062107636;1.000800894531107;0.9329164228303526;160.1;165.8;201.5;208.7;240.4;249.0
Ott-TO;295;415.01;415.31;300.0;1735.0;1637.9125231457424;300.0;1.0592751294603897;1.0065693473355177;1.0662355494400817;159.6;155.1;201.0;195.3;239.7;232.9
Ott-TO;296;415.32;415.69;370.0;1888.0;1857.0690877788456;220.0;1.0166557681804662;0.9249969942218755;0.9404038727666935;166.5;165.1;209.6;207.9;250.1;248.0
Ott-TO;297;415.7;415.92;220.0;4307.0;11124.62434106947;220.0;0.38715914065516616;0.40547457715709945;0.15698291036710424;251.5;360.0;316.6;360.0;360.0;360.0
Ott-TO;298;415.93;416.22;290.0;50000.0;258512.77100454713;290.0;0.1934140421987915;0.03492750773198695;0.006755470353685516;360.0;360.0;360.0;360.0;360.0;360.0
Ott-TO;299;416.23;416.78;550.0;1900.0;1854.9823601604141;220.0;1.024268500232904;0.9191547822504683;0.9414617862569747;167.0;165.0;210.3;207.8;250.9;247.9
Ott-TO;300;416.79;417.04;250.0;1771.0;1758.4869901024858;250.0;1.0071157819011132;0.9861078000249209;0.9931249031278495;161.3;160.7;203.0;202.3;242.2;241.3
Ott-TO;301;417.05;417.44;390.0;1895.0;1659.8029110352875;190.0;1.141701817366985;0.9215800449767113;1.0521730544685737;166.8;156.1;210.0;196.6;250.5;234.5
Ott-TO;302;417.45;417.9;450.0;6165.0;33651.59560972045;450.0;0.1832008226741916;0.28327285291355797;0.05189576861402277;300.9;360.0;360.0;360.0;360.0;360.0
Ott-TO;303;417.91;418.35;440.0;4454.0;1678.6042945131783;150.0;2.653394855808903;0.3920922243452042;1.040387754147659;255.7;157.0;322.0;197.7;360.0;235.8
Ott-TO;304;418.36;420.22;1860.0;2727.0;2504.6777505354435;80.0;1.0887628156624256;0.6404050055553717;0.6972498299393564;200.1;191.8;251.9;241.4;300.5;288.0
Ott-TO;305;420.23;421.2;970.0;1754.0;4772.864443155341;970.0;0.36749419994849686;0.9956655266232171;0.36589732390724783;160.5;264.7;202.0;333.3;241.0;360.0
Ott-TO;306;421.21;421.8;590.0;1457.0;1038.655792771232;310.0;1.4027746344268548;1.1986322620642835;1.6814406091459342;146.3;123.5;184.1;155.5;219.7;185.5
Ott-TO;307;421.81;426.07;4260.0;2719.0;;0.0;;0.642289262126768;;199.8;199.8;251.6;251.6;300.1;300.1
Ott-TO;308;426.08;426.52;440.0;2039.0;1646.1726923665183;400.0;1.2386306791839425;0.8564941736222011;1.0608852369389594;173.0;155.5;217.8;195.7;259.8;233.5
Ott-TO;309;426.53;426.79;260.0;50000.0;1640.402358604079;70.0;30.480326816006368;0.03492750773198695;1.0646171492314314;360.0;155.2;360.0;195.4;360.0;233.1
Ott-TO;310;426.8;426.87;70.0;2525.0;2014.4687839997714;70.0;1.2534321802627082;0.6916380050885536;0.8669243387298923;192.5;172.0;242.4;216.5;289.2;258.3
Ott-TO;311;426.88;427.09;210.0;1019.0;1458.1866686216795;110.0;0.6988131368415187;1.7138768107442142;1.1976567826286149;122.3;146.3;154.0;184.2;183.7;219.8
Ott-TO;312;427.1;427.41;310.0;567.0;833.0659492135732;100.0;0.6806183838569522;3.0803980673168105;2.0964400051727363;91.2;110.6;114.9;139.2;137.0;166.1
Ott-TO;313;427.42;428.13;710.0;1031.0;853.590411967957;310.0;1.207839246487111;1.6939272193523884;2.046025973339342;123.0;112.0;154.9;141.0;184.8;168.1
Ott-TO;314;428.14;428.35;210.0;3928.0;3795.1073872609036;210.0;1.035016825396082;0.444597693735395;0.4601661758181671;240.1;236.1;302.4;297.2;360.0;354.5
Ott-TO;315;428.36;428.59;230.0;4298.0;3404.9643210881454;230.0;1.2622746069264132;0.4063236433443045;0.5128926548908813;251.2;223.6;316.3;281.5;360.0;335.8
Ott-TO;316;428.6;430.21;1610.0;1887.0;1922.5816772871578;170.0;0.9814927616821122;0.9254871993630474;0.9083586250556772;166.5;168.0;209.6;211.5;250.0;252.3
Ott-TO;317;430.22;430.85;630.0;1754.0;1271.121105160391;260.0;1.3798842556222675;0.9956655266232171;1.3739188140954175;160.5;136.6;202.0;172.0;241.0;205.2
Ott-TO;318;430.86;434.35;3490.0;2725.0;;0.0;;0.6408750324765393;;200.0;200.0;251.9;251.9;300.4;300.4
Ott-TO;319;434.36;434.56;200.0;1894.0;1734.1495251584593;200.0;1.092178023015019;0.9220666341689382;1.0070630094609787;166.7;159.6;209.9;200.9;250.4;239.7
Ott-TO;320;434.57;435.48;910.0;1747.0;1795.8465947553595;910.0;0.9728002409014153;0.9996551288786173;0.9724640883128369;160.2;162.4;201.7;204.4;240.6;243.9
Ott-TO;321;435.49;435.93;440.0;1891.0;1915.4584457423741;250.0;0.9872310225279282;0.9235294896672012;0.9117367119636597;166.6;167.7;209.8;211.1;250.3;251.9
Ott-TO;322;435.94;437.34;1400.0;3896.0;8589.44872501676;70.0;0.453579749379364;0.448249438722532;0.20331645624106584;239.2;355.1;301.1;360.0;359.2;360.0
Ott-TO;323;437.35;437.63;280.0;3688.0;;0.0;;0.4735304581897184;;232.7;232.7;293.0;293.0;349.5;349.5
Ott-TO;324;437.64;437.84;200.0;4320.0;2523.1954809618323;60.0;1.7121146707005168;0.4042543939619162;0.6921326513136067;251.8;192.5;317.1;242.3;360.0;289.1
Ott-TO;325;437.85;440.85;3000.0;1894.0;1810.6865858768606;180.0;1.0460120568479239;0.9220666341689382;0.9644937964074042;166.8;163.1;210.0;205.3;250.4;244.9
Ott-TO;326;440.86;441.26;400.0;1726.0;1632.9745997914258;340.0;1.0569668384434492;1.0118181068686423;1.0694598139561786;159.2;154.8;200.4;195.0;239.1;232.6
Ott-TO;327;441.27;441.7;430.0;1631.0;1462.011315537677;370.0;1.115586440861557;1.070754612577381;1.1945235781098495;154.7;146.5;194.8;184.5;232.4;220.0
Ott-TO;328;441.71;442.39;680.0;1755.0;1641.3678491095625;500.0;1.0692301551733712;0.9950981815735923;1.0639908988156654;160.5;155.2;202.1;195.5;241.1;233.2
Ott-TO;329;442.4;443.65;1250.0;752.0;538.7697091730299;260.0;1.3957726041322223;2.322466653829539;3.241845826205537;105.1;88.9;132.3;112.0;157.9;133.6
Ott-TO;330;443.66;444.25;590.0;2161.0;;0.0;;0.8081396741424149;;178.1;178.1;224.3;224.3;267.5;267.5
Ott-TO;331;444.26;444.75;490.0;2401.0;2083.4679985138896;200.0;1.1524055093299257;0.7273582200613209;0.8382134664653863;187.8;174.9;236.4;220.2;282.0;262.7
Ott-TO;332;444.76;444.8;40.0;1707.0;468.5530895804863;40.0;3.6431303900446865;1.0230805860912737;3.727823944880614;158.3;82.9;199.3;104.4;237.8;124.6
Ott-TO;333;444.81;445.02;210.0;3785.0;146369.89391148617;210.0;0.02585914288008497;0.46139500087621366;0.011931247034791306;235.7;360.0;296.8;360.0;354.1;360.0
Ott-TO;335;445.04;445.87;830.0;4494.0;1079.2567639906551;310.0;4.163976682789557;0.38860229346716224;1.6181815674198587;256.9;125.9;323.4;158.5;360.0;189.1
Ott-TO;336;445.88;445.92;40.0;1292.0;27193810252908.33;40.0;4.751081176135746e-11;1.351715061824947;6.421959053612128e-11;137.7;360.0;173.4;360.0;206.9;360.0
MTL-TO;0;0.0;0.69;690.0;686.0;;0.0;;2.5459461257600067;;100.3;100.3;126.3;126.3;150.7;150.7
MTL-TO;1;0.7;2.34;1640.0;493.0;381.42176741385055;1330.0;1.2925324198004797;3.5429079484489736;4.579812988357361;85.1;74.8;107.1;94.2;127.7;112.4
MTL-TO;2;2.35;2.79;440.0;686.0;447.3658951654302;140.0;1.5334204225521617;2.5459461257600067;3.904440039595128;100.3;81.0;126.3;102.0;150.7;121.7
MTL-TO;3;2.8;4.19;1390.0;895.0;923.801181317643;890.0;0.9688231819788723;1.9513516919633551;1.8905091464372243;114.7;116.5;144.4;146.6;172.2;174.9
MTL-TO;4;4.2;5.36;1160.0;598.0;331.51903013567573;210.0;1.8038180183963064;2.920676346017234;5.269655366340125;93.7;69.8;118.0;87.8;140.7;104.8
MTL-TO;5;5.37;5.66;290.0;3716.0;;0.0;;0.4699623937523888;;233.6;233.6;294.1;294.1;350.8;350.8
MTL-TO;6;5.67;5.68;10.0;4028.0;;0.0;;0.43355996180309153;;243.2;243.2;306.2;306.2;360.0;360.0
MTL-TO;7;5.69;6.07;380.0;4289.0;603.885792347827;50.0;7.1023363264185155;0.4071762729000453;2.8922038039530666;251.0;94.2;316.0;118.6;360.0;141.4
MTL-TO;8;6.08;6.53;450.0;6258.0;40556.52664982519;450.0;0.15430315455840382;0.27906313290822976;0.04306028017972817;303.1;360.0;360.0;360.0;360.0;360.0
MTL-TO;9;6.54;7.03;490.0;5253.0;4112.482343289457;490.0;1.27733071208721;0.3324534188900085;0.4246533385273503;277.7;245.7;349.7;309.4;360.0;360.0
MTL-TO;10;7.04;7.58;540.0;50000.0;82288.38004067283;540.0;0.6076192042580788;0.03492750773198695;0.021222624247542406;360.0;360.0;360.0;360.0;360.0;360.0
MTL-TO;11;7.59;7.95;360.0;3876.0;4568.678623784715;360.0;0.8483853470938832;0.4505623992114927;0.38225026142473856;238.5;259.0;300.3;326.1;358.3;360.0
MTL-TO;12;7.96;8.84;880.0;3485.0;10605.449456139077;60.0;0.32860464937510697;0.501113608523077;0.16466779345981686;226.2;360.0;284.8;360.0;339.7;360.0
MTL-TO;13;8.85;9.61;760.0;3929.0;1132.8130002054854;150.0;3.468357089199456;0.4444845351902762;1.5416737297443008;240.2;129.0;302.4;162.4;360.0;193.7
MTL-TO;14;9.62;9.91;290.0;2701.0;10256.46565195912;220.0;0.26334607765045;0.6465696505026237;0.17027074056992964;199.1;360.0;250.7;360.0;299.1;360.0
MTL-TO;15;9.92;10.29;370.0;1726.0;3675.8245362899197;370.0;0.46955451299699;1.0118181068686423;0.47509894597610164;159.2;232.3;200.4;292.5;239.1;348.9
MTL-TO;16;10.3;10.67;370.0;1655.0;1098.77350072248;150.0;1.5062248943133252;1.0552266110937927;1.5894370924090875;155.9;127.0;196.2;159.9;234.1;190.8
MTL-TO;17;10.68;11.14;460.0;1906.0;1728.7591054923923;260.0;1.1025249231917278;0.9162612636707218;1.010203199813227;167.3;159.3;210.6;200.6;251.2;239.3
MTL-TO;18;11.15;13.84;2690.0;6510.0;7842.198531581922;80.0;0.8301243552790811;0.2682606689226022;0.22268965159929394;309.2;339.3;360.0;360.0;360.0;360.0
MTL-TO;19;13.85;13.88;30.0;5855.0;;0.0;;0.29827110701018666;;293.2;293.2;360.0;360.0;360.0;360.0
MTL-TO;20;13.89;14.44;550.0;3916.0;33381.88650768878;550.0;0.11730912808352026;0.4459601041589539;0.05231506073873334;239.8;360.0;301.9;360.0;360.0;360.0
MTL-TO;21;14.45;14.75;300.0;2891.0;1863.4395211925632;210.0;1.5514321592523803;0.6040759073029635;0.9371888963809789;206.0;165.4;259.4;208.3;309.5;248.4
MTL-TO;22;14.76;15.23;470.0;50000.0;3962.875287396077;440.0;12.617101567396022;0.03492750773198695;0.4406849919724175;360.0;241.2;360.0;303.7;360.0;360.0
MTL-TO;23;15.24;15.35;110.0;5166.0;20006.45721541699;110.0;0.258216631979153;0.3380522440263886;0.0872905937142978;275.4;360.0;346.7;360.0;360.0;360.0
MTL-TO;24;15.36;21.68;6320.0;3899.0;46805.83809347915;6320.0;0.08330157430816727;0.44790454127006;0.03731105908045327;239.3;360.0;301.3;360.0;359.4;360.0
MTL-TO;25;21.69;22.96;1270.0;3463.0;3516.775241392386;810.0;0.9847089342647058;0.5042971402397348;0.4965858508720311;225.5;227.2;283.9;286.1;338.7;341.3
MTL-TO;26;22.97;27.64;4670.0;4280.0;80364.72834500784;4670.0;0.05325719489308606;0.4080324883037054;0.02173061996213799;250.7;360.0;315.6;360.0;360.0;360.0
MTL-TO;27;27.65;27.75;100.0;4200.0;3693.116208738844;100.0;1.1372509725152276;0.4158045694918002;0.47287445542867446;248.3;232.9;312.7;293.2;360.0;349.7
MTL-TO;28;27.76;27.95;190.0;4267.0;3648.1220830057337;190.0;1.1696428745839462;0.4092756204501396;0.47870668780356695;250.3;231.4;315.1;291.4;360.0;347.6
MTL-TO;29;27.96;30.83;2870.0;3884.0;146849.62069714893;2870.0;0.026448825550663527;0.4496343565463448;0.011892270163197369;238.8;360.0;300.7;360.0;358.7;360.0
MTL-TO;30;30.84;31.47;630.0;3544.0;3540.8328363735327;630.0;1.0008944685538195;0.4927710897052281;0.4932118606697709;228.1;228.0;287.2;287.1;342.6;342.4
MTL-TO;31;31.48;34.78;3300.0;3959.0;151406.32380379477;3300.0;0.02614818126837562;0.44111636086013645;0.011534362096861999;241.1;360.0;303.6;360.0;360.0;360.0
MTL-TO;32;34.79;34.88;90.0;3437.0;;0.0;;0.5081120402268746;;224.6;224.6;282.8;282.8;337.4;337.4
MTL-TO;33;34.89;35.11;220.0;974.0;1691.6746840117592;210.0;0.575760818084826;1.7930663513219594;1.032349185838505;119.6;157.6;150.6;198.4;179.6;236.7
MTL-TO;34;35.12;35.16;40.0;562.0;2337.9788307711597;40.0;0.24037856656496318;3.1078104356750913;0.7469647304402047;90.8;185.3;114.4;233.3;136.4;278.3
MTL-TO;35;35.17;35.43;260.0;1109.0;914.5005296742522;140.0;1.2126838246829983;1.5747793779174317;1.9097377704317795;127.6;115.9;160.6;145.9;191.6;174.0
MTL-TO;36;35.44;35.71;270.0;1027.0;926.0057444400335;270.0;1.1090643942182443;1.700525277135268;1.886007961011813;122.8;116.6;154.6;146.8;184.5;175.1
MTL-TO;37;35.72;36.35;630.0;1208.0;909.7758202550888;60.0;1.3277996327285255;1.445713318395525;1.9196564754544423;133.2;115.6;167.7;145.5;200.0;173.6
MTL-TO;38;36.36;36.73;370.0;3892.0;9113.164872154437;370.0;0.42707446365774954;0.44871012909104174;0.1916322373233416;239.1;360.0;301.0;360.0;359.0;360.0
MTL-TO;39;36.74;39.61;2870.0;3346.0;12854.169480069606;100.0;0.2603046431889648;0.5219310812230065;0.1358606459486374;221.7;360.0;279.1;360.0;332.9;360.0
MTL-TO;40;39.62;40.22;600.0;6248.0;142079.53725784158;600.0;0.043975368449161834;0.279509777732024;0.0122915332961587;302.9;360.0;360.0;360.0;360.0;360.0
MTL-TO;41;40.23;40.58;350.0;2699.0;1727.2611562001723;50.0;1.562589415220551;0.6470487735257617;1.0110793107683826;199.1;159.3;250.7;200.5;299.0;239.2
MTL-TO;42;40.59;40.85;260.0;1889.0;1814.0465345496593;260.0;1.0413183807707271;0.9245073081078123;0.962707333985238;166.6;163.2;209.7;205.5;250.2;245.1
MTL-TO;43;40.86;41.18;320.0;1842.0;1867.0053195907858;320.0;0.9866067229008932;0.9480973312677349;0.9353989170334959;164.5;165.6;207.1;208.5;247.0;248.7
MTL-TO;44;41.19;41.66;470.0;1892.0;1823.4343001974712;280.0;1.0376025063228784;0.923041355698101;0.9577508176842918;166.7;163.6;209.9;206.0;250.3;245.7
MTL-TO;45;41.67;43.07;1400.0;4296.0;67712.18846507944;1400.0;0.06344500299551735;0.406512807844977;0.02579115243341511;251.1;360.0;316.2;360.0;360.0;360.0
MTL-TO;46;43.08;43.42;340.0;3949.0;3459.3853960054116;340.0;1.1415322515265143;0.44223339947253154;0.5048240680130829;240.8;225.4;303.2;283.8;360.0;338.5
MTL-TO;47;43.43;43.77;340.0;50000.0;11665.44189448902;340.0;4.2861642492618275;0.03492750773198695;0.1497050752232943;360.0;360.0;360.0;360.0;360.0;360.0
MTL-TO;48;43.78;44.13;350.0;4424.0;3371.9950300056753;350.0;1.3119829538991208;0.3947510880666121;0.5179074374344251;254.9;222.5;320.9;280.1;360.0;334.2
MTL-TO;49;44.14;44.65;510.0;6166.0;66072.12340492591;510.0;0.0933222618291136;0.28322691171508385;0.026431349335351555;300.9;360.0;360.0;360.0;360.0;360.0
MTL-TO;50;44.66;44.86;200.0;4266.0;3674.759101337794;200.0;1.1608924237909812;0.409371559822235;0.47523669376050004;250.3;232.3;315.1;292.5;360.0;348.9
MTL-TO;51;44.87;44.92;50.0;4238.0;32903.36755622162;50.0;0.12880140589739258;0.41207624432481443;0.05307588711145043;249.5;360.0;314.1;360.0;360.0;360.0
MTL-TO;52;44.93;45.13;200.0;4261.0;3452.250244771692;200.0;1.2342674191864076;0.40985193215784843;0.505867451079481;250.1;225.1;314.9;283.5;360.0;338.1
MTL-TO;53;45.14;46.01;870.0;6167.0;279935.90494761046;870.0;0.022030042916981813;0.2831809854156981;0.006238482915395363;300.9;360.0;360.0;360.0;360.0;360.0
MTL-TO;54;46.02;46.38;360.0;4983.0;3435.380070030357;360.0;1.4504945299854313;0.3504672049190615;0.5083516385546993;270.5;224.6;340.6;282.8;360.0;337.3
MTL-TO;55;46.39;56.69;10300.0;3891.0;195872.84106839573;10300.0;0.019864928587222174;0.4488254496830086;0.008915862718869485;239.0;360.0;300.9;360.0;359.0;360.0
MTL-TO;56;56.7;57.15;450.0;3711.0;45409000032.64753;50.0;8.172388727635307e-08;0.47059559913367377;3.845879359385066e-08;233.4;360.0;293.9;360.0;350.6;360.0
MTL-TO;57;57.16;57.97;810.0;3880.0;12658.339926432445;810.0;0.30651728603827416;0.4500978995027207;0.1379624651891183;238.7;360.0;300.5;360.0;358.5;360.0
MTL-TO;58;57.98;58.99;1010.0;3362.0;3369.0660749623316;380.0;0.9979026606171829;0.5194471565841233;0.5183576921665356;222.2;222.4;279.7;280.0;333.7;334.0
MTL-TO;59;59.0;59.79;790.0;2501.0;1706.2481895491064;290.0;1.4657891010925643;0.6982751568693308;1.023531389867847;191.6;158.3;241.3;199.3;287.8;237.7
MTL-TO;60;59.8;96.75;36950.0;3879.0;461320.25666951056;36950.0;0.00840847533556046;0.4502139346187586;0.0037856030265922247;238.6;360.0;300.5;360.0;358.4;360.0
MTL-TO;61;96.76;97.21;450.0;3645.0;3336.880856622851;450.0;1.0923374722131933;0.479116720922934;0.5233574424314084;231.3;221.3;291.3;278.7;347.5;332.4
MTL-TO;62;97.22;102.46;5240.0;2739.0;;0.0;;0.6375992590975531;;200.5;200.5;252.5;252.5;301.2;301.2
MTL-TO;63;102.47;102.98;510.0;1719.0;1765.8327493038112;500.0;0.9734783776536735;1.015938474494009;0.9889934598095392;158.9;161.0;200.0;202.7;238.6;241.8
MTL-TO;64;102.99;103.62;630.0;1704.0;1716.4652874031847;540.0;0.9927378156175571;1.0248818322922342;1.0174387551512807;158.2;158.8;199.2;199.9;237.6;238.4
MTL-TO;65;103.63;104.5;870.0;1769.0;1777.2715369014138;780.0;0.9953459351991678;0.9872227035676087;0.9826279922499276;161.2;161.5;202.9;203.4;242.1;242.6
MTL-TO;66;104.51;104.9;390.0;1892.0;1774.6054538719031;220.0;1.066152476806583;0.923041355698101;0.984104282186474;166.7;161.4;209.8;203.2;250.3;242.4
MTL-TO;67;104.91;107.38;2470.0;2705.0;;0.0;;0.6456135299896726;;199.3;199.3;250.9;250.9;299.3;299.3
MTL-TO;68;107.39;107.58;190.0;1895.0;1585.789889604433;190.0;1.1949880702497717;0.9215800449767113;1.1012822406901246;166.8;152.6;210.0;192.1;250.5;229.2
MTL-TO;69;107.59;107.96;370.0;1752.0;1725.0761784753533;370.0;1.0156073232362657;0.9968021597584092;1.0123599749150551;160.4;159.1;201.9;200.4;240.9;239.0
MTL-TO;70;107.97;108.52;550.0;1901.0;1695.709593957401;210.0;1.1210646013764054;0.9186712606936023;1.029892663622462;167.1;157.8;210.3;198.7;250.9;237.0
MTL-TO;71;108.53;123.35;14820.0;2699.0;1961.8802943994847;40.0;1.3757210405266553;0.6470487735257617;0.8901628343631832;199.1;169.7;250.6;213.7;299.0;254.9
MTL-TO;72;123.36;123.55;190.0;1901.0;1691.0194785293706;190.0;1.1241739223803875;0.9186712606936023;1.0327491925594616;167.1;157.6;210.4;198.4;250.9;236.7
MTL-TO;73;123.56;123.9;340.0;1753.0;1780.9211038846047;340.0;0.9843220994890216;0.996233518982002;0.980614284679915;160.4;161.7;202.0;203.6;240.9;242.9
MTL-TO;74;123.91;124.31;400.0;1899.0;1712.8273572559867;200.0;1.1086931744494488;0.9196388130618056;1.019599783629673;167.0;158.6;210.3;199.7;250.8;238.2
MTL-TO;75;124.32;133.56;9240.0;2590.0;1768.1398619453319;230.0;1.4648162488404317;0.6742800916244319;0.9877029646929399;195.0;161.1;245.5;202.9;292.9;242.0
MTL-TO;77;133.58;133.81;230.0;2742.0;1999.5121473067313;60.0;1.3713345046157246;0.6369016597231025;0.8734091818216386;200.6;171.3;252.6;215.7;301.3;257.3
MTL-TO;78;133.82;138.72;4900.0;3883.0;4555597.39304665;4900.0;0.0008523580257392243;0.4497501527516002;0.0003833471680854752;238.8;360.0;300.6;360.0;358.6;360.0
MTL-TO;79;138.73;139.15;420.0;3458.0;1778.6104339961503;200.0;1.944214390011548;0.5050263195383821;0.9818882743497432;225.3;161.6;283.7;203.5;338.4;242.7
MTL-TO;80;139.16;160.38;21220.0;4282.0;395073.18376642605;21220.0;0.010838498222475132;0.4078419071679826;0.00442038445470485;250.8;360.0;315.7;360.0;360.0;360.0
MTL-TO;81;160.39;160.5;110.0;4188.0;3810.6406994661534;110.0;1.0990277830672182;0.41699599184785086;0.45829039071356203;248.0;236.5;312.2;297.8;360.0;355.3
MTL-TO;82;160.51;163.4;2890.0;3872.0;150858.8874998242;2890.0;0.025666369838532134;0.45102785863783296;0.011576217957534529;238.4;360.0;300.2;360.0;358.1;360.0
MTL-TO;83;163.41;164.46;1050.0;3484.0;3516.6956218829296;400.0;0.9907027433140706;0.5012574422786079;0.49659709386079415;226.2;227.2;284.8;286.1;339.7;341.3
MTL-TO;84;164.47;170.13;5660.0;3890.0;;0.0;;0.4489408295662232;;239.0;239.0;300.9;300.9;358.9;358.9
MTL-TO;85;170.14;170.6;460.0;3510.0;3118.299616226123;170.0;1.1256134534781899;0.49754440076775525;0.5600431410501912;227.0;214.0;285.8;269.4;341.0;321.4
MTL-TO;86;170.61;171.07;460.0;3895.0;;0.0;;0.4483645226059504;;239.2;239.2;301.1;301.1;359.2;359.2
MTL-TO;87;171.08;171.86;780.0;3285.0;1068.8571498373517;160.0;3.0733760825755616;0.5316230210370445;1.6339269820418627;219.6;125.3;276.5;157.7;329.8;188.1
MTL-TO;88;171.87;172.08;210.0;4281.0;3163.565184157459;210.0;1.3532201016240932;0.4079371754767523;0.5520297552339256;250.7;215.5;315.6;271.4;360.0;323.7
MTL-TO;89;172.09;173.29;1200.0;6301.0;322909.27013401454;1200.0;0.019513221151517095;0.2771587148484416;0.005408254025913513;304.2;360.0;360.0;360.0;360.0;360.0
MTL-TO;90;173.3;173.67;370.0;3902.0;4921.743861053697;370.0;0.7928084252569413;0.44756017416113264;0.354829141785071;239.3;268.8;301.3;338.5;359.5;360.0
MTL-TO;91;173.68;174.2;520.0;3624.0;3564.3840250629773;520.0;1.016725463507252;0.4818930758567017;0.4899530096223784;230.7;228.8;290.4;288.0;346.5;343.6
MTL-TO;92;174.21;177.68;3470.0;3828.0;84331.2285747718;3470.0;0.04539243723463516;0.45621211413253254;0.020708525164149998;237.1;360.0;298.5;360.0;356.1;360.0
MTL-TO;93;177.69;177.78;90.0;4008.0;3919.623589584492;90.0;1.0225471677051716;0.4357234450672527;0.4455478236175573;242.6;239.9;305.4;302.0;360.0;360.0
MTL-TO;94;177.79;181.21;3420.0;4290.0;305835.84369724034;3420.0;0.014027132817848682;0.40708135961660596;0.005710172291022548;251.0;360.0;316.0;360.0;360.0;360.0
MTL-TO;95;181.22;181.24;20.0;4019.0;;0.0;;0.4345308645993672;;242.9;242.9;305.9;305.9;360.0;360.0
MTL-TO;96;181.25;181.55;300.0;2757.0;;0.0;;0.633436435758645;;201.2;201.2;253.3;253.3;302.2;302.2
MTL-TO;97;181.56;181.94;380.0;1812.0;1733.0271620255332;380.0;1.0455693019157095;0.9637946740806153;1.007715232084612;163.1;159.5;205.4;200.8;245.0;239.6
MTL-TO;98;181.95;182.15;200.0;1888.0;1555.1731937251086;200.0;1.2140126949318557;0.9249969942218755;1.1229638723864295;166.5;151.1;209.7;190.3;250.1;226.9
MTL-TO;99;182.16;182.48;320.0;2771.0;;0.0;;0.6302360749705244;;201.7;201.7;254.0;254.0;303.0;303.0
MTL-TO;100;182.49;182.68;190.0;50000.0;107902.57068188723;190.0;0.46338098975794945;0.03492750773198695;0.016184742905834305;360.0;360.0;360.0;360.0;360.0;360.0
MTL-TO;101;182.69;183.47;780.0;1718.0;1814.9543249442302;440.0;0.9465802948252103;1.0165298395211313;0.9622258028499309;158.8;163.2;199.9;205.5;238.5;245.2
MTL-TO;102;183.48;183.52;40.0;1728.0;1265.0231518864334;40.0;1.3659829050742385;1.0106469907141116;1.3805420107599766;159.3;136.3;200.6;171.6;239.2;204.7
MTL-TO;103;183.53;183.97;440.0;1749.0;1002.3982246154361;180.0;1.7448155404215655;0.9985119837160124;1.742264303824946;160.2;121.3;201.8;152.7;240.7;182.2
MTL-TO;104;183.98;187.23;3250.0;6130.0;262932.23315566784;3250.0;0.023313992074797316;0.2848902379414375;0.0066419219111209455;300.0;360.0;360.0;360.0;360.0;360.0
MTL-TO;105;187.24;187.45;210.0;4267.0;;0.0;;0.4092756204501396;;250.3;250.3;315.2;315.2;360.0;360.0
MTL-TO;106;187.46;187.49;30.0;4251.0;;0.0;;0.4108160669167014;;249.8;249.8;314.6;314.6;360.0;360.0
MTL-TO;107;187.5;187.71;210.0;4260.0;3458.006879205937;210.0;1.2319235180290402;0.4099481419419875;0.5050253148548546;250.1;225.3;314.9;283.7;360.0;338.4
MTL-TO;108;187.72;190.73;3010.0;3858.0;2636.7899229412674;60.0;1.463142727614988;0.45266456750405787;0.6623148350276223;238.0;196.8;299.7;247.7;357.5;295.5
MTL-TO;109;190.74;190.82;80.0;4016.0;3808.7822181582146;80.0;1.054405258681865;0.43485546590640445;0.4585140130212559;242.8;236.5;305.7;297.7;360.0;355.2
MTL-TO;110;190.83;192.4;1570.0;3756.0;2763.7088995457298;80.0;1.359043277176324;0.4649574418171401;0.631898754078603;234.8;201.4;295.7;253.6;352.7;302.5
MTL-TO;111;192.41;192.48;70.0;4021.0;2496.639090111581;70.0;1.6105651857835372;0.43431473281831806;0.6994948577216605;243.0;191.5;305.9;241.1;360.0;287.6
MTL-TO;112;192.49;196.44;3950.0;3890.0;;0.0;;0.4489408295662232;;239.0;239.0;300.9;300.9;358.9;358.9
MTL-TO;113;196.45;197.41;960.0;3472.0;3542.820751173989;920.0;0.9800100665125322;0.5029899099836619;0.4929351124863861;225.8;228.1;284.3;287.2;339.1;342.5
MTL-TO;114;197.42;197.71;290.0;4298.0;7840.23045390705;290.0;0.548198171631315;0.4063236433443045;0.22274555188006234;251.2;339.3;316.3;360.0;360.0;360.0
MTL-TO;115;197.72;198.2;480.0;50000.0;70258.56745571707;480.0;0.7116569809299663;0.03492750773198695;0.024856404514002187;360.0;360.0;360.0;360.0;360.0;360.0
MTL-TO;116;198.21;198.57;360.0;3901.0;;0.0;;0.44767490434591023;;239.3;239.3;301.3;301.3;359.4;359.4
MTL-TO;117;198.58;199.37;790.0;3458.0;3492.9838353536234;710.0;0.9899845412968876;0.5050263195383821;0.4999682170330344;225.3;226.5;283.7;285.1;338.4;340.1
MTL-TO;118;199.38;199.69;310.0;4303.0;6131.576591508554;310.0;0.7017770936693676;0.40585150141624454;0.28481698492920776;251.4;300.0;316.5;360.0;360.0;360.0
MTL-TO;119;199.7;200.95;1250.0;3895.0;23268.484868130956;1250.0;0.16739379560268147;0.4483645226059504;0.07505325311532042;239.2;360.0;301.1;360.0;359.2;360.0
MTL-TO;120;200.96;201.46;500.0;3479.0;2699.180058495878;230.0;1.2889099373158077;0.5019778513707278;0.6470056093557142;226.0;199.1;284.5;250.6;339.4;299.0
MTL-TO;121;201.47;201.76;290.0;4261.0;6404.974131393684;290.0;0.6652642013204871;0.40985193215784843;0.2726594942620831;250.1;306.7;314.9;360.0;360.0;360.0
MTL-TO;122;201.77;201.97;200.0;50000.0;30495.55847946263;200.0;1.6395830243172207;0.03492750773198695;0.05726655025604048;360.0;360.0;360.0;360.0;360.0;360.0
MTL-TO;123;201.98;202.73;750.0;1198.0;1136.9798706129902;350.0;1.0536686101171795;1.4577816906064482;1.536023374546481;132.6;129.2;167.0;162.7;199.2;194.1
MTL-TO;124;202.74;203.2;460.0;1209.0;1127.9924605326985;250.0;1.071815674573787;1.4445174623719674;1.5482625598371118;133.2;128.7;167.7;162.0;200.1;193.3
MTL-TO;125;203.21;203.85;640.0;1701.0;1769.3579336120424;480.0;0.9613656839503957;1.026689432349893;0.9870229876586424;158.0;161.2;199.0;202.9;237.4;242.1
MTL-TO;126;203.86;203.89;30.0;1731.0;;0.0;;1.0088953908394067;;159.4;159.4;200.7;200.7;239.4;239.4
MTL-TO;127;203.9;204.36;460.0;1753.0;1555.3795456290554;240.0;1.12705609696765;0.996233518982002;1.122814884217939;160.4;151.1;202.0;190.3;241.0;227.0
MTL-TO;128;204.37;205.11;740.0;3906.0;15359.865122922676;740.0;0.25429910801565464;0.44710184088264077;0.11369732950910709;239.5;360.0;301.5;360.0;359.7;360.0
MTL-TO;129;205.12;205.4;280.0;2718.0;1015.8351607272147;180.0;2.6756309537998684;0.6425255741179591;1.719216802139401;199.8;122.1;251.5;153.8;300.0;183.4
MTL-TO;130;205.41;206.2;790.0;1892.0;1199.9053435988164;250.0;1.5767910444714068;0.923041355698101;1.455466737581848;166.7;132.7;209.8;167.1;250.3;199.3
MTL-TO;131;206.21;207.31;1100.0;3469.0;1713.3665946483152;150.0;2.0246688658664116;0.50342489973105;1.0192788827593953;225.7;158.6;284.1;199.7;338.9;238.2
MTL-TO;132;207.32;208.24;920.0;2571.0;1662.0652447072832;200.0;1.5468706828369996;0.6792631609535515;1.0507408403615217;194.3;156.2;244.6;196.7;291.8;234.6
MTL-TO;134;208.26;208.91;650.0;2748.0;3045.586943693896;450.0;0.9022891320472493;0.6355110304728181;0.5734141497277137;200.9;211.5;252.9;266.2;301.7;317.6
MTL-TO;135;208.92;211.89;2970.0;2717.0;2252.260026282281;40.0;1.206343836099976;0.6427620600625601;0.7753939003711238;199.7;181.8;251.5;229.0;299.9;273.1
MTL-TO;136;211.9;212.19;290.0;1887.0;1710.3270813685897;280.0;1.1032977379332836;0.9254871993630474;1.0210903454092488;166.4;158.5;209.6;199.5;249.9;238.0
MTL-TO;137;212.2;213.42;1220.0;1895.0;5305.432673119228;1000.0;0.35718104757059727;0.9215800449767113;0.3291678301928717;166.8;279.1;210.0;351.4;250.5;360.0
MTL-TO;138;213.43;213.92;490.0;6324.0;118559.350650007;490.0;0.053340373115476625;0.27615070365232136;0.014729967352161585;304.7;360.0;360.0;360.0;360.0;360.0
MTL-TO;139;213.93;214.72;790.0;1450.0;943.0124010388679;250.0;1.5376255905040168;1.204418975218205;1.8519919626203716;145.9;117.7;183.7;148.2;219.2;176.7
MTL-TO;140;214.73;215.42;690.0;2466.0;1741.259915949355;430.0;1.4162159120601523;0.7081859190197036;1.0029505879275484;190.3;159.9;239.6;201.3;285.8;240.1
MTL-TO;141;215.43;220.1;4670.0;2693.0;22650.80017463152;4670.0;0.11889204704636044;0.6484904126049688;0.07709994692710159;198.9;360.0;250.4;360.0;298.7;360.0
MTL-TO;142;220.11;220.66;550.0;2089.0;1371.3944842587098;280.0;1.5232670278159846;0.8359937055662047;1.2734565626611418;175.1;141.9;220.5;178.7;263.0;213.1
MTL-TO;143;220.67;221.44;770.0;4281.0;33071.79017468657;770.0;0.12944566887330805;0.4079371754767523;0.052805590871911806;250.7;360.0;315.6;360.0;360.0;360.0
MTL-TO;144;221.45;221.83;380.0;3917.0;;0.0;;0.4458462511197003;;239.8;239.8;302.0;302.0;360.0;360.0
MTL-TO;145;221.84;226.43;4590.0;3885.0;;0.0;;0.44951861995349435;;238.8;238.8;300.7;300.7;358.7;358.7
MTL-TO;146;226.44;227.23;790.0;3412.0;3519.0570573896166;550.0;0.9695779137298132;0.5118350429159262;0.49626385421033675;223.8;227.3;281.8;286.2;336.2;341.4
MTL-TO;147;227.24;230.17;2930.0;2816.0;22260.590506859546;2930.0;0.12650158580169993;0.620164731748642;0.07845144518705231;203.3;360.0;256.0;360.0;305.4;360.0
MTL-TO;148;230.18;230.69;510.0;2104.0;837.1516367380897;210.0;2.5132842219578135;0.8300335697839538;2.0862072741334736;175.7;110.9;221.3;139.6;264.0;166.5
MTL-TO;149;230.7;231.36;660.0;1855.0;763.6906111835151;200.0;2.42899411467852;0.9414528333682685;2.286909469469689;165.0;105.9;207.8;133.3;247.8;159.0
MTL-TO;150;231.37;231.97;600.0;6704.0;1671.468210503213;70.0;4.0108450509996185;0.260497742199026;1.0448296571882218;313.7;156.7;360.0;197.2;360.0;235.3
MTL-TO;151;231.98;232.62;640.0;2948.0;1684.599060487554;290.0;1.7499712953340925;0.592395908497343;1.036685358891958;208.0;157.3;261.9;198.0;312.5;236.2
MTL-TO;152;232.63;232.94;310.0;3903.0;3186.210050973564;310.0;1.224966319721268;0.4474455027675719;0.5481063679621605;239.4;216.3;301.4;272.3;359.5;324.8
MTL-TO;153;232.95;233.52;570.0;2982.0;1653.3099601005788;230.0;1.803654530586987;0.5856415029772062;1.0563053111601473;209.2;155.8;263.4;196.2;314.2;234.0
MTL-TO;154;233.53;234.29;760.0;6140.0;9952.960745985907;760.0;0.6169018603309876;0.28442624637227365;0.17546296891442228;300.2;360.0;360.0;360.0;360.0;360.0
MTL-TO;155;234.3;234.58;280.0;5476.0;3101.9881803365734;280.0;1.7653194279437392;0.318914830890874;0.5629880849273793;283.6;213.4;357.0;268.7;360.0;320.5
MTL-TO;156;234.59;239.64;5050.0;3910.0;653723.6127037284;5050.0;0.005981120956957136;0.44664444537757825;0.0026714276886743013;239.6;360.0;301.7;360.0;359.8;360.0
MTL-TO;157;239.65;240.15;500.0;3546.0;3542.754760994878;220.0;1.0009160213517605;0.49249315731684207;0.4929442943460424;228.2;228.1;287.3;287.2;342.7;342.5
MTL-TO;158;240.16;244.33;4170.0;3890.0;366857.6344777069;4170.0;0.010603568344810844;0.4489408295662232;0.0047603625928280095;239.0;360.0;300.9;360.0;359.0;360.0
MTL-TO;159;244.34;245.25;910.0;3444.0;3476.9079963181275;690.0;0.9905352697416856;0.5070792854297888;0.5022798858904028;224.9;225.9;283.1;284.5;337.7;339.3
MTL-TO;160;245.26;251.05;5790.0;1750.0;2509.6846805191894;50.0;0.6972987537374495;0.9979413910106072;0.6958587691172532;160.3;192.0;201.8;241.7;240.8;288.3
MTL-TO;161;251.06;251.3;240.0;1209.0;1047.7200032707074;240.0;1.1539342536420214;1.4445174623719674;1.6668928183820484;133.2;124.0;167.7;156.2;200.1;186.3
MTL-TO;162;251.31;251.8;490.0;1201.0;1153.3251998135204;340.0;1.0413368234685136;1.4541400751795046;1.514253036305517;132.8;130.1;167.2;163.8;199.4;195.4
MTL-TO;163;251.81;252.54;730.0;1718.0;1882.898492879353;650.0;0.9124230575875665;1.0165298395211313;0.9275032268641364;158.8;166.3;199.9;209.3;238.5;249.7
MTL-TO;164;252.55;252.59;40.0;1728.0;1559.0149872253262;40.0;1.1083921669511507;1.0106469907141116;1.1201965270177094;159.3;151.3;200.5;190.5;239.2;227.2
MTL-TO;165;252.6;252.87;270.0;1747.0;1758.1031409738828;270.0;0.9936845906732569;0.9996551288786173;0.9933417389138299;160.2;160.7;201.7;202.3;240.5;241.3
MTL-TO;166;252.88;253.21;330.0;2756.0;;0.0;;0.6336662771560234;;201.2;201.2;253.3;253.3;302.1;302.1
MTL-TO;167;253.22;253.61;390.0;50000.0;93287.51663932283;390.0;0.5359773933452942;0.03492750773198695;0.018720354343644434;360.0;360.0;360.0;360.0;360.0;360.0
MTL-TO;168;253.62;253.91;290.0;4269.0;6801.506691763388;290.0;0.627655046663374;0.40908387654780926;0.25676322909440574;250.4;316.0;315.2;360.0;360.0;360.0
MTL-TO;169;253.92;254.25;330.0;3940.0;3756.291413325291;330.0;1.0489069048325192;0.44324358232085226;0.4649213701914809;240.5;234.8;302.8;295.7;360.0;352.7
MTL-TO;170;254.26;254.65;390.0;2711.0;20872.185192252517;40.0;0.12988577741281673;0.6441846395318511;0.08366998944516595;199.5;360.0;251.2;360.0;299.7;360.0
MTL-TO;171;254.66;255.29;630.0;2034.0;1738.8426907866694;430.0;1.1697435373408036;0.8585996558796452;1.0043448597886333;172.8;159.8;217.6;201.2;259.6;240.0
MTL-TO;172;255.3;255.91;610.0;6155.0;161942.83764673513;610.0;0.038007238167745476;0.28373308594578966;0.010783899970593482;300.6;360.0;360.0;360.0;360.0;360.0
MTL-TO;173;255.92;256.32;400.0;4689.0;2347.9020305858608;40.0;1.9971020676829416;0.37244155133808277;0.7438077057859204;262.4;185.7;330.4;233.8;360.0;278.9
MTL-TO;174;256.33;258.73;2400.0;3881.0;20190.136388021252;2400.0;0.1922225746975432;0.4499819241836482;0.08649646995106551;238.7;360.0;300.6;360.0;358.5;360.0
MTL-TO;175;258.74;259.22;480.0;3515.0;3002.768593911748;270.0;1.1705863738973508;0.49683665180516723;0.581590889360825;227.2;210.0;286.0;264.4;341.2;315.4
MTL-TO;176;259.23;265.91;6680.0;2566.0;1715.6379487117115;240.0;1.4956535566999047;0.6805867602134988;1.0179294114610795;194.1;158.7;244.4;199.8;291.5;238.4
MTL-TO;178;265.93;266.16;230.0;2732.0;2961.7598835563786;60.0;0.9224245406145177;0.6392329490867467;0.5896437033386327;200.3;208.5;252.2;262.6;300.8;313.2
MTL-TO;179;266.17;269.55;3380.0;2699.0;2277.5922990099843;40.0;1.1850233253656468;0.6470487735257617;0.7667695365748585;199.1;182.9;250.7;230.2;299.0;274.6
MTL-TO;180;269.56;269.84;280.0;1886.0;1703.921034306162;280.0;1.1068588050900967;0.9259779243569636;1.0249293301876696;166.4;158.2;209.5;199.1;249.9;237.6
MTL-TO;181;269.85;270.27;420.0;1894.0;1571.1503199101526;210.0;1.205486181683946;0.9220666341689382;1.1115440222971342;166.7;151.9;209.9;191.2;250.4;228.1
MTL-TO;182;270.28;274.76;4480.0;1675.0;1869.0787878863323;460.0;0.8961633992402169;1.0426265405618789;0.9343612063608352;156.8;165.7;197.5;208.6;235.6;248.8
MTL-TO;183;274.77;274.78;10.0;1727.0;;0.0;;1.0112322097173303;;159.2;159.2;200.5;200.5;239.1;239.1
MTL-TO;184;274.79;275.24;450.0;1745.0;1461.9878101626803;160.0;1.1935804032496196;1.000800894531107;1.1945427839756775;160.1;146.5;201.5;184.5;240.4;220.0
MTL-TO;185;275.25;276.21;960.0;1289.0;1012.1248409071414;370.0;1.27355830812798;1.354861170386967;1.7255197058932723;137.6;121.9;173.2;153.5;206.6;183.1
MTL-TO;186;276.22;277.25;1030.0;1742.0;1369.6658418004104;130.0;1.2718430633490578;1.0025244761733143;1.2750638465791777;159.9;141.8;201.4;178.5;240.2;213.0
MTL-TO;187;277.26;277.92;660.0;1464.0;1434.956186116824;560.0;1.0202402095368308;1.1929008893443247;1.2170463521709889;146.6;145.2;184.6;182.8;220.2;218.0
MTL-TO;188;277.93;278.44;510.0;940.0;1589.4771223875932;280.0;0.5913894492473113;1.8579275271317157;1.0987274328785877;117.5;152.8;148.0;192.3;176.5;229.4
MTL-TO;189;278.45;278.56;110.0;1450.0;;0.0;;1.204418975218205;;145.9;145.9;183.7;183.7;219.2;219.2
MTL-TO;190;278.57;279.33;760.0;917.0;861.0064262044755;610.0;1.0650327013729244;1.9045319110538081;2.028401308611064;116.0;112.4;146.1;141.6;174.3;168.9
MTL-TO;191;279.34;280.26;920.0;1106.0;1383.3591241569573;840.0;0.7995031663769995;1.5790512014042997;1.2624420198164923;127.4;142.5;160.4;179.4;191.4;214.0
MTL-TO;192;280.27;281.78;1510.0;424.0;855.4690349331689;1350.0;0.4956345381140812;4.119697193709121;2.0415323933401464;78.9;112.1;99.3;141.1;118.5;168.3
MTL-TO;193;281.79;281.84;50.0;1389.0;;0.0;;1.2573149031417001;;142.8;142.8;179.8;179.8;214.5;214.5
MTL-TO;194;281.85;282.41;560.0;2376.0;859.6910170022552;160.0;2.7637836769367654;0.7350115043966216;2.0315052809024334;186.8;112.3;235.1;141.5;280.5;168.7
MTL-TO;195;282.42;282.75;330.0;50000.0;70600.36187157896;330.0;0.7082116673983807;0.03492750773198695;0.024736068298034573;360.0;360.0;360.0;360.0;360.0;360.0
MTL-TO;196;282.76;283.34;580.0;1105.0;984.1689125164736;170.0;1.1227747452158054;1.5804802975943246;1.774538027673826;127.4;120.2;160.4;151.3;191.3;180.5
MTL-TO;197;283.35;284.23;880.0;987.0;986.87623533663;820.0;1.0001254105215411;1.7694475795472586;1.7696695045328819;120.4;120.4;151.5;151.6;180.8;180.8
MTL-TO;198;284.24;284.57;330.0;1888.0;;0.0;;0.9249969942218755;;166.5;166.5;209.6;209.6;250.1;250.1
MTL-TO;199;284.58;286.68;2100.0;2756.0;;0.0;;0.6336662771560234;;201.2;201.2;253.3;253.3;302.1;302.1
MTL-TO;200;286.69;287.18;490.0;2397.0;1570.83875776498;390.0;1.5259363751697204;0.7285720173295304;1.1117644942607137;187.6;151.9;236.2;191.2;281.7;228.1
MTL-TO;201;287.19;288.29;1100.0;1608.0;1611.5786485975061;1010.0;0.9977794142404278;1.0860705879025736;1.0836588030459997;153.6;153.8;193.4;193.7;230.8;231.0
MTL-TO;202;288.3;288.54;240.0;1895.0;1655.087307664135;160.0;1.1449547049420974;0.9215800449767113;1.055170945163581;166.8;155.9;210.0;196.3;250.5;234.1
MTL-TO;203;288.55;288.94;390.0;3598.0;1815.615205304408;220.0;1.9816974375893461;0.48537537008503545;0.9618755463244049;229.8;163.3;289.4;205.6;345.2;245.2
MTL-TO;204;288.95;288.98;30.0;4038.0;;0.0;;0.43248625694190285;;243.5;243.5;306.6;306.6;360.0;360.0
MTL-TO;205;288.99;289.68;690.0;1730.0;1174.3437533533547;50.0;1.4731631986460194;1.0094785824477932;1.4871492077505053;159.4;131.3;200.7;165.3;239.4;197.2
MTL-TO;206;289.69;290.45;760.0;1624.0;1708.2505433795782;760.0;0.9506802185978539;1.0753700693823522;1.022331608948317;154.4;158.4;194.4;199.4;231.9;237.9
MTL-TO;207;290.46;290.93;470.0;1898.0;1520.787222532147;130.0;1.2480378397970655;0.9201233539325817;1.1483556439513698;167.0;149.4;210.2;188.1;250.7;224.4
MTL-TO;208;290.94;291.14;200.0;50000.0;102841.99618616207;200.0;0.48618270603665864;0.03492750773198695;0.016981150023470833;360.0;360.0;360.0;360.0;360.0;360.0
MTL-TO;209;291.15;291.68;530.0;1722.0;1335.1971359281615;170.0;1.2896971942670867;1.0141685005849073;1.3079815965307138;159.0;140.0;200.2;176.3;238.8;210.3
MTL-TO;210;291.69;292.54;850.0;1595.0;1667.294892881323;850.0;0.9566394084273916;1.09492284219607;1.0474449877644612;153.1;156.5;192.7;197.0;229.9;235.0
MTL-TO;211;292.55;292.93;380.0;1719.0;2078.54409250023;380.0;0.8270211857436505;1.015938474494009;0.8401991631933359;158.9;174.7;200.0;220.0;238.6;262.4
MTL-TO;212;292.94;299.43;6490.0;1217.0;3319.796877237307;6170.0;0.3665886935265666;1.4350213688404143;0.5260507067292904;133.7;220.8;168.3;278.0;200.8;331.6
MTL-TO;213;299.44;302.69;3250.0;3910.0;304135.62375316914;3250.0;0.012856106600564765;0.44664444537757825;0.005742094065596585;239.6;360.0;301.7;360.0;359.9;360.0
MTL-TO;214;302.7;303.17;470.0;3413.0;3242.3287383829934;300.0;1.0526384815939802;0.5116850756011758;0.5386195944325491;223.9;218.2;281.9;274.7;336.2;327.7
MTL-TO;215;303.18;305.34;2160.0;3882.0;125900.39948331857;2160.0;0.030833897397715197;0.44986600861532927;0.013871086755804713;238.7;360.0;300.6;360.0;358.6;360.0
MTL-TO;216;305.35;306.16;810.0;3020.0;2914.51188501976;420.0;1.0361940932622153;0.5782724409810774;0.599202675072923;210.6;206.9;265.1;260.5;316.3;310.7
MTL-TO;217;306.17;309.21;3040.0;1730.0;1650.4648336983682;230.0;1.0481895552560239;1.0094785824477932;1.0581262572437453;159.4;155.7;200.6;196.0;239.3;233.8
MTL-TO;218;309.22;309.86;640.0;1661.0;1649.4545964393506;430.0;1.0069995279564363;1.0514147280916937;1.0587743435763945;156.2;155.6;196.6;195.9;234.6;233.7
MTL-TO;219;309.87;316.26;6390.0;1691.0;1510.6987426367439;320.0;1.1193495779632159;1.0327610890586647;1.1560246478550875;157.5;148.9;198.4;187.5;236.6;223.7
MTL-TO;220;316.27;316.28;10.0;1726.0;;0.0;;1.0118181068686423;;159.2;159.2;200.4;200.4;239.1;239.1
MTL-TO;221;316.29;316.82;530.0;1748.0;1610.6512167319659;200.0;1.085275310906055;0.9990832292982836;1.0842828051150004;160.2;153.8;201.7;193.6;240.6;231.0
MTL-TO;222;316.83;317.2;370.0;50000.0;67643.35460613303;370.0;0.7391709103005758;0.03492750773198695;0.02581739750344493;360.0;360.0;360.0;360.0;360.0;360.0
MTL-TO;223;317.21;317.82;610.0;1719.0;1614.4545566052032;200.0;1.0647558910636852;1.015938474494009;1.0817283704587284;158.9;154.0;200.0;193.8;238.6;231.2
MTL-TO;224;317.83;318.35;520.0;1586.0;1632.2502399817351;520.0;0.9716647369080781;1.101136340330758;1.069934432489378;152.6;154.8;192.1;194.9;229.2;232.5
MTL-TO;225;318.36;319.12;760.0;1890.0;2464.2209590782886;590.0;0.7669766759499242;0.9240181401969692;0.7086971993831712;166.6;190.2;209.7;239.5;250.2;285.7
MTL-TO;226;319.13;320.0;870.0;6320.0;75840.22566864933;870.0;0.08333308536834362;0.2763254829173468;0.023027032895998983;304.6;360.0;360.0;360.0;360.0;360.0
MTL-TO;227;320.01;320.94;930.0;1998.0;1709.6924470823021;490.0;1.1686312373957743;0.8740702173306028;1.0214693820627705;171.3;158.4;215.6;199.5;257.2;238.0
MTL-TO;228;320.95;321.78;830.0;1101.0;1672.3250168221696;590.0;0.6583648447071442;1.5862226448022345;1.0442943297648337;127.1;156.7;160.0;197.3;190.9;235.3
MTL-TO;229;321.79;322.79;1000.0;867.0;866.6027181191256;660.0;1.0004584359967583;2.0143775142548344;2.0153010726162757;112.8;112.8;142.1;142.0;169.5;169.4
MTL-TO;230;322.8;324.98;2180.0;6132.0;72563.99981922543;2180.0;0.08450471329138834;0.284797318559633;0.024066691151919443;300.0;360.0;360.0;360.0;360.0;360.0
MTL-TO;231;324.99;325.24;250.0;5554.0;3100.0703306924897;250.0;1.79157225725242;0.31443600127504145;0.563336378700935;285.6;213.3;359.5;268.6;360.0;320.4
MTL-TO;232;325.25;327.92;2670.0;6133.0;177284.0263344598;2670.0;0.03459420528068123;0.2847508815948848;0.009850720326122128;300.1;360.0;360.0;360.0;360.0;360.0
MTL-TO;233;327.93;328.32;390.0;4833.0;3096.4457828205404;390.0;1.5608217740527137;0.3613445590177342;0.563995798013768;266.4;213.2;335.4;268.5;360.0;320.2
MTL-TO;234;328.33;330.61;2280.0;2713.0;;0.0;;0.6437097472222523;;199.6;199.6;251.3;251.3;299.7;299.7
MTL-TO;235;330.62;331.2;580.0;2092.0;1433.465229213771;280.0;1.459400589121665;0.8347948405966951;1.218312258005516;175.3;145.1;220.7;182.7;263.2;217.9
MTL-TO;236;331.21;332.22;1010.0;3891.0;;0.0;;0.4488254496830086;;239.0;239.0;301.0;301.0;359.0;359.0
MTL-TO;237;332.23;333.16;930.0;3199.0;3439.843450614933;740.0;0.9299841826895122;0.5459149626328178;0.5076920208361159;216.7;224.7;272.9;283.0;325.5;337.5
MTL-TO;238;333.17;335.3;2130.0;1706.0;1613.1106217101758;360.0;1.0575840100732492;1.0236802975767474;1.0826296203310675;158.3;153.9;199.3;193.8;237.7;231.1
MTL-TO;239;335.31;335.32;10.0;1736.0;;0.0;;1.0059895113826771;;159.6;159.6;201.0;201.0;239.7;239.7
MTL-TO;240;335.33;335.81;480.0;1760.0;1628.8727242673979;220.0;1.0805018549202965;0.9922711273430601;1.0721530378159763;160.7;154.6;202.4;194.7;241.4;232.3
MTL-TO;241;335.82;346.2;10380.0;2711.0;1401274.7007898276;10380.0;0.0019346670559826325;0.6441846395318511;0.0012462762359220743;199.5;360.0;251.2;360.0;299.7;360.0
MTL-TO;242;346.21;346.79;580.0;1960.0;1608.1721619157572;400.0;1.2187749834353077;0.8910168149288039;1.0859543157798124;169.6;153.7;213.6;193.5;254.8;230.8
MTL-TO;243;346.8;347.02;220.0;3906.0;10479.611105645414;220.0;0.37272375478664665;0.44710184088264077;0.16664511282983147;239.5;360.0;301.5;360.0;359.7;360.0
MTL-TO;244;347.03;348.54;1510.0;1732.0;2313.7611428899313;120.0;0.7485647363913716;1.0083128726885262;0.7547831774795669;159.5;184.3;200.8;232.1;239.5;276.8
MTL-TO;245;348.55;349.24;690.0;1648.0;;0.0;;1.0597088904666974;;155.6;155.6;195.9;195.9;233.6;233.6
MTL-TO;246;349.25;356.88;7630.0;6167.0;2410195.23857218;7630.0;0.002558713875666514;0.2831809854156981;0.0007245783792208279;300.9;360.0;360.0;360.0;360.0;360.0
MTL-TO;247;356.89;357.53;640.0;4339.0;4234.058574165108;640.0;1.02478506709265;0.4024842014890442;0.4124598419859437;252.4;249.3;317.8;313.9;360.0;360.0
MTL-TO;248;357.54;358.51;970.0;4276.0;22050.32426725139;970.0;0.19392005070649287;0.4084141854180284;0.0791995381758694;250.6;360.0;315.5;360.0;360.0;360.0
MTL-TO;249;358.52;358.94;420.0;3937.0;3382.163985904629;420.0;1.1640476382599079;0.44358133629246566;0.5163502646860438;240.4;222.8;302.7;280.6;360.0;334.7
MTL-TO;250;358.95;370.38;11430.0;4286.0;1404298.210917299;11430.0;0.0030520582926616066;0.4074612784915199;0.0012435929534171256;250.9;360.0;315.9;360.0;360.0;360.0
MTL-TO;251;370.39;370.74;350.0;4044.0;2530.540202017065;160.0;1.5980777530333536;0.43184458289759203;0.6901237589817057;243.7;192.8;306.8;242.7;360.0;289.5
MTL-TO;252;370.75;373.89;3140.0;2697.0;;0.0;;0.6475286071616798;;199.0;199.0;250.6;250.6;298.9;298.9
MTL-TO;253;373.9;374.17;270.0;1893.0;1619.024727875747;270.0;1.169222413596934;0.9225537374709947;1.078674785133212;166.7;154.2;209.9;194.1;250.4;231.6
MTL-TO;254;374.18;374.45;270.0;1845.0;2129.807375031752;270.0;0.86627552408231;0.9465556744988042;0.8199756858021646;164.6;176.8;207.2;222.6;247.2;265.6
MTL-TO;255;374.46;374.9;440.0;1895.0;1485.2986615433044;210.0;1.2758376810432146;0.9215800449767113;1.1757945045300064;166.8;147.7;210.0;185.9;250.5;221.8
MTL-TO;256;374.91;376.41;1500.0;2695.0;1973.332555652475;90.0;1.3657099976789813;0.6480091529924813;0.8849966597175819;198.9;170.2;250.5;214.3;298.8;255.6
MTL-TO;257;376.42;377.07;650.0;2236.0;2168.0925225342266;480.0;1.0313213005256796;0.7810325943478608;0.805495947756101;181.2;178.4;228.1;224.6;272.1;268.0
MTL-TO;258;377.08;377.82;740.0;6285.0;70355.23828125157;740.0;0.08933236747596719;0.27786429131907253;0.024822250849818844;303.8;360.0;360.0;360.0;360.0;360.0
MTL-TO;259;377.83;378.15;320.0;2737.0;;0.0;;0.6380651749515954;;200.5;200.5;252.4;252.4;301.1;301.1
MTL-TO;260;378.16;378.77;610.0;2057.0;1661.8285517821832;390.0;1.237793151281476;0.8489991913835804;1.0508905007429672;173.8;156.2;218.8;196.7;261.0;234.6
MTL-TO;261;378.78;386.93;8150.0;3905.0;1510810.2324492442;8150.0;0.0025847058195187255;0.44721633617343476;0.0011559197323923577;239.4;360.0;301.5;360.0;359.6;360.0
MTL-TO;262;386.94;387.44;500.0;3580.0;5252.474873535111;90.0;0.6815834604060708;0.4878158196117889;0.33248665666509414;229.3;277.7;288.7;349.6;344.3;360.0
MTL-TO;263;387.45;388.1;650.0;6157.0;13620.156868796383;650.0;0.4520505937861563;0.2836409197396833;0.1282199420163338;300.7;360.0;360.0;360.0;360.0;360.0
MTL-TO;264;388.11;388.27;160.0;5961.0;1193.1784250328337;160.0;4.995899921536015;0.2929671635690823;1.4636728340105492;295.9;132.4;360.0;166.6;360.0;198.8
MTL-TO;265;388.28;402.93;14650.0;3876.0;994792.8886937031;14650.0;0.003896288407418864;0.4505623992114927;0.0017555165295967145;238.6;360.0;300.4;360.0;358.3;360.0
MTL-TO;266;402.94;403.36;420.0;3659.0;3354.204080887949;420.0;1.0908698194152107;0.47728352252021894;0.5206544760412617;231.8;221.9;291.8;279.4;348.1;333.3
MTL-TO;267;403.37;421.13;17760.0;4271.0;;0.0;;0.4088923122241477;;250.4;250.4;315.3;315.3;360.0;360.0
MTL-TO;268;421.14;421.39;250.0;3951.0;2225.1995023244012;140.0;1.7755711323289711;0.44200953938987303;0.7848235678271239;240.8;180.8;303.2;227.6;360.0;271.5
MTL-TO;269;421.4;422.3;900.0;4262.0;5113.773517404711;900.0;0.8334354240551126;0.40975576752171483;0.34150474961419225;250.2;274.0;315.0;345.0;360.0;360.0
MTL-TO;270;422.31;424.25;1940.0;6187.0;136655.03588367964;1940.0;0.045274584723437164;0.2822655771109287;0.01277944388866305;301.4;360.0;360.0;360.0;360.0;360.0
MTL-TO;271;424.26;424.67;410.0;4683.0;3469.8154737465843;410.0;1.3496394939248633;0.3729187363032377;0.5033065843818854;262.2;225.7;330.2;284.2;360.0;339.0
MTL-TO;272;424.68;427.39;2710.0;1711.0;1664.9482141561468;410.0;1.0276595905219754;1.0206887504979294;1.048921361295026;158.5;156.4;199.6;196.9;238.1;234.8
MTL-TO;273;427.4;427.44;40.0;1729.0;1194.873172830526;40.0;1.4470154986442494;1.0100624486822658;1.4615967216750638;159.3;132.5;200.6;166.8;239.3;198.9
MTL-TO;274;427.45;427.7;250.0;1744.0;1820.4619567681964;250.0;0.9579985967386341;1.0013747628585297;0.9593146135058962;160.0;163.5;201.5;205.8;240.4;245.5
MTL-TO;275;427.71;427.99;280.0;1893.0;1854.7949127026266;280.0;1.0205980116916025;0.9225537374709947;0.9415569334824626;166.7;165.0;209.9;207.8;250.4;247.8
MTL-TO;276;428.0;428.36;360.0;2730.0;3035.50148744057;40.0;0.8993571610145517;0.6397012564765114;0.5753193347052296;200.2;211.1;252.1;265.8;300.7;317.1
MTL-TO;277;428.37;428.62;250.0;50000.0;11756.195764266115;250.0;4.253076505580058;0.03492750773198695;0.14854940183928542;360.0;360.0;360.0;360.0;360.0;360.0
MTL-TO;278;428.63;429.18;550.0;1721.0;1997.721652282521;230.0;0.8614813770645428;1.014757806223279;0.8741920061539789;159.0;171.3;200.1;215.6;238.7;257.2
MTL-TO;279;429.19;430.12;930.0;1328.0;1330.7907434334775;880.0;0.9979029434588061;1.3150705524935054;1.3123126544951078;139.6;139.8;175.8;176.0;209.7;209.9
MTL-TO;280;430.13;430.88;750.0;1771.0;1286.1683970276674;370.0;1.3769581060246678;0.9861078000249209;1.3578441454741264;161.3;137.4;203.0;173.0;242.2;206.4
MTL-TO;281;430.89;433.14;2250.0;2647.0;2053.5530721851073;270.0;1.2889854349775478;0.6597601087832622;0.8504242787842297;197.2;173.6;248.2;218.6;296.1;260.8
MTL-TO;283;433.16;433.44;280.0;2727.0;1961.4712102930635;90.0;1.3902829598975144;0.6404050055553717;0.8903484903101075;200.1;169.7;251.9;213.7;300.5;254.9
MTL-TO;284;433.45;434.96;1510.0;3908.0;;0.0;;0.4468730260884045;;239.5;239.5;301.6;301.6;359.8;359.8
MTL-TO;285;434.97;436.01;1040.0;3372.0;3478.229212363212;710.0;0.9694588234767206;0.5179066740849142;0.5020890921124732;222.5;226.0;280.1;284.5;334.2;339.4
MTL-TO;286;436.02;437.87;1850.0;1746.0;;0.0;;1.0002276835807777;;160.1;160.1;201.6;201.6;240.5;240.5
MTL-TO;287;437.88;438.41;530.0;1318.0;897.9304909692913;390.0;1.467819628863761;1.325048769085835;1.9449826370435659;139.1;114.8;175.1;144.6;208.9;172.4
MTL-TO;288;438.42;439.51;1090.0;740.0;610.2482820785831;360.0;1.2126211932616444;2.3601335589495935;2.862043187366901;104.2;94.7;131.2;119.2;156.5;142.2
MTL-TO;289;439.52;443.39;3870.0;3888.0;26222.20400888021;3870.0;0.14827128942644638;0.4491717673893952;0.06659911032962458;238.9;360.0;300.8;360.0;358.8;360.0
MTL-TO;290;443.4;446.22;2820.0;3069.0;3244.3823835064745;730.0;0.9459427518784256;0.5690396014863378;0.5382786538432099;212.3;218.3;267.3;274.8;318.8;327.8
MTL-TO;291;446.23;447.81;1580.0;2723.0;;0.0;;0.6413457498630432;;199.9;199.9;251.7;251.7;300.3;300.3
MTL-TO;292;447.82;448.39;570.0;2138.0;1730.7436754539758;380.0;1.2353071285609063;0.8168335589183023;1.0090448129290759;177.2;159.4;223.1;200.7;266.1;239.4
MTL-TO;293;448.4;449.8;1400.0;2756.0;;0.0;;0.6336662771560234;;201.2;201.2;253.3;253.3;302.1;302.1
MTL-TO;294;449.81;450.3;490.0;1925.0;1718.8435684652106;480.0;1.1199390307047374;0.9072174561103984;1.0160309372301937;168.1;158.9;211.6;200.0;252.5;238.6
MTL-TO;295;450.31;450.64;330.0;2783.0;;0.0;;0.6275185368237789;;202.1;202.1;254.5;254.5;303.6;303.6
MTL-TO;296;450.65;451.01;360.0;50000.0;42706.794257196365;360.0;1.17077389838444;0.03492750773198695;0.0408922146229539;360.0;360.0;360.0;360.0;360.0;360.0
MTL-TO;297;451.02;451.47;450.0;2686.0;2311.078555512028;140.0;1.162227910251587;0.6501804652998048;0.755659305706879;198.6;184.2;250.0;231.9;298.3;276.7
MTL-TO;298;451.48;452.25;770.0;2362.0;2352.1946169128373;610.0;1.0041686104613368;0.7393681104252213;0.7424502911044139;186.2;185.8;234.5;234.0;279.7;279.1
MTL-TO;299;452.26;453.62;1360.0;4276.0;71224.07056091985;1360.0;0.06003588346361955;0.4084141854180284;0.02451945471708356;250.6;360.0;315.5;360.0;360.0;360.0
MTL-TO;300;453.63;454.01;380.0;3998.0;;0.0;;0.43681330387891315;;242.3;242.3;305.0;305.0;360.0;360.0
MTL-TO;301;454.02;454.68;660.0;6250.0;49623.28140063718;660.0;0.1259489462121654;0.27942033442585046;0.03519266234959308;302.9;360.0;360.0;360.0;360.0;360.0
MTL-TO;302;454.69;455.14;450.0;4391.0;3464.1736504815763;450.0;1.2675461576210476;0.3977178013479787;0.5041262849477494;253.9;225.5;319.7;284.0;360.0;338.7
MTL-TO;303;455.15;456.42;1270.0;3868.0;34437.360440712124;1270.0;0.11231987441834303;0.45149428075917947;0.05071165136387819;238.3;360.0;300.1;360.0;357.9;360.0
MTL-TO;304;456.43;457.13;700.0;3465.0;3290.312652008555;270.0;1.0530914130256916;0.5040060577617773;0.5307646380737857;225.6;219.8;284.0;276.7;338.8;330.1
MTL-TO;305;457.14;459.2;2060.0;2731.0;;0.0;;0.6394670170411161;;200.2;200.2;252.1;252.1;300.8;300.8
MTL-TO;306;459.21;459.41;200.0;1894.0;1775.3095121828355;200.0;1.0668562225362204;0.9220666341689382;0.9837139931591944;166.7;161.4;209.9;203.3;250.4;242.5
MTL-TO;307;459.42;459.81;390.0;1745.0;1764.2187173191205;390.0;0.9891063862261222;1.000800894531107;0.98989828342949;160.0;160.9;201.5;202.6;240.4;241.7
MTL-TO;308;459.82;460.07;250.0;1736.0;1760.8835950200537;250.0;0.9858686882594472;1.0059895113826771;0.9917732024790241;159.7;160.8;201.0;202.4;239.8;241.5
MTL-TO;309;460.08;460.59;510.0;1907.0;1451.0446536826769;170.0;1.314225578902849;0.9157807808308528;1.2035518433911363;167.3;146.0;210.7;183.8;251.3;219.2
MTL-TO;310;460.6;460.94;340.0;50000.0;120415.30492590762;340.0;0.4152296091494794;0.03492750773198695;0.01450293519827507;360.0;360.0;360.0;360.0;360.0;360.0
MTL-TO;311;460.95;461.28;330.0;2726.0;;0.0;;0.6406399328027739;;200.0;200.0;251.9;251.9;300.4;300.4
MTL-TO;312;461.29;461.94;650.0;1995.0;1723.3413608412538;450.0;1.1576348396966085;0.8753846341842149;1.0133791030681063;171.2;159.1;215.5;200.3;257.1;238.9
MTL-TO;313;461.95;462.83;880.0;2741.0;3088.037021894252;60.0;0.8876188920554541;0.6371340231750119;0.5655315776195314;200.6;212.9;252.6;268.1;301.3;319.8
MTL-TO;314;462.84;463.55;710.0;2082.0;1909.1709710286545;530.0;1.0905256949712712;0.8388044934073492;0.9147393990853927;174.8;167.4;220.1;210.8;262.6;251.5
MTL-TO;315;463.56;465.92;2360.0;3887.0;102578.50657016877;2360.0;0.03789292835279386;0.44928732542096983;0.017024768875814198;238.9;360.0;300.8;360.0;358.8;360.0
MTL-TO;316;465.93;467.16;1230.0;3546.0;2892.253224050954;140.0;1.2260337270999369;0.49249315731684207;0.6038141565484232;228.2;206.1;287.3;259.5;342.7;309.5
MTL-TO;317;467.17;468.39;1220.0;1753.0;1753.0634284318207;980.0;0.9999638185186046;0.996233518982002;0.9961974728693712;160.4;160.4;202.0;202.0;240.9;241.0
MTL-TO;318;468.4;469.07;670.0;1888.0;1755.372230470317;210.0;1.075555353575434;0.9249969942218755;0.9948871635537403;166.5;160.5;209.6;202.1;250.0;241.1
MTL-TO;319;469.08;469.44;360.0;3881.0;;0.0;;0.4499819241836482;;238.7;238.7;300.5;300.5;358.5;358.5
MTL-TO;320;469.45;469.91;460.0;3579.0;3694.6357229442333;190.0;0.9687017255243545;0.4879521199100855;0.47267997251278543;229.2;232.9;288.6;293.2;344.3;349.8
MTL-TO;321;469.92;470.87;950.0;1759.0;950.3950787521778;40.0;1.850809246939158;0.9928352523856847;1.837604433884767;160.7;118.1;202.3;148.7;241.3;177.4
MTL-TO;322;470.88;471.11;230.0;1211.0;1109.9628888821103;230.0;1.091027467791872;1.442131675762664;1.5734131764793464;133.3;127.7;167.9;160.7;200.2;191.7
MTL-TO;323;471.12;471.32;200.0;1171.0;1196.4383265209613;200.0;0.9787382885042377;1.4913959545805053;1.4596845902500335;131.1;132.5;165.1;166.9;196.9;199.1
MTL-TO;324;471.33;471.85;520.0;1209.0;1135.813113951553;250.0;1.064435676212459;1.4445174623719674;1.5376013392591688;133.3;129.1;167.8;162.6;200.1;194.0
MTL-TO;325;471.86;474.19;2330.0;2744.0;;0.0;;0.6364374409104744;;200.7;200.7;252.7;252.7;301.4;301.4
MTL-TO;326;474.2;474.39;190.0;1903.0;1715.2097962401492;190.0;1.1094852677331362;0.917705742131872;1.0181835147566103;167.2;158.7;210.5;199.8;251.1;238.3
MTL-TO;327;474.4;474.9;500.0;1746.0;1745.6513422015364;500.0;1.0001997293445917;1.0002276835807777;1.0004274634756871;160.1;160.1;201.6;201.6;240.5;240.4
MTL-TO;328;474.91;475.32;410.0;1898.0;1729.4783410655596;220.0;1.097440745531749;0.9201233539325817;1.00978307724144;167.0;159.4;210.2;200.6;250.8;239.3
MTL-TO;329;475.33;476.59;1260.0;6253.0;541290.4441842441;1260.0;0.011552023626472164;0.27928627674738166;0.0032263184738488466;303.0;360.0;360.0;360.0;360.0;360.0
MTL-TO;330;476.6;477.15;550.0;1888.0;1749.2699623240785;220.0;1.0793073914626676;0.9249969942218755;0.9983578808945112;166.5;160.3;209.6;201.8;250.1;240.7
MTL-TO;331;477.16;477.47;310.0;1764.0;1769.771749078597;310.0;0.9967387042529061;0.9900210233872254;0.9867921920907661;161.0;161.2;202.6;203.0;241.7;242.1
MTL-TO;332;477.48;477.67;190.0;1900.0;1650.2633044307559;190.0;1.1513314238392938;0.9191547822504683;1.0582554787268423;167.0;155.7;210.3;196.0;250.8;233.8
MTL-TO;333;477.68;478.02;340.0;2697.0;2071.126710802942;40.0;1.3021897626700094;0.6475286071616798;0.8432082452280354;199.0;174.4;250.6;219.6;298.9;261.9
MTL-TO;334;478.03;478.89;860.0;2742.0;;0.0;;0.6369016597231025;;200.6;200.6;252.6;252.6;301.3;301.3
MTL-TO;335;478.9;479.1;200.0;1896.0;1725.0703845621333;200.0;1.0990855891838018;0.9210939690808141;1.012363375169618;166.8;159.1;210.0;200.4;250.6;239.0
MTL-TO;336;479.11;479.41;300.0;1764.0;1812.494745629402;300.0;0.9732442007093589;0.9900210233872254;0.963531586729217;160.9;163.1;202.6;205.4;241.7;245.0
MTL-TO;337;479.42;479.62;200.0;1892.0;1748.2536078258615;200.0;1.082222848865104;0.923041355698101;0.9989382950945781;166.7;160.2;209.8;201.7;250.3;240.6
MTL-TO;338;479.63;479.97;340.0;2717.0;1661.1412553836194;40.0;1.6356224921838711;0.6427620600625601;1.0513253183815758;199.7;156.2;251.5;196.6;299.9;234.6
MTL-TO;339;479.98;480.72;740.0;1755.0;1494.3574628806373;40.0;1.1744177973434338;0.9950981815735923;1.168666585329105;160.5;148.1;202.1;186.5;241.1;222.5
MTL-TO;340;480.73;481.3;570.0;1268.0;769.1298570234212;210.0;1.6486162751596152;1.3773007946551408;2.270734441404284;136.5;106.3;171.8;133.8;204.9;159.6
MTL-TO;341;481.31;481.72;410.0;1745.0;1827.8020546148132;410.0;0.9546985657414294;1.000800894531107;0.955462102987466;160.1;163.8;201.6;206.3;240.4;246.0
MTL-TO;342;481.73;482.18;450.0;1891.0;1828.0025947674212;290.0;1.0344624265922302;0.9235294896672012;0.9553572820445335;166.6;163.8;209.8;206.3;250.2;246.1
MTL-TO;343;482.19;483.14;950.0;1744.0;1760.8324235032878;760.0;0.9904406442778929;1.0013747628585297;0.9918020251004479;160.0;160.8;201.5;202.4;240.3;241.5
MTL-TO;344;483.15;483.41;260.0;1740.0;1777.0453007301576;260.0;0.9791534291697931;1.0036768326084826;0.9827530939818143;159.8;161.5;201.2;203.4;240.0;242.6
MTL-TO;345;483.42;483.8;380.0;1744.0;1732.8266298120761;380.0;1.006448060063075;1.0013747628585297;1.0078318534319608;160.0;159.5;201.5;200.8;240.3;239.6
MTL-TO;346;483.81;484.14;330.0;1903.0;1656.3313952101996;200.0;1.1489246690023023;0.917705742131872;1.0543783730389866;167.1;155.9;210.4;196.3;251.0;234.2
MTL-TO;347;484.15;484.35;200.0;4424.0;31586.28330950016;200.0;0.14006079653788833;0.3947510880666121;0.05528904462119134;254.9;360.0;320.9;360.0;360.0;360.0
MTL-TO;348;484.36;486.99;2630.0;3879.0;110417.56891784562;2630.0;0.03513027897658303;0.4502139346187586;0.015816100483092826;238.6;360.0;300.5;360.0;358.4;360.0
MTL-TO;349;487.0;487.44;440.0;3698.0;3753.528478945182;440.0;0.9852063253931174;0.47224994671690174;0.4652635959934314;233.0;234.8;293.4;295.6;350.0;352.6
MTL-TO;350;487.45;491.0;3550.0;2751.0;1114.1551734186176;50.0;2.4691354181473395;0.6348179906305891;1.5674924500782426;201.0;127.9;253.0;161.0;301.8;192.1
MTL-TO;351;491.01;491.38;370.0;1744.0;1785.350717837075;370.0;0.9768388824537675;1.0013747628585297;0.9781812342354909;160.0;161.9;201.5;203.8;240.3;243.2
MTL-TO;352;491.39;491.56;170.0;1738.0;1678.4802193315454;170.0;1.0354605195717816;1.0048318412891977;1.0404646629163465;159.7;157.0;201.1;197.7;239.9;235.8
MTL-TO;353;491.57;491.76;190.0;1744.0;1773.5536888259585;190.0;0.9833364566225665;1.0013747628585297;0.9846878968586719;160.0;161.4;201.5;203.2;240.3;242.4
MTL-TO;354;491.77;492.21;440.0;1898.0;1769.960967413554;210.0;1.072340031754231;0.9201233539325817;0.9866866960974543;166.9;161.2;210.2;203.0;250.7;242.1
MTL-TO;355;492.22;494.39;2170.0;6360.0;97434.63660855943;2170.0;0.06527452886750221;0.2745875834615536;0.017923558063808145;305.6;360.0;360.0;360.0;360.0;360.0
MTL-TO;356;494.4;494.73;330.0;2751.0;;0.0;;0.6348179906305891;;201.0;201.0;253.0;253.0;301.8;301.8
MTL-TO;357;494.74;495.05;310.0;1745.0;1716.0747094925807;310.0;1.0168554960616907;1.000800894531107;1.0176703298883172;160.1;158.7;201.5;199.9;240.4;238.4
MTL-TO;358;495.06;495.15;90.0;1733.0;1822.9144144597553;90.0;0.9506754602703591;1.007731026829267;0.9580239696139089;159.5;163.6;200.9;206.0;239.6;245.7
MTL-TO;359;495.16;495.68;520.0;1744.0;1780.6322493456241;330.0;0.97942739195076;1.0013747628585297;0.9807733640200728;160.0;161.7;201.5;203.6;240.4;242.8
MTL-TO;360;495.69;503.17;7480.0;2734.0;17941.489336657865;40.0;0.15238422790319417;0.6387653268684098;0.09733726876287316;200.3;360.0;252.2;360.0;300.9;360.0
MTL-TO;361;503.18;503.75;570.0;2194.0;1760.9318844399197;380.0;1.2459312136867926;0.7959842313636382;0.9917460047499085;179.5;160.8;226.0;202.5;269.6;241.5
MTL-TO;362;503.76;508.55;4790.0;1711.0;1584.576924990303;380.0;1.0797834885866906;1.0206887504979294;1.1021252780598585;158.5;152.5;199.5;192.0;238.0;229.1
MTL-TO;363;508.56;508.59;30.0;1730.0;;0.0;;1.0094785824477932;;159.4;159.4;200.7;200.7;239.4;239.4
MTL-TO;364;508.6;509.16;560.0;1744.0;1873.3309275579784;560.0;0.9309620496542111;1.0013747628585297;0.9322403199511097;160.0;165.8;201.5;208.8;240.3;249.1
MTL-TO;365;509.17;509.48;310.0;1735.0;1639.7930220317257;310.0;1.0580603629172123;1.0065693473355177;1.0650127655264083;159.6;155.2;201.0;195.4;239.7;233.0
MTL-TO;366;509.49;509.83;340.0;1896.0;1848.6382678479176;210.0;1.0256197942971386;0.9210939690808141;0.9446927350401432;166.8;164.8;210.0;207.4;250.6;247.4
MTL-TO;367;509.84;510.08;240.0;3931.0;8616.548892071525;240.0;0.4562151331395671;0.4442583908185265;0.20267699887214813;240.2;355.7;302.5;360.0;360.0;360.0
MTL-TO;368;510.09;510.39;300.0;50000.0;207185.70121348495;300.0;0.24132939535474895;0.03492750773198695;0.008429034199296014;360.0;360.0;360.0;360.0;360.0;360.0
MTL-TO;369;510.4;510.95;550.0;1888.0;1842.73205698201;230.0;1.0245656675079116;0.9249969942218755;0.9477206747177496;166.5;164.5;209.6;207.1;250.1;247.0
MTL-TO;370;510.96;511.2;240.0;1773.0;1756.1492675771738;240.0;1.009595273439412;0.9849954118680859;0.994446948323123;161.3;160.6;203.1;202.2;242.3;241.2
MTL-TO;371;511.21;511.61;400.0;1888.0;1645.2039783804485;200.0;1.1475780661912585;0.9249969942218755;1.0615099155613803;166.5;155.4;209.6;195.7;250.0;233.4
MTL-TO;372;511.62;512.06;440.0;6245.0;34424.40614709536;440.0;0.18141198931116306;0.27964405010950577;0.05073073473344051;302.8;360.0;360.0;360.0;360.0;360.0
MTL-TO;373;512.07;512.52;450.0;4447.0;1672.7059533400475;150.0;2.658566492885532;0.3927094171284117;1.0440564990485883;255.5;156.7;321.7;197.3;360.0;235.4
MTL-TO;374;512.53;514.39;1860.0;2698.0;2470.199001427045;90.0;1.092219695029167;0.6472886014183518;0.7069820842495979;199.0;190.4;250.6;239.8;298.9;286.0
MTL-TO;375;514.4;515.42;1020.0;1728.0;5106.3509680578045;1020.0;0.3384021213601076;1.0106469907141116;0.3420011595540657;159.3;273.8;200.5;344.7;239.2;360.0
MTL-TO;376;515.43;515.99;560.0;1596.0;1063.1457597989706;250.0;1.501205253644417;1.0942367794557437;1.6427053003408179;153.1;124.9;192.7;157.3;229.9;187.6
MTL-TO;377;516.0;520.23;4230.0;2738.0;;0.0;;0.6378321319400104;;200.5;200.5;252.5;252.5;301.1;301.1
MTL-TO;378;520.24;520.69;450.0;2041.0;1646.1095095427024;400.0;1.2398932076924822;0.8556548692615654;1.060925958191003;173.1;155.5;218.0;195.7;260.0;233.5
MTL-TO;379;520.7;520.95;250.0;50000.0;1721.5339568304407;70.0;29.04386509578716;0.03492750773198695;1.0144430572652587;360.0;159.0;360.0;200.2;360.0;238.8
MTL-TO;380;520.96;521.03;70.0;2529.0;2093.37786650218;70.0;1.2080953183219139;0.690544060629944;0.8342453668520275;192.7;175.3;242.6;220.7;289.4;263.3
MTL-TO;381;521.04;521.25;210.0;1133.0;1449.30420902403;110.0;0.7817544397825001;1.5414192636707564;1.2049972214772346;129.0;145.9;162.4;183.7;193.7;219.1
MTL-TO;382;521.26;521.57;310.0;681.0;820.9656366236844;90.0;0.8295109680847189;2.564641938873131;2.1273432144402995;99.9;109.8;125.9;138.2;150.1;164.9
MTL-TO;383;521.58;522.29;710.0;1030.0;854.3799360577511;320.0;1.205552654656883;1.6955719288607412;2.04413506020887;123.0;112.0;154.8;141.0;184.7;168.2
MTL-TO;384;522.3;522.51;210.0;3924.0;3794.5261309880016;210.0;1.0341212221348668;0.445050904671211;0.46023666575686667;240.0;236.0;302.2;297.2;360.0;354.5
MTL-TO;385;522.52;522.76;240.0;4285.0;3417.852839350798;240.0;1.253711087459784;0.40755636903909226;0.5109585545789528;250.8;224.0;315.8;282.0;360.0;336.4
MTL-TO;386;522.77;524.37;1600.0;1893.0;1919.8318394194453;170.0;0.9860238595545122;0.9225537374709947;0.9096597241026417;166.7;167.9;209.9;211.4;250.4;252.2
MTL-TO;387;524.38;525.01;630.0;1753.0;1239.3745130199386;270.0;1.414423147792937;0.996233518982002;1.409113511844504;160.4;134.9;202.0;169.8;241.0;202.6
MTL-TO;388;525.02;528.51;3490.0;2744.0;;0.0;;0.6364374409104744;;200.7;200.7;252.7;252.7;301.5;301.5
MTL-TO;389;528.52;528.72;200.0;1898.0;1731.7034545010147;200.0;1.0960306137097262;0.9201233539325817;1.0084855456496207;167.0;159.5;210.2;200.8;250.7;239.5
MTL-TO;390;528.73;529.64;910.0;1747.0;1795.2615379243298;910.0;0.9731172662562975;0.9996551288786173;0.9727810117309644;160.2;162.4;201.7;204.4;240.5;243.8
MTL-TO;391;529.65;530.09;440.0;1888.0;1914.8372935716202;250.0;0.9859845566713596;0.9249969942218755;0.9120324755756071;166.5;167.7;209.6;211.1;250.1;251.8
MTL-TO;392;530.1;531.51;1410.0;3867.0;10433.741112911826;70.0;0.37062449203522607;0.45161103706070227;0.16737773744224146;238.3;360.0;300.0;360.0;357.9;360.0
MTL-TO;393;531.52;531.79;270.0;3684.0;;0.0;;0.4740446092841404;;232.6;232.6;292.8;292.8;349.3;349.3
MTL-TO;394;531.8;532.18;380.0;4301.0;2369.938177614446;60.0;1.8148152726622346;0.4060402264567383;0.7368915410031633;251.3;186.5;316.4;234.9;360.0;280.2
MTL-TO;395;532.19;535.01;2820.0;1898.0;1808.4692113870526;180.0;1.0495063936113567;0.9201233539325817;0.9656763957698304;167.0;163.0;210.2;205.2;250.7;244.7
MTL-TO;396;535.02;535.43;410.0;1719.0;1639.7300897092625;410.0;1.0483432674610447;1.015938474494009;1.065053641556667;158.9;155.2;200.0;195.4;238.6;233.0
MTL-TO;397;535.44;535.86;420.0;1631.0;1451.696557970807;370.0;1.1235130310426753;1.070754612577381;1.2030113520359569;154.7;146.0;194.8;183.8;232.4;219.3
MTL-TO;398;535.87;536.55;680.0;1752.0;1642.58730420574;500.0;1.066609972884921;0.9968021597584092;1.0632009704100838;160.4;155.3;201.9;195.5;240.9;233.2
MTL-TO;399;536.56;537.81;1250.0;753.0;539.1288471958462;260.0;1.3966976612669773;2.319381947230782;3.2396857108587342;105.2;89.0;132.4;112.0;157.9;133.6
MTL-TO;400;537.82;538.41;590.0;2161.0;;0.0;;0.8081396741424149;;178.1;178.1;224.3;224.3;267.5;267.5
MTL-TO;401;538.42;538.91;490.0;2667.0;2025.5711714106958;210.0;1.3166656583795007;0.6548124723592027;0.8621725373006205;197.9;172.5;249.2;217.1;297.2;259.0
MTL-TO;402;538.92;538.97;50.0;2198.0;453.16416621143276;50.0;4.850339377837036;0.7945356471981235;3.854463451279071;179.6;81.6;226.2;102.7;269.8;122.5
MTL-TO;403;538.98;539.18;200.0;3683.0;155902.56446836132;200.0;0.023623729427153992;0.47417332156069647;0.011201710300887764;232.5;360.0;292.8;360.0;349.2;360.0
MTL-TO;405;539.2;540.03;830.0;4440.0;1108.2961342415235;310.0;4.006149496351505;0.3933285560264358;1.5757795646883066;255.3;127.6;321.5;160.6;360.0;191.6
MTL-TO;406;540.04;540.08;40.0;1406.0;144045992863.6026;40.0;9.760771348435523e-09;1.242112061294575;1.2123734404832735e-08;143.7;360.0;180.9;360.0;215.8;360.0
