scenario;vitesse_cible_kmh;vitesse_cible_mph;troncon;km_debut;km_fin;mille_debut;mille_fin;longueur_km;longueur_mille;degre_courbure_actuel_max_deg;R_actuel_min_m;degre_courbure_cible_max_deg;rayon_cible_m;gare_amont;gare_aval
S1;160;99.4;MTL-QC;0.0;2.91;0.0;1.81;2.89;1.8;5.41;323;1.0;1744;Montréal;Saint-Lambert
S1;160;99.4;MTL-QC;29.81;31.22;18.52;19.4;1.4;0.87;3.5;499;1.0;1744;Saint-Lambert;Saint-Hyacinthe
S1;160;99.4;MTL-QC;32.51;34.62;20.2;21.51;2.1;1.3;1.94;901;1.0;1744;Saint-Lambert;Saint-Hyacinthe
S1;160;99.4;MTL-QC;54.35;56.74;33.77;35.26;2.39;1.49;1.75;1000;1.0;1744;Saint-Hyacinthe;Drummondville
S1;160;99.4;MTL-QC;58.44;62.6;36.31;38.9;4.14;2.57;1.47;1189;1.0;1744;Saint-Hyacinthe;Drummondville
S1;160;99.4;MTL-QC;66.89;69.44;41.56;43.15;2.54;1.58;1.54;1135;1.0;1744;Saint-Hyacinthe;Drummondville
S1;160;99.4;MTL-QC;99.75;101.25;61.98;62.91;1.48;0.92;1.51;1157;1.0;1744;Saint-Hyacinthe;Charny
S1;160;99.4;MTL-QC;101.75;102.24;63.22;63.53;0.49;0.3;1.15;1523;1.0;1744;Drummondville;Charny
S1;160;99.4;MTL-QC;102.27;103.32;63.55;64.2;1.03;0.64;2.19;799;1.0;1744;Drummondville;Charny
S1;160;99.4;MTL-QC;108.15;115.87;67.2;72.0;7.68;4.77;2.06;848;1.0;1744;Drummondville;Charny
S1;160;99.4;MTL-QC;116.22;126.23;72.22;78.44;9.96;6.19;1.9;920;1.0;1744;Drummondville;Charny
S1;160;99.4;MTL-QC;129.02;130.42;80.17;81.04;1.39;0.86;1.2;1459;1.0;1744;Drummondville;Charny
S1;160;99.4;MTL-QC;149.93;151.97;93.16;94.43;2.03;1.26;3.38;516;1.0;1744;Drummondville;Charny
S1;160;99.4;MTL-QC;157.56;161.52;97.9;100.36;3.94;2.45;2.23;782;1.0;1744;Drummondville;Charny
S1;160;99.4;MTL-QC;169.25;193.5;105.17;120.24;24.19;15.03;2.72;641;1.0;1744;Drummondville;Charny
S1;160;99.4;MTL-QC;201.75;211.68;125.36;131.53;9.92;6.16;1.84;951;1.0;1744;Drummondville;Charny
S1;160;99.4;MTL-QC;224.76;225.33;139.66;140.01;0.57;0.35;1.19;1468;1.0;1744;Drummondville;Charny
S1;160;99.4;MTL-QC;242.96;243.86;150.97;151.53;0.89;0.55;1.03;1688;1.0;1744;Drummondville;Charny
S1;160;99.4;MTL-QC;244.17;246.84;151.72;153.38;2.64;1.64;3.88;450;1.0;1744;Drummondville;Sainte-Foy
S1;160;99.4;MTL-QC;249.18;251.47;154.83;156.26;2.28;1.42;4.55;384;1.0;1744;Charny;Sainte-Foy
S1;160;99.4;MTL-QC;253.31;258.35;157.4;160.53;4.94;3.07;5.6;312;1.0;1744;Sainte-Foy;Québec
S1;160;99.4;MTL-QC;259.29;262.76;161.12;163.27;3.4;2.11;4.16;420;1.0;1744;Sainte-Foy;Québec
S1;160;99.4;MTL-QC;267.23;269.32;166.05;167.35;2.08;1.29;4.56;383;1.0;1744;Sainte-Foy;Québec
S1;160;99.4;MTL-QC;270.61;271.1;168.15;168.45;0.49;0.3;1.15;1517;1.0;1744;Sainte-Foy;Québec
S1;160;99.4;MTL-Ott;0.0;5.68;0.0;3.53;5.61;3.49;4.63;377;1.0;1744;Montréal;Dorval
S1;160;99.4;MTL-Ott;9.92;10.67;6.16;6.63;0.74;0.46;1.06;1655;1.0;1744;Montréal;Dorval
S1;160;99.4;MTL-Ott;14.45;14.95;8.98;9.29;0.5;0.31;1.73;1012;1.0;1744;Montréal;Dorval
S1;160;99.4;MTL-Ott;15.36;16.57;9.54;10.3;1.21;0.75;1.0;1743;1.0;1744;Montréal;Dorval
S1;160;99.4;MTL-Ott;17.76;17.8;11.04;11.06;0.04;0.02;1.08;1611;1.0;1744;Montréal;Dorval
S1;160;99.4;MTL-Ott;34.8;36.29;21.62;22.55;1.46;0.91;3.42;511;1.0;1744;Aéroport Montréal Pierre-Elliott Trudeau;Coteau
S1;160;99.4;MTL-Ott;43.58;43.62;27.08;27.1;0.04;0.02;1.31;1334;1.0;1744;Aéroport Montréal Pierre-Elliott Trudeau;Coteau
S1;160;99.4;MTL-Ott;61.78;63.79;38.39;39.64;2.0;1.24;3.28;532;1.0;1744;Aéroport Montréal Pierre-Elliott Trudeau;Alexandria
S1;160;99.4;MTL-Ott;80.48;81.65;50.01;50.73;1.17;0.73;1.32;1323;1.0;1744;Coteau;Alexandria
S1;160;99.4;MTL-Ott;83.64;85.57;51.97;53.17;1.9;1.18;3.09;566;1.0;1744;Coteau;Alexandria
S1;160;99.4;MTL-Ott;87.16;98.63;54.16;61.29;11.46;7.12;1.76;994;1.0;1744;Coteau;Alexandria
S1;160;99.4;MTL-Ott;99.84;106.15;62.04;65.96;6.26;3.89;2.96;590;1.0;1744;Alexandria;Casselman
S1;160;99.4;MTL-Ott;108.07;111.76;67.15;69.44;3.64;2.26;3.2;545;1.0;1744;Alexandria;Casselman
S1;160;99.4;MTL-Ott;112.96;115.69;70.19;71.89;2.72;1.69;1.84;949;1.0;1744;Alexandria;Casselman
S1;160;99.4;MTL-Ott;117.27;121.15;72.87;75.28;3.88;2.41;1.51;1158;1.0;1744;Alexandria;Casselman
S1;160;99.4;MTL-Ott;121.4;127.33;75.43;79.12;5.92;3.68;1.88;929;1.0;1744;Alexandria;Casselman
S1;160;99.4;MTL-Ott;139.16;140.6;86.47;87.36;1.44;0.89;1.64;1062;1.0;1744;Casselman;Ottawa
S1;160;99.4;MTL-Ott;178.85;183.22;111.13;113.85;4.33;2.69;2.5;700;1.0;1744;Casselman;Ottawa
S1;160;99.4;MTL-Ott;183.83;185.56;114.23;115.3;1.72;1.07;1.07;1632;1.0;1744;Casselman;Ottawa
S1;160;99.4;Ott-TO;0.0;1.15;0.0;0.71;1.14;0.71;4.37;400;1.0;1744;Ottawa;Smiths Falls
S1;160;99.4;Ott-TO;1.87;3.0;1.16;1.86;1.12;0.7;2.21;792;1.0;1744;Ottawa;Smiths Falls
S1;160;99.4;Ott-TO;4.33;5.94;2.69;3.69;1.6;0.99;1.39;1258;1.0;1744;Ottawa;Smiths Falls
S1;160;99.4;Ott-TO;6.32;6.93;3.93;4.31;0.61;0.38;1.0;1740;1.0;1744;Ottawa;Smiths Falls
S1;160;99.4;Ott-TO;8.25;10.03;5.13;6.23;1.74;1.08;2.66;657;1.0;1744;Ottawa;Smiths Falls
S1;160;99.4;Ott-TO;15.92;19.42;9.89;12.07;3.49;2.17;1.34;1304;1.0;1744;Ottawa;Smiths Falls
S1;160;99.4;Ott-TO;22.47;23.39;13.96;14.53;0.91;0.57;1.49;1175;1.0;1744;Ottawa;Smiths Falls
S1;160;99.4;Ott-TO;62.36;62.99;38.75;39.14;0.63;0.39;1.01;1734;1.0;1744;Ottawa;Smiths Falls
S1;160;99.4;Ott-TO;63.96;69.39;39.74;43.12;5.34;3.32;4.61;379;1.0;1744;Ottawa;Brockville
S1;160;99.4;Ott-TO;90.22;95.06;56.06;59.07;4.82;3.0;1.77;985;1.0;1744;Smiths Falls;Brockville
S1;160;99.4;Ott-TO;108.85;110.92;67.64;68.92;2.02;1.26;4.43;394;1.0;1744;Smiths Falls;Brockville
S1;160;99.4;Ott-TO;114.1;114.29;70.9;71.02;0.19;0.12;2.17;806;1.0;1744;Brockville;Gananoque
S1;160;99.4;Ott-TO;119.77;120.62;74.42;74.95;0.83;0.52;2.4;727;1.0;1744;Brockville;Gananoque
S1;160;99.4;Ott-TO;133.08;137.2;82.69;85.25;4.09;2.54;3.18;550;1.0;1744;Brockville;Gananoque
S1;160;99.4;Ott-TO;137.51;137.83;85.44;85.64;0.32;0.2;1.51;1153;1.0;1744;Brockville;Gananoque
S1;160;99.4;Ott-TO;151.1;157.67;93.89;97.97;6.55;4.07;1.45;1205;1.0;1744;Brockville;Kingston
S1;160;99.4;Ott-TO;157.99;158.42;98.17;98.44;0.42;0.26;1.02;1718;1.0;1744;Gananoque;Kingston
S1;160;99.4;Ott-TO;160.24;160.48;99.57;99.72;0.24;0.15;1.33;1315;1.0;1744;Gananoque;Kingston
S1;160;99.4;Ott-TO;176.12;187.68;109.44;116.62;11.44;7.11;4.54;385;1.0;1744;Gananoque;Kingston
S1;160;99.4;Ott-TO;188.14;190.29;116.9;118.24;2.14;1.33;1.77;987;1.0;1744;Gananoque;Kingston
S1;160;99.4;Ott-TO;192.54;205.42;119.64;127.64;12.67;7.87;2.5;700;1.0;1744;Kingston;Napanee
S1;160;99.4;Ott-TO;212.01;215.71;131.74;134.04;3.69;2.29;1.05;1661;1.0;1744;Kingston;Napanee
S1;160;99.4;Ott-TO;220.82;222.14;137.21;138.03;1.31;0.81;1.03;1692;1.0;1744;Kingston;Napanee
S1;160;99.4;Ott-TO;222.91;224.21;138.51;139.32;1.29;0.8;1.1;1586;1.0;1744;Kingston;Napanee
S1;160;99.4;Ott-TO;226.5;228.65;140.74;142.08;2.12;1.32;3.06;570;1.0;1744;Kingston;Belleville
S1;160;99.4;Ott-TO;239.02;241.16;148.52;149.85;2.14;1.33;1.02;1707;1.0;1744;Napanee;Belleville
S1;160;99.4;Ott-TO;252.75;255.1;157.05;158.51;2.34;1.45;1.06;1647;1.0;1744;Napanee;Belleville
S1;160;99.4;Ott-TO;330.51;333.27;205.37;207.08;2.75;1.71;1.02;1711;1.0;1744;Trenton Junction;Cobourg
S1;160;99.4;Ott-TO;334.06;336.65;207.58;209.18;2.57;1.6;2.63;663;1.0;1744;Cobourg;Port Hope
S1;160;99.4;Ott-TO;341.85;345.34;212.42;214.58;3.46;2.15;4.3;406;1.0;1744;Cobourg;Oshawa
S1;160;99.4;Ott-TO;365.65;366.29;227.2;227.6;0.64;0.4;1.01;1736;1.0;1744;Port Hope;Oshawa
S1;160;99.4;Ott-TO;372.99;373.23;231.77;231.91;0.24;0.15;1.17;1489;1.0;1744;Port Hope;Oshawa
S1;160;99.4;Ott-TO;376.71;377.82;234.08;234.77;1.09;0.68;1.49;1171;1.0;1744;Port Hope;Oshawa
S1;160;99.4;Ott-TO;386.56;387.13;240.2;240.55;0.57;0.35;1.38;1268;1.0;1744;Port Hope;Oshawa
S1;160;99.4;Ott-TO;387.56;388.06;240.82;241.13;0.49;0.3;1.7;1028;1.0;1744;Port Hope;Oshawa
S1;160;99.4;Ott-TO;388.98;389.24;241.7;241.86;0.26;0.16;1.0;1740;1.0;1744;Port Hope;Oshawa
S1;160;99.4;Ott-TO;397.22;397.59;246.82;247.05;0.37;0.23;1.0;1738;1.0;1744;Oshawa;Guildwood
S1;160;99.4;Ott-TO;400.89;400.99;249.1;249.16;0.1;0.06;1.01;1734;1.0;1744;Oshawa;Guildwood
S1;160;99.4;Ott-TO;413.14;414.43;256.71;257.51;1.28;0.8;1.02;1711;1.0;1744;Oshawa;Guildwood
S1;160;99.4;Ott-TO;415.01;415.31;257.88;258.06;0.3;0.19;1.01;1735;1.0;1744;Oshawa;Guildwood
S1;160;99.4;Ott-TO;421.21;421.8;261.73;262.09;0.59;0.37;1.2;1457;1.0;1744;Oshawa;Guildwood
S1;160;99.4;Ott-TO;426.08;428.11;264.75;266.02;1.99;1.24;3.08;567;1.0;1744;Guildwood;Toronto
S1;160;99.4;Ott-TO;440.86;441.7;273.94;274.46;0.83;0.52;1.07;1631;1.0;1744;Guildwood;Toronto
S1;160;99.4;Ott-TO;442.1;443.65;274.71;275.67;1.54;0.96;2.68;651;1.0;1744;Guildwood;Toronto
S1;160;99.4;Ott-TO;444.76;444.8;276.36;276.39;0.04;0.02;1.02;1707;1.0;1744;Guildwood;Toronto
S1;160;99.4;Ott-TO;445.47;445.92;276.8;277.08;0.45;0.28;1.35;1292;1.0;1744;Guildwood;Toronto
S1;160;99.4;MTL-TO;0.0;5.68;0.0;3.53;5.61;3.49;4.63;377;1.0;1744;Montréal;Dorval
S1;160;99.4;MTL-TO;9.92;10.67;6.16;6.63;0.74;0.46;1.06;1655;1.0;1744;Montréal;Dorval
S1;160;99.4;MTL-TO;14.45;14.95;8.98;9.29;0.5;0.31;1.72;1013;1.0;1744;Montréal;Dorval
S1;160;99.4;MTL-TO;15.36;16.57;9.54;10.3;1.21;0.75;1.05;1661;1.0;1744;Montréal;Dorval
S1;160;99.4;MTL-TO;17.76;17.8;11.04;11.06;0.04;0.02;1.08;1616;1.0;1744;Montréal;Dorval
S1;160;99.4;MTL-TO;34.79;36.28;21.62;22.54;1.46;0.91;3.11;562;1.0;1744;Aéroport Montréal Pierre-Elliott Trudeau;Coteau
S1;160;99.4;MTL-TO;102.47;103.67;63.67;64.42;1.17;0.73;1.53;1143;1.0;1744;Coteau;Brockville
S1;160;99.4;MTL-TO;183.04;183.52;113.74;114.03;0.47;0.29;1.02;1718;1.0;1744;Coteau;Brockville
S1;160;99.4;MTL-TO;201.62;204.36;125.28;126.98;2.72;1.69;1.46;1198;1.0;1744;Coteau;Brockville
S1;160;99.4;MTL-TO;208.26;208.45;129.41;129.52;0.19;0.12;1.97;885;1.0;1744;Brockville;Gananoque
S1;160;99.4;MTL-TO;213.93;214.78;132.93;133.46;0.83;0.52;2.22;785;1.0;1744;Brockville;Gananoque
S1;160;99.4;MTL-TO;227.24;231.36;141.2;143.76;4.09;2.54;3.37;518;1.0;1744;Brockville;Gananoque
S1;160;99.4;MTL-TO;231.67;232.0;143.95;144.16;0.32;0.2;2.36;739;1.0;1744;Brockville;Gananoque
S1;160;99.4;MTL-TO;251.06;251.85;156.0;156.49;0.77;0.48;2.11;829;1.0;1744;Gananoque;Kingston
S1;160;99.4;MTL-TO;252.16;252.59;156.68;156.95;0.42;0.26;1.02;1718;1.0;1744;Gananoque;Kingston
S1;160;99.4;MTL-TO;254.4;254.65;158.08;158.23;0.25;0.16;1.06;1643;1.0;1744;Gananoque;Kingston
S1;160;99.4;MTL-TO;265.17;265.2;164.77;164.79;0.03;0.02;1.4;1249;1.0;1744;Gananoque;Kingston
S1;160;99.4;MTL-TO;270.28;274.78;167.94;170.74;4.49;2.79;1.04;1675;1.0;1744;Gananoque;Kingston
S1;160;99.4;MTL-TO;275.24;281.83;171.03;175.12;6.48;4.03;4.57;382;1.0;1744;Gananoque;Kingston
S1;160;99.4;MTL-TO;282.3;284.45;175.41;176.75;2.14;1.33;1.77;987;1.0;1744;Gananoque;Kingston
S1;160;99.4;MTL-TO;286.69;288.59;178.14;179.32;1.86;1.16;2.35;742;1.0;1744;Kingston;Napanee
S1;160;99.4;MTL-TO;289.22;299.58;179.71;186.15;10.2;6.34;2.3;760;1.0;1744;Kingston;Napanee
S1;160;99.4;MTL-TO;306.17;309.86;190.25;192.54;3.68;2.29;1.05;1661;1.0;1744;Kingston;Napanee
S1;160;99.4;MTL-TO;314.97;316.28;195.71;196.53;1.3;0.81;1.03;1691;1.0;1744;Kingston;Napanee
S1;160;99.4;MTL-TO;316.7;318.35;196.79;197.81;1.64;1.02;1.1;1586;1.0;1744;Kingston;Napanee
S1;160;99.4;MTL-TO;320.64;322.79;199.24;200.57;2.13;1.32;2.01;867;1.0;1744;Kingston;Napanee
S1;160;99.4;MTL-TO;333.17;335.32;207.02;208.36;2.14;1.33;1.02;1706;1.0;1744;Napanee;Belleville
S1;160;99.4;MTL-TO;346.89;349.24;215.55;217.01;2.34;1.45;1.06;1648;1.0;1744;Napanee;Belleville
S1;160;99.4;MTL-TO;424.68;427.44;263.88;265.6;2.75;1.71;1.02;1711;1.0;1744;Trenton Junction;Cobourg
S1;160;99.4;MTL-TO;428.23;430.82;266.09;267.7;2.57;1.6;2.64;661;1.0;1744;Cobourg;Port Hope
S1;160;99.4;MTL-TO;436.02;439.51;270.93;273.1;3.46;2.15;4.29;407;1.0;1744;Cobourg;Oshawa
S1;160;99.4;MTL-TO;459.82;460.46;285.72;286.12;0.64;0.4;1.01;1736;1.0;1744;Port Hope;Oshawa
S1;160;99.4;MTL-TO;467.16;467.4;290.28;290.43;0.24;0.15;1.18;1480;1.0;1744;Port Hope;Oshawa
S1;160;99.4;MTL-TO;470.88;471.99;292.59;293.28;1.09;0.68;1.49;1171;1.0;1744;Port Hope;Oshawa
S1;160;99.4;MTL-TO;480.73;481.3;298.71;299.07;0.57;0.35;1.38;1268;1.0;1744;Port Hope;Oshawa
S1;160;99.4;MTL-TO;481.73;482.23;299.33;299.64;0.49;0.3;1.69;1035;1.0;1744;Port Hope;Oshawa
S1;160;99.4;MTL-TO;483.15;483.41;300.22;300.38;0.26;0.16;1.0;1740;1.0;1744;Port Hope;Oshawa
S1;160;99.4;MTL-TO;491.39;491.56;305.34;305.44;0.17;0.11;1.0;1738;1.0;1744;Oshawa;Guildwood
S1;160;99.4;MTL-TO;495.06;495.15;307.62;307.67;0.09;0.06;1.01;1733;1.0;1744;Oshawa;Guildwood
S1;160;99.4;MTL-TO;507.06;508.59;315.07;316.02;1.52;0.94;1.02;1711;1.0;1744;Oshawa;Guildwood
S1;160;99.4;MTL-TO;509.17;509.48;316.38;316.58;0.31;0.19;1.01;1735;1.0;1744;Oshawa;Guildwood
S1;160;99.4;MTL-TO;514.4;515.99;319.63;320.62;1.58;0.98;1.09;1596;1.0;1744;Oshawa;Guildwood
S1;160;99.4;MTL-TO;520.24;522.27;323.26;324.52;1.99;1.24;2.56;681;1.0;1744;Guildwood;Toronto
S1;160;99.4;MTL-TO;535.02;535.86;332.45;332.97;0.83;0.52;1.07;1631;1.0;1744;Guildwood;Toronto
S1;160;99.4;MTL-TO;536.26;537.81;333.22;334.18;1.54;0.96;2.32;753;1.0;1744;Guildwood;Toronto
S1;160;99.4;MTL-TO;539.63;540.08;335.31;335.59;0.45;0.28;1.24;1406;1.0;1744;Guildwood;Toronto
S1;200;124.3;MTL-QC;0.0;2.91;0.0;1.81;2.89;1.8;5.41;323;0.64;2724;Montréal;Saint-Lambert
S1;200;124.3;MTL-QC;6.03;6.08;3.75;3.78;0.05;0.03;0.71;2469;0.64;2724;Montréal;Saint-Lambert
S1;200;124.3;MTL-QC;12.17;12.21;7.56;7.59;0.04;0.02;0.91;1909;0.64;2724;Saint-Lambert;Saint-Hyacinthe
S1;200;124.3;MTL-QC;15.8;15.84;9.82;9.84;0.04;0.02;0.75;2320;0.64;2724;Saint-Lambert;Saint-Hyacinthe
S1;200;124.3;MTL-QC;16.77;20.18;10.42;12.54;3.39;2.11;0.87;2011;0.64;2724;Saint-Lambert;Saint-Hyacinthe
S1;200;124.3;MTL-QC;28.97;31.22;18.0;19.4;2.21;1.37;3.5;499;0.64;2724;Saint-Lambert;Saint-Hyacinthe
S1;200;124.3;MTL-QC;32.46;34.62;20.17;21.51;2.14;1.33;1.94;901;0.64;2724;Saint-Lambert;Saint-Hyacinthe
S1;200;124.3;MTL-QC;53.34;53.37;33.14;33.16;0.03;0.02;0.72;2410;0.64;2724;Saint-Lambert;Saint-Hyacinthe
S1;200;124.3;MTL-QC;54.35;57.08;33.77;35.47;2.71;1.68;1.75;1000;0.64;2724;Saint-Hyacinthe;Drummondville
S1;200;124.3;MTL-QC;58.44;62.6;36.31;38.9;4.14;2.57;1.47;1189;0.64;2724;Saint-Hyacinthe;Drummondville
S1;200;124.3;MTL-QC;63.84;64.57;39.67;40.12;0.72;0.45;0.93;1877;0.64;2724;Saint-Hyacinthe;Drummondville
S1;200;124.3;MTL-QC;65.93;69.44;40.97;43.15;3.47;2.16;1.54;1135;0.64;2724;Saint-Hyacinthe;Drummondville
S1;200;124.3;MTL-QC;80.87;90.52;50.25;56.25;9.64;5.99;0.78;2235;0.64;2724;Saint-Hyacinthe;Drummondville
S1;200;124.3;MTL-QC;93.55;94.38;58.13;58.65;0.82;0.51;0.98;1786;0.64;2724;Saint-Hyacinthe;Drummondville
S1;200;124.3;MTL-QC;95.87;96.74;59.57;60.11;0.85;0.53;0.97;1802;0.64;2724;Saint-Hyacinthe;Drummondville
S1;200;124.3;MTL-QC;99.75;103.56;61.98;64.35;3.7;2.3;2.19;799;0.64;2724;Saint-Hyacinthe;Charny
S1;200;124.3;MTL-QC;108.15;130.42;67.2;81.04;22.12;13.74;2.06;848;0.64;2724;Drummondville;Charny
S1;200;124.3;MTL-QC;131.88;132.41;81.95;82.28;0.53;0.33;0.78;2226;0.64;2724;Drummondville;Charny
S1;200;124.3;MTL-QC;140.1;140.13;87.05;87.07;0.03;0.02;0.88;1974;0.64;2724;Drummondville;Charny
S1;200;124.3;MTL-QC;149.93;161.52;93.16;100.36;11.54;7.17;3.38;516;0.64;2724;Drummondville;Charny
S1;200;124.3;MTL-QC;169.25;225.33;105.17;140.01;55.92;34.75;2.72;641;0.64;2724;Drummondville;Charny
S1;200;124.3;MTL-QC;230.01;232.25;142.92;144.31;2.23;1.39;0.71;2476;0.64;2724;Drummondville;Charny
S1;200;124.3;MTL-QC;240.1;247.53;149.19;153.81;7.33;4.55;3.88;450;0.64;2724;Drummondville;Sainte-Foy
S1;200;124.3;MTL-QC;249.18;251.47;154.83;156.26;2.28;1.42;4.55;384;0.64;2724;Charny;Sainte-Foy
S1;200;124.3;MTL-QC;253.31;258.35;157.4;160.53;4.94;3.07;5.6;312;0.64;2724;Sainte-Foy;Québec
S1;200;124.3;MTL-QC;258.87;262.76;160.85;163.27;3.81;2.37;4.16;420;0.64;2724;Sainte-Foy;Québec
S1;200;124.3;MTL-QC;263.56;263.6;163.77;163.79;0.04;0.02;0.81;2149;0.64;2724;Sainte-Foy;Québec
S1;200;124.3;MTL-QC;266.72;271.1;165.73;168.45;4.34;2.7;4.56;383;0.64;2724;Sainte-Foy;Québec
S1;200;124.3;MTL-Ott;0.0;5.68;0.0;3.53;5.61;3.49;4.63;377;0.64;2724;Montréal;Dorval
S1;200;124.3;MTL-Ott;9.62;11.14;5.98;6.92;1.49;0.93;1.06;1655;0.64;2724;Montréal;Dorval
S1;200;124.3;MTL-Ott;11.73;13.46;7.29;8.36;1.72;1.07;0.78;2236;0.64;2724;Montréal;Dorval
S1;200;124.3;MTL-Ott;14.45;14.97;8.98;9.3;0.51;0.32;1.73;1012;0.64;2724;Montréal;Dorval
S1;200;124.3;MTL-Ott;15.36;16.66;9.54;10.35;1.29;0.8;1.0;1743;0.64;2724;Montréal;Dorval
S1;200;124.3;MTL-Ott;17.76;17.8;11.04;11.06;0.04;0.02;1.08;1611;0.64;2724;Montréal;Dorval
S1;200;124.3;MTL-Ott;34.8;36.29;21.62;22.55;1.46;0.91;3.42;511;0.64;2724;Aéroport Montréal Pierre-Elliott Trudeau;Coteau
S1;200;124.3;MTL-Ott;40.59;41.67;25.22;25.89;1.06;0.66;0.95;1842;0.64;2724;Aéroport Montréal Pierre-Elliott Trudeau;Coteau
S1;200;124.3;MTL-Ott;43.33;43.62;26.92;27.1;0.28;0.17;1.31;1334;0.64;2724;Aéroport Montréal Pierre-Elliott Trudeau;Coteau
S1;200;124.3;MTL-Ott;59.03;59.81;36.68;37.16;0.76;0.47;0.95;1840;0.64;2724;Aéroport Montréal Pierre-Elliott Trudeau;Coteau
S1;200;124.3;MTL-Ott;61.73;75.7;38.36;47.04;13.93;8.66;3.28;532;0.64;2724;Aéroport Montréal Pierre-Elliott Trudeau;Alexandria
S1;200;124.3;MTL-Ott;79.55;85.57;49.43;53.17;5.94;3.69;3.09;566;0.64;2724;Coteau;Alexandria
S1;200;124.3;MTL-Ott;87.16;98.63;54.16;61.29;11.46;7.12;1.76;994;0.64;2724;Coteau;Alexandria
S1;200;124.3;MTL-Ott;99.84;106.15;62.04;65.96;6.26;3.89;2.96;590;0.64;2724;Alexandria;Casselman
S1;200;124.3;MTL-Ott;107.73;107.75;66.94;66.95;0.02;0.01;0.64;2724;0.64;2724;Alexandria;Casselman
S1;200;124.3;MTL-Ott;108.07;111.76;67.15;69.44;3.64;2.26;3.2;545;0.64;2724;Alexandria;Casselman
S1;200;124.3;MTL-Ott;112.96;116.99;70.19;72.69;4.0;2.49;1.84;949;0.64;2724;Alexandria;Casselman
S1;200;124.3;MTL-Ott;117.27;127.33;72.87;79.12;10.02;6.23;1.88;929;0.64;2724;Alexandria;Casselman
S1;200;124.3;MTL-Ott;139.1;143.56;86.43;89.2;4.41;2.74;1.64;1062;0.64;2724;Alexandria;Ottawa
S1;200;124.3;MTL-Ott;178.85;183.22;111.13;113.85;4.33;2.69;2.5;700;0.64;2724;Casselman;Ottawa
S1;200;124.3;MTL-Ott;183.83;185.56;114.23;115.3;1.72;1.07;1.07;1632;0.64;2724;Casselman;Ottawa
S1;200;124.3;Ott-TO;0.0;7.35;0.0;4.57;7.23;4.49;4.37;400;0.64;2724;Ottawa;Smiths Falls
S1;200;124.3;Ott-TO;8.25;10.03;5.13;6.23;1.74;1.08;2.66;657;0.64;2724;Ottawa;Smiths Falls
S1;200;124.3;Ott-TO;15.92;19.42;9.89;12.07;3.49;2.17;1.34;1304;0.64;2724;Ottawa;Smiths Falls
S1;200;124.3;Ott-TO;20.98;27.03;13.04;16.8;6.01;3.73;1.49;1175;0.64;2724;Ottawa;Smiths Falls
S1;200;124.3;Ott-TO;43.55;48.96;27.06;30.42;5.4;3.36;0.69;2521;0.64;2724;Ottawa;Smiths Falls
S1;200;124.3;Ott-TO;61.64;62.99;38.3;39.14;1.33;0.83;1.01;1734;0.64;2724;Ottawa;Smiths Falls
S1;200;124.3;Ott-TO;63.92;69.39;39.72;43.12;5.37;3.34;4.61;379;0.64;2724;Ottawa;Brockville
S1;200;124.3;Ott-TO;90.22;95.87;56.06;59.57;5.6;3.48;1.77;985;0.64;2724;Smiths Falls;Brockville
S1;200;124.3;Ott-TO;96.48;97.12;59.95;60.35;0.64;0.4;0.74;2357;0.64;2724;Smiths Falls;Brockville
S1;200;124.3;Ott-TO;108.85;112.37;67.64;69.82;3.45;2.14;4.43;394;0.64;2724;Smiths Falls;Gananoque
S1;200;124.3;Ott-TO;113.16;114.33;70.31;71.04;1.14;0.71;2.17;806;0.64;2724;Brockville;Gananoque
S1;200;124.3;Ott-TO;117.74;119.26;73.16;74.1;1.51;0.94;0.93;1886;0.64;2724;Brockville;Gananoque
S1;200;124.3;Ott-TO;119.77;126.5;74.42;78.6;6.68;4.15;2.4;727;0.64;2724;Brockville;Gananoque
S1;200;124.3;Ott-TO;133.08;137.2;82.69;85.25;4.09;2.54;3.18;550;0.64;2724;Brockville;Gananoque
S1;200;124.3;Ott-TO;137.51;138.46;85.44;86.04;0.93;0.58;1.51;1153;0.64;2724;Brockville;Gananoque
S1;200;124.3;Ott-TO;139.36;139.41;86.59;86.63;0.05;0.03;0.85;2053;0.64;2724;Brockville;Gananoque
S1;200;124.3;Ott-TO;151.1;158.9;93.89;98.74;7.74;4.81;1.45;1205;0.64;2724;Brockville;Kingston
S1;200;124.3;Ott-TO;160.0;161.13;99.42;100.12;1.11;0.69;1.33;1315;0.64;2724;Gananoque;Kingston
S1;200;124.3;Ott-TO;165.06;171.76;102.56;106.73;6.7;4.16;0.68;2563;0.64;2724;Gananoque;Kingston
S1;200;124.3;Ott-TO;172.01;205.42;106.88;127.64;33.0;20.51;4.54;385;0.64;2724;Gananoque;Napanee
S1;200;124.3;Ott-TO;212.01;215.71;131.74;134.04;3.69;2.29;1.05;1661;0.64;2724;Kingston;Napanee
S1;200;124.3;Ott-TO;220.76;222.55;137.17;138.29;1.76;1.09;1.03;1692;0.64;2724;Kingston;Napanee
S1;200;124.3;Ott-TO;222.91;224.97;138.51;139.79;2.04;1.27;1.1;1586;0.64;2724;Kingston;Napanee
S1;200;124.3;Ott-TO;226.2;228.65;140.55;142.08;2.41;1.5;3.06;570;0.64;2724;Kingston;Belleville
S1;200;124.3;Ott-TO;231.71;231.75;143.98;144.0;0.04;0.02;0.7;2481;0.64;2724;Napanee;Belleville
S1;200;124.3;Ott-TO;236.47;237.05;146.94;147.3;0.58;0.36;0.83;2096;0.64;2724;Napanee;Belleville
S1;200;124.3;Ott-TO;239.02;241.68;148.52;150.17;2.64;1.64;1.02;1707;0.64;2724;Napanee;Belleville
S1;200;124.3;Ott-TO;249.32;255.1;154.92;158.51;5.74;3.57;1.06;1647;0.64;2724;Napanee;Belleville
S1;200;124.3;Ott-TO;279.71;282.89;173.8;175.78;3.14;1.95;0.95;1846;0.64;2724;Belleville;Trenton Junction
S1;200;124.3;Ott-TO;283.98;284.59;176.46;176.84;0.61;0.38;0.85;2058;0.64;2724;Trenton Junction;Cobourg
S1;200;124.3;Ott-TO;294.1;304.81;182.75;189.4;10.7;6.65;0.93;1877;0.64;2724;Trenton Junction;Cobourg
S1;200;124.3;Ott-TO;330.51;338.97;205.37;210.63;8.39;5.21;2.63;663;0.64;2724;Trenton Junction;Port Hope
S1;200;124.3;Ott-TO;341.85;345.34;212.42;214.58;3.46;2.15;4.3;406;0.64;2724;Cobourg;Oshawa
S1;200;124.3;Ott-TO;352.06;354.22;218.76;220.1;2.15;1.34;0.82;2138;0.64;2724;Port Hope;Oshawa
S1;200;124.3;Ott-TO;355.64;358.08;220.98;222.5;2.42;1.5;0.91;1924;0.64;2724;Port Hope;Oshawa
S1;200;124.3;Ott-TO;365.04;366.29;226.83;227.6;1.23;0.76;1.01;1736;0.64;2724;Port Hope;Oshawa
S1;200;124.3;Ott-TO;367.12;367.77;228.12;228.52;0.65;0.4;0.88;1995;0.64;2724;Port Hope;Oshawa
S1;200;124.3;Ott-TO;368.67;369.38;229.08;229.52;0.71;0.44;0.84;2081;0.64;2724;Port Hope;Oshawa
S1;200;124.3;Ott-TO;372.77;374.64;231.63;232.79;1.83;1.14;1.17;1489;0.64;2724;Port Hope;Oshawa
S1;200;124.3;Ott-TO;375.75;377.82;233.48;234.77;2.04;1.27;1.49;1171;0.64;2724;Port Hope;Oshawa
S1;200;124.3;Ott-TO;380.03;383.71;236.14;238.43;3.62;2.25;1.0;1746;0.64;2724;Port Hope;Oshawa
S1;200;124.3;Ott-TO;384.73;390.04;239.06;242.36;5.19;3.22;1.7;1028;0.64;2724;Port Hope;Oshawa
S1;200;124.3;Ott-TO;394.52;394.58;245.14;245.18;0.06;0.04;0.65;2668;0.64;2724;Port Hope;Oshawa
S1;200;124.3;Ott-TO;395.2;398.26;245.57;247.47;3.03;1.88;1.0;1738;0.64;2724;Oshawa;Guildwood
S1;200;124.3;Ott-TO;399.05;409.58;247.96;254.5;10.49;6.52;1.01;1734;0.64;2724;Oshawa;Guildwood
S1;200;124.3;Ott-TO;412.34;412.39;256.22;256.25;0.05;0.03;0.7;2486;0.64;2724;Oshawa;Guildwood
S1;200;124.3;Ott-TO;412.72;412.76;256.45;256.48;0.04;0.02;0.8;2185;0.64;2724;Oshawa;Guildwood
S1;200;124.3;Ott-TO;413.09;417.44;256.68;259.39;4.26;2.65;1.02;1711;0.64;2724;Oshawa;Guildwood
S1;200;124.3;Ott-TO;420.23;421.8;261.12;262.09;1.56;0.97;1.2;1457;0.64;2724;Oshawa;Guildwood
S1;200;124.3;Ott-TO;425.11;425.16;264.15;264.18;0.05;0.03;0.72;2433;0.64;2724;Oshawa;Guildwood
S1;200;124.3;Ott-TO;425.79;428.11;264.57;266.02;2.27;1.41;3.08;567;0.64;2724;Guildwood;Toronto
S1;200;124.3;Ott-TO;428.6;430.85;266.32;267.72;2.24;1.39;1.0;1754;0.64;2724;Guildwood;Toronto
S1;200;124.3;Ott-TO;434.36;435.93;269.9;270.87;1.55;0.96;1.0;1747;0.64;2724;Guildwood;Toronto
S1;200;124.3;Ott-TO;437.89;444.8;272.09;276.39;6.83;4.24;2.68;651;0.64;2724;Guildwood;Toronto
S1;200;124.3;Ott-TO;445.04;445.92;276.54;277.08;0.87;0.54;1.35;1292;0.64;2724;Guildwood;Toronto
S1;200;124.3;MTL-TO;0.0;5.68;0.0;3.53;5.61;3.49;4.63;377;0.64;2724;Montréal;Dorval
S1;200;124.3;MTL-TO;9.62;11.14;5.98;6.92;1.49;0.93;1.06;1655;0.64;2724;Montréal;Dorval
S1;200;124.3;MTL-TO;11.73;13.46;7.29;8.36;1.72;1.07;0.77;2268;0.64;2724;Montréal;Dorval
S1;200;124.3;MTL-TO;14.45;14.97;8.98;9.3;0.51;0.32;1.72;1013;0.64;2724;Montréal;Dorval
S1;200;124.3;MTL-TO;15.36;16.57;9.54;10.3;1.21;0.75;1.05;1661;0.64;2724;Montréal;Dorval
S1;200;124.3;MTL-TO;17.76;17.8;11.04;11.06;0.04;0.02;1.08;1616;0.64;2724;Montréal;Dorval
S1;200;124.3;MTL-TO;34.79;36.28;21.62;22.54;1.46;0.91;3.11;562;0.64;2724;Aéroport Montréal Pierre-Elliott Trudeau;Coteau
S1;200;124.3;MTL-TO;39.62;41.66;24.62;25.89;2.01;1.25;0.95;1842;0.64;2724;Aéroport Montréal Pierre-Elliott Trudeau;Coteau
S1;200;124.3;MTL-TO;43.31;43.58;26.91;27.08;0.27;0.17;0.96;1819;0.64;2724;Aéroport Montréal Pierre-Elliott Trudeau;Coteau
S1;200;124.3;MTL-TO;59.01;59.79;36.67;37.15;0.76;0.47;0.96;1820;0.64;2724;Aéroport Montréal Pierre-Elliott Trudeau;Coteau
S1;200;124.3;MTL-TO;61.71;61.74;38.34;38.36;0.03;0.02;0.65;2675;0.64;2724;Aéroport Montréal Pierre-Elliott Trudeau;Coteau
S1;200;124.3;MTL-TO;87.92;87.95;54.63;54.65;0.03;0.02;0.66;2658;0.64;2724;Coteau;Brockville
S1;200;124.3;MTL-TO;102.47;108.67;63.67;67.52;6.09;3.78;1.53;1143;0.64;2724;Coteau;Brockville
S1;200;124.3;MTL-TO;122.89;124.31;76.36;77.24;1.39;0.86;1.0;1753;0.64;2724;Coteau;Brockville
S1;200;124.3;MTL-TO;130.55;133.56;81.12;82.99;3.0;1.86;0.76;2292;0.64;2724;Coteau;Brockville
S1;200;124.3;MTL-TO;181.2;181.24;112.59;112.62;0.04;0.02;0.82;2126;0.64;2724;Coteau;Brockville
S1;200;124.3;MTL-TO;181.56;183.97;112.82;114.31;2.36;1.47;1.02;1718;0.64;2724;Coteau;Brockville
S1;200;124.3;MTL-TO;201.62;204.36;125.28;126.98;2.72;1.69;1.46;1198;0.64;2724;Coteau;Brockville
S1;200;124.3;MTL-TO;205.12;206.53;127.46;128.33;1.4;0.87;0.92;1901;0.64;2724;Brockville;Gananoque
S1;200;124.3;MTL-TO;207.32;208.49;128.82;129.55;1.14;0.71;1.97;885;0.64;2724;Brockville;Gananoque
S1;200;124.3;MTL-TO;208.92;213.42;129.82;132.61;4.48;2.78;0.93;1887;0.64;2724;Brockville;Gananoque
S1;200;124.3;MTL-TO;213.93;220.66;132.93;137.11;6.68;4.15;2.22;785;0.64;2724;Brockville;Gananoque
S1;200;124.3;MTL-TO;227.24;231.36;141.2;143.76;4.09;2.54;3.37;518;0.64;2724;Brockville;Gananoque
S1;200;124.3;MTL-TO;231.67;232.62;143.95;144.54;0.93;0.58;2.36;739;0.64;2724;Brockville;Gananoque
S1;200;124.3;MTL-TO;232.95;233.54;144.75;145.12;0.59;0.37;0.94;1850;0.64;2724;Brockville;Gananoque
S1;200;124.3;MTL-TO;245.26;253.07;152.4;157.25;7.74;4.81;2.11;829;0.64;2724;Brockville;Kingston
S1;200;124.3;MTL-TO;254.4;255.29;158.08;158.63;0.88;0.55;1.06;1643;0.64;2724;Gananoque;Kingston
S1;200;124.3;MTL-TO;265.17;265.91;164.77;165.23;0.73;0.45;1.4;1249;0.64;2724;Gananoque;Kingston
S1;200;124.3;MTL-TO;266.17;284.45;165.39;176.75;18.08;11.23;4.57;382;0.64;2724;Gananoque;Kingston
S1;200;124.3;MTL-TO;286.69;288.63;178.14;179.35;1.89;1.17;2.35;742;0.64;2724;Kingston;Napanee
S1;200;124.3;MTL-TO;289.17;299.58;179.68;186.15;10.24;6.36;2.3;760;0.64;2724;Kingston;Napanee
S1;200;124.3;MTL-TO;306.17;309.86;190.25;192.54;3.68;2.29;1.05;1661;0.64;2724;Kingston;Napanee
S1;200;124.3;MTL-TO;314.91;322.79;195.68;200.57;7.77;4.83;2.01;867;0.64;2724;Kingston;Napanee
S1;200;124.3;MTL-TO;325.86;325.9;202.48;202.5;0.04;0.02;0.77;2260;0.64;2724;Napanee;Belleville
S1;200;124.3;MTL-TO;328.33;331.2;204.01;205.8;2.86;1.78;0.83;2092;0.64;2724;Napanee;Belleville
S1;200;124.3;MTL-TO;333.17;335.82;207.02;208.67;2.63;1.63;1.02;1706;0.64;2724;Napanee;Belleville
S1;200;124.3;MTL-TO;343.46;349.24;213.42;217.01;5.74;3.57;1.06;1648;0.64;2724;Napanee;Belleville
S1;200;124.3;MTL-TO;370.75;377.07;230.37;234.3;6.27;3.9;0.95;1845;0.64;2724;Belleville;Trenton Junction
S1;200;124.3;MTL-TO;378.16;378.77;234.98;235.36;0.61;0.38;0.85;2057;0.64;2724;Trenton Junction;Cobourg
S1;200;124.3;MTL-TO;388.28;398.99;241.27;247.92;10.7;6.65;0.82;2135;0.64;2724;Trenton Junction;Cobourg
S1;200;124.3;MTL-TO;424.68;433.14;263.88;269.14;8.39;5.21;2.64;661;0.64;2724;Trenton Junction;Port Hope
S1;200;124.3;MTL-TO;436.02;439.51;270.93;273.1;3.46;2.15;4.29;407;0.64;2724;Cobourg;Oshawa
S1;200;124.3;MTL-TO;446.23;448.39;277.27;278.62;2.15;1.34;0.82;2138;0.64;2724;Port Hope;Oshawa
S1;200;124.3;MTL-TO;449.81;452.25;279.5;281.02;2.42;1.5;0.91;1925;0.64;2724;Port Hope;Oshawa
S1;200;124.3;MTL-TO;459.21;460.46;285.34;286.12;1.23;0.76;1.01;1736;0.64;2724;Port Hope;Oshawa
S1;200;124.3;MTL-TO;461.29;461.94;286.63;287.04;0.65;0.4;0.88;1995;0.64;2724;Port Hope;Oshawa
S1;200;124.3;MTL-TO;462.84;463.55;287.6;288.04;0.71;0.44;0.84;2082;0.64;2724;Port Hope;Oshawa
S1;200;124.3;MTL-TO;466.94;468.81;290.14;291.31;1.83;1.14;1.18;1480;0.64;2724;Port Hope;Oshawa
S1;200;124.3;MTL-TO;469.92;471.99;291.99;293.28;2.04;1.27;1.49;1171;0.64;2724;Port Hope;Oshawa
S1;200;124.3;MTL-TO;474.2;477.88;294.65;296.94;3.62;2.25;1.0;1746;0.64;2724;Port Hope;Oshawa
S1;200;124.3;MTL-TO;478.9;484.21;297.57;300.87;5.19;3.22;1.69;1035;0.64;2724;Port Hope;Oshawa
S1;200;124.3;MTL-TO;488.69;488.74;303.66;303.69;0.05;0.03;0.76;2299;0.64;2724;Port Hope;Oshawa
S1;200;124.3;MTL-TO;489.36;489.4;304.07;304.1;0.04;0.02;0.66;2651;0.64;2724;Oshawa;Guildwood
S1;200;124.3;MTL-TO;491.01;492.42;305.1;305.98;1.38;0.86;1.0;1738;0.64;2724;Oshawa;Guildwood
S1;200;124.3;MTL-TO;494.74;495.68;307.42;308.0;0.92;0.57;1.01;1733;0.64;2724;Oshawa;Guildwood
S1;200;124.3;MTL-TO;503.18;503.75;312.66;313.02;0.57;0.35;0.8;2194;0.64;2724;Oshawa;Guildwood
S1;200;124.3;MTL-TO;507.06;511.61;315.07;317.9;4.47;2.78;1.02;1711;0.64;2724;Oshawa;Guildwood
S1;200;124.3;MTL-TO;512.53;515.99;318.47;320.62;3.44;2.14;1.09;1596;0.64;2724;Oshawa;Guildwood
S1;200;124.3;MTL-TO;519.9;519.94;323.05;323.08;0.04;0.02;0.68;2575;0.64;2724;Guildwood;Toronto
S1;200;124.3;MTL-TO;520.24;522.27;323.26;324.52;1.99;1.24;2.56;681;0.64;2724;Guildwood;Toronto
S1;200;124.3;MTL-TO;522.77;525.01;324.83;326.23;2.23;1.39;1.0;1753;0.64;2724;Guildwood;Toronto
S1;200;124.3;MTL-TO;528.52;530.09;328.41;329.38;1.55;0.96;1.0;1747;0.64;2724;Guildwood;Toronto
S1;200;124.3;MTL-TO;532.05;540.08;330.6;335.59;7.91;4.92;2.32;753;0.64;2724;Guildwood;Toronto
S1;250;155.3;MTL-QC;0.0;53.37;0.0;33.16;53.08;32.98;5.41;323;0.41;4257;Montréal;Saint-Hyacinthe
S1;250;155.3;MTL-QC;53.77;53.8;33.41;33.43;0.03;0.02;0.55;3181;0.41;4257;Saint-Hyacinthe;Drummondville
S1;250;155.3;MTL-QC;54.35;225.33;33.77;140.01;170.08;105.68;3.38;516;0.41;4257;Saint-Hyacinthe;Charny
S1;250;155.3;MTL-QC;230.01;232.25;142.92;144.31;2.23;1.39;0.71;2476;0.41;4257;Drummondville;Charny
S1;250;155.3;MTL-QC;233.18;247.53;144.89;153.81;14.22;8.84;3.88;450;0.41;4257;Drummondville;Sainte-Foy
S1;250;155.3;MTL-QC;248.45;248.48;154.38;154.4;0.03;0.02;0.57;3043;0.41;4257;Charny;Sainte-Foy
S1;250;155.3;MTL-QC;249.18;263.03;154.83;163.44;13.61;8.46;5.6;312;0.41;4257;Charny;Québec
S1;250;155.3;MTL-QC;263.06;263.6;163.46;163.79;0.53;0.33;0.81;2149;0.41;4257;Sainte-Foy;Québec
S1;250;155.3;MTL-QC;266.72;271.1;165.73;168.45;4.34;2.7;4.56;383;0.41;4257;Sainte-Foy;Québec
S1;250;155.3;MTL-Ott;0.0;5.68;0.0;3.53;5.61;3.49;4.63;377;0.41;4257;Montréal;Dorval
S1;250;155.3;MTL-Ott;6.87;8.61;4.27;5.35;1.73;1.07;0.5;3485;0.41;4257;Montréal;Dorval
S1;250;155.3;MTL-Ott;8.84;8.87;5.49;5.51;0.03;0.02;0.56;3112;0.41;4257;Montréal;Dorval
S1;250;155.3;MTL-Ott;9.3;11.14;5.78;6.92;1.8;1.12;1.06;1655;0.41;4257;Montréal;Dorval
S1;250;155.3;MTL-Ott;11.73;13.46;7.29;8.36;1.72;1.07;0.78;2236;0.41;4257;Montréal;Dorval
S1;250;155.3;MTL-Ott;13.89;22.96;8.63;14.27;8.98;5.58;1.73;1012;0.41;4257;Montréal;Coteau
S1;250;155.3;MTL-Ott;27.65;27.75;17.18;17.24;0.1;0.06;0.42;4200;0.41;4257;Aéroport Montréal Pierre-Elliott Trudeau;Coteau
S1;250;155.3;MTL-Ott;27.96;41.67;17.37;25.89;13.59;8.44;3.42;511;0.41;4257;Aéroport Montréal Pierre-Elliott Trudeau;Coteau
S1;250;155.3;MTL-Ott;43.1;43.62;26.78;27.1;0.5;0.31;1.31;1334;0.41;4257;Aéroport Montréal Pierre-Elliott Trudeau;Coteau
S1;250;155.3;MTL-Ott;44.89;44.94;27.89;27.92;0.05;0.03;0.41;4238;0.41;4257;Aéroport Montréal Pierre-Elliott Trudeau;Coteau
S1;250;155.3;MTL-Ott;56.28;57.17;34.97;35.52;0.88;0.55;0.47;3716;0.41;4257;Aéroport Montréal Pierre-Elliott Trudeau;Coteau
S1;250;155.3;MTL-Ott;57.49;59.81;35.72;37.16;2.28;1.42;0.95;1840;0.41;4257;Aéroport Montréal Pierre-Elliott Trudeau;Coteau
S1;250;155.3;MTL-Ott;61.09;75.7;37.96;47.04;14.56;9.05;3.28;532;0.41;4257;Aéroport Montréal Pierre-Elliott Trudeau;Alexandria
S1;250;155.3;MTL-Ott;79.19;85.57;49.21;53.17;6.29;3.91;3.09;566;0.41;4257;Coteau;Alexandria
S1;250;155.3;MTL-Ott;87.16;98.63;54.16;61.29;11.46;7.12;1.76;994;0.41;4257;Coteau;Alexandria
S1;250;155.3;MTL-Ott;99.84;106.15;62.04;65.96;6.26;3.89;2.96;590;0.41;4257;Alexandria;Casselman
S1;250;155.3;MTL-Ott;106.41;111.76;66.12;69.44;5.26;3.27;3.2;545;0.41;4257;Alexandria;Casselman
S1;250;155.3;MTL-Ott;112.96;127.33;70.19;79.12;14.28;8.87;1.88;929;0.41;4257;Alexandria;Casselman
S1;250;155.3;MTL-Ott;127.83;128.45;79.43;79.82;0.6;0.37;0.55;3197;0.41;4257;Alexandria;Casselman
S1;250;155.3;MTL-Ott;138.79;143.83;86.24;89.37;4.97;3.09;1.64;1062;0.41;4257;Alexandria;Ottawa
S1;250;155.3;MTL-Ott;178.85;185.56;111.13;115.3;6.64;4.13;2.5;700;0.41;4257;Casselman;Ottawa
S1;250;155.3;Ott-TO;0.0;7.35;0.0;4.57;7.23;4.49;4.37;400;0.41;4257;Ottawa;Smiths Falls
S1;250;155.3;Ott-TO;8.25;10.03;5.13;6.23;1.74;1.08;2.66;657;0.41;4257;Ottawa;Smiths Falls
S1;250;155.3;Ott-TO;15.89;19.42;9.87;12.07;3.51;2.18;1.34;1304;0.41;4257;Ottawa;Smiths Falls
S1;250;155.3;Ott-TO;20.98;33.56;13.04;20.85;12.52;7.78;1.49;1175;0.41;4257;Ottawa;Smiths Falls
S1;250;155.3;Ott-TO;43.55;62.99;27.06;39.14;19.39;12.05;1.01;1734;0.41;4257;Ottawa;Smiths Falls
S1;250;155.3;Ott-TO;63.92;75.29;39.72;46.78;11.23;6.98;4.61;379;0.41;4257;Ottawa;Brockville
S1;250;155.3;Ott-TO;88.77;97.12;55.16;60.35;8.25;5.13;1.77;985;0.41;4257;Smiths Falls;Brockville
S1;250;155.3;Ott-TO;108.85;119.26;67.64;74.1;10.25;6.37;4.43;394;0.41;4257;Smiths Falls;Gananoque
S1;250;155.3;Ott-TO;119.74;126.5;74.4;78.6;6.7;4.16;2.4;727;0.41;4257;Brockville;Gananoque
S1;250;155.3;Ott-TO;127.29;127.68;79.09;79.34;0.39;0.24;0.45;3914;0.41;4257;Brockville;Gananoque
S1;250;155.3;Ott-TO;129.14;137.2;80.24;85.25;8.01;4.98;3.18;550;0.41;4257;Brockville;Gananoque
S1;250;155.3;Ott-TO;137.51;139.41;85.44;86.63;1.85;1.15;1.51;1153;0.41;4257;Brockville;Gananoque
S1;250;155.3;Ott-TO;141.82;158.9;88.12;98.74;16.97;10.54;1.45;1205;0.41;4257;Brockville;Kingston
S1;250;155.3;Ott-TO;159.75;161.13;99.26;100.12;1.35;0.84;1.33;1315;0.41;4257;Gananoque;Kingston
S1;250;155.3;Ott-TO;162.17;222.55;100.77;138.29;59.81;37.16;4.54;385;0.41;4257;Gananoque;Napanee
S1;250;155.3;Ott-TO;222.91;228.65;138.51;142.08;5.66;3.52;3.06;570;0.41;4257;Kingston;Belleville
S1;250;155.3;Ott-TO;231.36;231.39;143.76;143.78;0.03;0.02;0.55;3150;0.41;4257;Napanee;Belleville
S1;250;155.3;Ott-TO;231.71;231.75;143.98;144.0;0.04;0.02;0.7;2481;0.41;4257;Napanee;Belleville
S1;250;155.3;Ott-TO;234.18;255.1;145.51;158.51;20.8;12.92;1.06;1647;0.41;4257;Napanee;Belleville
S1;250;155.3;Ott-TO;264.33;264.75;164.25;164.51;0.42;0.26;0.44;3938;0.41;4257;Belleville;Trenton Junction
S1;250;155.3;Ott-TO;276.21;284.59;171.63;176.84;8.3;5.16;0.95;1846;0.41;4257;Belleville;Cobourg
S1;250;155.3;Ott-TO;284.82;293.26;176.98;182.22;8.42;5.23;0.52;3344;0.41;4257;Trenton Junction;Cobourg
S1;250;155.3;Ott-TO;294.1;309.18;182.75;192.12;15.05;9.35;0.93;1877;0.41;4257;Trenton Junction;Cobourg
S1;250;155.3;Ott-TO;326.96;327.22;203.16;203.33;0.26;0.16;0.44;3952;0.41;4257;Trenton Junction;Cobourg
S1;250;155.3;Ott-TO;330.51;358.08;205.37;222.5;27.34;16.99;4.3;406;0.41;4257;Trenton Junction;Oshawa
S1;250;155.3;Ott-TO;359.46;359.84;223.36;223.59;0.38;0.24;0.44;3997;0.41;4257;Port Hope;Oshawa
S1;250;155.3;Ott-TO;360.98;393.27;224.3;244.37;31.83;19.78;1.7;1028;0.41;4257;Port Hope;Oshawa
S1;250;155.3;Ott-TO;393.85;398.26;244.73;247.47;4.35;2.7;1.0;1738;0.41;4257;Port Hope;Guildwood
S1;250;155.3;Ott-TO;399.05;409.58;247.96;254.5;10.49;6.52;1.01;1734;0.41;4257;Oshawa;Guildwood
S1;250;155.3;Ott-TO;411.94;417.44;255.97;259.39;5.36;3.33;1.02;1711;0.41;4257;Oshawa;Guildwood
S1;250;155.3;Ott-TO;418.36;425.16;259.96;264.18;6.76;4.2;1.2;1457;0.41;4257;Oshawa;Guildwood
S1;250;155.3;Ott-TO;425.74;428.35;264.54;266.16;2.54;1.58;3.08;567;0.41;4257;Guildwood;Toronto
S1;250;155.3;Ott-TO;428.6;435.93;266.32;270.87;7.28;4.52;1.0;1747;0.41;4257;Guildwood;Toronto
S1;250;155.3;Ott-TO;437.02;437.63;271.55;271.93;0.6;0.37;0.47;3688;0.41;4257;Guildwood;Toronto
S1;250;155.3;Ott-TO;437.89;445.92;272.09;277.08;7.91;4.92;2.68;651;0.41;4257;Guildwood;Toronto
S1;250;155.3;MTL-TO;0.0;5.68;0.0;3.53;5.61;3.49;4.63;377;0.41;4257;Montréal;Dorval
S1;250;155.3;MTL-TO;6.87;8.61;4.27;5.35;1.73;1.07;0.5;3485;0.41;4257;Montréal;Dorval
S1;250;155.3;MTL-TO;8.84;8.87;5.49;5.51;0.03;0.02;0.56;3109;0.41;4257;Montréal;Dorval
S1;250;155.3;MTL-TO;9.3;11.14;5.78;6.92;1.8;1.12;1.06;1655;0.41;4257;Montréal;Dorval
S1;250;155.3;MTL-TO;11.73;13.46;7.29;8.36;1.72;1.07;0.77;2268;0.41;4257;Montréal;Dorval
S1;250;155.3;MTL-TO;13.89;22.96;8.63;14.27;8.98;5.58;1.72;1013;0.41;4257;Montréal;Coteau
S1;250;155.3;MTL-TO;27.65;27.75;17.18;17.24;0.1;0.06;0.42;4200;0.41;4257;Aéroport Montréal Pierre-Elliott Trudeau;Coteau
S1;250;155.3;MTL-TO;27.96;41.66;17.37;25.89;13.58;8.44;3.11;562;0.41;4257;Aéroport Montréal Pierre-Elliott Trudeau;Coteau
S1;250;155.3;MTL-TO;43.08;43.61;26.77;27.1;0.51;0.32;0.96;1819;0.41;4257;Aéroport Montréal Pierre-Elliott Trudeau;Coteau
S1;250;155.3;MTL-TO;44.87;44.92;27.88;27.91;0.05;0.03;0.41;4238;0.41;4257;Aéroport Montréal Pierre-Elliott Trudeau;Coteau
S1;250;155.3;MTL-TO;56.23;57.15;34.94;35.51;0.9;0.56;0.47;3711;0.41;4257;Aéroport Montréal Pierre-Elliott Trudeau;Coteau
S1;250;155.3;MTL-TO;57.47;59.79;35.71;37.15;2.28;1.42;0.96;1820;0.41;4257;Aéroport Montréal Pierre-Elliott Trudeau;Coteau
S1;250;155.3;MTL-TO;61.08;61.74;37.95;38.36;0.65;0.4;0.65;2675;0.41;4257;Aéroport Montréal Pierre-Elliott Trudeau;Coteau
S1;250;155.3;MTL-TO;87.92;139.15;54.63;86.46;50.95;31.66;1.53;1143;0.41;4257;Coteau;Brockville
S1;250;155.3;MTL-TO;160.39;171.86;99.66;106.79;11.39;7.08;0.57;3054;0.41;4257;Coteau;Brockville
S1;250;155.3;MTL-TO;172.09;174.2;106.93;108.24;2.1;1.3;0.48;3624;0.41;4257;Coteau;Brockville
S1;250;155.3;MTL-TO;175.7;183.97;109.17;114.31;8.17;5.08;1.02;1718;0.41;4257;Coteau;Brockville
S1;250;155.3;MTL-TO;186.62;186.65;115.96;115.98;0.03;0.02;0.46;3783;0.41;4257;Coteau;Brockville
S1;250;155.3;MTL-TO;187.46;187.49;116.48;116.5;0.03;0.02;0.41;4251;0.41;4257;Coteau;Brockville
S1;250;155.3;MTL-TO;187.72;213.42;116.64;132.61;25.46;15.82;1.97;885;0.41;4257;Coteau;Gananoque
S1;250;155.3;MTL-TO;213.89;220.66;132.91;137.11;6.71;4.17;2.22;785;0.41;4257;Brockville;Gananoque
S1;250;155.3;MTL-TO;221.45;221.83;137.6;137.84;0.38;0.24;0.45;3917;0.41;4257;Brockville;Gananoque
S1;250;155.3;MTL-TO;223.3;231.36;138.75;143.76;8.01;4.98;3.37;518;0.41;4257;Brockville;Gananoque
S1;250;155.3;MTL-TO;231.67;233.57;143.95;145.13;1.85;1.15;2.36;739;0.41;4257;Brockville;Gananoque
S1;250;155.3;MTL-TO;235.97;253.07;146.62;157.25;16.98;10.55;2.11;829;0.41;4257;Brockville;Kingston
S1;250;155.3;MTL-TO;253.92;255.29;157.78;158.63;1.34;0.83;1.06;1643;0.41;4257;Gananoque;Kingston
S1;250;155.3;MTL-TO;256.33;322.79;159.28;200.57;65.74;40.85;4.57;382;0.41;4257;Gananoque;Napanee
S1;250;155.3;MTL-TO;325.51;325.9;202.26;202.5;0.37;0.23;0.77;2260;0.41;4257;Napanee;Belleville
S1;250;155.3;MTL-TO;328.33;349.24;204.01;217.01;20.79;12.92;1.06;1648;0.41;4257;Napanee;Belleville
S1;250;155.3;MTL-TO;358.52;358.94;222.77;223.03;0.42;0.26;0.44;3937;0.41;4257;Belleville;Trenton Junction
S1;250;155.3;MTL-TO;370.39;378.77;230.15;235.36;8.3;5.16;0.95;1845;0.41;4257;Belleville;Cobourg
S1;250;155.3;MTL-TO;379.0;387.44;235.5;240.74;8.42;5.23;0.54;3222;0.41;4257;Trenton Junction;Cobourg
S1;250;155.3;MTL-TO;388.28;403.36;241.27;250.64;15.05;9.35;0.82;2135;0.41;4257;Trenton Junction;Cobourg
S1;250;155.3;MTL-TO;421.14;421.39;261.68;261.84;0.25;0.16;0.44;3951;0.41;4257;Trenton Junction;Cobourg
S1;250;155.3;MTL-TO;424.68;452.25;263.88;281.02;27.34;16.99;4.29;407;0.41;4257;Trenton Junction;Oshawa
S1;250;155.3;MTL-TO;453.63;454.01;281.87;282.11;0.38;0.24;0.44;3998;0.41;4257;Port Hope;Oshawa
S1;250;155.3;MTL-TO;455.15;488.74;282.82;303.69;33.11;20.57;1.69;1035;0.41;4257;Port Hope;Oshawa
S1;250;155.3;MTL-TO;489.36;492.42;304.07;305.98;3.01;1.87;1.0;1738;0.41;4257;Oshawa;Guildwood
S1;250;155.3;MTL-TO;493.21;503.75;306.47;313.02;10.49;6.52;1.01;1733;0.41;4257;Oshawa;Guildwood
S1;250;155.3;MTL-TO;507.06;511.61;315.07;317.9;4.47;2.78;1.02;1711;0.41;4257;Oshawa;Guildwood
S1;250;155.3;MTL-TO;512.53;515.99;318.47;320.62;3.44;2.14;1.09;1596;0.41;4257;Oshawa;Guildwood
S1;250;155.3;MTL-TO;519.9;522.51;323.05;324.67;2.54;1.58;2.56;681;0.41;4257;Guildwood;Toronto
S1;250;155.3;MTL-TO;522.77;530.09;324.83;329.38;7.27;4.52;1.0;1747;0.41;4257;Guildwood;Toronto
S1;250;155.3;MTL-TO;531.18;531.79;330.06;330.44;0.6;0.37;0.47;3684;0.41;4257;Guildwood;Toronto
S1;250;155.3;MTL-TO;532.05;540.08;330.6;335.59;7.91;4.92;2.32;753;0.41;4257;Guildwood;Toronto
S1;300;186.4;MTL-QC;0.0;53.8;0.0;33.43;53.49;33.24;5.41;323;0.28;6130;Montréal;Drummondville
S1;300;186.4;MTL-QC;54.32;225.33;33.75;140.01;170.1;105.7;3.38;516;0.28;6130;Saint-Hyacinthe;Charny
S1;300;186.4;MTL-QC;229.6;248.48;142.67;154.4;18.69;11.61;3.88;450;0.28;6130;Drummondville;Sainte-Foy
S1;300;186.4;MTL-QC;249.15;263.6;154.81;163.79;14.17;8.8;5.6;312;0.28;6130;Charny;Québec
S1;300;186.4;MTL-QC;264.44;264.88;164.32;164.59;0.44;0.27;0.35;4981;0.28;6130;Sainte-Foy;Québec
S1;300;186.4;MTL-QC;266.46;266.48;165.57;165.58;0.02;0.01;0.36;4806;0.28;6130;Sainte-Foy;Québec
S1;300;186.4;MTL-QC;266.69;271.1;165.71;168.45;4.36;2.71;4.56;383;0.28;6130;Sainte-Foy;Québec
S1;300;186.4;MTL-Ott;0.0;6.07;0.0;3.77;5.99;3.72;4.63;377;0.28;6130;Montréal;Dorval
S1;300;186.4;MTL-Ott;6.54;8.61;4.06;5.35;2.05;1.27;0.5;3485;0.28;6130;Montréal;Dorval
S1;300;186.4;MTL-Ott;8.84;11.14;5.49;6.92;2.24;1.39;1.06;1655;0.28;6130;Montréal;Dorval
S1;300;186.4;MTL-Ott;11.7;44.14;7.27;27.43;32.1;19.95;3.42;511;0.28;6130;Montréal;Coteau
S1;300;186.4;MTL-Ott;44.67;45.15;27.76;28.05;0.46;0.29;0.41;4238;0.28;6130;Aéroport Montréal Pierre-Elliott Trudeau;Coteau
S1;300;186.4;MTL-Ott;46.04;46.4;28.61;28.83;0.36;0.22;0.35;4979;0.28;6130;Aéroport Montréal Pierre-Elliott Trudeau;Coteau
S1;300;186.4;MTL-Ott;56.24;57.17;34.95;35.52;0.91;0.57;0.47;3716;0.28;6130;Aéroport Montréal Pierre-Elliott Trudeau;Coteau
S1;300;186.4;MTL-Ott;57.46;59.81;35.7;37.16;2.3;1.43;0.95;1840;0.28;6130;Aéroport Montréal Pierre-Elliott Trudeau;Coteau
S1;300;186.4;MTL-Ott;61.05;85.57;37.93;53.17;24.35;15.13;3.28;532;0.28;6130;Aéroport Montréal Pierre-Elliott Trudeau;Alexandria
S1;300;186.4;MTL-Ott;86.9;98.63;54.0;61.29;11.71;7.28;1.76;994;0.28;6130;Coteau;Alexandria
S1;300;186.4;MTL-Ott;99.46;106.15;61.8;65.96;6.63;4.12;2.96;590;0.28;6130;Coteau;Casselman
S1;300;186.4;MTL-Ott;106.38;111.76;66.1;69.44;5.28;3.28;3.2;545;0.28;6130;Alexandria;Casselman
S1;300;186.4;MTL-Ott;112.51;127.33;69.91;79.12;14.72;9.15;1.88;929;0.28;6130;Alexandria;Casselman
S1;300;186.4;MTL-Ott;127.83;143.83;79.43;89.37;15.89;9.87;1.64;1062;0.28;6130;Alexandria;Ottawa
S1;300;186.4;MTL-Ott;151.24;151.26;93.98;93.99;0.02;0.01;0.32;5541;0.28;6130;Casselman;Ottawa
S1;300;186.4;MTL-Ott;160.65;160.67;99.82;99.84;0.02;0.01;0.33;5370;0.28;6130;Casselman;Ottawa
S1;300;186.4;MTL-Ott;178.82;185.56;111.11;115.3;6.66;4.14;2.5;700;0.28;6130;Casselman;Ottawa
S1;300;186.4;Ott-TO;0.0;19.42;0.0;12.07;19.2;11.93;4.37;400;0.28;6130;Ottawa;Smiths Falls
S1;300;186.4;Ott-TO;20.95;33.56;13.02;20.85;12.54;7.79;1.49;1175;0.28;6130;Ottawa;Smiths Falls
S1;300;186.4;Ott-TO;43.2;75.29;26.84;46.78;31.87;19.8;4.61;379;0.28;6130;Ottawa;Brockville
S1;300;186.4;Ott-TO;81.45;81.47;50.61;50.62;0.02;0.01;0.3;5834;0.28;6130;Smiths Falls;Brockville
S1;300;186.4;Ott-TO;82.9;83.27;51.51;51.74;0.37;0.23;0.35;4963;0.28;6130;Smiths Falls;Brockville
S1;300;186.4;Ott-TO;88.35;127.68;54.9;79.34;38.94;24.2;4.43;394;0.28;6130;Smiths Falls;Gananoque
S1;300;186.4;Ott-TO;129.11;137.2;80.23;85.25;8.03;4.99;3.18;550;0.28;6130;Brockville;Gananoque
S1;300;186.4;Ott-TO;137.51;139.41;85.44;86.63;1.85;1.15;1.51;1153;0.28;6130;Brockville;Gananoque
S1;300;186.4;Ott-TO;140.14;161.13;87.08;100.12;20.81;12.93;1.45;1205;0.28;6130;Brockville;Kingston
S1;300;186.4;Ott-TO;161.75;222.55;100.51;138.29;60.22;37.42;4.54;385;0.28;6130;Gananoque;Napanee
S1;300;186.4;Ott-TO;222.88;228.65;138.49;142.08;5.68;3.53;3.06;570;0.28;6130;Kingston;Belleville
S1;300;186.4;Ott-TO;230.84;231.75;143.44;144.0;0.87;0.54;0.7;2481;0.28;6130;Napanee;Belleville
S1;300;186.4;Ott-TO;233.78;255.1;145.26;158.51;21.19;13.17;1.06;1647;0.28;6130;Napanee;Belleville
S1;300;186.4;Ott-TO;262.71;293.26;163.24;182.22;30.39;18.88;0.95;1846;0.28;6130;Napanee;Cobourg
S1;300;186.4;Ott-TO;293.93;309.18;182.64;192.12;15.21;9.45;0.93;1877;0.28;6130;Trenton Junction;Cobourg
S1;300;186.4;Ott-TO;320.18;320.4;198.95;199.09;0.21;0.13;0.36;4826;0.28;6130;Trenton Junction;Cobourg
S1;300;186.4;Ott-TO;320.83;328.13;199.35;203.89;7.27;4.52;0.44;3952;0.28;6130;Trenton Junction;Cobourg
S1;300;186.4;Ott-TO;330.09;359.84;205.11;223.59;29.49;18.32;4.3;406;0.28;6130;Trenton Junction;Oshawa
S1;300;186.4;Ott-TO;360.52;393.27;224.02;244.37;32.28;20.06;1.7;1028;0.28;6130;Port Hope;Oshawa
S1;300;186.4;Ott-TO;393.82;398.26;244.71;247.47;4.37;2.72;1.0;1738;0.28;6130;Port Hope;Guildwood
S1;300;186.4;Ott-TO;399.01;409.58;247.93;254.5;10.52;6.54;1.01;1734;0.28;6130;Oshawa;Guildwood
S1;300;186.4;Ott-TO;411.91;417.44;255.95;259.39;5.38;3.34;1.02;1711;0.28;6130;Oshawa;Guildwood
S1;300;186.4;Ott-TO;417.91;435.93;259.68;270.87;17.81;11.07;3.08;567;0.28;6130;Oshawa;Toronto
S1;300;186.4;Ott-TO;437.02;445.92;271.55;277.08;8.75;5.44;2.68;651;0.28;6130;Guildwood;Toronto
S1;300;186.4;MTL-TO;0.0;6.07;0.0;3.77;5.99;3.72;4.63;377;0.28;6130;Montréal;Dorval
S1;300;186.4;MTL-TO;6.54;8.61;4.06;5.35;2.05;1.27;0.5;3485;0.28;6130;Montréal;Dorval
S1;300;186.4;MTL-TO;8.84;11.14;5.49;6.92;2.24;1.39;1.06;1655;0.28;6130;Montréal;Dorval
S1;300;186.4;MTL-TO;11.7;44.13;7.27;27.42;32.09;19.94;3.11;562;0.28;6130;Montréal;Coteau
S1;300;186.4;MTL-TO;44.66;45.13;27.75;28.04;0.45;0.28;0.41;4238;0.28;6130;Aéroport Montréal Pierre-Elliott Trudeau;Coteau
S1;300;186.4;MTL-TO;46.02;46.38;28.6;28.82;0.36;0.22;0.35;4983;0.28;6130;Aéroport Montréal Pierre-Elliott Trudeau;Coteau
S1;300;186.4;MTL-TO;54.91;54.93;34.12;34.13;0.02;0.01;0.32;5379;0.28;6130;Aéroport Montréal Pierre-Elliott Trudeau;Coteau
S1;300;186.4;MTL-TO;56.23;57.15;34.94;35.51;0.9;0.56;0.47;3711;0.28;6130;Aéroport Montréal Pierre-Elliott Trudeau;Coteau
S1;300;186.4;MTL-TO;57.44;59.79;35.69;37.15;2.3;1.43;0.96;1820;0.28;6130;Aéroport Montréal Pierre-Elliott Trudeau;Coteau
S1;300;186.4;MTL-TO;61.03;139.15;37.92;86.46;77.8;48.34;1.53;1143;0.28;6130;Aéroport Montréal Pierre-Elliott Trudeau;Brockville
S1;300;186.4;MTL-TO;158.48;174.2;98.47;108.24;15.59;9.69;0.57;3054;0.28;6130;Coteau;Brockville
S1;300;186.4;MTL-TO;175.67;183.97;109.16;114.31;8.19;5.09;1.02;1718;0.28;6130;Coteau;Brockville
S1;300;186.4;MTL-TO;186.62;186.65;115.96;115.98;0.03;0.02;0.46;3783;0.28;6130;Coteau;Brockville
S1;300;186.4;MTL-TO;186.93;186.96;116.15;116.17;0.03;0.02;0.35;5030;0.28;6130;Coteau;Brockville
S1;300;186.4;MTL-TO;187.24;213.42;116.35;132.61;25.91;16.1;1.97;885;0.28;6130;Coteau;Gananoque
S1;300;186.4;MTL-TO;213.89;221.83;132.91;137.84;7.86;4.88;2.22;785;0.28;6130;Brockville;Gananoque
S1;300;186.4;MTL-TO;223.27;231.36;138.73;143.76;8.03;4.99;3.37;518;0.28;6130;Brockville;Gananoque
S1;300;186.4;MTL-TO;231.67;233.57;143.95;145.13;1.85;1.15;2.36;739;0.28;6130;Brockville;Gananoque
S1;300;186.4;MTL-TO;234.3;234.58;145.59;145.76;0.28;0.17;0.32;5476;0.28;6130;Brockville;Gananoque
S1;300;186.4;MTL-TO;235.97;255.29;146.62;158.63;19.15;11.9;2.11;829;0.28;6130;Brockville;Kingston
S1;300;186.4;MTL-TO;255.92;322.79;159.02;200.57;66.14;41.1;4.57;382;0.28;6130;Gananoque;Napanee
S1;300;186.4;MTL-TO;324.99;325.9;201.94;202.5;0.87;0.54;0.77;2260;0.28;6130;Napanee;Belleville
S1;300;186.4;MTL-TO;327.93;349.24;203.77;217.01;21.18;13.16;1.06;1648;0.28;6130;Napanee;Belleville
S1;300;186.4;MTL-TO;356.89;387.44;221.76;240.74;30.39;18.88;0.95;1845;0.28;6130;Napanee;Cobourg
S1;300;186.4;MTL-TO;388.11;403.36;241.16;250.64;15.21;9.45;0.82;2135;0.28;6130;Trenton Junction;Cobourg
S1;300;186.4;MTL-TO;414.35;414.57;257.47;257.6;0.21;0.13;0.38;4575;0.28;6130;Trenton Junction;Cobourg
S1;300;186.4;MTL-TO;415.01;422.3;257.88;262.41;7.26;4.51;0.44;3951;0.28;6130;Trenton Junction;Cobourg
S1;300;186.4;MTL-TO;424.26;454.01;263.62;282.11;29.49;18.32;4.29;407;0.28;6130;Trenton Junction;Oshawa
S1;300;186.4;MTL-TO;454.69;492.42;282.53;305.98;37.17;23.1;1.69;1035;0.28;6130;Port Hope;Guildwood
S1;300;186.4;MTL-TO;493.18;503.75;306.45;313.02;10.51;6.53;1.01;1733;0.28;6130;Oshawa;Guildwood
S1;300;186.4;MTL-TO;506.14;506.16;314.5;314.51;0.02;0.01;0.29;5920;0.28;6130;Oshawa;Guildwood
S1;300;186.4;MTL-TO;507.03;511.61;315.05;317.9;4.49;2.79;1.02;1711;0.28;6130;Oshawa;Guildwood
S1;300;186.4;MTL-TO;512.07;515.99;318.19;320.62;3.89;2.42;1.09;1596;0.28;6130;Oshawa;Guildwood
S1;300;186.4;MTL-TO;519.37;530.09;322.72;329.38;10.56;6.56;2.56;681;0.28;6130;Oshawa;Toronto
S1;300;186.4;MTL-TO;531.18;540.08;330.06;335.59;8.75;5.44;2.32;753;0.28;6130;Guildwood;Toronto
S2;160;99.4;MTL-QC;0.0;2.91;0.0;1.81;2.89;1.8;5.41;323;1.59;1100;Montréal;Saint-Lambert
S2;160;99.4;MTL-QC;29.81;31.22;18.52;19.4;1.4;0.87;3.5;499;1.59;1100;Saint-Lambert;Saint-Hyacinthe
S2;160;99.4;MTL-QC;33.8;34.62;21.0;21.51;0.82;0.51;1.94;901;1.59;1100;Saint-Lambert;Saint-Hyacinthe
S2;160;99.4;MTL-QC;54.35;56.74;33.77;35.26;2.39;1.49;1.75;1000;1.59;1100;Saint-Hyacinthe;Drummondville
S2;160;99.4;MTL-QC;102.27;102.91;63.55;63.95;0.63;0.39;2.19;799;1.59;1100;Drummondville;Charny
S2;160;99.4;MTL-QC;111.16;112.19;69.07;69.71;1.03;0.64;2.06;848;1.59;1100;Drummondville;Charny
S2;160;99.4;MTL-QC;119.58;120.24;74.3;74.71;0.66;0.41;1.76;995;1.59;1100;Drummondville;Charny
S2;160;99.4;MTL-QC;121.0;121.7;75.19;75.62;0.7;0.43;1.82;962;1.59;1100;Drummondville;Charny
S2;160;99.4;MTL-QC;125.46;126.23;77.96;78.44;0.77;0.48;1.9;920;1.59;1100;Drummondville;Charny
S2;160;99.4;MTL-QC;149.93;151.97;93.16;94.43;2.03;1.26;3.38;516;1.59;1100;Drummondville;Charny
S2;160;99.4;MTL-QC;160.84;161.52;99.94;100.36;0.68;0.42;2.23;782;1.59;1100;Drummondville;Charny
S2;160;99.4;MTL-QC;169.25;170.86;105.17;106.17;1.6;0.99;2.72;641;1.59;1100;Drummondville;Charny
S2;160;99.4;MTL-QC;173.48;193.15;107.8;120.02;19.65;12.21;1.96;893;1.59;1100;Drummondville;Charny
S2;160;99.4;MTL-QC;210.97;211.68;131.09;131.53;0.71;0.44;1.84;951;1.59;1100;Drummondville;Charny
S2;160;99.4;MTL-QC;245.52;246.84;152.56;153.38;1.31;0.81;3.88;450;1.59;1100;Drummondville;Sainte-Foy
S2;160;99.4;MTL-QC;249.18;251.47;154.83;156.26;2.28;1.42;4.55;384;1.59;1100;Charny;Sainte-Foy
S2;160;99.4;MTL-QC;253.31;255.6;157.4;158.82;2.27;1.41;5.6;312;1.59;1100;Sainte-Foy;Québec
S2;160;99.4;MTL-QC;255.89;256.33;159.0;159.28;0.43;0.27;2.79;627;1.59;1100;Sainte-Foy;Québec
S2;160;99.4;MTL-QC;256.56;256.97;159.42;159.67;0.4;0.25;4.8;364;1.59;1100;Sainte-Foy;Québec
S2;160;99.4;MTL-QC;257.69;258.35;160.12;160.53;0.66;0.41;2.01;867;1.59;1100;Sainte-Foy;Québec
S2;160;99.4;MTL-QC;259.29;260.87;161.12;162.1;1.55;0.96;4.16;420;1.59;1100;Sainte-Foy;Québec
S2;160;99.4;MTL-QC;260.9;262.76;162.12;163.27;1.84;1.14;3.2;546;1.59;1100;Sainte-Foy;Québec
S2;160;99.4;MTL-QC;267.23;269.32;166.05;167.35;2.08;1.29;4.56;383;1.59;1100;Sainte-Foy;Québec
S2;160;99.4;MTL-Ott;0.0;5.68;0.0;3.53;5.61;3.49;4.63;377;1.59;1100;Montréal;Dorval
S2;160;99.4;MTL-Ott;14.45;14.95;8.98;9.29;0.5;0.31;1.73;1012;1.59;1100;Montréal;Dorval
S2;160;99.4;MTL-Ott;34.8;35.17;21.62;21.85;0.36;0.22;3.42;511;1.59;1100;Aéroport Montréal Pierre-Elliott Trudeau;Coteau
S2;160;99.4;MTL-Ott;35.45;36.29;22.03;22.55;0.84;0.52;1.7;1025;1.59;1100;Aéroport Montréal Pierre-Elliott Trudeau;Coteau
S2;160;99.4;MTL-Ott;61.78;63.79;38.39;39.64;2.0;1.24;3.28;532;1.59;1100;Aéroport Montréal Pierre-Elliott Trudeau;Alexandria
S2;160;99.4;MTL-Ott;83.64;84.2;51.97;52.32;0.55;0.34;3.09;566;1.59;1100;Coteau;Alexandria
S2;160;99.4;MTL-Ott;84.41;85.57;52.45;53.17;1.16;0.72;2.02;866;1.59;1100;Coteau;Alexandria
S2;160;99.4;MTL-Ott;97.98;98.63;60.88;61.29;0.65;0.4;1.76;994;1.59;1100;Coteau;Alexandria
S2;160;99.4;MTL-Ott;102.69;104.18;63.81;64.73;1.47;0.91;2.96;590;1.59;1100;Alexandria;Casselman
S2;160;99.4;MTL-Ott;105.41;106.15;65.5;65.96;0.74;0.46;1.73;1008;1.59;1100;Alexandria;Casselman
S2;160;99.4;MTL-Ott;110.16;110.75;68.45;68.82;0.58;0.36;3.2;545;1.59;1100;Alexandria;Casselman
S2;160;99.4;MTL-Ott;110.97;111.76;68.95;69.44;0.79;0.49;1.94;900;1.59;1100;Alexandria;Casselman
S2;160;99.4;MTL-Ott;114.96;115.69;71.43;71.89;0.73;0.45;1.84;949;1.59;1100;Alexandria;Casselman
S2;160;99.4;MTL-Ott;126.54;127.33;78.63;79.12;0.79;0.49;1.88;929;1.59;1100;Alexandria;Casselman
S2;160;99.4;MTL-Ott;139.16;140.6;86.47;87.36;1.44;0.89;1.64;1062;1.59;1100;Casselman;Ottawa
S2;160;99.4;MTL-Ott;179.94;183.22;111.81;113.85;3.25;2.02;2.5;700;1.59;1100;Casselman;Ottawa
S2;160;99.4;Ott-TO;0.0;1.15;0.0;0.71;1.14;0.71;4.37;400;1.59;1100;Ottawa;Smiths Falls
S2;160;99.4;Ott-TO;2.38;3.0;1.48;1.86;0.62;0.39;2.21;792;1.59;1100;Ottawa;Smiths Falls
S2;160;99.4;Ott-TO;8.79;9.28;5.46;5.77;0.48;0.3;2.66;657;1.59;1100;Ottawa;Smiths Falls
S2;160;99.4;Ott-TO;9.49;10.03;5.9;6.23;0.54;0.34;1.7;1026;1.59;1100;Ottawa;Smiths Falls
S2;160;99.4;Ott-TO;64.68;68.01;40.19;42.26;3.26;2.03;4.61;379;1.59;1100;Smiths Falls;Brockville
S2;160;99.4;Ott-TO;94.55;95.06;58.75;59.07;0.51;0.32;1.77;985;1.59;1100;Smiths Falls;Brockville
S2;160;99.4;Ott-TO;109.31;110.92;67.92;68.92;1.58;0.98;4.43;394;1.59;1100;Smiths Falls;Brockville
S2;160;99.4;Ott-TO;114.1;114.29;70.9;71.02;0.19;0.12;2.17;806;1.59;1100;Brockville;Gananoque
S2;160;99.4;Ott-TO;120.11;120.62;74.63;74.95;0.5;0.31;2.4;727;1.59;1100;Brockville;Gananoque
S2;160;99.4;Ott-TO;136.17;136.59;84.61;84.87;0.41;0.25;3.18;550;1.59;1100;Brockville;Gananoque
S2;160;99.4;Ott-TO;183.98;184.28;114.32;114.51;0.3;0.19;1.69;1031;1.59;1100;Gananoque;Kingston
S2;160;99.4;Ott-TO;184.41;187.68;114.59;116.62;3.23;2.01;4.54;385;1.59;1100;Gananoque;Kingston
S2;160;99.4;Ott-TO;189.19;190.29;117.56;118.24;1.1;0.68;1.77;987;1.59;1100;Gananoque;Kingston
S2;160;99.4;Ott-TO;194.14;194.4;120.63;120.79;0.26;0.16;1.64;1062;1.59;1100;Kingston;Napanee
S2;160;99.4;Ott-TO;200.09;201.67;124.33;125.31;1.57;0.98;2.5;700;1.59;1100;Kingston;Napanee
S2;160;99.4;Ott-TO;202.09;202.39;125.57;125.76;0.3;0.19;2.16;808;1.59;1100;Kingston;Napanee
S2;160;99.4;Ott-TO;226.5;226.83;140.74;140.95;0.32;0.2;3.06;570;1.59;1100;Kingston;Napanee
S2;160;99.4;Ott-TO;227.64;228.65;141.45;142.08;1.01;0.63;2.01;868;1.59;1100;Napanee;Belleville
S2;160;99.4;Ott-TO;335.02;336.65;208.17;209.18;1.62;1.01;2.63;663;1.59;1100;Cobourg;Port Hope
S2;160;99.4;Ott-TO;341.85;345.34;212.42;214.58;3.46;2.15;4.3;406;1.59;1100;Cobourg;Oshawa
S2;160;99.4;Ott-TO;388.02;388.06;241.1;241.13;0.04;0.02;1.7;1028;1.59;1100;Port Hope;Oshawa
S2;160;99.4;Ott-TO;426.6;428.11;265.08;266.02;1.48;0.92;3.08;567;1.59;1100;Guildwood;Toronto
S2;160;99.4;Ott-TO;442.1;443.65;274.71;275.67;1.54;0.96;2.68;651;1.59;1100;Guildwood;Toronto
S2;160;99.4;MTL-TO;0.0;5.68;0.0;3.53;5.61;3.49;4.63;377;1.59;1100;Montréal;Dorval
S2;160;99.4;MTL-TO;14.45;14.95;8.98;9.29;0.5;0.31;1.72;1013;1.59;1100;Montréal;Dorval
S2;160;99.4;MTL-TO;34.79;35.16;21.62;21.85;0.36;0.22;3.11;562;1.59;1100;Aéroport Montréal Pierre-Elliott Trudeau;Coteau
S2;160;99.4;MTL-TO;35.44;36.28;22.02;22.54;0.84;0.52;1.7;1027;1.59;1100;Aéroport Montréal Pierre-Elliott Trudeau;Coteau
S2;160;99.4;MTL-TO;208.26;208.45;129.41;129.52;0.19;0.12;1.97;885;1.59;1100;Brockville;Gananoque
S2;160;99.4;MTL-TO;214.27;214.78;133.14;133.46;0.5;0.31;2.22;785;1.59;1100;Brockville;Gananoque
S2;160;99.4;MTL-TO;230.33;230.74;143.12;143.38;0.4;0.25;3.37;518;1.59;1100;Brockville;Gananoque
S2;160;99.4;MTL-TO;231.67;231.98;143.95;144.15;0.31;0.19;2.36;739;1.59;1100;Brockville;Gananoque
S2;160;99.4;MTL-TO;251.39;251.85;156.21;156.49;0.45;0.28;2.11;829;1.59;1100;Gananoque;Kingston
S2;160;99.4;MTL-TO;278.14;278.44;172.83;173.01;0.3;0.19;1.86;940;1.59;1100;Gananoque;Kingston
S2;160;99.4;MTL-TO;278.57;281.78;173.1;175.09;3.18;1.98;4.57;382;1.59;1100;Gananoque;Kingston
S2;160;99.4;MTL-TO;283.35;284.45;176.07;176.75;1.1;0.68;1.77;987;1.59;1100;Gananoque;Kingston
S2;160;99.4;MTL-TO;286.69;287.23;178.14;178.48;0.53;0.33;2.28;767;1.59;1100;Kingston;Napanee
S2;160;99.4;MTL-TO;288.3;288.59;179.14;179.32;0.29;0.18;2.35;742;1.59;1100;Kingston;Napanee
S2;160;99.4;MTL-TO;294.25;295.83;182.84;183.82;1.57;0.98;2.01;868;1.59;1100;Kingston;Napanee
S2;160;99.4;MTL-TO;296.24;296.57;184.08;184.28;0.32;0.2;2.25;776;1.59;1100;Kingston;Napanee
S2;160;99.4;MTL-TO;296.86;297.9;184.46;185.11;1.03;0.64;2.3;760;1.59;1100;Kingston;Napanee
S2;160;99.4;MTL-TO;320.64;320.97;199.24;199.44;0.33;0.21;1.73;1012;1.59;1100;Kingston;Napanee
S2;160;99.4;MTL-TO;321.79;322.79;199.95;200.57;1.0;0.62;2.01;867;1.59;1100;Napanee;Napanee
S2;160;99.4;MTL-TO;429.19;430.82;266.69;267.7;1.62;1.01;2.64;661;1.59;1100;Cobourg;Port Hope
S2;160;99.4;MTL-TO;436.02;439.51;270.93;273.1;3.46;2.15;4.29;407;1.59;1100;Cobourg;Oshawa
S2;160;99.4;MTL-TO;482.19;482.23;299.62;299.64;0.04;0.02;1.69;1035;1.59;1100;Port Hope;Oshawa
S2;160;99.4;MTL-TO;521.26;522.27;323.9;324.52;1.0;0.62;2.56;681;1.59;1100;Guildwood;Toronto
S2;160;99.4;MTL-TO;536.26;537.36;333.22;333.9;1.1;0.68;2.32;753;1.59;1100;Guildwood;Toronto
S2;200;124.3;MTL-QC;0.0;2.91;0.0;1.81;2.89;1.8;5.41;323;1.02;1719;Montréal;Saint-Lambert
S2;200;124.3;MTL-QC;29.81;31.22;18.52;19.4;1.4;0.87;3.5;499;1.02;1719;Saint-Lambert;Saint-Hyacinthe
S2;200;124.3;MTL-QC;32.51;34.62;20.2;21.51;2.1;1.3;1.94;901;1.02;1719;Saint-Lambert;Saint-Hyacinthe
S2;200;124.3;MTL-QC;54.35;56.74;33.77;35.26;2.39;1.49;1.75;1000;1.02;1719;Saint-Hyacinthe;Drummondville
S2;200;124.3;MTL-QC;61.71;62.6;38.34;38.9;0.88;0.55;1.47;1189;1.02;1719;Saint-Hyacinthe;Drummondville
S2;200;124.3;MTL-QC;66.89;69.44;41.56;43.15;2.54;1.58;1.54;1135;1.02;1719;Saint-Hyacinthe;Drummondville
S2;200;124.3;MTL-QC;99.75;101.25;61.98;62.91;1.48;0.92;1.51;1157;1.02;1719;Saint-Hyacinthe;Charny
S2;200;124.3;MTL-QC;101.75;102.24;63.22;63.53;0.49;0.3;1.15;1523;1.02;1719;Drummondville;Charny
S2;200;124.3;MTL-QC;102.27;103.32;63.55;64.2;1.03;0.64;2.19;799;1.02;1719;Drummondville;Charny
S2;200;124.3;MTL-QC;110.88;115.85;68.9;71.99;4.95;3.08;2.06;848;1.02;1719;Drummondville;Charny
S2;200;124.3;MTL-QC;116.22;126.23;72.22;78.44;9.96;6.19;1.9;920;1.02;1719;Drummondville;Charny
S2;200;124.3;MTL-QC;129.86;130.42;80.69;81.04;0.56;0.35;1.2;1459;1.02;1719;Drummondville;Charny
S2;200;124.3;MTL-QC;149.93;151.97;93.16;94.43;2.03;1.26;3.38;516;1.02;1719;Drummondville;Charny
S2;200;124.3;MTL-QC;157.56;161.52;97.9;100.36;3.94;2.45;2.23;782;1.02;1719;Drummondville;Charny
S2;200;124.3;MTL-QC;169.25;193.5;105.17;120.24;24.19;15.03;2.72;641;1.02;1719;Drummondville;Charny
S2;200;124.3;MTL-QC;201.75;211.68;125.36;131.53;9.92;6.16;1.84;951;1.02;1719;Drummondville;Charny
S2;200;124.3;MTL-QC;224.76;225.33;139.66;140.01;0.57;0.35;1.19;1468;1.02;1719;Drummondville;Charny
S2;200;124.3;MTL-QC;242.96;243.84;150.97;151.52;0.88;0.55;1.03;1688;1.02;1719;Drummondville;Charny
S2;200;124.3;MTL-QC;244.85;246.84;152.14;153.38;1.97;1.22;3.88;450;1.02;1719;Drummondville;Sainte-Foy
S2;200;124.3;MTL-QC;249.18;251.47;154.83;156.26;2.28;1.42;4.55;384;1.02;1719;Charny;Sainte-Foy
S2;200;124.3;MTL-QC;253.31;258.35;157.4;160.53;4.94;3.07;5.6;312;1.02;1719;Sainte-Foy;Québec
S2;200;124.3;MTL-QC;259.29;262.76;161.12;163.27;3.4;2.11;4.16;420;1.02;1719;Sainte-Foy;Québec
S2;200;124.3;MTL-QC;267.23;269.32;166.05;167.35;2.08;1.29;4.56;383;1.02;1719;Sainte-Foy;Québec
S2;200;124.3;MTL-QC;270.61;271.1;168.15;168.45;0.49;0.3;1.15;1517;1.02;1719;Sainte-Foy;Québec
S2;200;124.3;MTL-Ott;0.0;5.68;0.0;3.53;5.61;3.49;4.63;377;1.02;1719;Montréal;Dorval
S2;200;124.3;MTL-Ott;10.3;10.67;6.4;6.63;0.37;0.23;1.06;1655;1.02;1719;Montréal;Dorval
S2;200;124.3;MTL-Ott;14.45;14.95;8.98;9.29;0.5;0.31;1.73;1012;1.02;1719;Montréal;Dorval
S2;200;124.3;MTL-Ott;17.76;17.8;11.04;11.06;0.04;0.02;1.08;1611;1.02;1719;Montréal;Dorval
S2;200;124.3;MTL-Ott;34.8;36.29;21.62;22.55;1.46;0.91;3.42;511;1.02;1719;Aéroport Montréal Pierre-Elliott Trudeau;Coteau
S2;200;124.3;MTL-Ott;43.58;43.62;27.08;27.1;0.04;0.02;1.31;1334;1.02;1719;Aéroport Montréal Pierre-Elliott Trudeau;Coteau
S2;200;124.3;MTL-Ott;61.78;63.79;38.39;39.64;2.0;1.24;3.28;532;1.02;1719;Aéroport Montréal Pierre-Elliott Trudeau;Alexandria
S2;200;124.3;MTL-Ott;80.48;81.65;50.01;50.73;1.17;0.73;1.32;1323;1.02;1719;Coteau;Alexandria
S2;200;124.3;MTL-Ott;83.64;85.57;51.97;53.17;1.9;1.18;3.09;566;1.02;1719;Coteau;Alexandria
S2;200;124.3;MTL-Ott;87.16;98.63;54.16;61.29;11.46;7.12;1.76;994;1.02;1719;Coteau;Alexandria
S2;200;124.3;MTL-Ott;99.84;106.15;62.04;65.96;6.26;3.89;2.96;590;1.02;1719;Alexandria;Casselman
S2;200;124.3;MTL-Ott;109.07;111.76;67.77;69.44;2.65;1.65;3.2;545;1.02;1719;Alexandria;Casselman
S2;200;124.3;MTL-Ott;112.96;115.69;70.19;71.89;2.72;1.69;1.84;949;1.02;1719;Alexandria;Casselman
S2;200;124.3;MTL-Ott;117.27;121.15;72.87;75.28;3.88;2.41;1.51;1158;1.02;1719;Alexandria;Casselman
S2;200;124.3;MTL-Ott;121.4;127.33;75.43;79.12;5.92;3.68;1.88;929;1.02;1719;Alexandria;Casselman
S2;200;124.3;MTL-Ott;139.16;140.6;86.47;87.36;1.44;0.89;1.64;1062;1.02;1719;Casselman;Ottawa
S2;200;124.3;MTL-Ott;178.85;183.22;111.13;113.85;4.33;2.69;2.5;700;1.02;1719;Casselman;Ottawa
S2;200;124.3;MTL-Ott;185.03;185.56;114.97;115.3;0.53;0.33;1.07;1632;1.02;1719;Casselman;Ottawa
S2;200;124.3;Ott-TO;0.0;1.15;0.0;0.71;1.14;0.71;4.37;400;1.02;1719;Ottawa;Smiths Falls
S2;200;124.3;Ott-TO;1.87;3.0;1.16;1.86;1.12;0.7;2.21;792;1.02;1719;Ottawa;Smiths Falls
S2;200;124.3;Ott-TO;4.93;5.94;3.06;3.69;1.01;0.63;1.39;1258;1.02;1719;Ottawa;Smiths Falls
S2;200;124.3;Ott-TO;8.25;10.03;5.13;6.23;1.74;1.08;2.66;657;1.02;1719;Ottawa;Smiths Falls
S2;200;124.3;Ott-TO;18.82;19.42;11.69;12.07;0.6;0.37;1.34;1304;1.02;1719;Ottawa;Smiths Falls
S2;200;124.3;Ott-TO;22.47;23.39;13.96;14.53;0.91;0.57;1.49;1175;1.02;1719;Ottawa;Smiths Falls
S2;200;124.3;Ott-TO;64.68;69.39;40.19;43.12;4.63;2.88;4.61;379;1.02;1719;Smiths Falls;Brockville
S2;200;124.3;Ott-TO;90.22;94.47;56.06;58.7;4.25;2.64;1.02;1717;1.02;1719;Smiths Falls;Brockville
S2;200;124.3;Ott-TO;94.55;95.06;58.75;59.07;0.51;0.32;1.77;985;1.02;1719;Smiths Falls;Brockville
S2;200;124.3;Ott-TO;108.85;110.92;67.64;68.92;2.02;1.26;4.43;394;1.02;1719;Smiths Falls;Brockville
S2;200;124.3;Ott-TO;114.1;114.29;70.9;71.02;0.19;0.12;2.17;806;1.02;1719;Brockville;Gananoque
S2;200;124.3;Ott-TO;120.11;120.62;74.63;74.95;0.5;0.31;2.4;727;1.02;1719;Brockville;Gananoque
S2;200;124.3;Ott-TO;136.17;137.2;84.61;85.25;1.01;0.63;3.18;550;1.02;1719;Brockville;Gananoque
S2;200;124.3;Ott-TO;137.51;137.83;85.44;85.64;0.32;0.2;1.51;1153;1.02;1719;Brockville;Gananoque
S2;200;124.3;Ott-TO;156.9;157.67;97.49;97.97;0.76;0.47;1.45;1205;1.02;1719;Gananoque;Kingston
S2;200;124.3;Ott-TO;157.99;158.37;98.17;98.41;0.38;0.24;1.02;1718;1.02;1719;Gananoque;Kingston
S2;200;124.3;Ott-TO;160.24;160.48;99.57;99.72;0.24;0.15;1.33;1315;1.02;1719;Gananoque;Kingston
S2;200;124.3;Ott-TO;176.12;180.6;109.44;112.22;4.48;2.78;1.04;1676;1.02;1719;Gananoque;Kingston
S2;200;124.3;Ott-TO;181.38;182.05;112.7;113.12;0.67;0.42;1.35;1291;1.02;1719;Gananoque;Kingston
S2;200;124.3;Ott-TO;183.11;187.68;113.78;116.62;4.5;2.8;4.54;385;1.02;1719;Gananoque;Kingston
S2;200;124.3;Ott-TO;188.14;190.29;116.9;118.24;2.14;1.33;1.77;987;1.02;1719;Gananoque;Kingston
S2;200;124.3;Ott-TO;192.54;193.08;119.64;119.97;0.53;0.33;1.47;1186;1.02;1719;Kingston;Napanee
S2;200;124.3;Ott-TO;193.35;194.47;120.14;120.84;1.1;0.68;1.64;1062;1.02;1719;Kingston;Napanee
S2;200;124.3;Ott-TO;195.53;196.64;121.5;122.19;1.11;0.69;1.08;1622;1.02;1719;Kingston;Napanee
S2;200;124.3;Ott-TO;197.53;198.38;122.74;123.27;0.85;0.53;1.09;1596;1.02;1719;Kingston;Napanee
S2;200;124.3;Ott-TO;198.78;202.06;123.52;125.55;3.25;2.02;2.5;700;1.02;1719;Kingston;Napanee
S2;200;124.3;Ott-TO;202.09;202.41;125.57;125.77;0.31;0.19;2.16;808;1.02;1719;Kingston;Napanee
S2;200;124.3;Ott-TO;202.71;203.75;125.96;126.6;1.04;0.65;1.13;1545;1.02;1719;Kingston;Napanee
S2;200;124.3;Ott-TO;204.03;205.42;126.78;127.64;1.39;0.86;1.08;1622;1.02;1719;Kingston;Napanee
S2;200;124.3;Ott-TO;215.07;215.71;133.64;134.04;0.64;0.4;1.05;1661;1.02;1719;Kingston;Napanee
S2;200;124.3;Ott-TO;220.82;222.12;137.21;138.02;1.3;0.81;1.03;1692;1.02;1719;Kingston;Napanee
S2;200;124.3;Ott-TO;223.68;224.21;138.99;139.32;0.53;0.33;1.1;1586;1.02;1719;Kingston;Napanee
S2;200;124.3;Ott-TO;226.5;228.65;140.74;142.08;2.12;1.32;3.06;570;1.02;1719;Kingston;Belleville
S2;200;124.3;Ott-TO;239.02;241.16;148.52;149.85;2.14;1.33;1.02;1707;1.02;1719;Napanee;Belleville
S2;200;124.3;Ott-TO;254.41;255.1;158.08;158.51;0.69;0.43;1.06;1647;1.02;1719;Napanee;Belleville
S2;200;124.3;Ott-TO;330.51;333.22;205.37;207.05;2.71;1.68;1.02;1711;1.02;1719;Trenton Junction;Cobourg
S2;200;124.3;Ott-TO;335.02;336.65;208.17;209.18;1.62;1.01;2.63;663;1.02;1719;Cobourg;Port Hope
S2;200;124.3;Ott-TO;341.85;345.34;212.42;214.58;3.46;2.15;4.3;406;1.02;1719;Cobourg;Oshawa
S2;200;124.3;Ott-TO;372.99;373.23;231.77;231.91;0.24;0.15;1.17;1489;1.02;1719;Port Hope;Oshawa
S2;200;124.3;Ott-TO;376.71;377.82;234.08;234.77;1.09;0.68;1.49;1171;1.02;1719;Port Hope;Oshawa
S2;200;124.3;Ott-TO;386.56;387.13;240.2;240.55;0.57;0.35;1.38;1268;1.02;1719;Port Hope;Oshawa
S2;200;124.3;Ott-TO;387.56;388.06;240.82;241.13;0.49;0.3;1.7;1028;1.02;1719;Port Hope;Oshawa
S2;200;124.3;Ott-TO;413.14;414.38;256.71;257.48;1.24;0.77;1.02;1711;1.02;1719;Oshawa;Guildwood
S2;200;124.3;Ott-TO;421.21;421.8;261.73;262.09;0.59;0.37;1.2;1457;1.02;1719;Oshawa;Guildwood
S2;200;124.3;Ott-TO;426.08;428.11;264.75;266.02;1.99;1.24;3.08;567;1.02;1719;Guildwood;Toronto
S2;200;124.3;Ott-TO;441.27;441.7;274.19;274.46;0.43;0.27;1.07;1631;1.02;1719;Guildwood;Toronto
S2;200;124.3;Ott-TO;442.1;443.65;274.71;275.67;1.54;0.96;2.68;651;1.02;1719;Guildwood;Toronto
S2;200;124.3;Ott-TO;444.76;444.8;276.36;276.39;0.04;0.02;1.02;1707;1.02;1719;Guildwood;Toronto
S2;200;124.3;Ott-TO;445.47;445.92;276.8;277.08;0.45;0.28;1.35;1292;1.02;1719;Guildwood;Toronto
S2;200;124.3;MTL-TO;0.0;5.68;0.0;3.53;5.61;3.49;4.63;377;1.02;1719;Montréal;Dorval
S2;200;124.3;MTL-TO;10.3;10.67;6.4;6.63;0.37;0.23;1.06;1655;1.02;1719;Montréal;Dorval
S2;200;124.3;MTL-TO;14.45;14.95;8.98;9.29;0.5;0.31;1.72;1013;1.02;1719;Montréal;Dorval
S2;200;124.3;MTL-TO;15.36;16.57;9.54;10.3;1.21;0.75;1.05;1661;1.02;1719;Montréal;Dorval
S2;200;124.3;MTL-TO;17.76;17.8;11.04;11.06;0.04;0.02;1.08;1616;1.02;1719;Montréal;Dorval
S2;200;124.3;MTL-TO;34.79;36.28;21.62;22.54;1.46;0.91;3.11;562;1.02;1719;Aéroport Montréal Pierre-Elliott Trudeau;Coteau
S2;200;124.3;MTL-TO;102.99;103.67;64.0;64.42;0.66;0.41;1.53;1143;1.02;1719;Coteau;Brockville
S2;200;124.3;MTL-TO;183.04;183.47;113.74;114.0;0.43;0.27;1.02;1718;1.02;1719;Coteau;Brockville
S2;200;124.3;MTL-TO;202.4;204.36;125.77;126.98;1.95;1.21;1.46;1198;1.02;1719;Coteau;Brockville
S2;200;124.3;MTL-TO;208.26;208.45;129.41;129.52;0.19;0.12;1.97;885;1.02;1719;Brockville;Gananoque
S2;200;124.3;MTL-TO;214.27;214.78;133.14;133.46;0.5;0.31;2.22;785;1.02;1719;Brockville;Gananoque
S2;200;124.3;MTL-TO;230.33;231.36;143.12;143.76;1.01;0.63;3.37;518;1.02;1719;Brockville;Gananoque
S2;200;124.3;MTL-TO;231.67;232.0;143.95;144.16;0.32;0.2;2.36;739;1.02;1719;Brockville;Gananoque
S2;200;124.3;MTL-TO;251.06;251.85;156.0;156.49;0.77;0.48;2.11;829;1.02;1719;Gananoque;Kingston
S2;200;124.3;MTL-TO;252.16;252.54;156.68;156.92;0.38;0.24;1.02;1718;1.02;1719;Gananoque;Kingston
S2;200;124.3;MTL-TO;254.4;254.65;158.08;158.23;0.25;0.16;1.06;1643;1.02;1719;Gananoque;Kingston
S2;200;124.3;MTL-TO;265.17;265.2;164.77;164.79;0.03;0.02;1.4;1249;1.02;1719;Gananoque;Kingston
S2;200;124.3;MTL-TO;270.28;274.76;167.94;170.73;4.48;2.78;1.04;1675;1.02;1719;Gananoque;Kingston
S2;200;124.3;MTL-TO;275.24;275.27;171.03;171.04;0.03;0.02;1.04;1683;1.02;1719;Gananoque;Kingston
S2;200;124.3;MTL-TO;275.54;276.21;171.21;171.63;0.67;0.42;1.35;1289;1.02;1719;Gananoque;Kingston
S2;200;124.3;MTL-TO;277.26;281.83;172.28;175.12;4.5;2.8;4.57;382;1.02;1719;Gananoque;Kingston
S2;200;124.3;MTL-TO;282.3;284.45;175.41;176.75;2.14;1.33;1.77;987;1.02;1719;Gananoque;Kingston
S2;200;124.3;MTL-TO;286.69;287.23;178.14;178.48;0.53;0.33;2.28;767;1.02;1719;Kingston;Napanee
S2;200;124.3;MTL-TO;287.51;288.59;178.65;179.32;1.07;0.66;2.35;742;1.02;1719;Kingston;Napanee
S2;200;124.3;MTL-TO;289.69;290.8;180.01;180.69;1.11;0.69;1.08;1624;1.02;1719;Kingston;Napanee
S2;200;124.3;MTL-TO;291.69;292.54;181.25;181.78;0.85;0.53;1.09;1595;1.02;1719;Kingston;Napanee
S2;200;124.3;MTL-TO;292.94;296.57;182.02;184.28;3.57;2.22;2.25;776;1.02;1719;Kingston;Napanee
S2;200;124.3;MTL-TO;296.86;297.9;184.46;185.11;1.03;0.64;2.3;760;1.02;1719;Kingston;Napanee
S2;200;124.3;MTL-TO;298.18;299.58;185.28;186.15;1.4;0.87;1.08;1622;1.02;1719;Kingston;Napanee
S2;200;124.3;MTL-TO;309.22;309.86;192.14;192.54;0.64;0.4;1.05;1661;1.02;1719;Kingston;Napanee
S2;200;124.3;MTL-TO;314.97;316.26;195.71;196.51;1.29;0.8;1.03;1691;1.02;1719;Kingston;Napanee
S2;200;124.3;MTL-TO;317.83;318.35;197.49;197.81;0.52;0.32;1.1;1586;1.02;1719;Kingston;Napanee
S2;200;124.3;MTL-TO;320.64;322.79;199.24;200.57;2.13;1.32;2.01;867;1.02;1719;Kingston;Napanee
S2;200;124.3;MTL-TO;333.17;335.3;207.02;208.35;2.13;1.32;1.02;1706;1.02;1719;Napanee;Belleville
S2;200;124.3;MTL-TO;348.55;349.24;216.58;217.01;0.69;0.43;1.06;1648;1.02;1719;Napanee;Belleville
S2;200;124.3;MTL-TO;424.68;427.39;263.88;265.57;2.71;1.68;1.02;1711;1.02;1719;Trenton Junction;Cobourg
S2;200;124.3;MTL-TO;429.19;430.82;266.69;267.7;1.62;1.01;2.64;661;1.02;1719;Cobourg;Port Hope
S2;200;124.3;MTL-TO;436.02;439.51;270.93;273.1;3.46;2.15;4.29;407;1.02;1719;Cobourg;Oshawa
S2;200;124.3;MTL-TO;467.16;467.4;290.28;290.43;0.24;0.15;1.18;1480;1.02;1719;Port Hope;Oshawa
S2;200;124.3;MTL-TO;470.88;471.99;292.59;293.28;1.09;0.68;1.49;1171;1.02;1719;Port Hope;Oshawa
S2;200;124.3;MTL-TO;480.73;481.3;298.71;299.07;0.57;0.35;1.38;1268;1.02;1719;Port Hope;Oshawa
S2;200;124.3;MTL-TO;481.73;482.23;299.33;299.64;0.49;0.3;1.69;1035;1.02;1719;Port Hope;Oshawa
S2;200;124.3;MTL-TO;507.06;508.55;315.07;316.0;1.49;0.93;1.02;1711;1.02;1719;Oshawa;Guildwood
S2;200;124.3;MTL-TO;515.43;515.99;320.27;320.62;0.56;0.35;1.09;1596;1.02;1719;Oshawa;Guildwood
S2;200;124.3;MTL-TO;520.24;522.27;323.26;324.52;1.99;1.24;2.56;681;1.02;1719;Guildwood;Toronto
S2;200;124.3;MTL-TO;535.44;535.86;332.71;332.97;0.42;0.26;1.07;1631;1.02;1719;Guildwood;Toronto
S2;200;124.3;MTL-TO;536.26;537.81;333.22;334.18;1.54;0.96;2.32;753;1.02;1719;Guildwood;Toronto
S2;200;124.3;MTL-TO;539.63;540.08;335.31;335.59;0.45;0.28;1.24;1406;1.02;1719;Guildwood;Toronto
S2;250;155.3;MTL-QC;0.0;2.91;0.0;1.81;2.89;1.8;5.41;323;0.65;2685;Montréal;Saint-Lambert
S2;250;155.3;MTL-QC;6.03;6.08;3.75;3.78;0.05;0.03;0.71;2469;0.65;2685;Montréal;Saint-Lambert
S2;250;155.3;MTL-QC;12.17;12.21;7.56;7.59;0.04;0.02;0.91;1909;0.65;2685;Saint-Lambert;Saint-Hyacinthe
S2;250;155.3;MTL-QC;15.8;15.84;9.82;9.84;0.04;0.02;0.75;2320;0.65;2685;Saint-Lambert;Saint-Hyacinthe
S2;250;155.3;MTL-QC;16.77;16.81;10.42;10.45;0.04;0.02;0.81;2154;0.65;2685;Saint-Lambert;Saint-Hyacinthe
S2;250;155.3;MTL-QC;19.55;20.18;12.15;12.54;0.63;0.39;0.87;2011;0.65;2685;Saint-Lambert;Saint-Hyacinthe
S2;250;155.3;MTL-QC;28.97;31.22;18.0;19.4;2.21;1.37;3.5;499;0.65;2685;Saint-Lambert;Saint-Hyacinthe
S2;250;155.3;MTL-QC;32.46;34.62;20.17;21.51;2.14;1.33;1.94;901;0.65;2685;Saint-Lambert;Saint-Hyacinthe
S2;250;155.3;MTL-QC;53.34;53.37;33.14;33.16;0.03;0.02;0.72;2410;0.65;2685;Saint-Lambert;Saint-Hyacinthe
S2;250;155.3;MTL-QC;54.35;57.08;33.77;35.47;2.71;1.68;1.75;1000;0.65;2685;Saint-Hyacinthe;Drummondville
S2;250;155.3;MTL-QC;58.44;62.6;36.31;38.9;4.14;2.57;1.47;1189;0.65;2685;Saint-Hyacinthe;Drummondville
S2;250;155.3;MTL-QC;63.84;64.57;39.67;40.12;0.72;0.45;0.93;1877;0.65;2685;Saint-Hyacinthe;Drummondville
S2;250;155.3;MTL-QC;65.93;69.44;40.97;43.15;3.47;2.16;1.54;1135;0.65;2685;Saint-Hyacinthe;Drummondville
S2;250;155.3;MTL-QC;89.98;90.52;55.91;56.25;0.54;0.34;0.78;2235;0.65;2685;Saint-Hyacinthe;Drummondville
S2;250;155.3;MTL-QC;93.55;94.38;58.13;58.65;0.82;0.51;0.98;1786;0.65;2685;Saint-Hyacinthe;Drummondville
S2;250;155.3;MTL-QC;95.87;96.74;59.57;60.11;0.85;0.53;0.97;1802;0.65;2685;Saint-Hyacinthe;Drummondville
S2;250;155.3;MTL-QC;99.75;103.56;61.98;64.35;3.7;2.3;2.19;799;0.65;2685;Saint-Hyacinthe;Charny
S2;250;155.3;MTL-QC;108.15;126.23;67.2;78.44;17.97;11.17;2.06;848;0.65;2685;Drummondville;Charny
S2;250;155.3;MTL-QC;128.42;130.42;79.8;81.04;1.98;1.23;1.2;1459;0.65;2685;Drummondville;Charny
S2;250;155.3;MTL-QC;131.88;132.41;81.95;82.28;0.53;0.33;0.78;2226;0.65;2685;Drummondville;Charny
S2;250;155.3;MTL-QC;140.1;140.13;87.05;87.07;0.03;0.02;0.88;1974;0.65;2685;Drummondville;Charny
S2;250;155.3;MTL-QC;149.93;161.52;93.16;100.36;11.54;7.17;3.38;516;0.65;2685;Drummondville;Charny
S2;250;155.3;MTL-QC;169.25;193.5;105.17;120.24;24.19;15.03;2.72;641;0.65;2685;Drummondville;Charny
S2;250;155.3;MTL-QC;200.93;211.68;124.85;131.53;10.71;6.65;1.84;951;0.65;2685;Drummondville;Charny
S2;250;155.3;MTL-QC;214.04;225.33;133.0;140.01;11.27;7.0;1.19;1468;0.65;2685;Drummondville;Charny
S2;250;155.3;MTL-QC;231.78;232.25;144.02;144.31;0.47;0.29;0.71;2476;0.65;2685;Drummondville;Charny
S2;250;155.3;MTL-QC;242.36;247.53;150.6;153.81;5.08;3.16;3.88;450;0.65;2685;Drummondville;Sainte-Foy
S2;250;155.3;MTL-QC;249.18;251.47;154.83;156.26;2.28;1.42;4.55;384;0.65;2685;Charny;Sainte-Foy
S2;250;155.3;MTL-QC;253.31;258.35;157.4;160.53;4.94;3.07;5.6;312;0.65;2685;Sainte-Foy;Québec
S2;250;155.3;MTL-QC;259.29;262.76;161.12;163.27;3.4;2.11;4.16;420;0.65;2685;Sainte-Foy;Québec
S2;250;155.3;MTL-QC;263.56;263.6;163.77;163.79;0.04;0.02;0.81;2149;0.65;2685;Sainte-Foy;Québec
S2;250;155.3;MTL-QC;266.72;271.1;165.73;168.45;4.34;2.7;4.56;383;0.65;2685;Sainte-Foy;Québec
S2;250;155.3;MTL-Ott;0.0;5.68;0.0;3.53;5.61;3.49;4.63;377;0.65;2685;Montréal;Dorval
S2;250;155.3;MTL-Ott;9.92;11.14;6.16;6.92;1.2;0.75;1.06;1655;0.65;2685;Montréal;Dorval
S2;250;155.3;MTL-Ott;11.73;13.46;7.29;8.36;1.72;1.07;0.78;2236;0.65;2685;Montréal;Dorval
S2;250;155.3;MTL-Ott;14.45;14.97;8.98;9.3;0.51;0.32;1.73;1012;0.65;2685;Montréal;Dorval
S2;250;155.3;MTL-Ott;15.36;16.57;9.54;10.3;1.21;0.75;1.0;1743;0.65;2685;Montréal;Dorval
S2;250;155.3;MTL-Ott;17.76;17.8;11.04;11.06;0.04;0.02;1.08;1611;0.65;2685;Montréal;Dorval
S2;250;155.3;MTL-Ott;34.8;36.29;21.62;22.55;1.46;0.91;3.42;511;0.65;2685;Aéroport Montréal Pierre-Elliott Trudeau;Coteau
S2;250;155.3;MTL-Ott;40.59;41.67;25.22;25.89;1.06;0.66;0.95;1842;0.65;2685;Aéroport Montréal Pierre-Elliott Trudeau;Coteau
S2;250;155.3;MTL-Ott;43.33;43.62;26.92;27.1;0.28;0.17;1.31;1334;0.65;2685;Aéroport Montréal Pierre-Elliott Trudeau;Coteau
S2;250;155.3;MTL-Ott;59.03;59.07;36.68;36.7;0.04;0.02;0.95;1840;0.65;2685;Aéroport Montréal Pierre-Elliott Trudeau;Coteau
S2;250;155.3;MTL-Ott;59.37;59.81;36.89;37.16;0.44;0.27;0.7;2511;0.65;2685;Aéroport Montréal Pierre-Elliott Trudeau;Coteau
S2;250;155.3;MTL-Ott;61.73;63.79;38.36;39.64;2.04;1.27;3.28;532;0.65;2685;Aéroport Montréal Pierre-Elliott Trudeau;Alexandria
S2;250;155.3;MTL-Ott;74.98;75.7;46.59;47.04;0.72;0.45;0.92;1903;0.65;2685;Coteau;Alexandria
S2;250;155.3;MTL-Ott;79.55;85.57;49.43;53.17;5.94;3.69;3.09;566;0.65;2685;Coteau;Alexandria
S2;250;155.3;MTL-Ott;87.16;98.63;54.16;61.29;11.46;7.12;1.76;994;0.65;2685;Coteau;Alexandria
S2;250;155.3;MTL-Ott;99.84;106.15;62.04;65.96;6.26;3.89;2.96;590;0.65;2685;Alexandria;Casselman
S2;250;155.3;MTL-Ott;108.07;111.76;67.15;69.44;3.64;2.26;3.2;545;0.65;2685;Alexandria;Casselman
S2;250;155.3;MTL-Ott;112.96;116.97;70.19;72.68;3.99;2.48;1.84;949;0.65;2685;Alexandria;Casselman
S2;250;155.3;MTL-Ott;117.27;127.33;72.87;79.12;10.02;6.23;1.88;929;0.65;2685;Alexandria;Casselman
S2;250;155.3;MTL-Ott;139.1;143.54;86.43;89.19;4.4;2.73;1.64;1062;0.65;2685;Alexandria;Ottawa
S2;250;155.3;MTL-Ott;178.85;183.22;111.13;113.85;4.33;2.69;2.5;700;0.65;2685;Casselman;Ottawa
S2;250;155.3;MTL-Ott;183.83;185.56;114.23;115.3;1.72;1.07;1.07;1632;0.65;2685;Casselman;Ottawa
S2;250;155.3;Ott-TO;0.0;7.35;0.0;4.57;7.23;4.49;4.37;400;0.65;2685;Ottawa;Smiths Falls
S2;250;155.3;Ott-TO;8.25;10.03;5.13;6.23;1.74;1.08;2.66;657;0.65;2685;Ottawa;Smiths Falls
S2;250;155.3;Ott-TO;15.92;19.42;9.89;12.07;3.49;2.17;1.34;1304;0.65;2685;Ottawa;Smiths Falls
S2;250;155.3;Ott-TO;20.98;23.39;13.04;14.53;2.39;1.49;1.49;1175;0.65;2685;Ottawa;Smiths Falls
S2;250;155.3;Ott-TO;26.6;27.03;16.53;16.8;0.43;0.27;0.69;2545;0.65;2685;Ottawa;Smiths Falls
S2;250;155.3;Ott-TO;48.51;48.96;30.14;30.42;0.45;0.28;0.69;2521;0.65;2685;Ottawa;Smiths Falls
S2;250;155.3;Ott-TO;61.64;62.99;38.3;39.14;1.33;0.83;1.01;1734;0.65;2685;Ottawa;Smiths Falls
S2;250;155.3;Ott-TO;63.92;69.39;39.72;43.12;5.37;3.34;4.61;379;0.65;2685;Ottawa;Brockville
S2;250;155.3;Ott-TO;90.22;95.87;56.06;59.57;5.6;3.48;1.77;985;0.65;2685;Smiths Falls;Brockville
S2;250;155.3;Ott-TO;96.48;97.12;59.95;60.35;0.64;0.4;0.74;2357;0.65;2685;Smiths Falls;Brockville
S2;250;155.3;Ott-TO;108.85;110.92;67.64;68.92;2.02;1.26;4.43;394;0.65;2685;Smiths Falls;Brockville
S2;250;155.3;Ott-TO;111.19;112.37;69.09;69.82;1.18;0.73;0.92;1901;0.65;2685;Brockville;Gananoque
S2;250;155.3;Ott-TO;113.16;114.07;70.31;70.88;0.91;0.57;0.68;2574;0.65;2685;Brockville;Gananoque
S2;250;155.3;Ott-TO;114.1;114.33;70.9;71.04;0.22;0.14;2.17;806;0.65;2685;Brockville;Gananoque
S2;250;155.3;Ott-TO;117.74;119.26;73.16;74.1;1.51;0.94;0.93;1886;0.65;2685;Brockville;Gananoque
S2;250;155.3;Ott-TO;119.77;121.26;74.42;75.35;1.46;0.91;2.4;727;0.65;2685;Brockville;Gananoque
S2;250;155.3;Ott-TO;125.95;126.5;78.26;78.6;0.55;0.34;0.84;2088;0.65;2685;Brockville;Gananoque
S2;250;155.3;Ott-TO;133.08;137.2;82.69;85.25;4.09;2.54;3.18;550;0.65;2685;Brockville;Gananoque
S2;250;155.3;Ott-TO;137.51;138.46;85.44;86.04;0.93;0.58;1.51;1153;0.65;2685;Brockville;Gananoque
S2;250;155.3;Ott-TO;139.36;139.41;86.59;86.63;0.05;0.03;0.85;2053;0.65;2685;Brockville;Gananoque
S2;250;155.3;Ott-TO;151.1;158.9;93.89;98.74;7.74;4.81;1.45;1205;0.65;2685;Brockville;Kingston
S2;250;155.3;Ott-TO;160.0;161.13;99.42;100.12;1.11;0.69;1.33;1315;0.65;2685;Gananoque;Kingston
S2;250;155.3;Ott-TO;165.06;171.76;102.56;106.73;6.7;4.16;0.68;2563;0.65;2685;Gananoque;Kingston
S2;250;155.3;Ott-TO;175.4;190.29;108.99;118.24;14.72;9.15;4.54;385;0.65;2685;Gananoque;Kingston
S2;250;155.3;Ott-TO;192.54;205.42;119.64;127.64;12.67;7.87;2.5;700;0.65;2685;Kingston;Napanee
S2;250;155.3;Ott-TO;212.01;215.71;131.74;134.04;3.69;2.29;1.05;1661;0.65;2685;Kingston;Napanee
S2;250;155.3;Ott-TO;220.76;222.55;137.17;138.29;1.76;1.09;1.03;1692;0.65;2685;Kingston;Napanee
S2;250;155.3;Ott-TO;222.91;224.97;138.51;139.79;2.04;1.27;1.1;1586;0.65;2685;Kingston;Napanee
S2;250;155.3;Ott-TO;226.2;228.65;140.55;142.08;2.41;1.5;3.06;570;0.65;2685;Kingston;Belleville
S2;250;155.3;Ott-TO;231.71;231.75;143.98;144.0;0.04;0.02;0.7;2481;0.65;2685;Napanee;Belleville
S2;250;155.3;Ott-TO;236.47;237.05;146.94;147.3;0.58;0.36;0.83;2096;0.65;2685;Napanee;Belleville
S2;250;155.3;Ott-TO;239.02;241.68;148.52;150.17;2.64;1.64;1.02;1707;0.65;2685;Napanee;Belleville
S2;250;155.3;Ott-TO;249.32;249.36;154.92;154.95;0.04;0.02;0.93;1875;0.65;2685;Napanee;Belleville
S2;250;155.3;Ott-TO;252.07;255.1;156.63;158.51;3.01;1.87;1.06;1647;0.65;2685;Napanee;Belleville
S2;250;155.3;Ott-TO;279.71;280.72;173.8;174.43;0.99;0.62;0.95;1846;0.65;2685;Belleville;Trenton Junction
S2;250;155.3;Ott-TO;282.23;282.89;175.37;175.78;0.66;0.41;0.78;2239;0.65;2685;Belleville;Trenton Junction
S2;250;155.3;Ott-TO;283.98;284.59;176.46;176.84;0.61;0.38;0.85;2058;0.65;2685;Trenton Junction;Cobourg
S2;250;155.3;Ott-TO;304.75;304.81;189.36;189.4;0.06;0.04;0.93;1877;0.65;2685;Trenton Junction;Cobourg
S2;250;155.3;Ott-TO;330.51;338.97;205.37;210.63;8.39;5.21;2.63;663;0.65;2685;Trenton Junction;Port Hope
S2;250;155.3;Ott-TO;341.85;345.34;212.42;214.58;3.46;2.15;4.3;406;0.65;2685;Cobourg;Oshawa
S2;250;155.3;Ott-TO;353.65;354.22;219.75;220.1;0.57;0.35;0.82;2138;0.65;2685;Port Hope;Oshawa
S2;250;155.3;Ott-TO;355.64;356.33;220.98;221.41;0.69;0.43;0.91;1924;0.65;2685;Port Hope;Oshawa
S2;250;155.3;Ott-TO;357.31;358.08;222.02;222.5;0.77;0.48;0.74;2362;0.65;2685;Port Hope;Oshawa
S2;250;155.3;Ott-TO;365.04;366.29;226.83;227.6;1.23;0.76;1.01;1736;0.65;2685;Port Hope;Oshawa
S2;250;155.3;Ott-TO;367.12;367.77;228.12;228.52;0.65;0.4;0.88;1995;0.65;2685;Port Hope;Oshawa
S2;250;155.3;Ott-TO;368.67;369.38;229.08;229.52;0.71;0.44;0.84;2081;0.65;2685;Port Hope;Oshawa
S2;250;155.3;Ott-TO;372.77;374.64;231.63;232.79;1.83;1.14;1.17;1489;0.65;2685;Port Hope;Oshawa
S2;250;155.3;Ott-TO;375.75;377.82;233.48;234.77;2.04;1.27;1.49;1171;0.65;2685;Port Hope;Oshawa
S2;250;155.3;Ott-TO;380.03;381.15;236.14;236.84;1.1;0.68;1.0;1746;0.65;2685;Port Hope;Oshawa
S2;250;155.3;Ott-TO;382.78;383.71;237.85;238.43;0.91;0.57;0.99;1764;0.65;2685;Port Hope;Oshawa
S2;250;155.3;Ott-TO;384.73;390.04;239.06;242.36;5.19;3.22;1.7;1028;0.65;2685;Port Hope;Oshawa
S2;250;155.3;Ott-TO;394.52;394.58;245.14;245.18;0.06;0.04;0.65;2668;0.65;2685;Port Hope;Oshawa
S2;250;155.3;Ott-TO;395.2;398.26;245.57;247.47;3.03;1.88;1.0;1738;0.65;2685;Oshawa;Guildwood
S2;250;155.3;Ott-TO;399.05;401.52;247.96;249.49;2.45;1.52;1.01;1734;0.65;2685;Oshawa;Guildwood
S2;250;155.3;Ott-TO;409.02;409.58;254.15;254.5;0.56;0.35;0.8;2191;0.65;2685;Oshawa;Guildwood
S2;250;155.3;Ott-TO;412.34;412.39;256.22;256.25;0.05;0.03;0.7;2486;0.65;2685;Oshawa;Guildwood
S2;250;155.3;Ott-TO;412.72;412.76;256.45;256.48;0.04;0.02;0.8;2185;0.65;2685;Oshawa;Guildwood
S2;250;155.3;Ott-TO;413.09;415.78;256.68;258.35;2.64;1.64;1.02;1711;0.65;2685;Oshawa;Guildwood
S2;250;155.3;Ott-TO;416.59;417.44;258.86;259.39;0.83;0.52;0.99;1771;0.65;2685;Oshawa;Guildwood
S2;250;155.3;Ott-TO;420.23;421.8;261.12;262.09;1.56;0.97;1.2;1457;0.65;2685;Oshawa;Guildwood
S2;250;155.3;Ott-TO;425.11;425.16;264.15;264.18;0.05;0.03;0.72;2433;0.65;2685;Oshawa;Guildwood
S2;250;155.3;Ott-TO;426.08;428.11;264.75;266.02;1.99;1.24;3.08;567;0.65;2685;Guildwood;Toronto
S2;250;155.3;Ott-TO;428.6;430.85;266.32;267.72;2.24;1.39;1.0;1754;0.65;2685;Guildwood;Toronto
S2;250;155.3;Ott-TO;434.36;435.93;269.9;270.87;1.55;0.96;1.0;1747;0.65;2685;Guildwood;Toronto
S2;250;155.3;Ott-TO;437.89;444.8;272.09;276.39;6.83;4.24;2.68;651;0.65;2685;Guildwood;Toronto
S2;250;155.3;Ott-TO;445.04;445.92;276.54;277.08;0.87;0.54;1.35;1292;0.65;2685;Guildwood;Toronto
S2;250;155.3;MTL-TO;0.0;5.68;0.0;3.53;5.61;3.49;4.63;377;0.65;2685;Montréal;Dorval
S2;250;155.3;MTL-TO;9.92;11.14;6.16;6.92;1.2;0.75;1.06;1655;0.65;2685;Montréal;Dorval
S2;250;155.3;MTL-TO;11.73;13.46;7.29;8.36;1.72;1.07;0.77;2268;0.65;2685;Montréal;Dorval
S2;250;155.3;MTL-TO;14.45;14.97;8.98;9.3;0.51;0.32;1.72;1013;0.65;2685;Montréal;Dorval
S2;250;155.3;MTL-TO;15.36;16.57;9.54;10.3;1.21;0.75;1.05;1661;0.65;2685;Montréal;Dorval
S2;250;155.3;MTL-TO;17.76;17.8;11.04;11.06;0.04;0.02;1.08;1616;0.65;2685;Montréal;Dorval
S2;250;155.3;MTL-TO;34.79;36.28;21.62;22.54;1.46;0.91;3.11;562;0.65;2685;Aéroport Montréal Pierre-Elliott Trudeau;Coteau
S2;250;155.3;MTL-TO;40.59;41.66;25.22;25.89;1.05;0.65;0.95;1842;0.65;2685;Aéroport Montréal Pierre-Elliott Trudeau;Coteau
S2;250;155.3;MTL-TO;43.31;43.58;26.91;27.08;0.27;0.17;0.96;1819;0.65;2685;Aéroport Montréal Pierre-Elliott Trudeau;Coteau
S2;250;155.3;MTL-TO;59.01;59.05;36.67;36.69;0.04;0.02;0.96;1820;0.65;2685;Aéroport Montréal Pierre-Elliott Trudeau;Coteau
S2;250;155.3;MTL-TO;59.35;59.79;36.88;37.15;0.44;0.27;0.7;2507;0.65;2685;Aéroport Montréal Pierre-Elliott Trudeau;Coteau
S2;250;155.3;MTL-TO;61.71;61.74;38.34;38.36;0.03;0.02;0.65;2675;0.65;2685;Aéroport Montréal Pierre-Elliott Trudeau;Coteau
S2;250;155.3;MTL-TO;87.92;87.95;54.63;54.65;0.03;0.02;0.66;2658;0.65;2685;Coteau;Brockville
S2;250;155.3;MTL-TO;102.47;104.9;63.67;65.18;2.37;1.47;1.53;1143;0.65;2685;Coteau;Brockville
S2;250;155.3;MTL-TO;107.39;108.67;66.73;67.52;1.25;0.78;1.0;1752;0.65;2685;Coteau;Brockville
S2;250;155.3;MTL-TO;123.36;124.31;76.65;77.24;0.93;0.58;1.0;1753;0.65;2685;Coteau;Brockville
S2;250;155.3;MTL-TO;130.55;133.56;81.12;82.99;3.0;1.86;0.76;2292;0.65;2685;Coteau;Brockville
S2;250;155.3;MTL-TO;181.2;181.24;112.59;112.62;0.04;0.02;0.82;2126;0.65;2685;Coteau;Brockville
S2;250;155.3;MTL-TO;181.56;182.35;112.82;113.31;0.78;0.48;0.96;1812;0.65;2685;Coteau;Brockville
S2;250;155.3;MTL-TO;183.04;183.97;113.74;114.31;0.91;0.57;1.02;1718;0.65;2685;Coteau;Brockville
S2;250;155.3;MTL-TO;201.62;204.36;125.28;126.98;2.72;1.69;1.46;1198;0.65;2685;Coteau;Brockville
S2;250;155.3;MTL-TO;205.41;206.53;127.64;128.33;1.12;0.7;0.92;1901;0.65;2685;Brockville;Gananoque
S2;250;155.3;MTL-TO;207.32;208.49;128.82;129.55;1.14;0.71;1.97;885;0.65;2685;Brockville;Gananoque
S2;250;155.3;MTL-TO;211.9;213.42;131.67;132.61;1.51;0.94;0.93;1887;0.65;2685;Brockville;Gananoque
S2;250;155.3;MTL-TO;213.93;215.42;132.93;133.86;1.46;0.91;2.22;785;0.65;2685;Brockville;Gananoque
S2;250;155.3;MTL-TO;220.11;220.66;136.77;137.11;0.55;0.34;0.84;2089;0.65;2685;Brockville;Gananoque
S2;250;155.3;MTL-TO;227.24;231.36;141.2;143.76;4.09;2.54;3.37;518;0.65;2685;Brockville;Gananoque
S2;250;155.3;MTL-TO;231.67;232.62;143.95;144.54;0.93;0.58;2.36;739;0.65;2685;Brockville;Gananoque
S2;250;155.3;MTL-TO;232.95;233.54;144.75;145.12;0.59;0.37;0.94;1850;0.65;2685;Brockville;Gananoque
S2;250;155.3;MTL-TO;245.26;253.07;152.4;157.25;7.74;4.81;2.11;829;0.65;2685;Brockville;Kingston
S2;250;155.3;MTL-TO;254.4;255.29;158.08;158.63;0.88;0.55;1.06;1643;0.65;2685;Gananoque;Kingston
S2;250;155.3;MTL-TO;265.17;265.91;164.77;165.23;0.73;0.45;1.4;1249;0.65;2685;Gananoque;Kingston
S2;250;155.3;MTL-TO;269.56;284.45;167.5;176.75;14.7;9.13;4.57;382;0.65;2685;Gananoque;Kingston
S2;250;155.3;MTL-TO;286.69;288.63;178.14;179.35;1.89;1.17;2.35;742;0.65;2685;Kingston;Napanee
S2;250;155.3;MTL-TO;289.17;299.58;179.68;186.15;10.24;6.36;2.3;760;0.65;2685;Kingston;Napanee
S2;250;155.3;MTL-TO;306.17;309.86;190.25;192.54;3.68;2.29;1.05;1661;0.65;2685;Kingston;Napanee
S2;250;155.3;MTL-TO;314.91;319.12;195.68;198.29;4.15;2.58;1.1;1586;0.65;2685;Kingston;Napanee
S2;250;155.3;MTL-TO;320.35;322.79;199.06;200.57;2.41;1.5;2.01;867;0.65;2685;Kingston;Napanee
S2;250;155.3;MTL-TO;325.86;325.9;202.48;202.5;0.04;0.02;0.77;2260;0.65;2685;Napanee;Belleville
S2;250;155.3;MTL-TO;330.62;331.2;205.44;205.8;0.58;0.36;0.83;2092;0.65;2685;Napanee;Belleville
S2;250;155.3;MTL-TO;333.17;335.82;207.02;208.67;2.63;1.63;1.02;1706;0.65;2685;Napanee;Belleville
S2;250;155.3;MTL-TO;343.46;343.5;213.42;213.44;0.04;0.02;0.89;1966;0.65;2685;Napanee;Belleville
S2;250;155.3;MTL-TO;346.21;349.24;215.12;217.01;3.01;1.87;1.06;1648;0.65;2685;Napanee;Belleville
S2;250;155.3;MTL-TO;373.9;374.9;232.33;232.95;0.98;0.61;0.95;1845;0.65;2685;Belleville;Trenton Junction
S2;250;155.3;MTL-TO;376.42;377.07;233.9;234.3;0.65;0.4;0.78;2236;0.65;2685;Belleville;Trenton Junction
S2;250;155.3;MTL-TO;378.16;378.77;234.98;235.36;0.61;0.38;0.85;2057;0.65;2685;Trenton Junction;Cobourg
S2;250;155.3;MTL-TO;388.28;398.99;241.27;247.92;10.7;6.65;0.82;2135;0.65;2685;Trenton Junction;Cobourg
S2;250;155.3;MTL-TO;424.68;433.14;263.88;269.14;8.39;5.21;2.64;661;0.65;2685;Trenton Junction;Port Hope
S2;250;155.3;MTL-TO;436.02;439.51;270.93;273.1;3.46;2.15;4.29;407;0.65;2685;Cobourg;Oshawa
S2;250;155.3;MTL-TO;447.82;448.39;278.26;278.62;0.57;0.35;0.82;2138;0.65;2685;Port Hope;Oshawa
S2;250;155.3;MTL-TO;449.81;450.5;279.5;279.93;0.69;0.43;0.91;1925;0.65;2685;Port Hope;Oshawa
S2;250;155.3;MTL-TO;451.48;452.25;280.54;281.02;0.77;0.48;0.74;2362;0.65;2685;Port Hope;Oshawa
S2;250;155.3;MTL-TO;459.21;460.46;285.34;286.12;1.23;0.76;1.01;1736;0.65;2685;Port Hope;Oshawa
S2;250;155.3;MTL-TO;461.29;461.94;286.63;287.04;0.65;0.4;0.88;1995;0.65;2685;Port Hope;Oshawa
S2;250;155.3;MTL-TO;462.84;463.55;287.6;288.04;0.71;0.44;0.84;2082;0.65;2685;Port Hope;Oshawa
S2;250;155.3;MTL-TO;466.94;468.81;290.14;291.31;1.83;1.14;1.18;1480;0.65;2685;Port Hope;Oshawa
S2;250;155.3;MTL-TO;469.92;471.99;291.99;293.28;2.04;1.27;1.49;1171;0.65;2685;Port Hope;Oshawa
S2;250;155.3;MTL-TO;474.2;475.32;294.65;295.35;1.1;0.68;1.0;1746;0.65;2685;Port Hope;Oshawa
S2;250;155.3;MTL-TO;476.95;477.88;296.36;296.94;0.91;0.57;0.99;1764;0.65;2685;Port Hope;Oshawa
S2;250;155.3;MTL-TO;478.9;484.21;297.57;300.87;5.19;3.22;1.69;1035;0.65;2685;Port Hope;Oshawa
S2;250;155.3;MTL-TO;488.69;488.74;303.66;303.69;0.05;0.03;0.76;2299;0.65;2685;Port Hope;Oshawa
S2;250;155.3;MTL-TO;489.36;489.4;304.07;304.1;0.04;0.02;0.66;2651;0.65;2685;Oshawa;Guildwood
S2;250;155.3;MTL-TO;491.01;492.42;305.1;305.98;1.38;0.86;1.0;1738;0.65;2685;Oshawa;Guildwood
S2;250;155.3;MTL-TO;494.74;495.68;307.42;308.0;0.92;0.57;1.01;1733;0.65;2685;Oshawa;Guildwood
S2;250;155.3;MTL-TO;503.18;503.75;312.66;313.02;0.57;0.35;0.8;2194;0.65;2685;Oshawa;Guildwood
S2;250;155.3;MTL-TO;507.06;509.94;315.07;316.86;2.84;1.76;1.02;1711;0.65;2685;Oshawa;Guildwood
S2;250;155.3;MTL-TO;510.75;511.61;317.37;317.9;0.84;0.52;0.98;1773;0.65;2685;Oshawa;Guildwood
S2;250;155.3;MTL-TO;514.4;515.99;319.63;320.62;1.58;0.98;1.09;1596;0.65;2685;Oshawa;Guildwood
S2;250;155.3;MTL-TO;519.9;519.94;323.05;323.08;0.04;0.02;0.68;2575;0.65;2685;Guildwood;Toronto
S2;250;155.3;MTL-TO;520.24;522.27;323.26;324.52;1.99;1.24;2.56;681;0.65;2685;Guildwood;Toronto
S2;250;155.3;MTL-TO;522.77;525.01;324.83;326.23;2.23;1.39;1.0;1753;0.65;2685;Guildwood;Toronto
S2;250;155.3;MTL-TO;528.52;530.09;328.41;329.38;1.55;0.96;1.0;1747;0.65;2685;Guildwood;Toronto
S2;250;155.3;MTL-TO;532.05;538.97;330.6;334.9;6.84;4.25;2.32;753;0.65;2685;Guildwood;Toronto
S2;250;155.3;MTL-TO;539.2;540.08;335.04;335.59;0.87;0.54;1.24;1406;0.65;2685;Guildwood;Toronto
S2;300;186.4;MTL-QC;0.0;3.54;0.0;2.2;3.51;2.18;5.41;323;0.45;3867;Montréal;Saint-Lambert
S2;300;186.4;MTL-QC;6.03;6.08;3.75;3.78;0.05;0.03;0.71;2469;0.45;3867;Montréal;Saint-Lambert
S2;300;186.4;MTL-QC;7.07;12.21;4.39;7.59;5.12;3.18;0.91;1909;0.45;3867;Saint-Lambert;Saint-Hyacinthe
S2;300;186.4;MTL-QC;15.8;34.62;9.82;21.51;18.68;11.61;3.5;499;0.45;3867;Saint-Lambert;Saint-Hyacinthe
S2;300;186.4;MTL-QC;36.26;36.29;22.53;22.55;0.03;0.02;0.62;2820;0.45;3867;Saint-Lambert;Saint-Hyacinthe
S2;300;186.4;MTL-QC;53.34;53.37;33.14;33.16;0.03;0.02;0.72;2410;0.45;3867;Saint-Lambert;Saint-Hyacinthe
S2;300;186.4;MTL-QC;53.77;53.8;33.41;33.43;0.03;0.02;0.55;3181;0.45;3867;Saint-Hyacinthe;Drummondville
S2;300;186.4;MTL-QC;54.35;57.08;33.77;35.47;2.71;1.68;1.75;1000;0.45;3867;Saint-Hyacinthe;Drummondville
S2;300;186.4;MTL-QC;57.95;69.44;36.01;43.15;11.37;7.06;1.54;1135;0.45;3867;Saint-Hyacinthe;Drummondville
S2;300;186.4;MTL-QC;80.46;96.74;50.0;60.11;16.19;10.06;0.98;1786;0.45;3867;Saint-Hyacinthe;Drummondville
S2;300;186.4;MTL-QC;99.75;103.56;61.98;64.35;3.7;2.3;2.19;799;0.45;3867;Saint-Hyacinthe;Charny
S2;300;186.4;MTL-QC;107.62;140.13;66.87;87.07;32.31;20.08;2.06;848;0.45;3867;Drummondville;Charny
S2;300;186.4;MTL-QC;147.55;147.96;91.68;91.94;0.41;0.25;0.5;3528;0.45;3867;Drummondville;Charny
S2;300;186.4;MTL-QC;149.55;225.33;92.93;140.01;75.54;46.94;3.38;516;0.45;3867;Drummondville;Charny
S2;300;186.4;MTL-QC;230.01;232.25;142.92;144.31;2.23;1.39;0.71;2476;0.45;3867;Drummondville;Charny
S2;300;186.4;MTL-QC;239.7;247.53;148.94;153.81;7.72;4.8;3.88;450;0.45;3867;Drummondville;Sainte-Foy
S2;300;186.4;MTL-QC;248.45;248.48;154.38;154.4;0.03;0.02;0.57;3043;0.45;3867;Charny;Sainte-Foy
S2;300;186.4;MTL-QC;249.18;251.47;154.83;156.26;2.28;1.42;4.55;384;0.45;3867;Charny;Sainte-Foy
S2;300;186.4;MTL-QC;253.31;263.03;157.4;163.44;9.51;5.91;5.6;312;0.45;3867;Sainte-Foy;Québec
S2;300;186.4;MTL-QC;263.06;263.6;163.46;163.79;0.53;0.33;0.81;2149;0.45;3867;Sainte-Foy;Québec
S2;300;186.4;MTL-QC;266.72;271.1;165.73;168.45;4.34;2.7;4.56;383;0.45;3867;Sainte-Foy;Québec
S2;300;186.4;MTL-Ott;0.0;5.68;0.0;3.53;5.61;3.49;4.63;377;0.45;3867;Montréal;Dorval
S2;300;186.4;MTL-Ott;7.96;8.61;4.95;5.35;0.65;0.4;0.5;3485;0.45;3867;Montréal;Dorval
S2;300;186.4;MTL-Ott;8.84;8.87;5.49;5.51;0.03;0.02;0.56;3112;0.45;3867;Montréal;Dorval
S2;300;186.4;MTL-Ott;9.62;11.14;5.98;6.92;1.49;0.93;1.06;1655;0.45;3867;Montréal;Dorval
S2;300;186.4;MTL-Ott;11.73;13.46;7.29;8.36;1.72;1.07;0.78;2236;0.45;3867;Montréal;Dorval
S2;300;186.4;MTL-Ott;14.45;17.8;8.98;11.06;3.29;2.04;1.73;1012;0.45;3867;Montréal;Dorval
S2;300;186.4;MTL-Ott;21.69;22.96;13.48;14.27;1.27;0.79;0.5;3463;0.45;3867;Aéroport Montréal Pierre-Elliott Trudeau;Coteau
S2;300;186.4;MTL-Ott;30.85;31.48;19.17;19.56;0.63;0.39;0.49;3545;0.45;3867;Aéroport Montréal Pierre-Elliott Trudeau;Coteau
S2;300;186.4;MTL-Ott;34.8;36.29;21.62;22.55;1.46;0.91;3.42;511;0.45;3867;Aéroport Montréal Pierre-Elliott Trudeau;Coteau
S2;300;186.4;MTL-Ott;36.75;41.67;22.84;25.89;4.88;3.03;0.95;1842;0.45;3867;Aéroport Montréal Pierre-Elliott Trudeau;Coteau
S2;300;186.4;MTL-Ott;43.33;43.62;26.92;27.1;0.28;0.17;1.31;1334;0.45;3867;Aéroport Montréal Pierre-Elliott Trudeau;Coteau
S2;300;186.4;MTL-Ott;56.72;57.17;35.24;35.52;0.45;0.28;0.47;3716;0.45;3867;Aéroport Montréal Pierre-Elliott Trudeau;Coteau
S2;300;186.4;MTL-Ott;58.0;59.81;36.04;37.16;1.78;1.11;0.95;1840;0.45;3867;Aéroport Montréal Pierre-Elliott Trudeau;Coteau
S2;300;186.4;MTL-Ott;61.09;75.7;37.96;47.04;14.56;9.05;3.28;532;0.45;3867;Aéroport Montréal Pierre-Elliott Trudeau;Alexandria
S2;300;186.4;MTL-Ott;79.55;85.57;49.43;53.17;5.94;3.69;3.09;566;0.45;3867;Coteau;Alexandria
S2;300;186.4;MTL-Ott;87.16;98.63;54.16;61.29;11.46;7.12;1.76;994;0.45;3867;Coteau;Alexandria
S2;300;186.4;MTL-Ott;99.84;106.15;62.04;65.96;6.26;3.89;2.96;590;0.45;3867;Alexandria;Casselman
S2;300;186.4;MTL-Ott;107.51;111.76;66.8;69.44;4.17;2.59;3.2;545;0.45;3867;Alexandria;Casselman
S2;300;186.4;MTL-Ott;112.96;127.33;70.19;79.12;14.28;8.87;1.88;929;0.45;3867;Alexandria;Casselman
S2;300;186.4;MTL-Ott;127.83;128.37;79.43;79.77;0.53;0.33;0.55;3197;0.45;3867;Alexandria;Casselman
S2;300;186.4;MTL-Ott;138.79;143.83;86.24;89.37;4.97;3.09;1.64;1062;0.45;3867;Alexandria;Ottawa
S2;300;186.4;MTL-Ott;178.85;185.56;111.13;115.3;6.64;4.13;2.5;700;0.45;3867;Casselman;Ottawa
S2;300;186.4;Ott-TO;0.0;7.35;0.0;4.57;7.23;4.49;4.37;400;0.45;3867;Ottawa;Smiths Falls
S2;300;186.4;Ott-TO;8.25;10.03;5.13;6.23;1.74;1.08;2.66;657;0.45;3867;Ottawa;Smiths Falls
S2;300;186.4;Ott-TO;15.92;19.42;9.89;12.07;3.49;2.17;1.34;1304;0.45;3867;Ottawa;Smiths Falls
S2;300;186.4;Ott-TO;20.98;27.03;13.04;16.8;6.01;3.73;1.49;1175;0.45;3867;Ottawa;Smiths Falls
S2;300;186.4;Ott-TO;33.08;33.56;20.55;20.85;0.48;0.3;0.54;3210;0.45;3867;Ottawa;Smiths Falls
S2;300;186.4;Ott-TO;43.55;62.99;27.06;39.14;19.39;12.05;1.01;1734;0.45;3867;Ottawa;Smiths Falls
S2;300;186.4;Ott-TO;63.92;69.39;39.72;43.12;5.37;3.34;4.61;379;0.45;3867;Ottawa;Brockville
S2;300;186.4;Ott-TO;72.42;72.96;45.0;45.34;0.54;0.34;0.47;3678;0.45;3867;Smiths Falls;Brockville
S2;300;186.4;Ott-TO;74.71;75.29;46.42;46.78;0.58;0.36;0.55;3157;0.45;3867;Smiths Falls;Brockville
S2;300;186.4;Ott-TO;89.06;89.31;55.34;55.49;0.25;0.16;0.46;3786;0.45;3867;Smiths Falls;Brockville
S2;300;186.4;Ott-TO;90.22;97.12;56.06;60.35;6.83;4.24;1.77;985;0.45;3867;Smiths Falls;Brockville
S2;300;186.4;Ott-TO;108.85;119.26;67.64;74.1;10.25;6.37;4.43;394;0.45;3867;Smiths Falls;Gananoque
S2;300;186.4;Ott-TO;119.74;126.5;74.4;78.6;6.7;4.16;2.4;727;0.45;3867;Brockville;Gananoque
S2;300;186.4;Ott-TO;132.28;137.2;82.19;85.25;4.88;3.03;3.18;550;0.45;3867;Brockville;Gananoque
S2;300;186.4;Ott-TO;137.51;138.46;85.44;86.04;0.93;0.58;1.51;1153;0.45;3867;Brockville;Gananoque
S2;300;186.4;Ott-TO;138.79;139.41;86.24;86.63;0.61;0.38;0.85;2053;0.45;3867;Brockville;Gananoque
S2;300;186.4;Ott-TO;141.82;141.84;88.12;88.14;0.02;0.01;0.47;3754;0.45;3867;Brockville;Gananoque
S2;300;186.4;Ott-TO;145.49;145.99;90.4;90.71;0.5;0.31;0.49;3548;0.45;3867;Brockville;Gananoque
S2;300;186.4;Ott-TO;150.18;158.9;93.32;98.74;8.65;5.37;1.45;1205;0.45;3867;Brockville;Kingston
S2;300;186.4;Ott-TO;160.0;161.13;99.42;100.12;1.11;0.69;1.33;1315;0.45;3867;Gananoque;Kingston
S2;300;186.4;Ott-TO;164.57;205.42;102.26;127.64;40.4;25.1;4.54;385;0.45;3867;Gananoque;Napanee
S2;300;186.4;Ott-TO;208.54;209.01;129.58;129.87;0.47;0.29;0.51;3410;0.45;3867;Kingston;Napanee
S2;300;186.4;Ott-TO;211.19;222.55;131.23;138.29;11.29;7.02;1.05;1661;0.45;3867;Kingston;Napanee
S2;300;186.4;Ott-TO;222.91;228.65;138.51;142.08;5.66;3.52;3.06;570;0.45;3867;Kingston;Belleville
S2;300;186.4;Ott-TO;231.36;231.39;143.76;143.78;0.03;0.02;0.55;3150;0.45;3867;Napanee;Belleville
S2;300;186.4;Ott-TO;231.71;231.75;143.98;144.0;0.04;0.02;0.7;2481;0.45;3867;Napanee;Belleville
S2;300;186.4;Ott-TO;234.18;237.05;145.51;147.3;2.86;1.78;0.83;2096;0.45;3867;Napanee;Belleville
S2;300;186.4;Ott-TO;238.08;255.1;147.94;158.51;16.93;10.52;1.06;1647;0.45;3867;Napanee;Belleville
S2;300;186.4;Ott-TO;276.56;284.59;171.85;176.84;7.96;4.95;0.95;1846;0.45;3867;Belleville;Cobourg
S2;300;186.4;Ott-TO;284.82;284.84;176.98;176.99;0.02;0.01;0.52;3344;0.45;3867;Trenton Junction;Cobourg
S2;300;186.4;Ott-TO;292.76;293.26;181.91;182.22;0.5;0.31;0.49;3581;0.45;3867;Trenton Junction;Cobourg
S2;300;186.4;Ott-TO;294.1;304.81;182.75;189.4;10.7;6.65;0.93;1877;0.45;3867;Trenton Junction;Cobourg
S2;300;186.4;Ott-TO;308.76;309.18;191.85;192.12;0.42;0.26;0.48;3658;0.45;3867;Trenton Junction;Cobourg
S2;300;186.4;Ott-TO;330.51;339.27;205.37;210.81;8.67;5.39;2.63;663;0.45;3867;Trenton Junction;Port Hope
S2;300;186.4;Ott-TO;340.8;345.34;211.76;214.58;4.5;2.8;4.3;406;0.45;3867;Cobourg;Oshawa
S2;300;186.4;Ott-TO;349.23;358.08;217.0;222.5;8.79;5.46;0.91;1924;0.45;3867;Port Hope;Oshawa
S2;300;186.4;Ott-TO;362.26;369.38;225.1;229.52;7.04;4.37;1.01;1736;0.45;3867;Port Hope;Oshawa
S2;300;186.4;Ott-TO;371.76;374.64;231.0;232.79;2.83;1.76;1.17;1489;0.45;3867;Port Hope;Oshawa
S2;300;186.4;Ott-TO;375.28;390.04;233.19;242.36;14.5;9.01;1.7;1028;0.45;3867;Port Hope;Oshawa
S2;300;186.4;Ott-TO;392.83;393.27;244.09;244.37;0.44;0.27;0.47;3701;0.45;3867;Port Hope;Oshawa
S2;300;186.4;Ott-TO;394.52;398.26;245.14;247.47;3.69;2.29;1.0;1738;0.45;3867;Port Hope;Guildwood
S2;300;186.4;Ott-TO;399.05;409.58;247.96;254.5;10.49;6.52;1.01;1734;0.45;3867;Oshawa;Guildwood
S2;300;186.4;Ott-TO;412.34;417.44;256.22;259.39;4.97;3.09;1.02;1711;0.45;3867;Oshawa;Guildwood
S2;300;186.4;Ott-TO;418.36;421.8;259.96;262.09;3.42;2.13;1.2;1457;0.45;3867;Oshawa;Guildwood
S2;300;186.4;Ott-TO;425.11;425.16;264.15;264.18;0.05;0.03;0.72;2433;0.45;3867;Oshawa;Guildwood
S2;300;186.4;Ott-TO;425.74;428.11;264.54;266.02;2.31;1.44;3.08;567;0.45;3867;Guildwood;Toronto
S2;300;186.4;Ott-TO;428.6;435.93;266.32;270.87;7.28;4.52;1.0;1747;0.45;3867;Guildwood;Toronto
S2;300;186.4;Ott-TO;437.35;437.63;271.76;271.93;0.28;0.17;0.47;3688;0.45;3867;Guildwood;Toronto
S2;300;186.4;Ott-TO;437.89;445.92;272.09;277.08;7.91;4.92;2.68;651;0.45;3867;Guildwood;Toronto
S2;300;186.4;MTL-TO;0.0;5.68;0.0;3.53;5.61;3.49;4.63;377;0.45;3867;Montréal;Dorval
S2;300;186.4;MTL-TO;7.96;8.61;4.95;5.35;0.65;0.4;0.5;3485;0.45;3867;Montréal;Dorval
S2;300;186.4;MTL-TO;8.84;8.87;5.49;5.51;0.03;0.02;0.56;3109;0.45;3867;Montréal;Dorval
S2;300;186.4;MTL-TO;9.62;11.14;5.98;6.92;1.49;0.93;1.06;1655;0.45;3867;Montréal;Dorval
S2;300;186.4;MTL-TO;11.73;13.46;7.29;8.36;1.72;1.07;0.77;2268;0.45;3867;Montréal;Dorval
S2;300;186.4;MTL-TO;14.45;17.8;8.98;11.06;3.29;2.04;1.72;1013;0.45;3867;Montréal;Dorval
S2;300;186.4;MTL-TO;21.69;22.96;13.48;14.27;1.27;0.79;0.5;3463;0.45;3867;Aéroport Montréal Pierre-Elliott Trudeau;Coteau
S2;300;186.4;MTL-TO;30.84;31.47;19.16;19.55;0.63;0.39;0.49;3544;0.45;3867;Aéroport Montréal Pierre-Elliott Trudeau;Coteau
S2;300;186.4;MTL-TO;34.79;36.28;21.62;22.54;1.46;0.91;3.11;562;0.45;3867;Aéroport Montréal Pierre-Elliott Trudeau;Coteau
S2;300;186.4;MTL-TO;36.74;41.66;22.83;25.89;4.88;3.03;0.95;1842;0.45;3867;Aéroport Montréal Pierre-Elliott Trudeau;Coteau
S2;300;186.4;MTL-TO;43.31;43.61;26.91;27.1;0.29;0.18;0.96;1819;0.45;3867;Aéroport Montréal Pierre-Elliott Trudeau;Coteau
S2;300;186.4;MTL-TO;56.7;57.15;35.23;35.51;0.45;0.28;0.47;3711;0.45;3867;Aéroport Montréal Pierre-Elliott Trudeau;Coteau
S2;300;186.4;MTL-TO;57.98;59.79;36.03;37.15;1.78;1.11;0.96;1820;0.45;3867;Aéroport Montréal Pierre-Elliott Trudeau;Coteau
S2;300;186.4;MTL-TO;61.08;61.74;37.95;38.36;0.65;0.4;0.65;2675;0.45;3867;Aéroport Montréal Pierre-Elliott Trudeau;Coteau
S2;300;186.4;MTL-TO;87.92;87.95;54.63;54.65;0.03;0.02;0.66;2658;0.45;3867;Coteau;Brockville
S2;300;186.4;MTL-TO;96.76;108.67;60.12;67.52;11.78;7.32;1.53;1143;0.45;3867;Coteau;Brockville
S2;300;186.4;MTL-TO;122.85;133.81;76.34;83.15;10.87;6.75;1.0;1753;0.45;3867;Coteau;Brockville
S2;300;186.4;MTL-TO;138.73;139.15;86.2;86.46;0.42;0.26;0.51;3458;0.45;3867;Coteau;Brockville
S2;300;186.4;MTL-TO;163.41;166.57;101.54;103.5;3.15;1.96;0.57;3054;0.45;3867;Coteau;Brockville
S2;300;186.4;MTL-TO;170.14;170.6;105.72;106.01;0.46;0.29;0.5;3510;0.45;3867;Coteau;Brockville
S2;300;186.4;MTL-TO;171.08;171.86;106.3;106.79;0.78;0.48;0.53;3285;0.45;3867;Coteau;Brockville
S2;300;186.4;MTL-TO;173.68;174.2;107.92;108.24;0.52;0.32;0.48;3624;0.45;3867;Coteau;Brockville
S2;300;186.4;MTL-TO;175.7;177.68;109.17;110.41;1.98;1.23;0.46;3828;0.45;3867;Coteau;Brockville
S2;300;186.4;MTL-TO;177.79;183.97;110.47;114.31;6.1;3.79;1.02;1718;0.45;3867;Coteau;Brockville
S2;300;186.4;MTL-TO;186.62;186.65;115.96;115.98;0.03;0.02;0.46;3783;0.45;3867;Coteau;Brockville
S2;300;186.4;MTL-TO;187.72;190.73;116.64;118.51;3.01;1.87;0.45;3858;0.45;3867;Coteau;Brockville
S2;300;186.4;MTL-TO;190.83;192.4;118.58;119.55;1.57;0.98;0.46;3756;0.45;3867;Coteau;Brockville
S2;300;186.4;MTL-TO;196.45;197.56;122.07;122.76;1.11;0.69;0.5;3472;0.45;3867;Coteau;Brockville
S2;300;186.4;MTL-TO;198.58;199.54;123.39;123.99;0.96;0.6;0.51;3458;0.45;3867;Coteau;Brockville
S2;300;186.4;MTL-TO;200.96;204.36;124.87;126.98;3.37;2.09;1.46;1198;0.45;3867;Coteau;Brockville
S2;300;186.4;MTL-TO;205.12;213.42;127.46;132.61;8.2;5.1;1.97;885;0.45;3867;Brockville;Gananoque
S2;300;186.4;MTL-TO;213.89;220.66;132.91;137.11;6.71;4.17;2.22;785;0.45;3867;Brockville;Gananoque
S2;300;186.4;MTL-TO;226.44;231.36;140.7;143.76;4.88;3.03;3.37;518;0.45;3867;Brockville;Gananoque
S2;300;186.4;MTL-TO;231.67;232.62;143.95;144.54;0.93;0.58;2.36;739;0.45;3867;Brockville;Gananoque
S2;300;186.4;MTL-TO;232.95;233.54;144.75;145.12;0.59;0.37;0.94;1850;0.45;3867;Brockville;Gananoque
S2;300;186.4;MTL-TO;239.65;240.15;148.91;149.22;0.5;0.31;0.49;3546;0.45;3867;Brockville;Gananoque
S2;300;186.4;MTL-TO;244.34;253.07;151.83;157.25;8.65;5.37;2.11;829;0.45;3867;Brockville;Kingston
S2;300;186.4;MTL-TO;254.16;255.29;157.93;158.63;1.11;0.69;1.06;1643;0.45;3867;Gananoque;Kingston
S2;300;186.4;MTL-TO;258.74;299.58;160.77;186.15;40.32;25.05;4.57;382;0.45;3867;Gananoque;Napanee
S2;300;186.4;MTL-TO;302.7;303.17;188.09;188.38;0.47;0.29;0.51;3413;0.45;3867;Kingston;Napanee
S2;300;186.4;MTL-TO;305.35;322.79;189.74;200.57;17.29;10.74;2.01;867;0.45;3867;Kingston;Napanee
S2;300;186.4;MTL-TO;325.51;325.9;202.26;202.5;0.37;0.23;0.77;2260;0.45;3867;Napanee;Belleville
S2;300;186.4;MTL-TO;328.33;331.2;204.01;205.8;2.86;1.78;0.83;2092;0.45;3867;Napanee;Belleville
S2;300;186.4;MTL-TO;332.23;349.24;206.44;217.01;16.92;10.51;1.06;1648;0.45;3867;Napanee;Belleville
S2;300;186.4;MTL-TO;370.75;378.77;230.37;235.36;7.95;4.94;0.95;1845;0.45;3867;Belleville;Cobourg
S2;300;186.4;MTL-TO;379.0;379.03;235.5;235.52;0.03;0.02;0.54;3222;0.45;3867;Trenton Junction;Cobourg
S2;300;186.4;MTL-TO;386.94;387.44;240.43;240.74;0.5;0.31;0.49;3580;0.45;3867;Trenton Junction;Cobourg
S2;300;186.4;MTL-TO;388.28;398.99;241.27;247.92;10.7;6.65;0.82;2135;0.45;3867;Trenton Junction;Cobourg
S2;300;186.4;MTL-TO;402.94;403.36;250.38;250.64;0.42;0.26;0.48;3659;0.45;3867;Trenton Junction;Cobourg
S2;300;186.4;MTL-TO;424.68;433.44;263.88;269.33;8.67;5.39;2.64;661;0.45;3867;Trenton Junction;Port Hope
S2;300;186.4;MTL-TO;434.97;439.51;270.28;273.1;4.5;2.8;4.29;407;0.45;3867;Cobourg;Oshawa
S2;300;186.4;MTL-TO;443.4;452.25;275.52;281.02;8.79;5.46;0.91;1925;0.45;3867;Port Hope;Oshawa
S2;300;186.4;MTL-TO;456.43;463.55;283.61;288.04;7.04;4.37;1.01;1736;0.45;3867;Port Hope;Oshawa
S2;300;186.4;MTL-TO;465.93;468.81;289.52;291.31;2.83;1.76;1.18;1480;0.45;3867;Port Hope;Oshawa
S2;300;186.4;MTL-TO;469.45;484.21;291.7;300.87;14.5;9.01;1.69;1035;0.45;3867;Port Hope;Oshawa
S2;300;186.4;MTL-TO;487.0;487.44;302.61;302.88;0.44;0.27;0.47;3698;0.45;3867;Port Hope;Oshawa
S2;300;186.4;MTL-TO;488.69;488.74;303.66;303.69;0.05;0.03;0.76;2299;0.45;3867;Port Hope;Oshawa
S2;300;186.4;MTL-TO;489.36;492.42;304.07;305.98;3.01;1.87;1.0;1738;0.45;3867;Oshawa;Guildwood
S2;300;186.4;MTL-TO;493.21;503.75;306.47;313.02;10.49;6.52;1.01;1733;0.45;3867;Oshawa;Guildwood
S2;300;186.4;MTL-TO;507.06;511.61;315.07;317.9;4.47;2.78;1.02;1711;0.45;3867;Oshawa;Guildwood
S2;300;186.4;MTL-TO;512.53;515.99;318.47;320.62;3.44;2.14;1.09;1596;0.45;3867;Oshawa;Guildwood
S2;300;186.4;MTL-TO;519.9;522.27;323.05;324.52;2.31;1.44;2.56;681;0.45;3867;Guildwood;Toronto
S2;300;186.4;MTL-TO;522.77;530.09;324.83;329.38;7.27;4.52;1.0;1747;0.45;3867;Guildwood;Toronto
S2;300;186.4;MTL-TO;531.52;531.79;330.27;330.44;0.27;0.17;0.47;3684;0.45;3867;Guildwood;Toronto
S2;300;186.4;MTL-TO;532.05;540.08;330.6;335.59;7.91;4.92;2.32;753;0.45;3867;Guildwood;Toronto
S3;160;99.4;MTL-QC;0.0;2.91;0.0;1.81;2.89;1.8;5.41;323;2.26;773;Montréal;Saint-Lambert
S3;160;99.4;MTL-QC;29.81;31.22;18.52;19.4;1.4;0.87;3.5;499;2.26;773;Saint-Lambert;Saint-Hyacinthe
S3;160;99.4;MTL-QC;149.93;151.97;93.16;94.43;2.03;1.26;3.38;516;2.26;773;Drummondville;Charny
S3;160;99.4;MTL-QC;169.25;170.86;105.17;106.17;1.6;0.99;2.72;641;2.26;773;Drummondville;Charny
S3;160;99.4;MTL-QC;245.52;246.84;152.56;153.38;1.31;0.81;3.88;450;2.26;773;Drummondville;Sainte-Foy
S3;160;99.4;MTL-QC;249.18;251.47;154.83;156.26;2.28;1.42;4.55;384;2.26;773;Charny;Sainte-Foy
S3;160;99.4;MTL-QC;253.31;255.6;157.4;158.82;2.27;1.41;5.6;312;2.26;773;Sainte-Foy;Québec
S3;160;99.4;MTL-QC;255.89;255.92;159.0;159.02;0.03;0.02;2.79;627;2.26;773;Sainte-Foy;Québec
S3;160;99.4;MTL-QC;256.56;256.88;159.42;159.62;0.32;0.2;4.8;364;2.26;773;Sainte-Foy;Québec
S3;160;99.4;MTL-QC;259.29;259.57;161.12;161.29;0.28;0.17;4.16;420;2.26;773;Sainte-Foy;Québec
S3;160;99.4;MTL-QC;260.9;262.76;162.12;163.27;1.84;1.14;3.2;546;2.26;773;Sainte-Foy;Québec
S3;160;99.4;MTL-QC;267.23;269.32;166.05;167.35;2.08;1.29;4.56;383;2.26;773;Sainte-Foy;Québec
S3;160;99.4;MTL-Ott;0.0;5.68;0.0;3.53;5.61;3.49;4.63;377;2.26;773;Montréal;Dorval
S3;160;99.4;MTL-Ott;35.13;35.17;21.83;21.85;0.04;0.02;3.42;511;2.26;773;Aéroport Montréal Pierre-Elliott Trudeau;Coteau
S3;160;99.4;MTL-Ott;61.78;63.79;38.39;39.64;2.0;1.24;3.28;532;2.26;773;Aéroport Montréal Pierre-Elliott Trudeau;Alexandria
S3;160;99.4;MTL-Ott;84.14;84.2;52.28;52.32;0.06;0.04;3.09;566;2.26;773;Coteau;Alexandria
S3;160;99.4;MTL-Ott;102.69;103.29;63.81;64.18;0.59;0.37;2.96;590;2.26;773;Alexandria;Casselman
S3;160;99.4;MTL-Ott;110.16;110.75;68.45;68.82;0.58;0.36;3.2;545;2.26;773;Alexandria;Casselman
S3;160;99.4;MTL-Ott;179.94;180.28;111.81;112.02;0.34;0.21;2.26;772;2.26;773;Casselman;Ottawa
S3;160;99.4;MTL-Ott;182.29;183.22;113.27;113.85;0.93;0.58;2.5;700;2.26;773;Casselman;Ottawa
S3;160;99.4;Ott-TO;0.0;1.15;0.0;0.71;1.14;0.71;4.37;400;2.26;773;Ottawa;Smiths Falls
S3;160;99.4;Ott-TO;8.79;9.28;5.46;5.77;0.48;0.3;2.66;657;2.26;773;Ottawa;Smiths Falls
S3;160;99.4;Ott-TO;64.68;68.01;40.19;42.26;3.26;2.03;4.61;379;2.26;773;Smiths Falls;Brockville
S3;160;99.4;Ott-TO;109.31;110.92;67.92;68.92;1.58;0.98;4.43;394;2.26;773;Smiths Falls;Brockville
S3;160;99.4;Ott-TO;120.57;120.62;74.92;74.95;0.05;0.03;2.4;727;2.26;773;Brockville;Gananoque
S3;160;99.4;Ott-TO;136.17;136.59;84.61;84.87;0.41;0.25;3.18;550;2.26;773;Brockville;Gananoque
S3;160;99.4;Ott-TO;184.41;185.19;114.59;115.07;0.78;0.48;4.54;385;2.26;773;Gananoque;Kingston
S3;160;99.4;Ott-TO;186.11;187.59;115.64;116.56;1.48;0.92;2.47;706;2.26;773;Gananoque;Kingston
S3;160;99.4;Ott-TO;200.09;201.6;124.33;125.27;1.51;0.94;2.5;700;2.26;773;Kingston;Napanee
S3;160;99.4;Ott-TO;226.79;226.83;140.92;140.95;0.04;0.02;3.06;570;2.26;773;Kingston;Napanee
S3;160;99.4;Ott-TO;335.94;336.65;208.74;209.18;0.71;0.44;2.63;663;2.26;773;Cobourg;Port Hope
S3;160;99.4;Ott-TO;341.85;344.27;212.42;213.92;2.42;1.5;4.3;406;2.26;773;Cobourg;Port Hope
S3;160;99.4;Ott-TO;344.61;345.34;214.13;214.58;0.73;0.45;2.34;745;2.26;773;Port Hope;Oshawa
S3;160;99.4;Ott-TO;426.6;426.77;265.08;265.18;0.17;0.11;2.74;637;2.26;773;Guildwood;Toronto
S3;160;99.4;Ott-TO;427.1;427.41;265.39;265.58;0.31;0.19;3.08;567;2.26;773;Guildwood;Toronto
S3;160;99.4;Ott-TO;442.39;443.65;274.89;275.67;1.26;0.78;2.68;651;2.26;773;Guildwood;Toronto
S3;160;99.4;MTL-TO;0.0;5.68;0.0;3.53;5.61;3.49;4.63;377;2.26;773;Montréal;Dorval
S3;160;99.4;MTL-TO;35.12;35.16;21.82;21.85;0.04;0.02;3.11;562;2.26;773;Aéroport Montréal Pierre-Elliott Trudeau;Coteau
S3;160;99.4;MTL-TO;230.33;230.74;143.12;143.38;0.4;0.25;3.37;518;2.26;773;Brockville;Gananoque
S3;160;99.4;MTL-TO;231.67;231.98;143.95;144.15;0.31;0.19;2.36;739;2.26;773;Brockville;Gananoque
S3;160;99.4;MTL-TO;278.57;279.35;173.1;173.58;0.78;0.48;4.57;382;2.26;773;Gananoque;Kingston
S3;160;99.4;MTL-TO;280.27;281.78;174.15;175.09;1.51;0.94;4.12;424;2.26;773;Gananoque;Kingston
S3;160;99.4;MTL-TO;287.18;287.23;178.45;178.48;0.05;0.03;2.28;767;2.26;773;Kingston;Napanee
S3;160;99.4;MTL-TO;288.3;288.59;179.14;179.32;0.29;0.18;2.35;742;2.26;773;Kingston;Napanee
S3;160;99.4;MTL-TO;297.85;297.9;185.08;185.11;0.05;0.03;2.3;760;2.26;773;Kingston;Napanee
S3;160;99.4;MTL-TO;430.11;430.82;267.26;267.7;0.71;0.44;2.64;661;2.26;773;Cobourg;Port Hope
S3;160;99.4;MTL-TO;436.02;438.44;270.93;272.43;2.42;1.5;4.29;407;2.26;773;Cobourg;Port Hope
S3;160;99.4;MTL-TO;438.78;439.51;272.65;273.1;0.73;0.45;2.34;745;2.26;773;Port Hope;Oshawa
S3;160;99.4;MTL-TO;521.26;521.57;323.9;324.09;0.31;0.19;2.56;681;2.26;773;Guildwood;Toronto
S3;160;99.4;MTL-TO;536.26;537.36;333.22;333.9;1.1;0.68;2.32;753;2.26;773;Guildwood;Toronto
S3;200;124.3;MTL-QC;0.0;2.91;0.0;1.81;2.89;1.8;5.41;323;1.45;1208;Montréal;Saint-Lambert
S3;200;124.3;MTL-QC;29.81;31.22;18.52;19.4;1.4;0.87;3.5;499;1.45;1208;Saint-Lambert;Saint-Hyacinthe
S3;200;124.3;MTL-QC;32.51;34.62;20.2;21.51;2.1;1.3;1.94;901;1.45;1208;Saint-Lambert;Saint-Hyacinthe
S3;200;124.3;MTL-QC;54.35;56.74;33.77;35.26;2.39;1.49;1.75;1000;1.45;1208;Saint-Hyacinthe;Drummondville
S3;200;124.3;MTL-QC;61.71;62.08;38.34;38.57;0.37;0.23;1.47;1189;1.45;1208;Saint-Hyacinthe;Drummondville
S3;200;124.3;MTL-QC;68.87;69.44;42.79;43.15;0.57;0.35;1.54;1135;1.45;1208;Saint-Hyacinthe;Drummondville
S3;200;124.3;MTL-QC;99.75;100.27;61.98;62.3;0.52;0.32;1.46;1195;1.45;1208;Saint-Hyacinthe;Drummondville
S3;200;124.3;MTL-QC;100.3;101.25;62.32;62.91;0.95;0.59;1.51;1157;1.45;1208;Drummondville;Charny
S3;200;124.3;MTL-QC;102.27;102.91;63.55;63.95;0.63;0.39;2.19;799;1.45;1208;Drummondville;Charny
S3;200;124.3;MTL-QC;110.88;112.19;68.9;69.71;1.3;0.81;2.06;848;1.45;1208;Drummondville;Charny
S3;200;124.3;MTL-QC;116.22;126.23;72.22;78.44;9.96;6.19;1.9;920;1.45;1208;Drummondville;Charny
S3;200;124.3;MTL-QC;149.93;151.97;93.16;94.43;2.03;1.26;3.38;516;1.45;1208;Drummondville;Charny
S3;200;124.3;MTL-QC;158.2;161.52;98.3;100.36;3.31;2.06;2.23;782;1.45;1208;Drummondville;Charny
S3;200;124.3;MTL-QC;169.25;193.15;105.17;120.02;23.85;14.82;2.72;641;1.45;1208;Drummondville;Charny
S3;200;124.3;MTL-QC;201.75;211.68;125.36;131.53;9.92;6.16;1.84;951;1.45;1208;Drummondville;Charny
S3;200;124.3;MTL-QC;245.52;246.84;152.56;153.38;1.31;0.81;3.88;450;1.45;1208;Drummondville;Sainte-Foy
S3;200;124.3;MTL-QC;249.18;251.47;154.83;156.26;2.28;1.42;4.55;384;1.45;1208;Charny;Sainte-Foy
S3;200;124.3;MTL-QC;253.31;255.6;157.4;158.82;2.27;1.41;5.6;312;1.45;1208;Sainte-Foy;Québec
S3;200;124.3;MTL-QC;255.89;258.35;159.0;160.53;2.4;1.49;4.8;364;1.45;1208;Sainte-Foy;Québec
S3;200;124.3;MTL-QC;259.29;260.87;161.12;162.1;1.55;0.96;4.16;420;1.45;1208;Sainte-Foy;Québec
S3;200;124.3;MTL-QC;260.9;262.76;162.12;163.27;1.84;1.14;3.2;546;1.45;1208;Sainte-Foy;Québec
S3;200;124.3;MTL-QC;267.23;269.32;166.05;167.35;2.08;1.29;4.56;383;1.45;1208;Sainte-Foy;Québec
S3;200;124.3;MTL-Ott;0.0;5.68;0.0;3.53;5.61;3.49;4.63;377;1.45;1208;Montréal;Dorval
S3;200;124.3;MTL-Ott;14.45;14.95;8.98;9.29;0.5;0.31;1.73;1012;1.45;1208;Montréal;Dorval
S3;200;124.3;MTL-Ott;34.8;36.29;21.62;22.55;1.46;0.91;3.42;511;1.45;1208;Aéroport Montréal Pierre-Elliott Trudeau;Coteau
S3;200;124.3;MTL-Ott;61.78;63.79;38.39;39.64;2.0;1.24;3.28;532;1.45;1208;Aéroport Montréal Pierre-Elliott Trudeau;Alexandria
S3;200;124.3;MTL-Ott;83.64;85.57;51.97;53.17;1.9;1.18;3.09;566;1.45;1208;Coteau;Alexandria
S3;200;124.3;MTL-Ott;87.16;98.63;54.16;61.29;11.46;7.12;1.76;994;1.45;1208;Coteau;Alexandria
S3;200;124.3;MTL-Ott;99.84;106.15;62.04;65.96;6.26;3.89;2.96;590;1.45;1208;Alexandria;Casselman
S3;200;124.3;MTL-Ott;109.07;111.76;67.77;69.44;2.65;1.65;3.2;545;1.45;1208;Alexandria;Casselman
S3;200;124.3;MTL-Ott;112.96;115.69;70.19;71.89;2.72;1.69;1.84;949;1.45;1208;Alexandria;Casselman
S3;200;124.3;MTL-Ott;117.27;121.15;72.87;75.28;3.88;2.41;1.51;1158;1.45;1208;Alexandria;Casselman
S3;200;124.3;MTL-Ott;121.4;127.33;75.43;79.12;5.92;3.68;1.88;929;1.45;1208;Alexandria;Casselman
S3;200;124.3;MTL-Ott;139.16;140.6;86.47;87.36;1.44;0.89;1.64;1062;1.45;1208;Casselman;Ottawa
S3;200;124.3;MTL-Ott;178.85;183.22;111.13;113.85;4.33;2.69;2.5;700;1.45;1208;Casselman;Ottawa
S3;200;124.3;Ott-TO;0.0;1.15;0.0;0.71;1.14;0.71;4.37;400;1.45;1208;Ottawa;Smiths Falls
S3;200;124.3;Ott-TO;2.38;3.0;1.48;1.86;0.62;0.39;2.21;792;1.45;1208;Ottawa;Smiths Falls
S3;200;124.3;Ott-TO;8.25;10.03;5.13;6.23;1.74;1.08;2.66;657;1.45;1208;Ottawa;Smiths Falls
S3;200;124.3;Ott-TO;22.47;22.88;13.96;14.22;0.41;0.25;1.49;1175;1.45;1208;Ottawa;Smiths Falls
S3;200;124.3;Ott-TO;64.68;68.01;40.19;42.26;3.26;2.03;4.61;379;1.45;1208;Smiths Falls;Brockville
S3;200;124.3;Ott-TO;94.55;95.06;58.75;59.07;0.51;0.32;1.77;985;1.45;1208;Smiths Falls;Brockville
S3;200;124.3;Ott-TO;109.31;110.92;67.92;68.92;1.58;0.98;4.43;394;1.45;1208;Smiths Falls;Brockville
S3;200;124.3;Ott-TO;114.1;114.29;70.9;71.02;0.19;0.12;2.17;806;1.45;1208;Brockville;Gananoque
S3;200;124.3;Ott-TO;120.11;120.62;74.63;74.95;0.5;0.31;2.4;727;1.45;1208;Brockville;Gananoque
S3;200;124.3;Ott-TO;136.17;136.59;84.61;84.87;0.41;0.25;3.18;550;1.45;1208;Brockville;Gananoque
S3;200;124.3;Ott-TO;137.51;137.83;85.44;85.64;0.32;0.2;1.51;1153;1.45;1208;Brockville;Gananoque
S3;200;124.3;Ott-TO;156.9;157.2;97.49;97.68;0.3;0.19;1.45;1205;1.45;1208;Gananoque;Kingston
S3;200;124.3;Ott-TO;183.98;184.28;114.32;114.51;0.3;0.19;1.69;1031;1.45;1208;Gananoque;Kingston
S3;200;124.3;Ott-TO;184.41;187.68;114.59;116.62;3.23;2.01;4.54;385;1.45;1208;Gananoque;Kingston
S3;200;124.3;Ott-TO;188.14;190.29;116.9;118.24;2.14;1.33;1.77;987;1.45;1208;Gananoque;Kingston
S3;200;124.3;Ott-TO;192.54;193.06;119.64;119.96;0.52;0.32;1.47;1186;1.45;1208;Kingston;Napanee
S3;200;124.3;Ott-TO;194.14;194.47;120.63;120.84;0.32;0.2;1.64;1062;1.45;1208;Kingston;Napanee
S3;200;124.3;Ott-TO;200.09;201.67;124.33;125.31;1.57;0.98;2.5;700;1.45;1208;Kingston;Napanee
S3;200;124.3;Ott-TO;202.09;202.39;125.57;125.76;0.3;0.19;2.16;808;1.45;1208;Kingston;Napanee
S3;200;124.3;Ott-TO;226.5;228.65;140.74;142.08;2.12;1.32;3.06;570;1.45;1208;Kingston;Belleville
S3;200;124.3;Ott-TO;335.02;336.65;208.17;209.18;1.62;1.01;2.63;663;1.45;1208;Cobourg;Port Hope
S3;200;124.3;Ott-TO;341.85;345.34;212.42;214.58;3.46;2.15;4.3;406;1.45;1208;Cobourg;Oshawa
S3;200;124.3;Ott-TO;376.95;377.15;234.23;234.35;0.2;0.12;1.49;1171;1.45;1208;Port Hope;Oshawa
S3;200;124.3;Ott-TO;388.02;388.06;241.1;241.13;0.04;0.02;1.7;1028;1.45;1208;Port Hope;Oshawa
S3;200;124.3;Ott-TO;426.08;428.11;264.75;266.02;1.99;1.24;3.08;567;1.45;1208;Guildwood;Toronto
S3;200;124.3;Ott-TO;442.1;443.65;274.71;275.67;1.54;0.96;2.68;651;1.45;1208;Guildwood;Toronto
S3;200;124.3;MTL-TO;0.0;5.68;0.0;3.53;5.61;3.49;4.63;377;1.45;1208;Montréal;Dorval
S3;200;124.3;MTL-TO;14.45;14.95;8.98;9.29;0.5;0.31;1.72;1013;1.45;1208;Montréal;Dorval
S3;200;124.3;MTL-TO;34.79;36.28;21.62;22.54;1.46;0.91;3.11;562;1.45;1208;Aéroport Montréal Pierre-Elliott Trudeau;Coteau
S3;200;124.3;MTL-TO;103.34;103.65;64.21;64.41;0.31;0.19;1.53;1143;1.45;1208;Coteau;Brockville
S3;200;124.3;MTL-TO;202.4;202.73;125.77;125.97;0.33;0.21;1.46;1198;1.45;1208;Coteau;Brockville
S3;200;124.3;MTL-TO;208.26;208.45;129.41;129.52;0.19;0.12;1.97;885;1.45;1208;Brockville;Gananoque
S3;200;124.3;MTL-TO;214.27;214.78;133.14;133.46;0.5;0.31;2.22;785;1.45;1208;Brockville;Gananoque
S3;200;124.3;MTL-TO;230.33;230.74;143.12;143.38;0.4;0.25;3.37;518;1.45;1208;Brockville;Gananoque
S3;200;124.3;MTL-TO;231.67;231.98;143.95;144.15;0.31;0.19;2.36;739;1.45;1208;Brockville;Gananoque
S3;200;124.3;MTL-TO;251.06;251.85;156.0;156.49;0.77;0.48;2.11;829;1.45;1208;Gananoque;Kingston
S3;200;124.3;MTL-TO;278.14;278.44;172.83;173.01;0.3;0.19;1.86;940;1.45;1208;Gananoque;Kingston
S3;200;124.3;MTL-TO;278.57;281.78;173.1;175.09;3.18;1.98;4.57;382;1.45;1208;Gananoque;Kingston
S3;200;124.3;MTL-TO;282.3;284.45;175.41;176.75;2.14;1.33;1.77;987;1.45;1208;Gananoque;Kingston
S3;200;124.3;MTL-TO;286.69;287.23;178.14;178.48;0.53;0.33;2.28;767;1.45;1208;Kingston;Napanee
S3;200;124.3;MTL-TO;288.3;288.59;179.14;179.32;0.29;0.18;2.35;742;1.45;1208;Kingston;Napanee
S3;200;124.3;MTL-TO;294.25;295.83;182.84;183.82;1.57;0.98;2.01;868;1.45;1208;Kingston;Napanee
S3;200;124.3;MTL-TO;296.24;296.57;184.08;184.28;0.32;0.2;2.25;776;1.45;1208;Kingston;Napanee
S3;200;124.3;MTL-TO;296.86;297.9;184.46;185.11;1.03;0.64;2.3;760;1.45;1208;Kingston;Napanee
S3;200;124.3;MTL-TO;320.64;322.79;199.24;200.57;2.13;1.32;2.01;867;1.45;1208;Kingston;Napanee
S3;200;124.3;MTL-TO;429.19;430.82;266.69;267.7;1.62;1.01;2.64;661;1.45;1208;Cobourg;Port Hope
S3;200;124.3;MTL-TO;436.02;439.51;270.93;273.1;3.46;2.15;4.29;407;1.45;1208;Cobourg;Oshawa
S3;200;124.3;MTL-TO;471.12;471.32;292.74;292.86;0.2;0.12;1.49;1171;1.45;1208;Port Hope;Oshawa
S3;200;124.3;MTL-TO;482.19;482.23;299.62;299.64;0.04;0.02;1.69;1035;1.45;1208;Port Hope;Oshawa
S3;200;124.3;MTL-TO;520.82;522.27;323.62;324.52;1.43;0.89;2.56;681;1.45;1208;Guildwood;Toronto
S3;200;124.3;MTL-TO;536.26;537.36;333.22;333.9;1.1;0.68;2.32;753;1.45;1208;Guildwood;Toronto
S3;250;155.3;MTL-QC;0.0;2.91;0.0;1.81;2.89;1.8;5.41;323;0.93;1887;Montréal;Saint-Lambert
S3;250;155.3;MTL-QC;29.17;29.37;18.13;18.25;0.2;0.12;0.97;1808;0.93;1887;Saint-Lambert;Saint-Hyacinthe
S3;250;155.3;MTL-QC;29.81;31.22;18.52;19.4;1.4;0.87;3.5;499;0.93;1887;Saint-Lambert;Saint-Hyacinthe
S3;250;155.3;MTL-QC;32.46;34.62;20.17;21.51;2.14;1.33;1.94;901;0.93;1887;Saint-Lambert;Saint-Hyacinthe
S3;250;155.3;MTL-QC;54.35;56.74;33.77;35.26;2.39;1.49;1.75;1000;0.93;1887;Saint-Hyacinthe;Drummondville
S3;250;155.3;MTL-QC;58.44;62.6;36.31;38.9;4.14;2.57;1.47;1189;0.93;1887;Saint-Hyacinthe;Drummondville
S3;250;155.3;MTL-QC;63.84;64.15;39.67;39.86;0.31;0.19;0.93;1877;0.93;1887;Saint-Hyacinthe;Drummondville
S3;250;155.3;MTL-QC;66.15;66.46;41.1;41.3;0.31;0.19;0.99;1769;0.93;1887;Saint-Hyacinthe;Drummondville
S3;250;155.3;MTL-QC;66.89;69.44;41.56;43.15;2.54;1.58;1.54;1135;0.93;1887;Saint-Hyacinthe;Drummondville
S3;250;155.3;MTL-QC;93.75;94.38;58.25;58.65;0.63;0.39;0.98;1786;0.93;1887;Saint-Hyacinthe;Drummondville
S3;250;155.3;MTL-QC;96.08;96.3;59.7;59.84;0.22;0.14;0.97;1802;0.93;1887;Saint-Hyacinthe;Drummondville
S3;250;155.3;MTL-QC;99.75;101.25;61.98;62.91;1.48;0.92;1.51;1157;0.93;1887;Saint-Hyacinthe;Charny
S3;250;155.3;MTL-QC;101.75;103.56;63.22;64.35;1.75;1.09;2.19;799;0.93;1887;Drummondville;Charny
S3;250;155.3;MTL-QC;108.15;126.23;67.2;78.44;17.97;11.17;2.06;848;0.93;1887;Drummondville;Charny
S3;250;155.3;MTL-QC;129.02;130.42;80.17;81.04;1.39;0.86;1.2;1459;0.93;1887;Drummondville;Charny
S3;250;155.3;MTL-QC;149.93;161.52;93.16;100.36;11.54;7.17;3.38;516;0.93;1887;Drummondville;Charny
S3;250;155.3;MTL-QC;169.25;193.5;105.17;120.24;24.19;15.03;2.72;641;0.93;1887;Drummondville;Charny
S3;250;155.3;MTL-QC;201.13;201.34;124.98;125.11;0.21;0.13;0.98;1789;0.93;1887;Drummondville;Charny
S3;250;155.3;MTL-QC;201.75;211.68;125.36;131.53;9.92;6.16;1.84;951;0.93;1887;Drummondville;Charny
S3;250;155.3;MTL-QC;214.76;225.33;133.45;140.01;10.56;6.56;1.19;1468;0.93;1887;Drummondville;Charny
S3;250;155.3;MTL-QC;242.96;246.84;150.97;153.38;3.82;2.37;3.88;450;0.93;1887;Drummondville;Sainte-Foy
S3;250;155.3;MTL-QC;249.18;251.47;154.83;156.26;2.28;1.42;4.55;384;0.93;1887;Charny;Sainte-Foy
S3;250;155.3;MTL-QC;253.31;258.35;157.4;160.53;4.94;3.07;5.6;312;0.93;1887;Sainte-Foy;Québec
S3;250;155.3;MTL-QC;259.29;262.76;161.12;163.27;3.4;2.11;4.16;420;0.93;1887;Sainte-Foy;Québec
S3;250;155.3;MTL-QC;266.72;271.1;165.73;168.45;4.34;2.7;4.56;383;0.93;1887;Sainte-Foy;Québec
S3;250;155.3;MTL-Ott;0.0;5.68;0.0;3.53;5.61;3.49;4.63;377;0.93;1887;Montréal;Dorval
S3;250;155.3;MTL-Ott;9.92;10.67;6.16;6.63;0.74;0.46;1.06;1655;0.93;1887;Montréal;Dorval
S3;250;155.3;MTL-Ott;14.45;14.95;8.98;9.29;0.5;0.31;1.73;1012;0.93;1887;Montréal;Dorval
S3;250;155.3;MTL-Ott;15.36;16.57;9.54;10.3;1.21;0.75;1.0;1743;0.93;1887;Montréal;Dorval
S3;250;155.3;MTL-Ott;17.76;17.8;11.04;11.06;0.04;0.02;1.08;1611;0.93;1887;Montréal;Dorval
S3;250;155.3;MTL-Ott;34.8;36.29;21.62;22.55;1.46;0.91;3.42;511;0.93;1887;Aéroport Montréal Pierre-Elliott Trudeau;Coteau
S3;250;155.3;MTL-Ott;40.86;41.19;25.39;25.59;0.33;0.21;0.95;1842;0.93;1887;Aéroport Montréal Pierre-Elliott Trudeau;Coteau
S3;250;155.3;MTL-Ott;43.58;43.62;27.08;27.1;0.04;0.02;1.31;1334;0.93;1887;Aéroport Montréal Pierre-Elliott Trudeau;Coteau
S3;250;155.3;MTL-Ott;59.03;59.07;36.68;36.7;0.04;0.02;0.95;1840;0.93;1887;Aéroport Montréal Pierre-Elliott Trudeau;Coteau
S3;250;155.3;MTL-Ott;61.78;63.79;38.39;39.64;2.0;1.24;3.28;532;0.93;1887;Aéroport Montréal Pierre-Elliott Trudeau;Alexandria
S3;250;155.3;MTL-Ott;79.55;82.04;49.43;50.98;2.47;1.53;1.32;1323;0.93;1887;Coteau;Alexandria
S3;250;155.3;MTL-Ott;82.75;85.57;51.42;53.17;2.78;1.73;3.09;566;0.93;1887;Coteau;Alexandria
S3;250;155.3;MTL-Ott;87.16;98.63;54.16;61.29;11.46;7.12;1.76;994;0.93;1887;Coteau;Alexandria
S3;250;155.3;MTL-Ott;99.84;106.15;62.04;65.96;6.26;3.89;2.96;590;0.93;1887;Alexandria;Casselman
S3;250;155.3;MTL-Ott;108.07;111.76;67.15;69.44;3.64;2.26;3.2;545;0.93;1887;Alexandria;Casselman
S3;250;155.3;MTL-Ott;112.96;115.69;70.19;71.89;2.72;1.69;1.84;949;0.93;1887;Alexandria;Casselman
S3;250;155.3;MTL-Ott;117.27;127.33;72.87;79.12;10.02;6.23;1.88;929;0.93;1887;Alexandria;Casselman
S3;250;155.3;MTL-Ott;139.16;140.83;86.47;87.51;1.65;1.03;1.64;1062;0.93;1887;Casselman;Ottawa
S3;250;155.3;MTL-Ott;178.85;183.22;111.13;113.85;4.33;2.69;2.5;700;0.93;1887;Casselman;Ottawa
S3;250;155.3;MTL-Ott;183.83;185.56;114.23;115.3;1.72;1.07;1.07;1632;0.93;1887;Casselman;Ottawa
S3;250;155.3;Ott-TO;0.0;1.15;0.0;0.71;1.14;0.71;4.37;400;0.93;1887;Ottawa;Smiths Falls
S3;250;155.3;Ott-TO;1.87;3.0;1.16;1.86;1.12;0.7;2.21;792;0.93;1887;Ottawa;Smiths Falls
S3;250;155.3;Ott-TO;3.05;3.5;1.9;2.17;0.45;0.28;0.93;1871;0.93;1887;Ottawa;Smiths Falls
S3;250;155.3;Ott-TO;4.33;6.93;2.69;4.31;2.57;1.6;1.39;1258;0.93;1887;Ottawa;Smiths Falls
S3;250;155.3;Ott-TO;8.25;10.03;5.13;6.23;1.74;1.08;2.66;657;0.93;1887;Ottawa;Smiths Falls
S3;250;155.3;Ott-TO;15.92;19.42;9.89;12.07;3.49;2.17;1.34;1304;0.93;1887;Ottawa;Smiths Falls
S3;250;155.3;Ott-TO;20.98;23.39;13.04;14.53;2.39;1.49;1.49;1175;0.93;1887;Ottawa;Smiths Falls
S3;250;155.3;Ott-TO;61.85;62.99;38.43;39.14;1.13;0.7;1.01;1734;0.93;1887;Ottawa;Smiths Falls
S3;250;155.3;Ott-TO;63.96;69.39;39.74;43.12;5.34;3.32;4.61;379;0.93;1887;Ottawa;Brockville
S3;250;155.3;Ott-TO;90.22;95.06;56.06;59.07;4.82;3.0;1.77;985;0.93;1887;Smiths Falls;Brockville
S3;250;155.3;Ott-TO;108.85;110.92;67.64;68.92;2.02;1.26;4.43;394;0.93;1887;Smiths Falls;Brockville
S3;250;155.3;Ott-TO;114.1;114.29;70.9;71.02;0.19;0.12;2.17;806;0.93;1887;Brockville;Gananoque
S3;250;155.3;Ott-TO;117.74;118.03;73.16;73.34;0.29;0.18;0.93;1886;0.93;1887;Brockville;Gananoque
S3;250;155.3;Ott-TO;119.77;120.62;74.42;74.95;0.83;0.52;2.4;727;0.93;1887;Brockville;Gananoque
S3;250;155.3;Ott-TO;133.08;137.2;82.69;85.25;4.09;2.54;3.18;550;0.93;1887;Brockville;Gananoque
S3;250;155.3;Ott-TO;137.51;137.83;85.44;85.64;0.32;0.2;1.51;1153;0.93;1887;Brockville;Gananoque
S3;250;155.3;Ott-TO;151.1;157.67;93.89;97.97;6.55;4.07;1.45;1205;0.93;1887;Brockville;Kingston
S3;250;155.3;Ott-TO;157.99;158.9;98.17;98.74;0.89;0.55;1.02;1718;0.93;1887;Gananoque;Kingston
S3;250;155.3;Ott-TO;160.24;160.48;99.57;99.72;0.24;0.15;1.33;1315;0.93;1887;Gananoque;Kingston
S3;250;155.3;Ott-TO;175.4;175.68;108.99;109.16;0.28;0.17;0.93;1884;0.93;1887;Gananoque;Kingston
S3;250;155.3;Ott-TO;176.12;187.68;109.44;116.62;11.44;7.11;4.54;385;0.93;1887;Gananoque;Kingston
S3;250;155.3;Ott-TO;188.14;190.29;116.9;118.24;2.14;1.33;1.77;987;0.93;1887;Gananoque;Kingston
S3;250;155.3;Ott-TO;192.54;205.42;119.64;127.64;12.67;7.87;2.5;700;0.93;1887;Kingston;Napanee
S3;250;155.3;Ott-TO;212.01;215.71;131.74;134.04;3.69;2.29;1.05;1661;0.93;1887;Kingston;Napanee
S3;250;155.3;Ott-TO;220.82;222.55;137.21;138.29;1.71;1.06;1.03;1692;0.93;1887;Kingston;Napanee
S3;250;155.3;Ott-TO;222.91;224.21;138.51;139.32;1.29;0.8;1.1;1586;0.93;1887;Kingston;Napanee
S3;250;155.3;Ott-TO;226.2;228.65;140.55;142.08;2.41;1.5;3.06;570;0.93;1887;Kingston;Belleville
S3;250;155.3;Ott-TO;239.02;241.68;148.52;150.17;2.64;1.64;1.02;1707;0.93;1887;Napanee;Belleville
S3;250;155.3;Ott-TO;249.32;249.36;154.92;154.95;0.04;0.02;0.93;1875;0.93;1887;Napanee;Belleville
S3;250;155.3;Ott-TO;252.75;255.1;157.05;158.51;2.34;1.45;1.06;1647;0.93;1887;Napanee;Belleville
S3;250;155.3;Ott-TO;280.0;280.26;173.98;174.15;0.26;0.16;0.95;1846;0.93;1887;Belleville;Trenton Junction
S3;250;155.3;Ott-TO;304.75;304.81;189.36;189.4;0.06;0.04;0.93;1877;0.93;1887;Trenton Junction;Cobourg
S3;250;155.3;Ott-TO;330.51;333.53;205.37;207.25;3.0;1.86;1.02;1711;0.93;1887;Trenton Junction;Cobourg
S3;250;155.3;Ott-TO;334.06;336.65;207.58;209.18;2.57;1.6;2.63;663;0.93;1887;Cobourg;Port Hope
S3;250;155.3;Ott-TO;341.85;345.34;212.42;214.58;3.46;2.15;4.3;406;0.93;1887;Cobourg;Oshawa
S3;250;155.3;Ott-TO;365.25;366.29;226.96;227.6;1.03;0.64;1.01;1736;0.93;1887;Port Hope;Oshawa
S3;250;155.3;Ott-TO;372.99;373.23;231.77;231.91;0.24;0.15;1.17;1489;0.93;1887;Port Hope;Oshawa
S3;250;155.3;Ott-TO;373.44;374.22;232.04;232.53;0.78;0.48;1.0;1753;0.93;1887;Port Hope;Oshawa
S3;250;155.3;Ott-TO;375.75;377.82;233.48;234.77;2.04;1.27;1.49;1171;0.93;1887;Port Hope;Oshawa
S3;250;155.3;Ott-TO;380.23;380.73;236.26;236.57;0.5;0.31;1.0;1746;0.93;1887;Port Hope;Oshawa
S3;250;155.3;Ott-TO;382.99;383.3;237.98;238.17;0.31;0.19;0.99;1764;0.93;1887;Port Hope;Oshawa
S3;250;155.3;Ott-TO;384.94;385.24;239.19;239.38;0.3;0.19;0.99;1764;0.93;1887;Port Hope;Oshawa
S3;250;155.3;Ott-TO;385.67;388.06;239.64;241.13;2.35;1.46;1.7;1028;0.93;1887;Port Hope;Oshawa
S3;250;155.3;Ott-TO;388.43;389.63;241.36;242.1;1.18;0.73;1.0;1740;0.93;1887;Port Hope;Oshawa
S3;250;155.3;Ott-TO;395.25;397.59;245.6;247.05;2.33;1.45;1.0;1738;0.93;1887;Oshawa;Guildwood
S3;250;155.3;Ott-TO;399.05;401.52;247.96;249.49;2.45;1.52;1.01;1734;0.93;1887;Oshawa;Guildwood
S3;250;155.3;Ott-TO;413.09;415.31;256.68;258.06;2.18;1.35;1.02;1711;0.93;1887;Oshawa;Guildwood
S3;250;155.3;Ott-TO;416.79;417.04;258.98;259.14;0.25;0.16;0.99;1771;0.93;1887;Oshawa;Guildwood
S3;250;155.3;Ott-TO;420.23;421.8;261.12;262.09;1.56;0.97;1.2;1457;0.93;1887;Oshawa;Guildwood
S3;250;155.3;Ott-TO;426.08;428.11;264.75;266.02;1.99;1.24;3.08;567;0.93;1887;Guildwood;Toronto
S3;250;155.3;Ott-TO;430.22;430.85;267.33;267.72;0.63;0.39;1.0;1754;0.93;1887;Guildwood;Toronto
S3;250;155.3;Ott-TO;434.57;435.48;270.03;270.59;0.91;0.57;1.0;1747;0.93;1887;Guildwood;Toronto
S3;250;155.3;Ott-TO;440.86;443.65;273.94;275.67;2.75;1.71;2.68;651;0.93;1887;Guildwood;Toronto
S3;250;155.3;Ott-TO;444.76;444.8;276.36;276.39;0.04;0.02;1.02;1707;0.93;1887;Guildwood;Toronto
S3;250;155.3;Ott-TO;445.04;445.92;276.54;277.08;0.87;0.54;1.35;1292;0.93;1887;Guildwood;Toronto
S3;250;155.3;MTL-TO;0.0;5.68;0.0;3.53;5.61;3.49;4.63;377;0.93;1887;Montréal;Dorval
S3;250;155.3;MTL-TO;9.92;10.67;6.16;6.63;0.74;0.46;1.06;1655;0.93;1887;Montréal;Dorval
S3;250;155.3;MTL-TO;14.45;14.95;8.98;9.29;0.5;0.31;1.72;1013;0.93;1887;Montréal;Dorval
S3;250;155.3;MTL-TO;15.36;16.57;9.54;10.3;1.21;0.75;1.05;1661;0.93;1887;Montréal;Dorval
S3;250;155.3;MTL-TO;17.76;17.8;11.04;11.06;0.04;0.02;1.08;1616;0.93;1887;Montréal;Dorval
S3;250;155.3;MTL-TO;34.79;36.28;21.62;22.54;1.46;0.91;3.11;562;0.93;1887;Aéroport Montréal Pierre-Elliott Trudeau;Coteau
S3;250;155.3;MTL-TO;40.86;41.18;25.39;25.59;0.32;0.2;0.95;1842;0.93;1887;Aéroport Montréal Pierre-Elliott Trudeau;Coteau
S3;250;155.3;MTL-TO;43.31;43.58;26.91;27.08;0.27;0.17;0.96;1819;0.93;1887;Aéroport Montréal Pierre-Elliott Trudeau;Coteau
S3;250;155.3;MTL-TO;59.01;59.05;36.67;36.69;0.04;0.02;0.96;1820;0.93;1887;Aéroport Montréal Pierre-Elliott Trudeau;Coteau
S3;250;155.3;MTL-TO;102.47;103.67;63.67;64.42;1.17;0.73;1.53;1143;0.93;1887;Coteau;Brockville
S3;250;155.3;MTL-TO;103.93;104.5;64.58;64.93;0.57;0.35;0.99;1772;0.93;1887;Coteau;Brockville
S3;250;155.3;MTL-TO;107.59;107.96;66.85;67.08;0.37;0.23;1.0;1752;0.93;1887;Coteau;Brockville
S3;250;155.3;MTL-TO;123.56;123.9;76.78;76.99;0.34;0.21;1.0;1753;0.93;1887;Coteau;Brockville
S3;250;155.3;MTL-TO;181.56;181.94;112.82;113.05;0.38;0.24;0.96;1812;0.93;1887;Coteau;Brockville
S3;250;155.3;MTL-TO;183.04;183.97;113.74;114.31;0.91;0.57;1.02;1718;0.93;1887;Coteau;Brockville
S3;250;155.3;MTL-TO;201.62;204.36;125.28;126.98;2.72;1.69;1.46;1198;0.93;1887;Coteau;Brockville
S3;250;155.3;MTL-TO;208.26;208.45;129.41;129.52;0.19;0.12;1.97;885;0.93;1887;Brockville;Gananoque
S3;250;155.3;MTL-TO;211.9;212.19;131.67;131.85;0.29;0.18;0.93;1887;0.93;1887;Brockville;Gananoque
S3;250;155.3;MTL-TO;213.93;214.78;132.93;133.46;0.83;0.52;2.22;785;0.93;1887;Brockville;Gananoque
S3;250;155.3;MTL-TO;227.24;231.36;141.2;143.76;4.09;2.54;3.37;518;0.93;1887;Brockville;Gananoque
S3;250;155.3;MTL-TO;231.67;232.0;143.95;144.16;0.32;0.2;2.36;739;0.93;1887;Brockville;Gananoque
S3;250;155.3;MTL-TO;232.95;233.54;144.75;145.12;0.59;0.37;0.94;1850;0.93;1887;Brockville;Gananoque
S3;250;155.3;MTL-TO;245.26;251.85;152.4;156.49;6.56;4.08;2.11;829;0.93;1887;Brockville;Kingston
S3;250;155.3;MTL-TO;252.16;253.07;156.68;157.25;0.89;0.55;1.02;1718;0.93;1887;Gananoque;Kingston
S3;250;155.3;MTL-TO;254.4;254.65;158.08;158.23;0.25;0.16;1.06;1643;0.93;1887;Gananoque;Kingston
S3;250;155.3;MTL-TO;265.17;265.2;164.77;164.79;0.03;0.02;1.4;1249;0.93;1887;Gananoque;Kingston
S3;250;155.3;MTL-TO;269.56;269.84;167.5;167.67;0.28;0.17;0.93;1886;0.93;1887;Gananoque;Kingston
S3;250;155.3;MTL-TO;270.28;281.83;167.94;175.12;11.41;7.09;4.57;382;0.93;1887;Gananoque;Kingston
S3;250;155.3;MTL-TO;282.3;284.45;175.41;176.75;2.14;1.33;1.77;987;0.93;1887;Gananoque;Kingston
S3;250;155.3;MTL-TO;286.69;288.59;178.14;179.32;1.86;1.16;2.35;742;0.93;1887;Kingston;Napanee
S3;250;155.3;MTL-TO;289.22;299.58;179.71;186.15;10.2;6.34;2.3;760;0.93;1887;Kingston;Napanee
S3;250;155.3;MTL-TO;306.17;309.86;190.25;192.54;3.68;2.29;1.05;1661;0.93;1887;Kingston;Napanee
S3;250;155.3;MTL-TO;314.97;318.35;195.71;197.81;3.34;2.08;1.1;1586;0.93;1887;Kingston;Napanee
S3;250;155.3;MTL-TO;320.35;322.79;199.06;200.57;2.41;1.5;2.01;867;0.93;1887;Kingston;Napanee
S3;250;155.3;MTL-TO;333.17;335.82;207.02;208.67;2.63;1.63;1.02;1706;0.93;1887;Napanee;Belleville
S3;250;155.3;MTL-TO;346.89;349.24;215.55;217.01;2.34;1.45;1.06;1648;0.93;1887;Napanee;Belleville
S3;250;155.3;MTL-TO;374.18;374.45;232.5;232.67;0.27;0.17;0.95;1845;0.93;1887;Belleville;Trenton Junction
S3;250;155.3;MTL-TO;424.68;427.7;263.88;265.76;3.0;1.86;1.02;1711;0.93;1887;Trenton Junction;Cobourg
S3;250;155.3;MTL-TO;428.23;430.82;266.09;267.7;2.57;1.6;2.64;661;0.93;1887;Cobourg;Port Hope
S3;250;155.3;MTL-TO;436.02;439.51;270.93;273.1;3.46;2.15;4.29;407;0.93;1887;Cobourg;Oshawa
S3;250;155.3;MTL-TO;459.42;460.46;285.47;286.12;1.03;0.64;1.01;1736;0.93;1887;Port Hope;Oshawa
S3;250;155.3;MTL-TO;467.16;467.4;290.28;290.43;0.24;0.15;1.18;1480;0.93;1887;Port Hope;Oshawa
S3;250;155.3;MTL-TO;467.61;468.39;290.56;291.04;0.78;0.48;1.0;1753;0.93;1887;Port Hope;Oshawa
S3;250;155.3;MTL-TO;469.92;471.99;291.99;293.28;2.04;1.27;1.49;1171;0.93;1887;Port Hope;Oshawa
S3;250;155.3;MTL-TO;474.4;474.9;294.78;295.09;0.5;0.31;1.0;1746;0.93;1887;Port Hope;Oshawa
S3;250;155.3;MTL-TO;477.16;477.47;296.49;296.69;0.31;0.19;0.99;1764;0.93;1887;Port Hope;Oshawa
S3;250;155.3;MTL-TO;479.11;479.41;297.71;297.89;0.3;0.19;0.99;1764;0.93;1887;Port Hope;Oshawa
S3;250;155.3;MTL-TO;479.84;482.23;298.16;299.64;2.35;1.46;1.69;1035;0.93;1887;Port Hope;Oshawa
S3;250;155.3;MTL-TO;482.6;483.8;299.87;300.62;1.18;0.73;1.0;1740;0.93;1887;Port Hope;Oshawa
S3;250;155.3;MTL-TO;491.01;491.76;305.1;305.57;0.73;0.45;1.0;1738;0.93;1887;Oshawa;Guildwood
S3;250;155.3;MTL-TO;494.74;495.68;307.42;308.0;0.92;0.57;1.01;1733;0.93;1887;Oshawa;Guildwood
S3;250;155.3;MTL-TO;507.06;509.48;315.07;316.58;2.39;1.49;1.02;1711;0.93;1887;Oshawa;Guildwood
S3;250;155.3;MTL-TO;510.96;511.2;317.5;317.64;0.24;0.15;0.98;1773;0.93;1887;Oshawa;Guildwood
S3;250;155.3;MTL-TO;514.4;515.99;319.63;320.62;1.58;0.98;1.09;1596;0.93;1887;Oshawa;Guildwood
S3;250;155.3;MTL-TO;520.24;522.27;323.26;324.52;1.99;1.24;2.56;681;0.93;1887;Guildwood;Toronto
S3;250;155.3;MTL-TO;524.38;525.01;325.83;326.23;0.63;0.39;1.0;1753;0.93;1887;Guildwood;Toronto
S3;250;155.3;MTL-TO;528.73;529.64;328.54;329.1;0.91;0.57;1.0;1747;0.93;1887;Guildwood;Toronto
S3;250;155.3;MTL-TO;535.02;537.81;332.45;334.18;2.75;1.71;2.32;753;0.93;1887;Guildwood;Toronto
S3;250;155.3;MTL-TO;539.2;540.08;335.04;335.59;0.87;0.54;1.24;1406;0.93;1887;Guildwood;Toronto
S3;300;186.4;MTL-QC;0.0;2.91;0.0;1.81;2.89;1.8;5.41;323;0.64;2717;Montréal;Saint-Lambert
S3;300;186.4;MTL-QC;6.03;6.08;3.75;3.78;0.05;0.03;0.71;2469;0.64;2717;Montréal;Saint-Lambert
S3;300;186.4;MTL-QC;12.17;12.21;7.56;7.59;0.04;0.02;0.91;1909;0.64;2717;Saint-Lambert;Saint-Hyacinthe
S3;300;186.4;MTL-QC;15.8;15.84;9.82;9.84;0.04;0.02;0.75;2320;0.64;2717;Saint-Lambert;Saint-Hyacinthe
S3;300;186.4;MTL-QC;16.77;20.18;10.42;12.54;3.39;2.11;0.87;2011;0.64;2717;Saint-Lambert;Saint-Hyacinthe
S3;300;186.4;MTL-QC;28.97;31.22;18.0;19.4;2.21;1.37;3.5;499;0.64;2717;Saint-Lambert;Saint-Hyacinthe
S3;300;186.4;MTL-QC;32.46;34.62;20.17;21.51;2.14;1.33;1.94;901;0.64;2717;Saint-Lambert;Saint-Hyacinthe
S3;300;186.4;MTL-QC;53.34;53.37;33.14;33.16;0.03;0.02;0.72;2410;0.64;2717;Saint-Lambert;Saint-Hyacinthe
S3;300;186.4;MTL-QC;54.35;57.08;33.77;35.47;2.71;1.68;1.75;1000;0.64;2717;Saint-Hyacinthe;Drummondville
S3;300;186.4;MTL-QC;58.44;62.6;36.31;38.9;4.14;2.57;1.47;1189;0.64;2717;Saint-Hyacinthe;Drummondville
S3;300;186.4;MTL-QC;63.84;64.57;39.67;40.12;0.72;0.45;0.93;1877;0.64;2717;Saint-Hyacinthe;Drummondville
S3;300;186.4;MTL-QC;65.93;69.44;40.97;43.15;3.47;2.16;1.54;1135;0.64;2717;Saint-Hyacinthe;Drummondville
S3;300;186.4;MTL-QC;80.87;90.52;50.25;56.25;9.64;5.99;0.78;2235;0.64;2717;Saint-Hyacinthe;Drummondville
S3;300;186.4;MTL-QC;93.55;94.38;58.13;58.65;0.82;0.51;0.98;1786;0.64;2717;Saint-Hyacinthe;Drummondville
S3;300;186.4;MTL-QC;95.87;96.74;59.57;60.11;0.85;0.53;0.97;1802;0.64;2717;Saint-Hyacinthe;Drummondville
S3;300;186.4;MTL-QC;99.75;103.56;61.98;64.35;3.7;2.3;2.19;799;0.64;2717;Saint-Hyacinthe;Charny
S3;300;186.4;MTL-QC;108.15;130.42;67.2;81.04;22.12;13.74;2.06;848;0.64;2717;Drummondville;Charny
S3;300;186.4;MTL-QC;131.88;132.41;81.95;82.28;0.53;0.33;0.78;2226;0.64;2717;Drummondville;Charny
S3;300;186.4;MTL-QC;140.1;140.13;87.05;87.07;0.03;0.02;0.88;1974;0.64;2717;Drummondville;Charny
S3;300;186.4;MTL-QC;149.93;161.52;93.16;100.36;11.54;7.17;3.38;516;0.64;2717;Drummondville;Charny
S3;300;186.4;MTL-QC;169.25;225.33;105.17;140.01;55.92;34.75;2.72;641;0.64;2717;Drummondville;Charny
S3;300;186.4;MTL-QC;230.01;232.25;142.92;144.31;2.23;1.39;0.71;2476;0.64;2717;Drummondville;Charny
S3;300;186.4;MTL-QC;242.36;247.53;150.6;153.81;5.08;3.16;3.88;450;0.64;2717;Drummondville;Sainte-Foy
S3;300;186.4;MTL-QC;249.18;251.47;154.83;156.26;2.28;1.42;4.55;384;0.64;2717;Charny;Sainte-Foy
S3;300;186.4;MTL-QC;253.31;258.35;157.4;160.53;4.94;3.07;5.6;312;0.64;2717;Sainte-Foy;Québec
S3;300;186.4;MTL-QC;258.87;262.76;160.85;163.27;3.81;2.37;4.16;420;0.64;2717;Sainte-Foy;Québec
S3;300;186.4;MTL-QC;263.56;263.6;163.77;163.79;0.04;0.02;0.81;2149;0.64;2717;Sainte-Foy;Québec
S3;300;186.4;MTL-QC;266.72;271.1;165.73;168.45;4.34;2.7;4.56;383;0.64;2717;Sainte-Foy;Québec
S3;300;186.4;MTL-Ott;0.0;5.68;0.0;3.53;5.61;3.49;4.63;377;0.64;2717;Montréal;Dorval
S3;300;186.4;MTL-Ott;9.62;11.14;5.98;6.92;1.49;0.93;1.06;1655;0.64;2717;Montréal;Dorval
S3;300;186.4;MTL-Ott;11.73;13.46;7.29;8.36;1.72;1.07;0.78;2236;0.64;2717;Montréal;Dorval
S3;300;186.4;MTL-Ott;14.45;14.97;8.98;9.3;0.51;0.32;1.73;1012;0.64;2717;Montréal;Dorval
S3;300;186.4;MTL-Ott;15.36;16.66;9.54;10.35;1.29;0.8;1.0;1743;0.64;2717;Montréal;Dorval
S3;300;186.4;MTL-Ott;17.76;17.8;11.04;11.06;0.04;0.02;1.08;1611;0.64;2717;Montréal;Dorval
S3;300;186.4;MTL-Ott;34.8;36.29;21.62;22.55;1.46;0.91;3.42;511;0.64;2717;Aéroport Montréal Pierre-Elliott Trudeau;Coteau
S3;300;186.4;MTL-Ott;40.59;41.67;25.22;25.89;1.06;0.66;0.95;1842;0.64;2717;Aéroport Montréal Pierre-Elliott Trudeau;Coteau
S3;300;186.4;MTL-Ott;43.33;43.62;26.92;27.1;0.28;0.17;1.31;1334;0.64;2717;Aéroport Montréal Pierre-Elliott Trudeau;Coteau
S3;300;186.4;MTL-Ott;59.03;59.81;36.68;37.16;0.76;0.47;0.95;1840;0.64;2717;Aéroport Montréal Pierre-Elliott Trudeau;Coteau
S3;300;186.4;MTL-Ott;61.73;75.7;38.36;47.04;13.93;8.66;3.28;532;0.64;2717;Aéroport Montréal Pierre-Elliott Trudeau;Alexandria
S3;300;186.4;MTL-Ott;79.55;85.57;49.43;53.17;5.94;3.69;3.09;566;0.64;2717;Coteau;Alexandria
S3;300;186.4;MTL-Ott;87.16;98.63;54.16;61.29;11.46;7.12;1.76;994;0.64;2717;Coteau;Alexandria
S3;300;186.4;MTL-Ott;99.84;106.15;62.04;65.96;6.26;3.89;2.96;590;0.64;2717;Alexandria;Casselman
S3;300;186.4;MTL-Ott;108.07;111.76;67.15;69.44;3.64;2.26;3.2;545;0.64;2717;Alexandria;Casselman
S3;300;186.4;MTL-Ott;112.96;116.99;70.19;72.69;4.0;2.49;1.84;949;0.64;2717;Alexandria;Casselman
S3;300;186.4;MTL-Ott;117.27;127.33;72.87;79.12;10.02;6.23;1.88;929;0.64;2717;Alexandria;Casselman
S3;300;186.4;MTL-Ott;139.1;143.56;86.43;89.2;4.41;2.74;1.64;1062;0.64;2717;Alexandria;Ottawa
S3;300;186.4;MTL-Ott;178.85;183.22;111.13;113.85;4.33;2.69;2.5;700;0.64;2717;Casselman;Ottawa
S3;300;186.4;MTL-Ott;183.83;185.56;114.23;115.3;1.72;1.07;1.07;1632;0.64;2717;Casselman;Ottawa
S3;300;186.4;Ott-TO;0.0;7.35;0.0;4.57;7.23;4.49;4.37;400;0.64;2717;Ottawa;Smiths Falls
S3;300;186.4;Ott-TO;8.25;10.03;5.13;6.23;1.74;1.08;2.66;657;0.64;2717;Ottawa;Smiths Falls
S3;300;186.4;Ott-TO;15.92;19.42;9.89;12.07;3.49;2.17;1.34;1304;0.64;2717;Ottawa;Smiths Falls
S3;300;186.4;Ott-TO;20.98;27.03;13.04;16.8;6.01;3.73;1.49;1175;0.64;2717;Ottawa;Smiths Falls
S3;300;186.4;Ott-TO;48.51;48.96;30.14;30.42;0.45;0.28;0.69;2521;0.64;2717;Ottawa;Smiths Falls
S3;300;186.4;Ott-TO;61.64;62.99;38.3;39.14;1.33;0.83;1.01;1734;0.64;2717;Ottawa;Smiths Falls
S3;300;186.4;Ott-TO;63.92;69.39;39.72;43.12;5.37;3.34;4.61;379;0.64;2717;Ottawa;Brockville
S3;300;186.4;Ott-TO;90.22;95.87;56.06;59.57;5.6;3.48;1.77;985;0.64;2717;Smiths Falls;Brockville
S3;300;186.4;Ott-TO;96.48;97.12;59.95;60.35;0.64;0.4;0.74;2357;0.64;2717;Smiths Falls;Brockville
S3;300;186.4;Ott-TO;108.85;112.37;67.64;69.82;3.45;2.14;4.43;394;0.64;2717;Smiths Falls;Gananoque
S3;300;186.4;Ott-TO;113.16;114.33;70.31;71.04;1.14;0.71;2.17;806;0.64;2717;Brockville;Gananoque
S3;300;186.4;Ott-TO;117.74;119.26;73.16;74.1;1.51;0.94;0.93;1886;0.64;2717;Brockville;Gananoque
S3;300;186.4;Ott-TO;119.77;126.5;74.42;78.6;6.68;4.15;2.4;727;0.64;2717;Brockville;Gananoque
S3;300;186.4;Ott-TO;133.08;137.2;82.69;85.25;4.09;2.54;3.18;550;0.64;2717;Brockville;Gananoque
S3;300;186.4;Ott-TO;137.51;138.46;85.44;86.04;0.93;0.58;1.51;1153;0.64;2717;Brockville;Gananoque
S3;300;186.4;Ott-TO;139.36;139.41;86.59;86.63;0.05;0.03;0.85;2053;0.64;2717;Brockville;Gananoque
S3;300;186.4;Ott-TO;151.1;158.9;93.89;98.74;7.74;4.81;1.45;1205;0.64;2717;Brockville;Kingston
S3;300;186.4;Ott-TO;160.0;161.13;99.42;100.12;1.11;0.69;1.33;1315;0.64;2717;Gananoque;Kingston
S3;300;186.4;Ott-TO;165.06;171.76;102.56;106.73;6.7;4.16;0.68;2563;0.64;2717;Gananoque;Kingston
S3;300;186.4;Ott-TO;172.01;205.42;106.88;127.64;33.0;20.51;4.54;385;0.64;2717;Gananoque;Napanee
S3;300;186.4;Ott-TO;212.01;215.71;131.74;134.04;3.69;2.29;1.05;1661;0.64;2717;Kingston;Napanee
S3;300;186.4;Ott-TO;220.76;222.55;137.17;138.29;1.76;1.09;1.03;1692;0.64;2717;Kingston;Napanee
S3;300;186.4;Ott-TO;222.91;224.97;138.51;139.79;2.04;1.27;1.1;1586;0.64;2717;Kingston;Napanee
S3;300;186.4;Ott-TO;226.2;228.65;140.55;142.08;2.41;1.5;3.06;570;0.64;2717;Kingston;Belleville
S3;300;186.4;Ott-TO;231.71;231.75;143.98;144.0;0.04;0.02;0.7;2481;0.64;2717;Napanee;Belleville
S3;300;186.4;Ott-TO;236.47;237.05;146.94;147.3;0.58;0.36;0.83;2096;0.64;2717;Napanee;Belleville
S3;300;186.4;Ott-TO;239.02;241.68;148.52;150.17;2.64;1.64;1.02;1707;0.64;2717;Napanee;Belleville
S3;300;186.4;Ott-TO;249.32;255.1;154.92;158.51;5.74;3.57;1.06;1647;0.64;2717;Napanee;Belleville
S3;300;186.4;Ott-TO;279.71;280.72;173.8;174.43;0.99;0.62;0.95;1846;0.64;2717;Belleville;Trenton Junction
S3;300;186.4;Ott-TO;282.23;282.89;175.37;175.78;0.66;0.41;0.78;2239;0.64;2717;Belleville;Trenton Junction
S3;300;186.4;Ott-TO;283.98;284.59;176.46;176.84;0.61;0.38;0.85;2058;0.64;2717;Trenton Junction;Cobourg
S3;300;186.4;Ott-TO;304.75;304.81;189.36;189.4;0.06;0.04;0.93;1877;0.64;2717;Trenton Junction;Cobourg
S3;300;186.4;Ott-TO;330.51;338.97;205.37;210.63;8.39;5.21;2.63;663;0.64;2717;Trenton Junction;Port Hope
S3;300;186.4;Ott-TO;341.85;345.34;212.42;214.58;3.46;2.15;4.3;406;0.64;2717;Cobourg;Oshawa
S3;300;186.4;Ott-TO;353.65;354.22;219.75;220.1;0.57;0.35;0.82;2138;0.64;2717;Port Hope;Oshawa
S3;300;186.4;Ott-TO;355.64;358.08;220.98;222.5;2.42;1.5;0.91;1924;0.64;2717;Port Hope;Oshawa
S3;300;186.4;Ott-TO;365.04;366.29;226.83;227.6;1.23;0.76;1.01;1736;0.64;2717;Port Hope;Oshawa
S3;300;186.4;Ott-TO;367.12;367.77;228.12;228.52;0.65;0.4;0.88;1995;0.64;2717;Port Hope;Oshawa
S3;300;186.4;Ott-TO;368.67;369.38;229.08;229.52;0.71;0.44;0.84;2081;0.64;2717;Port Hope;Oshawa
S3;300;186.4;Ott-TO;372.77;374.64;231.63;232.79;1.83;1.14;1.17;1489;0.64;2717;Port Hope;Oshawa
S3;300;186.4;Ott-TO;375.75;377.82;233.48;234.77;2.04;1.27;1.49;1171;0.64;2717;Port Hope;Oshawa
S3;300;186.4;Ott-TO;380.03;383.71;236.14;238.43;3.62;2.25;1.0;1746;0.64;2717;Port Hope;Oshawa
S3;300;186.4;Ott-TO;384.73;390.04;239.06;242.36;5.19;3.22;1.7;1028;0.64;2717;Port Hope;Oshawa
S3;300;186.4;Ott-TO;394.52;394.58;245.14;245.18;0.06;0.04;0.65;2668;0.64;2717;Port Hope;Oshawa
S3;300;186.4;Ott-TO;395.2;398.26;245.57;247.47;3.03;1.88;1.0;1738;0.64;2717;Oshawa;Guildwood
S3;300;186.4;Ott-TO;399.05;409.58;247.96;254.5;10.49;6.52;1.01;1734;0.64;2717;Oshawa;Guildwood
S3;300;186.4;Ott-TO;412.34;412.39;256.22;256.25;0.05;0.03;0.7;2486;0.64;2717;Oshawa;Guildwood
S3;300;186.4;Ott-TO;412.72;412.76;256.45;256.48;0.04;0.02;0.8;2185;0.64;2717;Oshawa;Guildwood
S3;300;186.4;Ott-TO;413.09;417.44;256.68;259.39;4.26;2.65;1.02;1711;0.64;2717;Oshawa;Guildwood
S3;300;186.4;Ott-TO;420.23;421.8;261.12;262.09;1.56;0.97;1.2;1457;0.64;2717;Oshawa;Guildwood
S3;300;186.4;Ott-TO;425.11;425.16;264.15;264.18;0.05;0.03;0.72;2433;0.64;2717;Oshawa;Guildwood
S3;300;186.4;Ott-TO;426.08;428.11;264.75;266.02;1.99;1.24;3.08;567;0.64;2717;Guildwood;Toronto
S3;300;186.4;Ott-TO;428.6;430.85;266.32;267.72;2.24;1.39;1.0;1754;0.64;2717;Guildwood;Toronto
S3;300;186.4;Ott-TO;434.36;435.93;269.9;270.87;1.55;0.96;1.0;1747;0.64;2717;Guildwood;Toronto
S3;300;186.4;Ott-TO;437.89;444.8;272.09;276.39;6.83;4.24;2.68;651;0.64;2717;Guildwood;Toronto
S3;300;186.4;Ott-TO;445.04;445.92;276.54;277.08;0.87;0.54;1.35;1292;0.64;2717;Guildwood;Toronto
S3;300;186.4;MTL-TO;0.0;5.68;0.0;3.53;5.61;3.49;4.63;377;0.64;2717;Montréal;Dorval
S3;300;186.4;MTL-TO;9.62;11.14;5.98;6.92;1.49;0.93;1.06;1655;0.64;2717;Montréal;Dorval
S3;300;186.4;MTL-TO;11.73;13.46;7.29;8.36;1.72;1.07;0.77;2268;0.64;2717;Montréal;Dorval
S3;300;186.4;MTL-TO;14.45;14.97;8.98;9.3;0.51;0.32;1.72;1013;0.64;2717;Montréal;Dorval
S3;300;186.4;MTL-TO;15.36;16.57;9.54;10.3;1.21;0.75;1.05;1661;0.64;2717;Montréal;Dorval
S3;300;186.4;MTL-TO;17.76;17.8;11.04;11.06;0.04;0.02;1.08;1616;0.64;2717;Montréal;Dorval
S3;300;186.4;MTL-TO;34.79;36.28;21.62;22.54;1.46;0.91;3.11;562;0.64;2717;Aéroport Montréal Pierre-Elliott Trudeau;Coteau
S3;300;186.4;MTL-TO;39.62;41.66;24.62;25.89;2.01;1.25;0.95;1842;0.64;2717;Aéroport Montréal Pierre-Elliott Trudeau;Coteau
S3;300;186.4;MTL-TO;43.31;43.58;26.91;27.08;0.27;0.17;0.96;1819;0.64;2717;Aéroport Montréal Pierre-Elliott Trudeau;Coteau
S3;300;186.4;MTL-TO;59.01;59.79;36.67;37.15;0.76;0.47;0.96;1820;0.64;2717;Aéroport Montréal Pierre-Elliott Trudeau;Coteau
S3;300;186.4;MTL-TO;61.71;61.74;38.34;38.36;0.03;0.02;0.65;2675;0.64;2717;Aéroport Montréal Pierre-Elliott Trudeau;Coteau
S3;300;186.4;MTL-TO;87.92;87.95;54.63;54.65;0.03;0.02;0.66;2658;0.64;2717;Coteau;Brockville
S3;300;186.4;MTL-TO;102.47;108.67;63.67;67.52;6.09;3.78;1.53;1143;0.64;2717;Coteau;Brockville
S3;300;186.4;MTL-TO;122.89;124.31;76.36;77.24;1.39;0.86;1.0;1753;0.64;2717;Coteau;Brockville
S3;300;186.4;MTL-TO;130.55;133.56;81.12;82.99;3.0;1.86;0.76;2292;0.64;2717;Coteau;Brockville
S3;300;186.4;MTL-TO;181.2;181.24;112.59;112.62;0.04;0.02;0.82;2126;0.64;2717;Coteau;Brockville
S3;300;186.4;MTL-TO;181.56;183.97;112.82;114.31;2.36;1.47;1.02;1718;0.64;2717;Coteau;Brockville
S3;300;186.4;MTL-TO;201.62;204.36;125.28;126.98;2.72;1.69;1.46;1198;0.64;2717;Coteau;Brockville
S3;300;186.4;MTL-TO;205.41;206.53;127.64;128.33;1.12;0.7;0.92;1901;0.64;2717;Brockville;Gananoque
S3;300;186.4;MTL-TO;207.32;208.49;128.82;129.55;1.14;0.71;1.97;885;0.64;2717;Brockville;Gananoque
S3;300;186.4;MTL-TO;208.92;213.42;129.82;132.61;4.48;2.78;0.93;1887;0.64;2717;Brockville;Gananoque
S3;300;186.4;MTL-TO;213.93;220.66;132.93;137.11;6.68;4.15;2.22;785;0.64;2717;Brockville;Gananoque
S3;300;186.4;MTL-TO;227.24;231.36;141.2;143.76;4.09;2.54;3.37;518;0.64;2717;Brockville;Gananoque
S3;300;186.4;MTL-TO;231.67;232.62;143.95;144.54;0.93;0.58;2.36;739;0.64;2717;Brockville;Gananoque
S3;300;186.4;MTL-TO;232.95;233.54;144.75;145.12;0.59;0.37;0.94;1850;0.64;2717;Brockville;Gananoque
S3;300;186.4;MTL-TO;245.26;253.07;152.4;157.25;7.74;4.81;2.11;829;0.64;2717;Brockville;Kingston
S3;300;186.4;MTL-TO;254.4;255.29;158.08;158.63;0.88;0.55;1.06;1643;0.64;2717;Gananoque;Kingston
S3;300;186.4;MTL-TO;265.17;265.91;164.77;165.23;0.73;0.45;1.4;1249;0.64;2717;Gananoque;Kingston
S3;300;186.4;MTL-TO;266.17;284.45;165.39;176.75;18.08;11.23;4.57;382;0.64;2717;Gananoque;Kingston
S3;300;186.4;MTL-TO;286.69;288.63;178.14;179.35;1.89;1.17;2.35;742;0.64;2717;Kingston;Napanee
S3;300;186.4;MTL-TO;289.17;299.58;179.68;186.15;10.24;6.36;2.3;760;0.64;2717;Kingston;Napanee
S3;300;186.4;MTL-TO;306.17;309.86;190.25;192.54;3.68;2.29;1.05;1661;0.64;2717;Kingston;Napanee
S3;300;186.4;MTL-TO;314.91;322.79;195.68;200.57;7.77;4.83;2.01;867;0.64;2717;Kingston;Napanee
S3;300;186.4;MTL-TO;325.86;325.9;202.48;202.5;0.04;0.02;0.77;2260;0.64;2717;Napanee;Belleville
S3;300;186.4;MTL-TO;328.33;331.2;204.01;205.8;2.86;1.78;0.83;2092;0.64;2717;Napanee;Belleville
S3;300;186.4;MTL-TO;333.17;335.82;207.02;208.67;2.63;1.63;1.02;1706;0.64;2717;Napanee;Belleville
S3;300;186.4;MTL-TO;343.46;349.24;213.42;217.01;5.74;3.57;1.06;1648;0.64;2717;Napanee;Belleville
S3;300;186.4;MTL-TO;370.75;377.07;230.37;234.3;6.27;3.9;0.95;1845;0.64;2717;Belleville;Trenton Junction
S3;300;186.4;MTL-TO;378.16;378.77;234.98;235.36;0.61;0.38;0.85;2057;0.64;2717;Trenton Junction;Cobourg
S3;300;186.4;MTL-TO;388.28;398.99;241.27;247.92;10.7;6.65;0.82;2135;0.64;2717;Trenton Junction;Cobourg
S3;300;186.4;MTL-TO;424.68;433.14;263.88;269.14;8.39;5.21;2.64;661;0.64;2717;Trenton Junction;Port Hope
S3;300;186.4;MTL-TO;436.02;439.51;270.93;273.1;3.46;2.15;4.29;407;0.64;2717;Cobourg;Oshawa
S3;300;186.4;MTL-TO;447.82;448.39;278.26;278.62;0.57;0.35;0.82;2138;0.64;2717;Port Hope;Oshawa
S3;300;186.4;MTL-TO;449.81;452.25;279.5;281.02;2.42;1.5;0.91;1925;0.64;2717;Port Hope;Oshawa
S3;300;186.4;MTL-TO;459.21;460.46;285.34;286.12;1.23;0.76;1.01;1736;0.64;2717;Port Hope;Oshawa
S3;300;186.4;MTL-TO;461.29;461.94;286.63;287.04;0.65;0.4;0.88;1995;0.64;2717;Port Hope;Oshawa
S3;300;186.4;MTL-TO;462.84;463.55;287.6;288.04;0.71;0.44;0.84;2082;0.64;2717;Port Hope;Oshawa
S3;300;186.4;MTL-TO;466.94;468.81;290.14;291.31;1.83;1.14;1.18;1480;0.64;2717;Port Hope;Oshawa
S3;300;186.4;MTL-TO;469.92;471.99;291.99;293.28;2.04;1.27;1.49;1171;0.64;2717;Port Hope;Oshawa
S3;300;186.4;MTL-TO;474.2;477.88;294.65;296.94;3.62;2.25;1.0;1746;0.64;2717;Port Hope;Oshawa
S3;300;186.4;MTL-TO;478.9;484.21;297.57;300.87;5.19;3.22;1.69;1035;0.64;2717;Port Hope;Oshawa
S3;300;186.4;MTL-TO;488.69;488.74;303.66;303.69;0.05;0.03;0.76;2299;0.64;2717;Port Hope;Oshawa
S3;300;186.4;MTL-TO;489.36;489.4;304.07;304.1;0.04;0.02;0.66;2651;0.64;2717;Oshawa;Guildwood
S3;300;186.4;MTL-TO;491.01;492.42;305.1;305.98;1.38;0.86;1.0;1738;0.64;2717;Oshawa;Guildwood
S3;300;186.4;MTL-TO;494.74;495.68;307.42;308.0;0.92;0.57;1.01;1733;0.64;2717;Oshawa;Guildwood
S3;300;186.4;MTL-TO;503.18;503.75;312.66;313.02;0.57;0.35;0.8;2194;0.64;2717;Oshawa;Guildwood
S3;300;186.4;MTL-TO;507.06;509.94;315.07;316.86;2.84;1.76;1.02;1711;0.64;2717;Oshawa;Guildwood
S3;300;186.4;MTL-TO;510.75;511.61;317.37;317.9;0.84;0.52;0.98;1773;0.64;2717;Oshawa;Guildwood
S3;300;186.4;MTL-TO;512.53;515.99;318.47;320.62;3.44;2.14;1.09;1596;0.64;2717;Oshawa;Guildwood
S3;300;186.4;MTL-TO;519.9;519.94;323.05;323.08;0.04;0.02;0.68;2575;0.64;2717;Guildwood;Toronto
S3;300;186.4;MTL-TO;520.24;522.27;323.26;324.52;1.99;1.24;2.56;681;0.64;2717;Guildwood;Toronto
S3;300;186.4;MTL-TO;522.77;525.01;324.83;326.23;2.23;1.39;1.0;1753;0.64;2717;Guildwood;Toronto
S3;300;186.4;MTL-TO;528.52;530.09;328.41;329.38;1.55;0.96;1.0;1747;0.64;2717;Guildwood;Toronto
S3;300;186.4;MTL-TO;532.05;538.97;330.6;334.9;6.84;4.25;2.32;753;0.64;2717;Guildwood;Toronto
S3;300;186.4;MTL-TO;539.2;540.08;335.04;335.59;0.87;0.54;1.24;1406;0.64;2717;Guildwood;Toronto
