alignement_id;id_segment;tronçon;km_début;km_fin;mille_début;mille_fin;longueur_m;longueur_mille;degré_courbure_gouvernant_deg;R_min_m;R_classant_min_m;R_p10_m;R_p50_m;R_moy_m;vmax_S1_kmh_plafond_courbure;vmax_S1_mph_plafond_courbure;vmax_S2_kmh_plafond_courbure;vmax_S2_mph_plafond_courbure;vmax_S3_kmh_plafond_courbure;vmax_S3_mph_plafond_courbure;classe_S1;classe_S2;classe_S3;gare_amont;gare_aval
alignment_id;segment_id;section;km_start;km_end;mile_start;mile_end;length_m;length_mile;degree_of_curve_governing_deg;R_min_m;R_governing_min_m;R_p10_m;R_p50_m;R_mean_m;vmax_S1_kmh_curv_ceiling;vmax_S1_mph_curv_ceiling;vmax_S2_kmh_curv_ceiling;vmax_S2_mph_curv_ceiling;vmax_S3_kmh_curv_ceiling;vmax_S3_mph_curv_ceiling;class_S1;class_S2;class_S3;station_upstream;station_downstream
via_existing;MTL-QC-0000;MTL-QC;0.0;0.69;0.0;0.429;690.0;0.429;2.55;686.0;686.0;912.0;3124.0;2760.0;100.3;62.3;126.3;78.5;150.7;93.6;E;E;E;Montréal;Saint-Lambert
via_existing;MTL-QC-0001;MTL-QC;0.7;1.38;0.435;0.857;680.0;0.423;3.6;485.0;485.0;485.0;485.0;500.0;84.4;52.4;106.2;66.0;126.7;78.7;F;E;E;Montréal;Saint-Lambert
via_existing;MTL-QC-0002;MTL-QC;1.39;2.91;0.864;1.808;1520.0;0.944;5.41;321.0;323.0;333.0;374.0;532.0;68.9;42.8;86.8;53.9;103.5;64.3;F;F;E;Montréal;Saint-Lambert
via_existing;MTL-QC-0003;MTL-QC;2.92;3.33;1.814;2.069;410.0;0.255;0.53;3254.0;3268.0;3260.0;3414.0;3478.0;219.1;136.1;275.8;171.4;329.0;204.4;C;B;A;Montréal;Saint-Lambert
via_existing;MTL-QC-0004;MTL-QC;3.34;3.55;2.075;2.206;210.0;0.13;0.4;4332.0;4332.0;4480.0;4480.0;4473.0;252.2;156.7;317.5;197.3;360.0;223.7;B;A;A;Montréal;Saint-Lambert
via_existing;MTL-QC-0005;MTL-QC;3.56;7.06;2.212;4.387;3500.0;2.175;0.45;3886.0;3886.0;8375.0;50000.0;25894.0;238.9;148.4;300.7;186.8;358.8;222.9;C;A;A;Montréal;Saint-Lambert
via_existing;MTL-QC-0006;MTL-QC;7.07;8.0;4.393;4.971;930.0;0.578;0.53;3266.0;3270.0;3274.0;3475.0;3654.0;219.1;136.1;275.9;171.4;329.1;204.5;C;B;A;Saint-Lambert;Saint-Hyacinthe
via_existing;MTL-QC-0007;MTL-QC;8.01;19.54;4.977;12.142;11530.0;7.164;0.65;2687.0;2687.0;50000.0;50000.0;37214.0;198.6;123.4;250.1;155.4;298.3;185.4;D;B;B;Saint-Lambert;Saint-Hyacinthe
via_existing;MTL-QC-0008;MTL-QC;19.55;20.18;12.148;12.539;630.0;0.391;0.87;1995.0;2011.0;2007.0;2325.0;2516.0;171.8;106.8;216.4;134.5;258.1;160.4;D;C;B;Saint-Lambert;Saint-Hyacinthe
via_existing;MTL-QC-0009;MTL-QC;20.19;28.96;12.545;17.995;8770.0;5.449;0.64;2734.0;2734.0;50000.0;50000.0;35639.0;200.4;124.5;252.3;156.8;300.9;187.0;C;B;A;Saint-Lambert;Saint-Hyacinthe
via_existing;MTL-QC-0010;MTL-QC;28.97;29.16;18.001;18.119;190.0;0.118;0.92;1902.0;1902.0;1939.0;2159.0;2180.0;167.1;103.8;210.4;130.7;251.0;156.0;D;C;B;Saint-Lambert;Saint-Hyacinthe
via_existing;MTL-QC-0011;MTL-QC;29.17;29.37;18.125;18.25;200.0;0.124;0.97;1798.0;1808.0;1798.0;1821.0;1827.0;162.9;101.2;205.1;127.4;244.7;152.0;D;C;C;Saint-Lambert;Saint-Hyacinthe
via_existing;MTL-QC-0012;MTL-QC;29.38;30.03;18.256;18.66;650.0;0.404;0.92;1895.0;1895.0;2054.0;2560.0;2810.0;166.8;103.6;210.0;130.5;250.5;155.7;D;C;B;Saint-Lambert;Saint-Hyacinthe
via_existing;MTL-QC-0013;MTL-QC;30.04;30.9;18.666;19.2;860.0;0.534;3.5;495.0;499.0;501.0;672.0;602.0;85.6;53.2;107.8;67.0;128.5;79.8;F;E;E;Saint-Lambert;Saint-Hyacinthe
via_existing;MTL-QC-0014;MTL-QC;30.91;31.32;19.207;19.461;410.0;0.255;2.51;695.0;695.0;767.0;767.0;763.0;101.0;62.8;127.2;79.0;151.7;94.3;E;E;E;Saint-Lambert;Saint-Hyacinthe
via_existing;MTL-QC-0015;MTL-QC;31.33;33.79;19.468;20.996;2460.0;1.529;1.58;1104.0;1104.0;2357.0;50000.0;9458.0;127.3;79.1;160.3;99.6;191.3;118.9;E;D;D;Saint-Lambert;Saint-Hyacinthe
via_existing;MTL-QC-0016;MTL-QC;33.8;34.62;21.002;21.512;820.0;0.51;1.94;896.0;901.0;903.0;1082.0;1249.0;115.0;71.5;144.8;90.0;172.8;107.4;E;E;D;Saint-Lambert;Saint-Hyacinthe
via_existing;MTL-QC-0017;MTL-QC;34.63;57.94;21.518;36.002;23310.0;14.484;0.45;3903.0;3903.0;50000.0;50000.0;44779.0;239.4;148.8;301.4;187.3;359.5;223.4;C;A;A;Saint-Lambert;Saint-Hyacinthe
via_existing;MTL-QC-0018;MTL-QC;57.95;58.43;36.008;36.307;480.0;0.298;0.55;3139.0;3158.0;3147.0;3432.0;3610.0;215.3;133.8;271.1;168.5;323.4;201.0;C;B;A;Saint-Hyacinthe;Drummondville
via_existing;MTL-QC-0019;MTL-QC;58.44;61.7;36.313;38.339;3260.0;2.026;1.01;1727.0;1727.0;6892.0;50000.0;17225.0;159.2;98.9;200.5;124.6;239.1;148.6;E;C;C;Saint-Hyacinthe;Drummondville
via_existing;MTL-QC-0020;MTL-QC;61.71;62.08;38.345;38.575;370.0;0.23;1.47;1183.0;1189.0;1184.0;1250.0;1301.0;132.1;82.1;166.4;103.4;198.4;123.3;E;D;D;Saint-Hyacinthe;Drummondville
via_existing;MTL-QC-0021;MTL-QC;62.09;62.6;38.581;38.898;510.0;0.317;1.44;1212.0;1212.0;1265.0;1842.0;1897.0;133.4;82.9;168.0;104.4;200.3;124.5;E;D;C;Saint-Hyacinthe;Drummondville
via_existing;MTL-QC-0022;MTL-QC;62.61;63.83;38.904;39.662;1220.0;0.758;0.64;2724.0;2724.0;4126.0;50000.0;11653.0;200.0;124.3;251.8;156.5;300.4;186.7;C;B;A;Saint-Hyacinthe;Drummondville
via_existing;MTL-QC-0023;MTL-QC;63.84;64.15;39.668;39.861;310.0;0.193;0.93;1862.0;1877.0;1865.0;1979.0;2056.0;166.0;103.1;209.0;129.9;249.3;154.9;D;C;C;Saint-Hyacinthe;Drummondville
via_existing;MTL-QC-0024;MTL-QC;64.16;64.57;39.867;40.122;410.0;0.255;0.92;1898.0;1898.0;1967.0;2666.0;2734.0;166.9;103.7;210.2;130.6;250.7;155.8;D;C;B;Saint-Hyacinthe;Drummondville
via_existing;MTL-QC-0025;MTL-QC;64.58;65.92;40.128;40.961;1340.0;0.833;0.64;2742.0;2742.0;4340.0;50000.0;13245.0;200.7;124.7;252.6;157.0;301.4;187.3;C;B;A;Saint-Hyacinthe;Drummondville
via_existing;MTL-QC-0026;MTL-QC;65.93;66.14;40.967;41.097;210.0;0.13;0.93;1887.0;1887.0;1926.0;2149.0;2172.0;166.5;103.5;209.6;130.2;250.0;155.3;D;C;B;Saint-Hyacinthe;Drummondville
via_existing;MTL-QC-0027;MTL-QC;66.15;66.46;41.104;41.296;310.0;0.193;0.99;1763.0;1769.0;1764.0;1790.0;1800.0;161.2;100.2;202.9;126.1;242.1;150.4;D;C;C;Saint-Hyacinthe;Drummondville
via_existing;MTL-QC-0028;MTL-QC;66.47;66.88;41.303;41.557;410.0;0.255;0.92;1896.0;1896.0;1980.0;2681.0;2741.0;166.8;103.6;210.1;130.6;250.6;155.7;D;C;B;Saint-Hyacinthe;Drummondville
via_existing;MTL-QC-0029;MTL-QC;66.89;68.37;41.564;42.483;1480.0;0.92;0.28;6201.0;6201.0;50000.0;50000.0;35382.0;301.7;187.5;360.0;223.7;360.0;223.7;A;A;A;Saint-Hyacinthe;Drummondville
via_existing;MTL-QC-0030;MTL-QC;68.38;68.86;42.489;42.788;480.0;0.298;1.43;1221.0;1221.0;1332.0;1936.0;1735.0;133.9;83.2;168.6;104.8;201.1;125.0;E;D;C;Saint-Hyacinthe;Drummondville
via_existing;MTL-QC-0031;MTL-QC;68.87;69.44;42.794;43.148;570.0;0.354;1.54;1128.0;1135.0;1133.0;1386.0;1558.0;129.1;80.2;162.5;101.0;193.9;120.5;E;D;D;Saint-Hyacinthe;Drummondville
via_existing;MTL-QC-0032;MTL-QC;69.45;80.45;43.154;49.989;11000.0;6.835;0.45;3910.0;3910.0;50000.0;50000.0;40712.0;239.6;148.9;301.7;187.5;359.8;223.6;C;A;A;Saint-Hyacinthe;Drummondville
via_existing;MTL-QC-0033;MTL-QC;80.46;80.86;49.996;50.244;400.0;0.249;0.49;3517.0;3538.0;3525.0;3737.0;3935.0;227.9;141.6;287.0;178.3;342.3;212.7;C;B;A;Saint-Hyacinthe;Drummondville
via_existing;MTL-QC-0034;MTL-QC;80.87;89.97;50.25;55.905;9100.0;5.654;0.64;2714.0;2714.0;50000.0;50000.0;35457.0;199.6;124.0;251.4;156.2;299.8;186.3;D;B;B;Saint-Hyacinthe;Drummondville
via_existing;MTL-QC-0035;MTL-QC;89.98;90.52;55.911;56.247;540.0;0.336;0.78;2217.0;2235.0;2227.0;2497.0;2719.0;181.2;112.6;228.1;141.7;272.1;169.1;D;C;B;Saint-Hyacinthe;Drummondville
via_existing;MTL-QC-0036;MTL-QC;90.53;93.54;56.253;58.123;3010.0;1.87;0.64;2736.0;2736.0;8415.0;50000.0;22498.0;200.4;124.5;252.4;156.8;301.0;187.0;C;B;A;Saint-Hyacinthe;Drummondville
via_existing;MTL-QC-0037;MTL-QC;93.55;93.74;58.129;58.247;190.0;0.118;0.92;1895.0;1895.0;1935.0;2166.0;2183.0;166.8;103.6;210.0;130.5;250.5;155.7;D;C;B;Saint-Hyacinthe;Drummondville
via_existing;MTL-QC-0038;MTL-QC;93.75;94.38;58.254;58.645;630.0;0.391;0.98;1775.0;1786.0;1784.0;2109.0;2318.0;161.9;100.6;203.9;126.7;243.2;151.1;D;C;C;Saint-Hyacinthe;Drummondville
via_existing;MTL-QC-0039;MTL-QC;94.39;95.51;58.651;59.347;1120.0;0.696;0.28;6257.0;6257.0;13977.0;50000.0;32569.0;303.1;188.3;360.0;223.7;360.0;223.7;A;A;A;Saint-Hyacinthe;Drummondville
via_existing;MTL-QC-0040;MTL-QC;95.52;95.86;59.353;59.565;340.0;0.211;0.64;2739.0;2739.0;3016.0;5084.0;4406.0;200.5;124.6;252.5;156.9;301.2;187.2;C;B;A;Saint-Hyacinthe;Drummondville
via_existing;MTL-QC-0041;MTL-QC;95.87;96.07;59.571;59.695;200.0;0.124;0.92;1897.0;1897.0;1935.0;2161.0;2182.0;166.9;103.7;210.1;130.6;250.6;155.7;D;C;B;Saint-Hyacinthe;Drummondville
via_existing;MTL-QC-0042;MTL-QC;96.08;96.3;59.701;59.838;220.0;0.137;0.97;1792.0;1802.0;1792.0;1817.0;1822.0;162.7;101.1;204.8;127.3;244.3;151.8;D;C;C;Saint-Hyacinthe;Drummondville
via_existing;MTL-QC-0043;MTL-QC;96.31;96.52;59.844;59.975;210.0;0.13;0.92;1893.0;1893.0;1932.0;2172.0;2193.0;166.7;103.6;209.9;130.4;250.4;155.6;D;C;B;Saint-Hyacinthe;Drummondville
via_existing;MTL-QC-0044;MTL-QC;96.53;96.86;59.981;60.186;330.0;0.205;0.62;2796.0;2796.0;2960.0;2960.0;2953.0;202.6;125.9;255.1;158.5;304.3;189.1;C;B;A;Saint-Hyacinthe;Drummondville
via_existing;MTL-QC-0045;MTL-QC;96.87;99.74;60.192;61.976;2870.0;1.783;0.44;3996.0;3996.0;50000.0;50000.0;34340.0;242.2;150.5;305.0;189.5;360.0;223.7;C;A;A;Saint-Hyacinthe;Drummondville
via_existing;MTL-QC-0046;MTL-QC;99.75;100.25;61.982;62.292;500.0;0.311;0.63;2741.0;2762.0;2751.0;3193.0;4445.0;201.4;125.1;253.6;157.6;302.5;188.0;C;B;A;Saint-Hyacinthe;Drummondville
via_existing;MTL-QC-0047;MTL-QC;100.26;100.29;62.299;62.317;30.0;0.019;1.11;1574.0;1574.0;1574.0;1574.0;1637.0;152.0;94.4;191.4;118.9;228.3;141.9;E;D;C;Saint-Hyacinthe;Drummondville
via_existing;MTL-QC-0048;MTL-QC;100.3;101.07;62.324;62.802;770.0;0.478;1.1;1573.0;1585.0;1587.0;2004.0;2117.0;152.6;94.8;192.1;119.4;229.1;142.4;E;D;C;Drummondville;Charny
via_existing;MTL-QC-0049;MTL-QC;101.08;101.64;62.808;63.156;560.0;0.348;0.45;3678.0;3847.0;31539.0;50000.0;21680.0;237.7;147.7;299.2;185.9;357.0;221.8;C;B;A;Drummondville;Charny
via_existing;MTL-QC-0050;MTL-QC;101.65;101.67;63.162;63.175;20.0;0.012;0.43;3932.0;4033.0;3932.0;4033.0;4037.0;243.3;151.2;306.4;190.4;360.0;223.7;C;A;A;Drummondville;Charny
via_existing;MTL-QC-0051;MTL-QC;101.68;102.24;63.181;63.529;560.0;0.348;1.15;786.0;1523.0;2326.0;7441.0;4697.0;149.6;93.0;188.3;117.0;224.6;139.6;E;D;C;Drummondville;Charny
via_existing;MTL-QC-0052;MTL-QC;102.25;102.26;63.535;63.541;10.0;0.006;0.96;1742.0;1810.0;1742.0;1810.0;1808.0;163.0;101.3;205.3;127.6;244.9;152.2;D;C;C;Drummondville;Charny
via_existing;MTL-QC-0053;MTL-QC;102.27;102.82;63.548;63.889;550.0;0.342;0.99;1766.0;1766.0;1766.0;1766.0;1793.0;161.0;100.0;202.7;126.0;241.8;150.2;D;C;C;Drummondville;Charny
via_existing;MTL-QC-0054;MTL-QC;102.83;103.56;63.896;64.349;730.0;0.454;1.12;1555.0;1555.0;1555.0;1555.0;1800.0;151.1;93.9;190.2;118.2;226.9;141.0;E;D;C;Drummondville;Charny
via_existing;MTL-QC-0055;MTL-QC;103.57;107.61;64.355;66.866;4040.0;2.51;0.45;3874.0;3874.0;50000.0;50000.0;33486.0;238.5;148.2;300.3;186.6;358.2;222.6;C;A;A;Drummondville;Charny
via_existing;MTL-QC-0056;MTL-QC;107.62;108.14;66.872;67.195;520.0;0.323;0.6;2899.0;2919.0;2910.0;3217.0;3396.0;207.0;128.6;260.7;162.0;310.9;193.2;C;B;A;Drummondville;Charny
via_existing;MTL-QC-0057;MTL-QC;108.15;110.87;67.201;68.891;2720.0;1.69;1.01;1728.0;1728.0;3386.0;50000.0;12854.0;159.3;99.0;200.5;124.6;239.2;148.6;E;C;C;Drummondville;Charny
via_existing;MTL-QC-0058;MTL-QC;110.88;111.15;68.898;69.065;270.0;0.168;1.58;1107.0;1107.0;1145.0;1330.0;1333.0;127.5;79.2;160.6;99.8;191.5;119.0;E;D;D;Drummondville;Charny
via_existing;MTL-QC-0059;MTL-QC;111.16;112.31;69.072;69.786;1150.0;0.715;2.06;845.0;848.0;852.0;1039.0;1223.0;111.6;69.3;140.5;87.3;167.6;104.1;E;E;D;Drummondville;Charny
via_existing;MTL-QC-0060;MTL-QC;112.32;115.85;69.792;71.986;3530.0;2.193;1.02;1695.0;1708.0;3411.0;50000.0;13055.0;158.3;98.4;199.4;123.9;237.8;147.8;E;D;C;Drummondville;Charny
via_existing;MTL-QC-0061;MTL-QC;115.86;115.87;71.992;71.998;10.0;0.006;1.01;1721.0;1727.0;1721.0;1727.0;1727.0;159.2;98.9;200.5;124.6;239.2;148.6;E;C;C;Drummondville;Charny
via_existing;MTL-QC-0062;MTL-QC;115.88;116.21;72.004;72.21;330.0;0.205;1.0;1747.0;1747.0;1810.0;2467.0;2547.0;160.2;99.5;201.6;125.3;240.5;149.4;D;C;C;Drummondville;Charny
via_existing;MTL-QC-0063;MTL-QC;116.22;119.57;72.216;74.297;3350.0;2.082;1.56;1116.0;1116.0;3936.0;50000.0;11709.0;128.0;79.5;161.2;100.2;192.2;119.4;E;D;D;Drummondville;Charny
via_existing;MTL-QC-0064;MTL-QC;119.58;119.89;74.304;74.496;310.0;0.193;1.76;987.0;995.0;988.0;1026.0;1041.0;120.9;75.1;152.2;94.6;181.5;112.8;E;E;D;Drummondville;Charny
via_existing;MTL-QC-0065;MTL-QC;119.9;120.47;74.502;74.857;570.0;0.354;1.43;1225.0;1225.0;1253.0;1253.0;1536.0;134.1;83.3;168.8;104.9;201.4;125.1;E;D;C;Drummondville;Charny
via_existing;MTL-QC-0066;MTL-QC;120.48;120.99;74.863;75.18;510.0;0.317;1.59;1100.0;1100.0;1217.0;1700.0;1549.0;127.1;79.0;160.0;99.4;190.9;118.6;E;D;D;Drummondville;Charny
via_existing;MTL-QC-0067;MTL-QC;121.0;121.7;75.186;75.621;700.0;0.435;1.82;955.0;962.0;962.0;1202.0;1359.0;118.9;73.9;149.7;93.0;178.5;110.9;E;E;D;Drummondville;Charny
via_existing;MTL-QC-0068;MTL-QC;121.71;124.94;75.627;77.634;3230.0;2.007;0.27;6452.0;6452.0;50000.0;50000.0;44311.0;307.8;191.3;360.0;223.7;360.0;223.7;A;A;A;Drummondville;Charny
via_existing;MTL-QC-0069;MTL-QC;124.95;125.45;77.64;77.951;500.0;0.311;1.56;1118.0;1118.0;1242.0;2252.0;1809.0;128.1;79.6;161.3;100.2;192.4;119.6;E;D;D;Drummondville;Charny
via_existing;MTL-QC-0070;MTL-QC;125.46;126.23;77.957;78.436;770.0;0.478;1.9;913.0;920.0;920.0;1106.0;1285.0;116.2;72.2;146.3;90.9;174.5;108.4;E;E;D;Drummondville;Charny
via_existing;MTL-QC-0071;MTL-QC;126.24;128.41;78.442;79.79;2170.0;1.348;0.64;2711.0;2711.0;6430.0;50000.0;19033.0;199.5;124.0;251.2;156.1;299.7;186.2;D;B;B;Drummondville;Charny
via_existing;MTL-QC-0072;MTL-QC;128.42;129.13;79.796;80.238;710.0;0.441;0.83;2075.0;2095.0;2095.0;2408.0;2310.0;175.4;109.0;220.8;137.2;263.4;163.7;D;C;B;Drummondville;Charny
via_existing;MTL-QC-0073;MTL-QC;129.14;129.49;80.244;80.461;350.0;0.217;0.03;50000.0;50000.0;50000.0;50000.0;50000.0;360.0;223.7;360.0;223.7;360.0;223.7;A;A;A;Drummondville;Charny
via_existing;MTL-QC-0074;MTL-QC;129.5;129.85;80.468;80.685;350.0;0.217;1.01;1722.0;1722.0;1884.0;3276.0;2674.0;159.0;98.8;200.2;124.4;238.8;148.4;E;C;C;Drummondville;Charny
via_existing;MTL-QC-0075;MTL-QC;129.86;130.42;80.691;81.039;560.0;0.348;1.2;1448.0;1459.0;1455.0;1635.0;1854.0;146.4;91.0;184.3;114.5;219.8;136.6;E;D;C;Drummondville;Charny
via_existing;MTL-QC-0076;MTL-QC;130.43;131.87;81.045;81.94;1440.0;0.895;0.64;2744.0;2744.0;5427.0;50000.0;16580.0;200.7;124.7;252.7;157.0;301.5;187.3;C;B;A;Drummondville;Charny
via_existing;MTL-QC-0077;MTL-QC;131.88;132.41;81.946;82.276;530.0;0.329;0.78;2209.0;2226.0;2218.0;2446.0;2643.0;180.8;112.3;227.6;141.4;271.5;168.7;D;C;B;Drummondville;Charny
via_existing;MTL-QC-0078;MTL-QC;132.42;147.54;82.282;91.677;15120.0;9.395;0.45;3918.0;3918.0;50000.0;50000.0;43042.0;239.8;149.0;302.0;187.7;360.0;223.7;C;A;A;Drummondville;Charny
via_existing;MTL-QC-0079;MTL-QC;147.55;147.96;91.683;91.938;410.0;0.255;0.5;3502.0;3528.0;3509.0;3719.0;3921.0;227.6;141.4;286.5;178.0;341.8;212.4;C;B;A;Drummondville;Charny
via_existing;MTL-QC-0080;MTL-QC;147.97;149.54;91.944;92.92;1570.0;0.976;0.45;3878.0;3878.0;5784.0;50000.0;17670.0;238.6;148.3;300.4;186.7;358.4;222.7;C;A;A;Drummondville;Charny
via_existing;MTL-QC-0081;MTL-QC;149.55;149.92;92.926;93.156;370.0;0.23;0.48;3649.0;3669.0;3655.0;3831.0;4071.0;232.1;144.2;292.2;181.6;348.6;216.6;C;B;A;Drummondville;Charny
via_existing;MTL-QC-0082;MTL-QC;149.93;151.27;93.162;93.995;1340.0;0.833;2.49;702.0;702.0;1423.0;50000.0;5589.0;101.5;63.1;127.8;79.4;152.5;94.8;E;E;E;Drummondville;Charny
via_existing;MTL-QC-0083;MTL-QC;151.28;152.05;94.001;94.479;770.0;0.478;3.38;512.0;516.0;516.0;548.0;548.0;87.0;54.1;109.6;68.1;130.7;81.2;F;E;E;Drummondville;Charny
via_existing;MTL-QC-0084;MTL-QC;152.06;157.55;94.486;97.897;5490.0;3.411;1.0;1745.0;1745.0;50000.0;50000.0;30503.0;160.1;99.5;201.5;125.2;240.4;149.4;D;C;C;Drummondville;Charny
via_existing;MTL-QC-0085;MTL-QC;157.56;158.19;97.903;98.295;630.0;0.391;1.41;1232.0;1239.0;1238.0;1423.0;1573.0;134.9;83.8;169.8;105.5;202.6;125.9;E;D;C;Drummondville;Charny
via_existing;MTL-QC-0086;MTL-QC;158.2;160.83;98.301;99.935;2630.0;1.634;1.55;1129.0;1129.0;8836.0;50000.0;15217.0;128.7;80.0;162.1;100.7;193.3;120.1;E;D;D;Drummondville;Charny
via_existing;MTL-QC-0087;MTL-QC;160.84;161.61;99.941;100.42;770.0;0.478;2.23;776.0;782.0;783.0;814.0;825.0;107.1;66.5;134.9;83.8;160.9;100.0;E;E;D;Drummondville;Charny
via_existing;MTL-QC-0088;MTL-QC;161.62;169.24;100.426;105.161;7620.0;4.735;0.63;2753.0;2753.0;50000.0;50000.0;38298.0;201.1;125.0;253.1;157.3;302.0;187.7;C;B;A;Drummondville;Charny
via_existing;MTL-QC-0089;MTL-QC;169.25;170.25;105.167;105.788;1000.0;0.621;2.53;689.0;689.0;820.0;2018.0;1691.0;100.6;62.5;126.6;78.7;151.1;93.9;E;E;E;Drummondville;Charny
via_existing;MTL-QC-0090;MTL-QC;170.26;170.86;105.795;106.167;600.0;0.373;2.72;637.0;641.0;640.0;813.0;935.0;97.0;60.3;122.1;75.9;145.6;90.5;F;E;E;Drummondville;Charny
via_existing;MTL-QC-0091;MTL-QC;170.87;173.47;106.174;107.789;2600.0;1.616;1.58;1103.0;1103.0;2521.0;50000.0;9696.0;127.2;79.0;160.2;99.5;191.1;118.7;E;D;D;Drummondville;Charny
via_existing;MTL-QC-0092;MTL-QC;173.48;174.41;107.795;108.373;930.0;0.578;1.96;887.0;893.0;897.0;1116.0;1150.0;114.5;71.1;144.2;89.6;172.0;106.9;E;E;D;Drummondville;Charny
via_existing;MTL-QC-0093;MTL-QC;174.42;175.0;108.38;108.74;580.0;0.36;1.75;989.0;997.0;994.0;1153.0;1351.0;121.0;75.2;152.3;94.6;181.7;112.9;E;E;D;Drummondville;Charny
via_existing;MTL-QC-0094;MTL-QC;175.01;193.15;108.746;120.018;18140.0;11.272;1.65;1047.0;1056.0;50000.0;50000.0;22427.0;124.5;77.4;156.7;97.4;187.0;116.2;E;E;D;Drummondville;Charny
via_existing;MTL-QC-0095;MTL-QC;193.16;193.27;120.024;120.092;110.0;0.068;1.24;1230.0;1412.0;1260.0;1412.0;1416.0;144.0;89.5;181.3;112.7;216.3;134.4;E;D;C;Drummondville;Charny
via_existing;MTL-QC-0096;MTL-QC;193.28;193.61;120.099;120.304;330.0;0.205;1.0;1744.0;1744.0;1880.0;1880.0;1874.0;160.0;99.4;201.5;125.2;240.4;149.4;D;C;C;Drummondville;Charny
via_existing;MTL-QC-0097;MTL-QC;193.62;200.92;120.31;124.846;7300.0;4.536;0.65;2701.0;2701.0;50000.0;50000.0;34711.0;199.1;123.7;250.7;155.8;299.1;185.9;D;B;B;Drummondville;Charny
via_existing;MTL-QC-0098;MTL-QC;200.93;201.12;124.852;124.97;190.0;0.118;0.92;1900.0;1900.0;1942.0;2172.0;2186.0;167.0;103.8;210.3;130.7;250.8;155.8;D;C;B;Drummondville;Charny
via_existing;MTL-QC-0099;MTL-QC;201.13;201.34;124.976;125.107;210.0;0.13;0.98;1779.0;1789.0;1779.0;1805.0;1814.0;162.1;100.7;204.0;126.8;243.4;151.2;D;C;C;Drummondville;Charny
via_existing;MTL-QC-0100;MTL-QC;201.35;201.74;125.113;125.355;390.0;0.242;0.92;1900.0;1900.0;1994.0;2698.0;2756.0;167.0;103.8;210.3;130.7;250.8;155.8;D;C;B;Drummondville;Charny
via_existing;MTL-QC-0101;MTL-QC;201.75;210.96;125.362;131.084;9210.0;5.723;1.57;1109.0;1109.0;50000.0;50000.0;22591.0;127.6;79.3;160.7;99.9;191.6;119.1;E;D;D;Drummondville;Charny
via_existing;MTL-QC-0102;MTL-QC;210.97;211.68;131.091;131.532;710.0;0.441;1.84;943.0;951.0;951.0;1167.0;1328.0;118.1;73.4;148.7;92.4;177.4;110.2;E;E;D;Drummondville;Charny
via_existing;MTL-QC-0103;MTL-QC;211.69;214.03;131.538;132.992;2340.0;1.454;0.65;2701.0;2701.0;6350.0;50000.0;19118.0;199.1;123.7;250.7;155.8;299.1;185.9;D;B;B;Drummondville;Charny
via_existing;MTL-QC-0104;MTL-QC;214.04;214.75;132.998;133.439;710.0;0.441;0.89;1944.0;1959.0;1959.0;2315.0;2487.0;169.6;105.4;213.5;132.7;254.7;158.3;D;C;B;Drummondville;Charny
via_existing;MTL-QC-0105;MTL-QC;214.76;224.75;133.446;139.653;9990.0;6.207;1.0;1747.0;1747.0;50000.0;50000.0;32344.0;160.1;99.5;201.6;125.3;240.5;149.4;D;C;C;Drummondville;Charny
via_existing;MTL-QC-0106;MTL-QC;224.76;225.33;139.659;140.014;570.0;0.354;1.19;1457.0;1468.0;1464.0;1655.0;1885.0;146.8;91.2;184.9;114.9;220.5;137.0;E;D;C;Drummondville;Charny
via_existing;MTL-QC-0107;MTL-QC;225.34;229.59;140.02;142.661;4250.0;2.641;0.28;6220.0;6220.0;50000.0;50000.0;39085.0;302.2;187.8;360.0;223.7;360.0;223.7;A;A;A;Drummondville;Charny
via_existing;MTL-QC-0108;MTL-QC;229.6;230.0;142.667;142.915;400.0;0.249;0.37;4718.0;4754.0;4727.0;4995.0;5105.0;264.2;164.2;332.6;206.7;360.0;223.7;B;A;A;Drummondville;Charny
via_existing;MTL-QC-0109;MTL-QC;230.01;231.77;142.922;144.015;1760.0;1.094;0.65;2705.0;2705.0;4611.0;50000.0;14389.0;199.3;123.8;250.9;155.9;299.3;186.0;D;B;B;Drummondville;Charny
via_existing;MTL-QC-0110;MTL-QC;231.78;232.25;144.021;144.313;470.0;0.292;0.71;2460.0;2476.0;2466.0;2689.0;2996.0;190.7;118.5;240.0;149.1;286.3;177.9;D;C;B;Drummondville;Charny
via_existing;MTL-QC-0111;MTL-QC;232.26;233.17;144.32;144.885;910.0;0.565;0.41;4301.0;4301.0;5303.0;50000.0;13658.0;251.3;156.2;316.4;196.6;360.0;223.7;B;A;A;Drummondville;Charny
via_existing;MTL-QC-0112;MTL-QC;233.18;233.55;144.891;145.121;370.0;0.23;0.44;3923.0;3948.0;3929.0;4127.0;4321.0;240.7;149.6;303.1;188.3;360.0;223.7;C;A;A;Drummondville;Charny
via_existing;MTL-QC-0113;MTL-QC;233.56;239.69;145.127;148.936;6130.0;3.809;0.45;3912.0;3912.0;50000.0;50000.0;34146.0;239.7;148.9;301.8;187.5;360.0;223.7;C;A;A;Drummondville;Charny
via_existing;MTL-QC-0114;MTL-QC;239.7;240.09;148.943;149.185;390.0;0.242;0.49;3552.0;3575.0;3559.0;3769.0;3989.0;229.1;142.4;288.5;179.3;344.1;213.8;C;B;A;Drummondville;Charny
via_existing;MTL-QC-0115;MTL-QC;240.1;242.35;149.191;150.589;2250.0;1.398;0.64;2722.0;2722.0;7612.0;50000.0;21053.0;199.9;124.2;251.7;156.4;300.3;186.6;D;B;A;Drummondville;Charny
via_existing;MTL-QC-0116;MTL-QC;242.36;243.27;150.596;151.161;910.0;0.565;0.89;1956.0;1968.0;1978.0;2487.0;2827.0;170.0;105.6;214.0;133.0;255.3;158.6;D;C;B;Drummondville;Charny
via_existing;MTL-QC-0117;MTL-QC;243.28;243.84;151.167;151.515;560.0;0.348;1.03;1677.0;1688.0;1684.0;1766.0;1746.0;157.4;97.8;198.2;123.2;236.4;146.9;E;D;C;Drummondville;Charny
via_existing;MTL-QC-0118;MTL-QC;243.85;243.86;151.521;151.528;10.0;0.006;1.01;1727.0;1735.0;1727.0;1735.0;1735.0;159.6;99.2;200.9;124.8;239.7;148.9;E;C;C;Drummondville;Charny
via_existing;MTL-QC-0119;MTL-QC;243.87;244.16;151.534;151.714;290.0;0.18;0.99;1761.0;1761.0;1828.0;2441.0;2541.0;160.8;99.9;202.4;125.8;241.5;150.1;D;C;C;Drummondville;Charny
via_existing;MTL-QC-0120;MTL-QC;244.17;244.84;151.72;152.137;670.0;0.416;1.01;1726.0;1726.0;2238.0;8350.0;5686.0;159.2;98.9;200.4;124.5;239.1;148.6;E;C;C;Drummondville;Charny
via_existing;MTL-QC-0121;MTL-QC;244.85;245.51;152.143;152.553;660.0;0.41;1.37;1264.0;1274.0;1273.0;1504.0;1669.0;136.8;85.0;172.2;107.0;205.4;127.6;E;D;C;Drummondville;Charny
via_existing;MTL-QC-0122;MTL-QC;245.52;246.02;152.559;152.87;500.0;0.311;2.51;697.0;697.0;906.0;7900.0;2746.0;101.2;62.9;127.4;79.2;151.9;94.4;E;E;E;Drummondville;Charny
via_existing;MTL-QC-0123;MTL-QC;246.03;246.68;152.876;153.28;650.0;0.404;3.86;452.0;452.0;452.0;452.0;471.0;81.5;50.6;102.6;63.8;122.4;76.1;F;E;E;Charny;Sainte-Foy
via_existing;MTL-QC-0124;MTL-QC;246.69;247.44;153.286;153.752;750.0;0.466;0.8;2174.0;2174.0;2174.0;2174.0;2399.0;178.7;111.0;224.9;139.7;268.3;166.7;D;C;B;Charny;Sainte-Foy
via_existing;MTL-QC-0125;MTL-QC;247.45;247.47;153.758;153.771;20.0;0.012;1.17;1490.0;1490.0;1490.0;1490.0;1490.0;147.9;91.9;186.2;115.7;222.1;138.0;E;D;C;Charny;Sainte-Foy
via_existing;MTL-QC-0126;MTL-QC;247.48;250.8;153.777;155.84;3320.0;2.063;4.02;435.0;435.0;2199.0;50000.0;6002.0;79.9;49.6;100.6;62.5;120.0;74.6;F;E;E;Charny;Sainte-Foy
via_existing;MTL-QC-0127;MTL-QC;250.81;251.47;155.846;156.256;660.0;0.41;4.55;381.0;384.0;384.0;503.0;581.0;75.1;46.7;94.5;58.7;112.7;70.0;F;F;E;Charny;Sainte-Foy
via_existing;MTL-QC-0128;MTL-QC;251.48;253.11;156.262;157.275;1630.0;1.013;0.27;6419.0;6419.0;50000.0;50000.0;43565.0;307.0;190.8;360.0;223.7;360.0;223.7;A;A;A;Sainte-Foy;Québec
via_existing;MTL-QC-0129;MTL-QC;253.12;254.06;157.281;157.866;940.0;0.584;3.93;445.0;445.0;796.0;2987.0;1849.0;80.8;50.2;101.7;63.2;121.3;75.4;F;E;E;Sainte-Foy;Québec
via_existing;MTL-QC-0130;MTL-QC;254.07;254.53;157.872;158.158;460.0;0.286;5.6;311.0;312.0;311.0;331.0;340.0;67.7;42.1;85.3;53.0;101.7;63.2;F;F;E;Sainte-Foy;Québec
via_existing;MTL-QC-0131;MTL-QC;254.54;255.47;158.164;158.742;930.0;0.578;4.04;432.0;432.0;556.0;601.0;816.0;79.7;49.5;100.3;62.3;119.7;74.4;F;E;E;Sainte-Foy;Québec
via_existing;MTL-QC-0132;MTL-QC;255.48;255.88;158.748;158.996;400.0;0.249;1.36;1282.0;1282.0;3774.0;7246.0;7547.0;137.2;85.3;172.8;107.4;206.1;128.1;E;D;C;Sainte-Foy;Québec
via_existing;MTL-QC-0133;MTL-QC;255.89;255.92;159.003;159.021;30.0;0.019;2.79;627.0;627.0;627.0;627.0;691.0;96.0;59.7;120.8;75.1;144.1;89.5;F;E;E;Sainte-Foy;Québec
via_existing;MTL-QC-0134;MTL-QC;255.93;256.33;159.028;159.276;400.0;0.249;1.61;1077.0;1083.0;1079.0;1159.0;1236.0;126.1;78.4;158.8;98.7;189.4;117.7;E;E;D;Sainte-Foy;Québec
via_existing;MTL-QC-0135;MTL-QC;256.34;256.55;159.282;159.413;210.0;0.13;1.58;1103.0;1103.0;1112.0;1140.0;1144.0;127.3;79.1;160.2;99.5;191.1;118.7;E;D;D;Sainte-Foy;Québec
via_existing;MTL-QC-0136;MTL-QC;256.56;256.9;159.419;159.63;340.0;0.211;1.43;1215.0;1221.0;1227.0;1438.0;2014.0;133.9;83.2;168.6;104.8;201.1;125.0;E;D;C;Sainte-Foy;Québec
via_existing;MTL-QC-0137;MTL-QC;256.91;256.93;159.636;159.649;20.0;0.012;3.16;553.0;553.0;553.0;553.0;553.0;90.1;56.0;113.4;70.5;135.3;84.1;F;E;E;Sainte-Foy;Québec
via_existing;MTL-QC-0138;MTL-QC;256.94;257.15;159.655;159.786;210.0;0.13;0.03;50000.0;50000.0;50000.0;50000.0;50000.0;360.0;223.7;360.0;223.7;360.0;223.7;A;A;A;Sainte-Foy;Québec
via_existing;MTL-QC-0139;MTL-QC;257.16;257.35;159.792;159.91;190.0;0.118;3.16;553.0;553.0;553.0;553.0;553.0;90.1;56.0;113.4;70.5;135.3;84.1;F;E;E;Sainte-Foy;Québec
via_existing;MTL-QC-0140;MTL-QC;257.36;258.35;159.916;160.531;990.0;0.615;2.01;859.0;867.0;872.0;885.0;1026.0;112.8;70.1;142.0;88.2;169.4;105.3;E;E;D;Sainte-Foy;Québec
via_existing;MTL-QC-0141;MTL-QC;258.36;259.16;160.537;161.035;800.0;0.497;0.64;2743.0;2743.0;2966.0;2970.0;3687.0;200.7;124.7;252.7;157.0;301.4;187.3;C;B;A;Sainte-Foy;Québec
via_existing;MTL-QC-0142;MTL-QC;259.17;259.56;161.041;161.283;390.0;0.242;0.69;2524.0;2524.0;2524.0;2524.0;2524.0;192.5;119.6;242.4;150.6;289.1;179.6;D;C;B;Sainte-Foy;Québec
via_existing;MTL-QC-0143;MTL-QC;259.57;260.35;161.289;161.774;780.0;0.485;1.07;1626.0;1626.0;1626.0;1626.0;2082.0;154.5;96.0;194.5;120.9;232.0;144.2;E;D;C;Sainte-Foy;Québec
via_existing;MTL-QC-0144;MTL-QC;260.36;260.87;161.78;162.097;510.0;0.317;1.76;992.0;992.0;2427.0;3085.0;3118.0;120.7;75.0;152.0;94.4;181.3;112.7;E;E;D;Sainte-Foy;Québec
via_existing;MTL-QC-0145;MTL-QC;260.88;260.89;162.103;162.11;10.0;0.006;1.15;1390.0;1524.0;1390.0;1524.0;1512.0;149.6;93.0;188.3;117.0;224.6;139.6;E;D;C;Sainte-Foy;Québec
via_existing;MTL-QC-0146;MTL-QC;260.9;261.24;162.116;162.327;340.0;0.211;2.56;682.0;682.0;730.0;1074.0;1058.0;100.1;62.2;126.0;78.3;150.3;93.4;E;E;E;Sainte-Foy;Québec
via_existing;MTL-QC-0147;MTL-QC;261.25;261.9;162.333;162.737;650.0;0.404;3.2;546.0;546.0;546.0;546.0;559.0;89.5;55.6;112.7;70.0;134.4;83.5;F;E;E;Sainte-Foy;Québec
via_existing;MTL-QC-0148;MTL-QC;261.91;262.76;162.743;163.271;850.0;0.528;2.54;687.0;687.0;687.0;687.0;883.0;100.4;62.4;126.5;78.6;150.9;93.8;E;E;E;Sainte-Foy;Québec
via_existing;MTL-QC-0149;MTL-QC;262.77;264.43;163.278;164.309;1660.0;1.031;0.28;6223.0;6223.0;8333.0;50000.0;27941.0;302.3;187.8;360.0;223.7;360.0;223.7;A;A;A;Sainte-Foy;Québec
via_existing;MTL-QC-0150;MTL-QC;264.44;264.82;164.315;164.552;380.0;0.236;0.35;4945.0;4981.0;4953.0;5200.0;5258.0;270.4;168.0;340.5;211.6;360.0;223.7;B;A;A;Sainte-Foy;Québec
via_existing;MTL-QC-0151;MTL-QC;264.83;267.22;164.558;166.043;2390.0;1.485;0.93;1872.0;1884.0;2546.0;50000.0;10572.0;166.3;103.3;209.4;130.1;249.8;155.2;D;C;C;Sainte-Foy;Québec
via_existing;MTL-QC-0152;MTL-QC;267.23;268.23;166.049;166.67;1000.0;0.621;4.01;436.0;436.0;549.0;2152.0;1351.0;80.0;49.7;100.7;62.6;120.2;74.7;F;E;E;Sainte-Foy;Québec
via_existing;MTL-QC-0153;MTL-QC;268.24;269.04;166.677;167.174;800.0;0.497;4.56;380.0;383.0;384.0;559.0;608.0;75.0;46.6;94.4;58.7;112.7;70.0;F;F;E;Sainte-Foy;Québec
via_existing;MTL-QC-0154;MTL-QC;269.05;270.6;167.18;168.143;1550.0;0.963;0.99;1768.0;1768.0;4209.0;50000.0;10983.0;161.1;100.1;202.8;126.0;242.0;150.4;D;C;C;Sainte-Foy;Québec
via_existing;MTL-QC-0155;MTL-QC;270.61;271.1;168.149;168.454;490.0;0.304;1.15;1517.0;1517.0;1517.0;1517.0;1525.0;149.3;92.8;187.9;116.8;224.2;139.3;E;D;C;Sainte-Foy;Québec
via_existing;MTL-Ott-0000;MTL-Ott;0.0;0.69;0.0;0.429;690.0;0.429;2.55;686.0;686.0;911.0;3123.0;2759.0;100.3;62.3;126.3;78.5;150.7;93.6;E;E;E;Montréal;Dorval
via_existing;MTL-Ott-0001;MTL-Ott;0.7;2.34;0.435;1.454;1640.0;1.019;3.54;489.0;493.0;507.0;625.0;574.0;85.1;52.9;107.1;66.5;127.7;79.3;F;E;E;Montréal;Dorval
via_existing;MTL-Ott-0002;MTL-Ott;2.35;2.79;1.46;1.734;440.0;0.273;2.55;685.0;685.0;685.0;685.0;685.0;100.3;62.3;126.3;78.5;150.7;93.6;E;E;E;Montréal;Dorval
via_existing;MTL-Ott-0003;MTL-Ott;2.8;4.19;1.74;2.604;1390.0;0.864;1.95;892.0;895.0;904.0;930.0;961.0;114.7;71.3;144.4;89.7;172.2;107.0;E;E;D;Montréal;Dorval
via_existing;MTL-Ott-0004;MTL-Ott;4.2;5.36;2.61;3.331;1160.0;0.721;2.92;594.0;598.0;604.0;663.0;787.0;93.7;58.2;118.0;73.3;140.7;87.4;F;E;E;Montréal;Dorval
via_existing;MTL-Ott-0005;MTL-Ott;5.37;5.66;3.337;3.517;290.0;0.18;0.47;3471.0;3714.0;3690.0;50000.0;18142.0;233.5;145.1;294.0;182.7;350.7;217.9;C;B;A;Montréal;Dorval
via_existing;MTL-Ott-0006;MTL-Ott;5.67;5.68;3.523;3.529;10.0;0.006;0.43;3932.0;4027.0;3932.0;4027.0;4025.0;243.2;151.1;306.2;190.3;360.0;223.7;C;A;A;Montréal;Dorval
via_existing;MTL-Ott-0007;MTL-Ott;5.69;6.07;3.536;3.772;380.0;0.236;0.41;4290.0;4290.0;4998.0;50000.0;10909.0;251.0;156.0;316.0;196.4;360.0;223.7;B;A;A;Montréal;Dorval
via_existing;MTL-Ott-0008;MTL-Ott;6.08;6.53;3.778;4.058;450.0;0.28;0.28;6258.0;6258.0;6680.0;10525.0;9398.0;303.1;188.3;360.0;223.7;360.0;223.7;A;A;A;Montréal;Dorval
via_existing;MTL-Ott-0009;MTL-Ott;6.54;7.03;4.064;4.368;490.0;0.304;0.33;5208.0;5253.0;5230.0;5666.0;5532.0;277.7;172.6;349.7;217.3;360.0;223.7;B;A;A;Montréal;Dorval
via_existing;MTL-Ott-0010;MTL-Ott;7.04;7.58;4.374;4.71;540.0;0.336;0.03;50000.0;50000.0;50000.0;50000.0;50000.0;360.0;223.7;360.0;223.7;360.0;223.7;A;A;A;Montréal;Dorval
via_existing;MTL-Ott-0011;MTL-Ott;7.59;7.95;4.716;4.94;360.0;0.224;0.45;3876.0;3876.0;4061.0;5402.0;5091.0;238.5;148.2;300.3;186.6;358.3;222.6;C;A;A;Montréal;Dorval
via_existing;MTL-Ott-0012;MTL-Ott;7.96;8.84;4.946;5.493;880.0;0.547;0.5;3479.0;3485.0;3490.0;3849.0;4038.0;226.2;140.6;284.8;177.0;339.7;211.1;C;B;A;Montréal;Dorval
via_existing;MTL-Ott-0013;MTL-Ott;8.85;9.61;5.499;5.971;760.0;0.472;0.44;3929.0;3929.0;4177.0;4241.0;4237.0;240.2;149.3;302.4;187.9;360.0;223.7;C;A;A;Montréal;Dorval
via_existing;MTL-Ott-0014;MTL-Ott;9.62;9.91;5.978;6.158;290.0;0.18;0.65;2701.0;2701.0;2768.0;3039.0;3093.0;199.1;123.7;250.7;155.8;299.1;185.9;D;B;B;Montréal;Dorval
via_existing;MTL-Ott-0015;MTL-Ott;9.92;10.29;6.164;6.394;370.0;0.23;1.01;1726.0;1726.0;1758.0;2054.0;2074.0;159.2;98.9;200.4;124.5;239.1;148.6;E;C;C;Montréal;Dorval
via_existing;MTL-Ott-0016;MTL-Ott;10.3;10.67;6.4;6.63;370.0;0.23;1.06;1648.0;1655.0;1650.0;1688.0;1708.0;155.9;96.9;196.2;121.9;234.1;145.5;E;D;C;Montréal;Dorval
via_existing;MTL-Ott-0017;MTL-Ott;10.68;11.14;6.636;6.922;460.0;0.286;0.92;1906.0;1906.0;2003.0;2624.0;2735.0;167.3;104.0;210.6;130.9;251.2;156.1;D;C;B;Montréal;Dorval
via_existing;MTL-Ott-0018;MTL-Ott;11.15;13.84;6.928;8.6;2690.0;1.671;0.27;6510.0;6510.0;50000.0;50000.0;41613.0;309.2;192.1;360.0;223.7;360.0;223.7;A;A;A;Montréal;Dorval
via_existing;MTL-Ott-0019;MTL-Ott;13.85;13.88;8.606;8.625;30.0;0.019;0.3;5840.0;5840.0;5840.0;5840.0;5890.0;292.8;181.9;360.0;223.7;360.0;223.7;B;A;A;Montréal;Dorval
via_existing;MTL-Ott-0020;MTL-Ott;13.89;14.44;8.631;8.973;550.0;0.342;0.45;3915.0;3915.0;4870.0;10482.0;10500.0;239.7;148.9;301.9;187.6;360.0;223.7;C;A;A;Montréal;Dorval
via_existing;MTL-Ott-0021;MTL-Ott;14.45;14.75;8.979;9.165;300.0;0.186;0.6;2861.0;2891.0;2866.0;2986.0;3064.0;206.0;128.0;259.4;161.2;309.4;192.3;C;B;A;Montréal;Dorval
via_existing;MTL-Ott-0022;MTL-Ott;14.76;15.23;9.171;9.463;470.0;0.292;0.03;50000.0;50000.0;50000.0;50000.0;50000.0;360.0;223.7;360.0;223.7;360.0;223.7;A;A;A;Montréal;Dorval
via_existing;MTL-Ott-0023;MTL-Ott;15.24;15.35;9.47;9.538;110.0;0.068;0.34;4824.0;5165.0;4824.0;5165.0;5229.0;275.4;171.1;346.7;215.4;360.0;223.7;B;A;A;Montréal;Dorval
via_existing;MTL-Ott-0024;MTL-Ott;15.36;21.68;9.544;13.471;6320.0;3.927;0.45;3899.0;3899.0;50000.0;50000.0;31378.0;239.3;148.7;301.3;187.2;359.4;223.3;C;A;A;Dorval;Aéroport Montréal Pierre-Elliott Trudeau
via_existing;MTL-Ott-0025;MTL-Ott;21.69;22.96;13.478;14.267;1270.0;0.789;0.5;3455.0;3463.0;3473.0;3519.0;3679.0;225.5;140.1;283.9;176.4;338.7;210.5;C;B;A;Aéroport Montréal Pierre-Elliott Trudeau;Coteau
via_existing;MTL-Ott-0026;MTL-Ott;22.97;27.64;14.273;17.175;4670.0;2.902;0.41;4280.0;4280.0;10579.0;50000.0;28964.0;250.7;155.8;315.6;196.1;360.0;223.7;B;A;A;Aéroport Montréal Pierre-Elliott Trudeau;Coteau
via_existing;MTL-Ott-0027;MTL-Ott;27.65;27.75;17.181;17.243;100.0;0.062;0.42;4184.0;4200.0;4184.0;4200.0;4206.0;248.3;154.3;312.7;194.3;360.0;223.7;C;A;A;Aéroport Montréal Pierre-Elliott Trudeau;Coteau
via_existing;MTL-Ott-0028;MTL-Ott;27.76;27.95;17.249;17.367;190.0;0.118;0.41;4267.0;4267.0;4336.0;4841.0;4907.0;250.3;155.5;315.1;195.8;360.0;223.7;B;A;A;Aéroport Montréal Pierre-Elliott Trudeau;Coteau
via_existing;MTL-Ott-0029;MTL-Ott;27.96;30.84;17.374;19.163;2880.0;1.79;0.45;3871.0;3871.0;6730.0;50000.0;21331.0;238.4;148.1;300.1;186.5;358.0;222.5;C;A;A;Aéroport Montréal Pierre-Elliott Trudeau;Coteau
via_existing;MTL-Ott-0030;MTL-Ott;30.85;31.48;19.169;19.561;630.0;0.391;0.49;3538.0;3545.0;3543.0;3718.0;3942.0;228.2;141.8;287.3;178.5;342.7;212.9;C;B;A;Aéroport Montréal Pierre-Elliott Trudeau;Coteau
via_existing;MTL-Ott-0031;MTL-Ott;31.49;34.79;19.567;21.618;3300.0;2.051;0.45;3917.0;3917.0;11036.0;50000.0;29156.0;239.8;149.0;301.9;187.6;360.0;223.7;C;A;A;Aéroport Montréal Pierre-Elliott Trudeau;Coteau
via_existing;MTL-Ott-0032;MTL-Ott;34.8;34.89;21.624;21.68;90.0;0.056;0.51;3291.0;3416.0;3291.0;3416.0;3456.0;224.0;139.2;282.0;175.2;336.4;209.0;C;B;A;Aéroport Montréal Pierre-Elliott Trudeau;Coteau
via_existing;MTL-Ott-0033;MTL-Ott;34.9;35.12;21.686;21.823;220.0;0.137;2.09;834.0;834.0;1744.0;50000.0;4716.0;110.6;68.7;139.3;86.6;166.2;103.3;E;E;D;Aéroport Montréal Pierre-Elliott Trudeau;Coteau
via_existing;MTL-Ott-0034;MTL-Ott;35.13;35.17;21.829;21.854;40.0;0.025;3.42;511.0;511.0;511.0;511.0;622.0;86.6;53.8;109.1;67.8;130.1;80.8;F;E;E;Aéroport Montréal Pierre-Elliott Trudeau;Coteau
via_existing;MTL-Ott-0035;MTL-Ott;35.18;35.44;21.86;22.021;260.0;0.162;1.58;1103.0;1103.0;1154.0;1425.0;1387.0;127.2;79.0;160.2;99.5;191.1;118.7;E;D;D;Aéroport Montréal Pierre-Elliott Trudeau;Coteau
via_existing;MTL-Ott-0036;MTL-Ott;35.45;35.72;22.028;22.195;270.0;0.168;1.7;1019.0;1025.0;1019.0;1049.0;1063.0;122.7;76.2;154.5;96.0;184.3;114.5;E;E;D;Aéroport Montréal Pierre-Elliott Trudeau;Coteau
via_existing;MTL-Ott-0037;MTL-Ott;35.73;36.36;22.202;22.593;630.0;0.391;1.44;1216.0;1216.0;1398.0;1500.0;1860.0;133.6;83.0;168.2;104.5;200.7;124.7;E;D;C;Aéroport Montréal Pierre-Elliott Trudeau;Coteau
via_existing;MTL-Ott-0038;MTL-Ott;36.37;36.74;22.599;22.829;370.0;0.23;0.45;3880.0;3880.0;3935.0;3935.0;3934.0;238.7;148.3;300.5;186.7;358.5;222.8;C;A;A;Aéroport Montréal Pierre-Elliott Trudeau;Coteau
via_existing;MTL-Ott-0039;MTL-Ott;36.75;39.62;22.835;24.619;2870.0;1.783;0.52;3342.0;3347.0;3362.0;3514.0;3564.0;221.7;137.8;279.1;173.4;332.9;206.9;C;B;A;Aéroport Montréal Pierre-Elliott Trudeau;Coteau
via_existing;MTL-Ott-0040;MTL-Ott;39.63;40.22;24.625;24.992;590.0;0.367;0.28;6322.0;6322.0;7727.0;50000.0;21292.0;304.7;189.3;360.0;223.7;360.0;223.7;A;A;A;Aéroport Montréal Pierre-Elliott Trudeau;Coteau
via_existing;MTL-Ott-0041;MTL-Ott;40.23;40.85;24.998;25.383;620.0;0.385;0.92;1895.0;1895.0;1972.0;2679.0;2426.0;166.8;103.6;210.0;130.5;250.5;155.7;D;C;B;Aéroport Montréal Pierre-Elliott Trudeau;Coteau
via_existing;MTL-Ott-0042;MTL-Ott;40.86;41.19;25.389;25.594;330.0;0.205;0.95;1841.0;1842.0;1841.0;1846.0;1853.0;164.4;102.2;207.0;128.6;247.0;153.5;D;C;C;Aéroport Montréal Pierre-Elliott Trudeau;Coteau
via_existing;MTL-Ott-0043;MTL-Ott;41.2;41.67;25.6;25.893;470.0;0.292;0.92;1896.0;1896.0;1959.0;2530.0;2649.0;166.8;103.6;210.0;130.5;250.6;155.7;D;C;B;Aéroport Montréal Pierre-Elliott Trudeau;Coteau
via_existing;MTL-Ott-0044;MTL-Ott;41.68;43.09;25.899;26.775;1410.0;0.876;0.41;4271.0;4271.0;5846.0;50000.0;16727.0;250.4;155.6;315.3;195.9;360.0;223.7;B;A;A;Aéroport Montréal Pierre-Elliott Trudeau;Coteau
via_existing;MTL-Ott-0045;MTL-Ott;43.1;43.43;26.781;26.986;330.0;0.205;0.44;3917.0;3951.0;3924.0;4096.0;4234.0;240.9;149.7;303.3;188.5;360.0;223.7;C;A;A;Aéroport Montréal Pierre-Elliott Trudeau;Coteau
via_existing;MTL-Ott-0046;MTL-Ott;43.44;43.78;26.992;27.204;340.0;0.211;0.03;50000.0;50000.0;50000.0;50000.0;50000.0;360.0;223.7;360.0;223.7;360.0;223.7;A;A;A;Aéroport Montréal Pierre-Elliott Trudeau;Coteau
via_existing;MTL-Ott-0047;MTL-Ott;43.79;44.14;27.21;27.427;350.0;0.217;0.39;4386.0;4422.0;4393.0;4634.0;4753.0;254.8;158.3;320.8;199.3;360.0;223.7;B;A;A;Aéroport Montréal Pierre-Elliott Trudeau;Coteau
via_existing;MTL-Ott-0048;MTL-Ott;44.15;44.66;27.434;27.75;510.0;0.317;0.28;6185.0;6185.0;6717.0;10247.0;10001.0;301.4;187.3;360.0;223.7;360.0;223.7;A;A;A;Aéroport Montréal Pierre-Elliott Trudeau;Coteau
via_existing;MTL-Ott-0049;MTL-Ott;44.67;44.88;27.757;27.887;210.0;0.13;0.41;4259.0;4259.0;4304.0;4733.0;4834.0;250.1;155.4;314.8;195.6;360.0;223.7;B;A;A;Aéroport Montréal Pierre-Elliott Trudeau;Coteau
via_existing;MTL-Ott-0050;MTL-Ott;44.89;44.94;27.893;27.924;50.0;0.031;0.41;4236.0;4238.0;4236.0;4238.0;4241.0;249.5;155.0;314.1;195.2;360.0;223.7;C;A;A;Aéroport Montréal Pierre-Elliott Trudeau;Coteau
via_existing;MTL-Ott-0051;MTL-Ott;44.95;45.15;27.931;28.055;200.0;0.124;0.41;4268.0;4268.0;4319.0;4770.0;4853.0;250.3;155.5;315.2;195.9;360.0;223.7;B;A;A;Aéroport Montréal Pierre-Elliott Trudeau;Coteau
via_existing;MTL-Ott-0052;MTL-Ott;45.16;46.03;28.061;28.602;870.0;0.541;0.28;6173.0;6173.0;7075.0;50000.0;17712.0;301.1;187.1;360.0;223.7;360.0;223.7;A;A;A;Aéroport Montréal Pierre-Elliott Trudeau;Coteau
via_existing;MTL-Ott-0053;MTL-Ott;46.04;46.4;28.608;28.832;360.0;0.224;0.35;4945.0;4979.0;4952.0;5194.0;5288.0;270.4;168.0;340.4;211.5;360.0;223.7;B;A;A;Aéroport Montréal Pierre-Elliott Trudeau;Coteau
via_existing;MTL-Ott-0054;MTL-Ott;46.41;56.71;28.838;35.238;10300.0;6.4;0.45;3876.0;3876.0;50000.0;50000.0;34141.0;238.6;148.3;300.4;186.7;358.3;222.6;C;A;A;Aéroport Montréal Pierre-Elliott Trudeau;Coteau
via_existing;MTL-Ott-0055;MTL-Ott;56.72;57.17;35.244;35.524;450.0;0.28;0.47;3693.0;3716.0;3701.0;3944.0;4187.0;233.6;145.2;294.1;182.7;350.8;218.0;C;B;A;Aéroport Montréal Pierre-Elliott Trudeau;Coteau
via_existing;MTL-Ott-0056;MTL-Ott;57.18;57.99;35.53;36.033;810.0;0.503;0.45;3875.0;3875.0;4276.0;8011.0;8880.0;238.5;148.2;300.3;186.6;358.2;222.6;C;A;A;Aéroport Montréal Pierre-Elliott Trudeau;Coteau
via_existing;MTL-Ott-0057;MTL-Ott;58.0;59.01;36.04;36.667;1010.0;0.628;0.52;3362.0;3362.0;3362.0;3383.0;3447.0;222.2;138.1;279.7;173.8;333.7;207.4;C;B;A;Aéroport Montréal Pierre-Elliott Trudeau;Coteau
via_existing;MTL-Ott-0058;MTL-Ott;59.02;59.81;36.673;37.164;790.0;0.491;0.7;2500.0;2505.0;2505.0;2505.0;2757.0;191.8;119.2;241.4;150.0;288.0;179.0;D;C;B;Aéroport Montréal Pierre-Elliott Trudeau;Coteau
via_existing;MTL-Ott-0059;MTL-Ott;59.82;62.74;37.17;38.985;2920.0;1.814;2.56;683.0;683.0;5808.0;50000.0;9629.0;100.1;62.2;126.1;78.4;150.4;93.5;E;E;E;Aéroport Montréal Pierre-Elliott Trudeau;Coteau
via_existing;MTL-Ott-0060;MTL-Ott;62.75;63.79;38.991;39.637;1040.0;0.646;3.28;530.0;532.0;536.0;832.0;857.0;88.4;54.9;111.3;69.2;132.8;82.5;F;E;E;Coteau;Alexandria
via_existing;MTL-Ott-0061;MTL-Ott;63.8;74.97;39.643;46.584;11170.0;6.941;0.65;2705.0;2705.0;50000.0;50000.0;37787.0;199.3;123.8;250.9;155.9;299.3;186.0;D;B;B;Coteau;Alexandria
via_existing;MTL-Ott-0062;MTL-Ott;74.98;75.7;46.59;47.038;720.0;0.447;0.92;1891.0;1903.0;1904.0;2262.0;2423.0;167.2;103.9;210.5;130.8;251.1;156.0;D;C;B;Coteau;Alexandria
via_existing;MTL-Ott-0063;MTL-Ott;75.71;79.18;47.044;49.2;3470.0;2.156;0.41;4292.0;4292.0;11973.0;50000.0;28512.0;251.0;156.0;316.1;196.4;360.0;223.7;B;A;A;Coteau;Alexandria
via_existing;MTL-Ott-0064;MTL-Ott;79.19;79.54;49.206;49.424;350.0;0.217;0.43;4010.0;4035.0;4014.0;4173.0;4367.0;243.4;151.2;306.5;190.5;360.0;223.7;C;A;A;Coteau;Alexandria
via_existing;MTL-Ott-0065;MTL-Ott;79.55;80.47;49.43;50.002;920.0;0.572;1.0;1750.0;1750.0;2197.0;9960.0;6004.0;160.3;99.6;201.8;125.4;240.8;149.6;D;C;C;Coteau;Alexandria
via_existing;MTL-Ott-0066;MTL-Ott;80.48;81.44;50.008;50.604;960.0;0.597;1.32;1321.0;1323.0;1325.0;1418.0;1406.0;139.4;86.6;175.5;109.1;209.3;130.1;E;D;C;Coteau;Alexandria
via_existing;MTL-Ott-0067;MTL-Ott;81.45;82.04;50.611;50.977;590.0;0.367;0.96;1815.0;1824.0;1823.0;1841.0;1839.0;163.7;101.7;206.1;128.1;245.8;152.7;D;C;C;Coteau;Alexandria
via_existing;MTL-Ott-0068;MTL-Ott;82.05;82.74;50.984;51.412;690.0;0.429;0.92;1892.0;1892.0;1972.0;2685.0;2704.0;166.7;103.6;209.9;130.4;250.3;155.5;D;C;B;Coteau;Alexandria
via_existing;MTL-Ott-0069;MTL-Ott;82.75;83.33;51.418;51.779;580.0;0.36;1.0;1744.0;1744.0;1744.0;1744.0;1753.0;160.0;99.4;201.5;125.2;240.3;149.3;D;C;C;Coteau;Alexandria
via_existing;MTL-Ott-0070;MTL-Ott;83.34;84.14;51.785;52.282;800.0;0.497;1.34;1303.0;1303.0;1303.0;1303.0;1303.0;138.3;85.9;174.2;108.2;207.8;129.1;E;D;C;Coteau;Alexandria
via_existing;MTL-Ott-0071;MTL-Ott;84.15;85.53;52.288;53.146;1380.0;0.857;2.02;865.0;866.0;867.0;889.0;900.0;112.8;70.1;142.0;88.2;169.4;105.3;E;E;D;Coteau;Alexandria
via_existing;MTL-Ott-0072;MTL-Ott;85.54;86.89;53.152;53.991;1350.0;0.839;0.28;6194.0;6194.0;50000.0;50000.0;31710.0;301.6;187.4;360.0;223.7;360.0;223.7;A;A;A;Coteau;Alexandria
via_existing;MTL-Ott-0073;MTL-Ott;86.9;87.15;53.997;54.152;250.0;0.155;0.31;5545.0;5595.0;5550.0;5723.0;5741.0;286.6;178.1;360.0;223.7;360.0;223.7;B;A;A;Coteau;Alexandria
via_existing;MTL-Ott-0074;MTL-Ott;87.16;97.97;54.159;60.876;10810.0;6.717;1.58;1103.0;1103.0;50000.0;50000.0;23919.0;127.3;79.1;160.2;99.5;191.1;118.7;E;D;D;Coteau;Alexandria
via_existing;MTL-Ott-0075;MTL-Ott;97.98;98.43;60.882;61.162;450.0;0.28;1.76;987.0;994.0;990.0;1070.0;1145.0;120.8;75.1;152.1;94.5;181.4;112.7;E;E;D;Coteau;Alexandria
via_existing;MTL-Ott-0076;MTL-Ott;98.44;98.74;61.168;61.354;300.0;0.186;0.91;1911.0;1911.0;2176.0;2176.0;2157.0;167.5;104.1;210.9;131.0;251.6;156.3;D;C;B;Coteau;Alexandria
via_existing;MTL-Ott-0077;MTL-Ott;98.75;99.45;61.36;61.795;700.0;0.435;0.28;6154.0;6154.0;7431.0;50000.0;25403.0;300.6;186.8;360.0;223.7;360.0;223.7;A;A;A;Coteau;Alexandria
via_existing;MTL-Ott-0078;MTL-Ott;99.46;99.83;61.802;62.031;370.0;0.23;0.35;4983.0;5010.0;4990.0;5217.0;5300.0;271.2;168.5;341.5;212.2;360.0;223.7;B;A;A;Coteau;Alexandria
via_existing;MTL-Ott-0079;MTL-Ott;99.84;102.68;62.038;63.802;2840.0;1.765;1.58;1105.0;1105.0;2710.0;50000.0;9697.0;127.4;79.2;160.4;99.7;191.3;118.9;E;D;D;Alexandria;Casselman
via_existing;MTL-Ott-0080;MTL-Ott;102.69;103.85;63.809;64.529;1160.0;0.721;1.9;919.0;919.0;919.0;975.0;963.0;116.2;72.2;146.2;90.8;174.4;108.4;E;E;D;Alexandria;Casselman
via_existing;MTL-Ott-0081;MTL-Ott;103.86;104.3;64.536;64.809;440.0;0.273;1.41;1235.0;1235.0;1235.0;1235.0;1235.0;134.6;83.6;169.5;105.3;202.2;125.6;E;D;C;Alexandria;Casselman
via_existing;MTL-Ott-0082;MTL-Ott;104.31;105.4;64.815;65.493;1090.0;0.677;1.58;1102.0;1102.0;1343.0;19496.0;4085.0;127.2;79.0;160.2;99.5;191.1;118.7;E;D;D;Alexandria;Casselman
via_existing;MTL-Ott-0083;MTL-Ott;105.41;106.15;65.499;65.959;740.0;0.46;1.73;1001.0;1008.0;1009.0;1356.0;1467.0;121.6;75.6;153.2;95.2;182.7;113.5;E;E;D;Alexandria;Casselman
via_existing;MTL-Ott-0084;MTL-Ott;106.16;107.27;65.965;66.654;1110.0;0.69;0.19;9025.0;9025.0;50000.0;50000.0;44768.0;360.0;223.7;360.0;223.7;360.0;223.7;A;A;A;Alexandria;Casselman
via_existing;MTL-Ott-0085;MTL-Ott;107.28;107.72;66.661;66.934;440.0;0.273;0.64;2728.0;2728.0;2786.0;3058.0;2993.0;200.1;124.3;252.0;156.6;300.6;186.8;C;B;A;Alexandria;Casselman
via_existing;MTL-Ott-0086;MTL-Ott;107.73;107.75;66.94;66.953;20.0;0.012;0.64;2724.0;2724.0;2724.0;2724.0;2724.0;199.9;124.2;251.8;156.5;300.3;186.6;D;B;A;Alexandria;Casselman
via_existing;MTL-Ott-0087;MTL-Ott;107.76;108.06;66.959;67.145;300.0;0.186;0.64;2728.0;2728.0;2762.0;3256.0;3418.0;200.2;124.4;252.0;156.6;300.6;186.8;C;B;A;Alexandria;Casselman
via_existing;MTL-Ott-0088;MTL-Ott;108.07;109.06;67.152;67.767;990.0;0.615;1.01;1723.0;1723.0;1827.0;4818.0;3919.0;159.1;98.9;200.3;124.5;238.9;148.4;E;C;C;Alexandria;Casselman
via_existing;MTL-Ott-0089;MTL-Ott;109.07;109.32;67.773;67.928;250.0;0.155;1.03;1687.0;1694.0;1688.0;1703.0;1705.0;157.7;98.0;198.6;123.4;236.9;147.2;E;D;C;Alexandria;Casselman
via_existing;MTL-Ott-0090;MTL-Ott;109.33;109.78;67.935;68.214;450.0;0.28;1.0;1752.0;1752.0;1752.0;1752.0;1752.0;160.4;99.7;201.9;125.5;240.9;149.7;D;C;C;Alexandria;Casselman
via_existing;MTL-Ott-0091;MTL-Ott;109.79;111.42;68.22;69.233;1630.0;1.013;1.95;895.0;897.0;897.0;987.0;958.0;114.7;71.3;144.5;89.8;172.3;107.1;E;E;D;Alexandria;Casselman
via_existing;MTL-Ott-0092;MTL-Ott;111.43;111.88;69.239;69.519;450.0;0.28;1.44;1211.0;1211.0;1301.0;1301.0;1296.0;133.3;82.8;167.9;104.3;200.3;124.5;E;D;C;Alexandria;Casselman
via_existing;MTL-Ott-0093;MTL-Ott;111.89;112.5;69.525;69.904;610.0;0.379;0.28;6289.0;6289.0;8141.0;50000.0;23252.0;303.9;188.8;360.0;223.7;360.0;223.7;A;A;A;Alexandria;Casselman
via_existing;MTL-Ott-0094;MTL-Ott;112.51;113.12;69.91;70.29;610.0;0.379;0.38;4575.0;4575.0;4575.0;4575.0;4723.0;259.2;161.1;326.3;202.8;360.0;223.7;B;A;A;Alexandria;Casselman
via_existing;MTL-Ott-0095;MTL-Ott;113.13;114.95;70.296;71.427;1820.0;1.131;1.59;1100.0;1100.0;1780.0;50000.0;7326.0;127.1;79.0;160.0;99.4;190.9;118.6;E;D;D;Alexandria;Casselman
via_existing;MTL-Ott-0096;MTL-Ott;114.96;115.48;71.433;71.756;520.0;0.323;1.84;942.0;949.0;946.0;1035.0;1106.0;118.1;73.4;148.7;92.4;177.3;110.2;E;E;D;Alexandria;Casselman
via_existing;MTL-Ott-0097;MTL-Ott;115.49;115.81;71.762;71.961;320.0;0.199;0.91;1916.0;1916.0;2155.0;2155.0;2139.0;167.7;104.2;211.2;131.2;251.9;156.5;D;C;B;Alexandria;Casselman
via_existing;MTL-Ott-0098;MTL-Ott;115.82;116.97;71.967;72.682;1150.0;0.715;0.65;2662.0;2679.0;2755.0;50000.0;7964.0;198.3;123.2;249.7;155.2;297.8;185.0;D;C;B;Alexandria;Casselman
via_existing;MTL-Ott-0099;MTL-Ott;116.98;116.99;72.688;72.694;10.0;0.006;0.65;2691.0;2698.0;2691.0;2698.0;2698.0;199.0;123.7;250.6;155.7;298.9;185.7;D;B;B;Alexandria;Casselman
via_existing;MTL-Ott-0100;MTL-Ott;117.0;117.26;72.7;72.862;260.0;0.162;0.64;2725.0;2725.0;2789.0;3353.0;3483.0;200.0;124.3;251.8;156.5;300.4;186.7;C;B;A;Alexandria;Casselman
via_existing;MTL-Ott-0101;MTL-Ott;117.27;121.15;72.868;75.279;3880.0;2.411;1.51;1149.0;1158.0;1476.0;50000.0;7143.0;130.4;81.0;164.2;102.0;195.9;121.7;E;D;D;Alexandria;Casselman
via_existing;MTL-Ott-0103;MTL-Ott;121.17;121.39;75.292;75.428;220.0;0.137;0.98;1783.0;1783.0;1930.0;2848.0;2811.0;161.8;100.5;203.7;126.6;243.0;151.0;D;C;C;Alexandria;Casselman
via_existing;MTL-Ott-0104;MTL-Ott;121.4;126.53;75.434;78.622;5130.0;3.188;1.59;1100.0;1100.0;12945.0;50000.0;16164.0;127.1;79.0;160.0;99.4;190.9;118.6;E;D;D;Alexandria;Casselman
via_existing;MTL-Ott-0105;MTL-Ott;126.54;127.33;78.628;79.119;790.0;0.491;1.88;922.0;929.0;930.0;1113.0;1298.0;116.8;72.6;147.1;91.4;175.4;109.0;E;E;D;Alexandria;Casselman
via_existing;MTL-Ott-0106;MTL-Ott;127.34;128.37;79.125;79.765;1030.0;0.64;0.46;3800.0;3832.0;3862.0;13035.0;9125.0;237.2;147.4;298.6;185.5;356.2;221.3;C;B;A;Alexandria;Casselman
via_existing;MTL-Ott-0107;MTL-Ott;128.38;128.74;79.772;79.995;360.0;0.224;0.45;3877.0;3877.0;3982.0;3982.0;3976.0;238.6;148.3;300.4;186.7;358.3;222.6;C;A;A;Alexandria;Casselman
via_existing;MTL-Ott-0108;MTL-Ott;128.75;140.25;80.002;87.147;11500.0;7.146;1.59;1100.0;1100.0;50000.0;50000.0;24877.0;127.1;79.0;160.0;99.4;190.9;118.6;E;D;D;Alexandria;Casselman
via_existing;MTL-Ott-0109;MTL-Ott;140.26;140.84;87.154;87.514;580.0;0.36;1.64;1055.0;1062.0;1060.0;1074.0;1072.0;124.9;77.6;157.2;97.7;187.5;116.5;E;E;D;Casselman;Ottawa
via_existing;MTL-Ott-0110;MTL-Ott;140.85;143.02;87.52;88.869;2170.0;1.348;0.03;50000.0;50000.0;50000.0;50000.0;50000.0;360.0;223.7;360.0;223.7;360.0;223.7;A;A;A;Casselman;Ottawa
via_existing;MTL-Ott-0111;MTL-Ott;143.03;143.54;88.875;89.192;510.0;0.317;0.66;2649.0;2666.0;2657.0;3099.0;2951.0;197.8;122.9;249.1;154.8;297.1;184.6;D;C;B;Casselman;Ottawa
via_existing;MTL-Ott-0112;MTL-Ott;143.55;143.56;89.198;89.204;10.0;0.006;0.65;2695.0;2705.0;2695.0;2705.0;2705.0;199.3;123.8;250.9;155.9;299.3;186.0;D;B;B;Casselman;Ottawa
via_existing;MTL-Ott-0113;MTL-Ott;143.57;143.83;89.21;89.372;260.0;0.162;0.64;2738.0;2738.0;2817.0;3477.0;3565.0;200.5;124.6;252.4;156.8;301.1;187.1;C;B;A;Casselman;Ottawa
via_existing;MTL-Ott-0114;MTL-Ott;143.84;179.93;89.378;111.803;36090.0;22.425;1.58;1103.0;1103.0;50000.0;50000.0;36816.0;127.3;79.1;160.2;99.5;191.1;118.7;E;D;D;Casselman;Ottawa
via_existing;MTL-Ott-0115;MTL-Ott;179.94;180.28;111.81;112.021;340.0;0.211;2.26;766.0;772.0;768.0;826.0;851.0;106.4;66.1;134.0;83.3;159.9;99.4;E;E;E;Casselman;Ottawa
via_existing;MTL-Ott-0116;MTL-Ott;180.29;180.83;112.027;112.363;540.0;0.336;2.25;776.0;776.0;811.0;1267.0;1299.0;106.7;66.3;134.4;83.5;160.3;99.6;E;E;D;Casselman;Ottawa
via_existing;MTL-Ott-0117;MTL-Ott;180.84;181.67;112.369;112.885;830.0;0.516;0.27;6373.0;6373.0;21513.0;50000.0;34637.0;305.9;190.1;360.0;223.7;360.0;223.7;A;A;A;Casselman;Ottawa
via_existing;MTL-Ott-0118;MTL-Ott;181.68;182.28;112.891;113.264;600.0;0.373;2.24;781.0;781.0;851.0;1485.0;1214.0;107.1;66.5;134.8;83.8;160.8;99.9;E;E;D;Casselman;Ottawa
via_existing;MTL-Ott-0119;MTL-Ott;182.29;183.04;113.27;113.736;750.0;0.466;2.5;697.0;700.0;701.0;735.0;727.0;101.4;63.0;127.7;79.3;152.3;94.6;E;E;E;Casselman;Ottawa
via_existing;MTL-Ott-0120;MTL-Ott;183.05;183.59;113.742;114.078;540.0;0.336;0.49;3581.0;3581.0;3581.0;3581.0;3601.0;229.3;142.5;288.7;179.4;344.4;214.0;C;B;A;Casselman;Ottawa
via_existing;MTL-Ott-0121;MTL-Ott;183.6;183.97;114.084;114.314;370.0;0.23;0.45;3883.0;3883.0;4068.0;4202.0;4170.0;238.8;148.4;300.6;186.8;358.6;222.8;C;A;A;Casselman;Ottawa
via_existing;MTL-Ott-0122;MTL-Ott;183.98;184.28;114.32;114.506;300.0;0.186;0.03;50000.0;50000.0;50000.0;50000.0;50000.0;360.0;223.7;360.0;223.7;360.0;223.7;A;A;A;Casselman;Ottawa
via_existing;MTL-Ott-0123;MTL-Ott;184.29;185.02;114.512;114.966;730.0;0.454;1.01;1724.0;1724.0;1944.0;3816.0;3125.0;159.1;98.9;200.3;124.5;238.9;148.4;E;C;C;Casselman;Ottawa
via_existing;MTL-Ott-0124;MTL-Ott;185.03;185.56;114.972;115.302;530.0;0.329;1.07;1621.0;1632.0;1627.0;1876.0;2096.0;154.8;96.2;194.9;121.1;232.5;144.5;E;D;C;Casselman;Ottawa
via_existing;MTL-Ott-0125;MTL-Ott;185.57;186.05;115.308;115.606;480.0;0.298;0.28;6184.0;6184.0;7959.0;50000.0;20209.0;301.3;187.2;360.0;223.7;360.0;223.7;A;A;A;Casselman;Ottawa
via_existing;Ott-TO-0001;Ott-TO;0.01;0.5;0.006;0.311;490.0;0.304;4.02;434.0;434.0;480.0;481.0;478.0;79.8;49.6;100.5;62.4;119.9;74.5;F;E;E;Ottawa;Smiths Falls
via_existing;Ott-TO-0002;Ott-TO;0.51;1.03;0.317;0.64;520.0;0.323;4.36;401.0;401.0;401.0;401.0;403.0;76.8;47.7;96.7;60.1;115.3;71.6;F;F;E;Ottawa;Smiths Falls
via_existing;Ott-TO-0003;Ott-TO;1.04;1.66;0.646;1.031;620.0;0.385;0.52;3330.0;3330.0;3330.0;3330.0;3576.0;221.1;137.4;278.4;173.0;332.1;206.4;C;B;A;Ottawa;Smiths Falls
via_existing;Ott-TO-0004;Ott-TO;1.67;3.0;1.038;1.864;1330.0;0.826;2.21;792.0;792.0;7422.0;50000.0;14921.0;107.8;67.0;135.7;84.3;161.9;100.6;E;E;D;Ottawa;Smiths Falls
via_existing;Ott-TO-0005;Ott-TO;3.01;3.04;1.87;1.889;30.0;0.019;0.86;1330.0;2037.0;1330.0;2037.0;1874.0;172.9;107.4;217.7;135.3;259.7;161.4;D;C;B;Ottawa;Smiths Falls
via_existing;Ott-TO-0006;Ott-TO;3.05;3.5;1.895;2.175;450.0;0.28;0.93;1856.0;1871.0;1862.0;2173.0;2251.0;165.8;103.0;208.7;129.7;249.0;154.7;D;C;C;Ottawa;Smiths Falls
via_existing;Ott-TO-0007;Ott-TO;3.51;4.92;2.181;3.057;1410.0;0.876;1.0;1741.0;1741.0;1952.0;2042.0;2034.0;159.9;99.4;201.3;125.1;240.1;149.2;E;C;C;Ottawa;Smiths Falls
via_existing;Ott-TO-0008;Ott-TO;4.93;5.68;3.063;3.529;750.0;0.466;1.39;1250.0;1258.0;1258.0;1258.0;1303.0;135.9;84.4;171.1;106.3;204.1;126.8;E;D;C;Ottawa;Smiths Falls
via_existing;Ott-TO-0009;Ott-TO;5.69;6.31;3.536;3.921;620.0;0.385;1.0;1744.0;1744.0;1770.0;1899.0;1870.0;160.0;99.4;201.5;125.2;240.4;149.4;D;C;C;Ottawa;Smiths Falls
via_existing;Ott-TO-0010;Ott-TO;6.32;6.93;3.927;4.306;610.0;0.379;1.0;1740.0;1740.0;1740.0;1742.0;1753.0;159.8;99.3;201.3;125.1;240.1;149.2;E;C;C;Ottawa;Smiths Falls
via_existing;Ott-TO-0011;Ott-TO;6.94;7.35;4.312;4.567;410.0;0.255;0.92;1888.0;1888.0;1976.0;2669.0;2741.0;166.5;103.5;209.6;130.2;250.1;155.4;D;C;B;Ottawa;Smiths Falls
via_existing;Ott-TO-0012;Ott-TO;7.36;7.96;4.573;4.946;600.0;0.373;0.28;6194.0;6194.0;9233.0;50000.0;24338.0;301.6;187.4;360.0;223.7;360.0;223.7;A;A;A;Ottawa;Smiths Falls
via_existing;Ott-TO-0013;Ott-TO;7.97;8.73;4.952;5.425;760.0;0.472;1.44;694.0;1214.0;1259.0;3921.0;2500.0;133.5;83.0;168.1;104.5;200.5;124.6;E;D;C;Ottawa;Smiths Falls
via_existing;Ott-TO-0014;Ott-TO;8.74;9.23;5.431;5.735;490.0;0.304;1.58;1104.0;1104.0;1104.0;1104.0;1108.0;127.3;79.1;160.3;99.6;191.3;118.9;E;D;D;Ottawa;Smiths Falls
via_existing;Ott-TO-0015;Ott-TO;9.24;10.03;5.741;6.232;790.0;0.491;1.64;1064.0;1064.0;1064.0;1064.0;1262.0;125.0;77.7;157.4;97.8;187.7;116.6;E;E;D;Ottawa;Smiths Falls
via_existing;Ott-TO-0016;Ott-TO;10.04;18.81;6.239;11.688;8770.0;5.449;1.01;1721.0;1721.0;50000.0;50000.0;34151.0;158.9;98.7;200.1;124.3;238.7;148.3;E;C;C;Ottawa;Smiths Falls
via_existing;Ott-TO-0017;Ott-TO;18.82;19.53;11.694;12.135;710.0;0.441;1.34;1296.0;1304.0;1305.0;1333.0;1351.0;138.4;86.0;174.2;108.2;207.8;129.1;E;D;C;Ottawa;Smiths Falls
via_existing;Ott-TO-0018;Ott-TO;19.54;22.46;12.142;13.956;2920.0;1.814;0.99;1756.0;1756.0;7938.0;50000.0;18355.0;160.6;99.8;202.2;125.6;241.2;149.9;D;C;C;Ottawa;Smiths Falls
via_existing;Ott-TO-0019;Ott-TO;22.47;22.88;13.962;14.217;410.0;0.255;1.49;1169.0;1175.0;1172.0;1245.0;1295.0;131.3;81.6;165.4;102.8;197.3;122.6;E;D;D;Ottawa;Smiths Falls
via_existing;Ott-TO-0020;Ott-TO;22.89;23.39;14.223;14.534;500.0;0.311;1.44;1215.0;1215.0;1274.0;1839.0;1883.0;133.6;83.0;168.2;104.5;200.6;124.6;E;D;C;Ottawa;Smiths Falls
via_existing;Ott-TO-0021;Ott-TO;23.4;26.59;14.54;16.522;3190.0;1.982;0.65;2690.0;2690.0;9972.0;50000.0;22491.0;198.7;123.5;250.2;155.5;298.5;185.5;D;B;B;Ottawa;Smiths Falls
via_existing;Ott-TO-0022;Ott-TO;26.6;27.03;16.528;16.796;430.0;0.267;0.69;2529.0;2545.0;2534.0;2725.0;2994.0;193.3;120.1;243.4;151.2;290.3;180.4;D;C;B;Ottawa;Smiths Falls
via_existing;Ott-TO-0023;Ott-TO;27.04;33.07;16.802;20.549;6030.0;3.747;0.44;3934.0;3934.0;50000.0;50000.0;37111.0;240.3;149.3;302.6;188.0;360.0;223.7;C;A;A;Ottawa;Smiths Falls
via_existing;Ott-TO-0024;Ott-TO;33.08;33.56;20.555;20.853;480.0;0.298;0.54;3186.0;3210.0;3197.0;3442.0;3628.0;217.1;134.9;273.3;169.8;326.1;202.6;C;B;A;Ottawa;Smiths Falls
via_existing;Ott-TO-0025;Ott-TO;33.57;43.19;20.859;26.837;9620.0;5.978;0.28;6138.0;6138.0;50000.0;50000.0;43894.0;300.2;186.5;360.0;223.7;360.0;223.7;A;A;A;Ottawa;Smiths Falls
via_existing;Ott-TO-0026;Ott-TO;43.2;43.35;26.843;26.936;150.0;0.093;0.34;5141.0;5141.0;5141.0;5315.0;5391.0;274.7;170.7;345.9;214.9;360.0;223.7;B;A;A;Ottawa;Smiths Falls
via_existing;Ott-TO-0027;Ott-TO;43.36;48.5;26.943;30.137;5140.0;3.194;0.64;2721.0;2721.0;50000.0;50000.0;30578.0;199.9;124.2;251.7;156.4;300.2;186.5;D;B;A;Ottawa;Smiths Falls
via_existing;Ott-TO-0028;Ott-TO;48.51;48.74;30.143;30.286;230.0;0.143;0.69;2500.0;2521.0;2501.0;2551.0;2569.0;192.4;119.6;242.3;150.6;289.0;179.6;D;C;B;Ottawa;Smiths Falls
via_existing;Ott-TO-0029;Ott-TO;48.75;49.08;30.292;30.497;330.0;0.205;0.63;2756.0;2756.0;2919.0;3710.0;3460.0;201.2;125.0;253.3;157.4;302.1;187.7;C;B;A;Ottawa;Smiths Falls
via_existing;Ott-TO-0030;Ott-TO;49.09;61.63;30.503;38.295;12540.0;7.792;0.64;2737.0;2737.0;50000.0;50000.0;40083.0;200.5;124.6;252.4;156.8;301.1;187.1;C;B;A;Ottawa;Smiths Falls
via_existing;Ott-TO-0031;Ott-TO;61.64;61.84;38.301;38.426;200.0;0.124;0.92;1899.0;1899.0;1934.0;2145.0;2169.0;167.0;103.8;210.2;130.6;250.8;155.8;D;C;B;Ottawa;Smiths Falls
via_existing;Ott-TO-0032;Ott-TO;61.85;62.35;38.432;38.742;500.0;0.311;1.0;1744.0;1744.0;1758.0;1781.0;1786.0;160.0;99.4;201.5;125.2;240.3;149.3;D;C;C;Ottawa;Smiths Falls
via_existing;Ott-TO-0033;Ott-TO;62.36;62.99;38.749;39.14;630.0;0.391;1.01;1731.0;1734.0;1734.0;2084.0;2272.0;159.6;99.2;200.9;124.8;239.6;148.9;E;C;C;Ottawa;Smiths Falls
via_existing;Ott-TO-0034;Ott-TO;63.0;64.67;39.146;40.184;1670.0;1.038;1.01;1727.0;1727.0;2155.0;50000.0;8555.0;159.2;98.9;200.5;124.6;239.1;148.6;E;C;C;Ottawa;Smiths Falls
via_existing;Ott-TO-0035;Ott-TO;64.68;65.69;40.19;40.818;1010.0;0.628;1.32;1311.0;1321.0;1332.0;1494.0;1466.0;139.3;86.6;175.4;109.0;209.2;130.0;E;D;C;Smiths Falls;Brockville
via_existing;Ott-TO-0036;Ott-TO;65.7;66.07;40.824;41.054;370.0;0.23;4.07;429.0;429.0;429.0;429.0;429.0;79.4;49.3;99.9;62.1;119.2;74.1;F;F;E;Smiths Falls;Brockville
via_existing;Ott-TO-0037;Ott-TO;66.08;67.79;41.06;42.123;1710.0;1.063;3.37;519.0;519.0;519.0;603.0;581.0;87.3;54.2;109.9;68.3;131.1;81.5;F;E;E;Smiths Falls;Brockville
via_existing;Ott-TO-0038;Ott-TO;67.8;69.47;42.129;43.167;1670.0;1.038;1.39;1253.0;1257.0;1266.0;1319.0;1356.0;135.9;84.4;171.1;106.3;204.0;126.8;E;D;C;Smiths Falls;Brockville
via_existing;Ott-TO-0039;Ott-TO;69.48;72.41;43.173;44.993;2930.0;1.821;0.45;3890.0;3890.0;7767.0;50000.0;24835.0;239.0;148.5;300.9;187.0;359.0;223.1;C;A;A;Smiths Falls;Brockville
via_existing;Ott-TO-0040;Ott-TO;72.42;72.96;45.0;45.335;540.0;0.336;0.47;3667.0;3678.0;3673.0;3862.0;4099.0;232.4;144.4;292.6;181.8;349.0;216.9;C;B;A;Smiths Falls;Brockville
via_existing;Ott-TO-0041;Ott-TO;72.97;74.7;45.341;46.416;1730.0;1.075;0.45;3897.0;3897.0;5644.0;50000.0;16474.0;239.2;148.6;301.2;187.2;359.3;223.3;C;A;A;Smiths Falls;Brockville
via_existing;Ott-TO-0042;Ott-TO;74.71;75.29;46.423;46.783;580.0;0.36;0.55;3137.0;3157.0;3154.0;3553.0;3718.0;215.3;133.8;271.1;168.5;323.3;200.9;C;B;A;Smiths Falls;Brockville
via_existing;Ott-TO-0043;Ott-TO;75.3;82.89;46.789;51.505;7590.0;4.716;0.28;6130.0;6130.0;50000.0;50000.0;41032.0;300.0;186.4;360.0;223.7;360.0;223.7;A;A;A;Smiths Falls;Brockville
via_existing;Ott-TO-0044;Ott-TO;82.9;83.27;51.512;51.742;370.0;0.23;0.35;4923.0;4963.0;4931.0;5177.0;5258.0;269.9;167.7;339.9;211.2;360.0;223.7;B;A;A;Smiths Falls;Brockville
via_existing;Ott-TO-0045;Ott-TO;83.28;88.34;51.748;54.892;5060.0;3.144;0.28;6135.0;6135.0;50000.0;50000.0;38605.0;300.1;186.5;360.0;223.7;360.0;223.7;A;A;A;Smiths Falls;Brockville
via_existing;Ott-TO-0046;Ott-TO;88.35;88.76;54.898;55.153;410.0;0.255;0.41;4264.0;4264.0;4310.0;4755.0;4769.0;250.2;155.5;315.0;195.7;360.0;223.7;B;A;A;Smiths Falls;Brockville
via_existing;Ott-TO-0047;Ott-TO;88.77;89.05;55.159;55.333;280.0;0.174;0.45;3867.0;3867.0;3898.0;4046.0;4056.0;238.3;148.1;300.0;186.4;357.9;222.4;C;A;A;Smiths Falls;Brockville
via_existing;Ott-TO-0048;Ott-TO;89.06;89.31;55.339;55.495;250.0;0.155;0.46;3768.0;3786.0;3770.0;3809.0;3810.0;235.8;146.5;296.9;184.5;354.1;220.0;C;B;A;Smiths Falls;Brockville
via_existing;Ott-TO-0049;Ott-TO;89.32;90.21;55.501;56.054;890.0;0.553;0.45;3876.0;3876.0;3947.0;4029.0;4173.0;238.6;148.3;300.4;186.7;358.3;222.6;C;A;A;Smiths Falls;Brockville
via_existing;Ott-TO-0050;Ott-TO;90.22;94.47;56.06;58.701;4250.0;2.641;1.02;1716.0;1717.0;2988.0;50000.0;11732.0;158.8;98.7;199.9;124.2;238.5;148.2;E;D;C;Smiths Falls;Brockville
via_existing;Ott-TO-0051;Ott-TO;94.48;94.54;58.707;58.744;60.0;0.037;1.01;1720.0;1728.0;1720.0;1728.0;1729.0;159.3;99.0;200.5;124.6;239.2;148.6;E;C;C;Smiths Falls;Brockville
via_existing;Ott-TO-0052;Ott-TO;94.55;95.03;58.751;59.049;480.0;0.298;1.0;1746.0;1746.0;1770.0;1770.0;1769.0;160.1;99.5;201.6;125.3;240.5;149.4;D;C;C;Smiths Falls;Brockville
via_existing;Ott-TO-0053;Ott-TO;95.04;95.59;59.055;59.397;550.0;0.342;0.72;2413.0;2413.0;2413.0;2413.0;2435.0;188.2;116.9;237.0;147.3;282.7;175.7;D;C;B;Smiths Falls;Brockville
via_existing;Ott-TO-0054;Ott-TO;95.6;96.06;59.403;59.689;460.0;0.286;0.64;2743.0;2743.0;2743.0;2743.0;3050.0;200.7;124.7;252.7;157.0;301.4;187.3;C;B;A;Smiths Falls;Brockville
via_existing;Ott-TO-0055;Ott-TO;96.07;97.12;59.695;60.348;1050.0;0.652;0.74;2344.0;2357.0;2374.0;2556.0;2762.0;186.0;115.6;234.2;145.5;279.4;173.6;D;C;B;Smiths Falls;Brockville
via_existing;Ott-TO-0056;Ott-TO;97.13;108.84;60.354;67.63;11710.0;7.276;0.41;4287.0;4287.0;10266.0;50000.0;26905.0;250.9;155.9;315.9;196.3;360.0;223.7;B;A;A;Smiths Falls;Brockville
via_existing;Ott-TO-0057;Ott-TO;108.85;109.06;67.636;67.767;210.0;0.13;0.43;3995.0;4017.0;3995.0;4058.0;4084.0;242.8;150.9;305.8;190.0;360.0;223.7;C;A;A;Smiths Falls;Brockville
via_existing;Ott-TO-0058;Ott-TO;109.07;109.75;67.773;68.195;680.0;0.423;4.3;406.0;406.0;1867.0;3146.0;2888.0;77.2;48.0;97.3;60.5;116.0;72.1;F;F;E;Smiths Falls;Brockville
via_existing;Ott-TO-0059;Ott-TO;109.76;109.78;68.202;68.214;20.0;0.012;2.91;485.0;600.0;485.0;600.0;577.0;93.9;58.3;118.2;73.4;141.0;87.6;F;E;E;Smiths Falls;Brockville
via_existing;Ott-TO-0060;Ott-TO;109.79;110.02;68.22;68.363;230.0;0.143;4.01;436.0;436.0;455.0;590.0;578.0;80.0;49.7;100.8;62.6;120.2;74.7;F;E;E;Smiths Falls;Brockville
via_existing;Ott-TO-0061;Ott-TO;110.03;110.92;68.369;68.922;890.0;0.553;4.43;391.0;394.0;396.0;873.0;794.0;76.1;47.3;95.8;59.5;114.3;71.0;F;F;E;Smiths Falls;Brockville
via_existing;Ott-TO-0062;Ott-TO;110.93;111.18;68.929;69.084;250.0;0.155;0.65;2690.0;2690.0;2759.0;3065.0;3095.0;198.7;123.5;250.2;155.5;298.5;185.5;D;B;B;Brockville;Gananoque
via_existing;Ott-TO-0063;Ott-TO;111.19;112.05;69.09;69.625;860.0;0.534;0.92;1892.0;1892.0;1892.0;1892.0;2007.0;166.7;103.6;209.8;130.4;250.3;155.5;D;C;B;Brockville;Gananoque
via_existing;Ott-TO-0064;Ott-TO;112.06;113.15;69.631;70.308;1090.0;0.677;0.5;3454.0;3467.0;3473.0;3483.0;3769.0;225.6;140.2;284.1;176.5;338.9;210.6;C;B;A;Brockville;Gananoque
via_existing;Ott-TO-0065;Ott-TO;113.16;114.07;70.314;70.88;910.0;0.565;0.68;2547.0;2574.0;2592.0;7010.0;5571.0;194.4;120.8;244.7;152.0;291.9;181.4;D;C;B;Brockville;Gananoque
via_existing;Ott-TO-0066;Ott-TO;114.08;114.11;70.886;70.905;30.0;0.019;0.64;2687.0;2730.0;2687.0;2730.0;2729.0;200.2;124.4;252.1;156.6;300.7;186.8;C;B;A;Brockville;Gananoque
via_existing;Ott-TO-0067;Ott-TO;114.12;114.63;70.911;71.228;510.0;0.317;0.47;3522.0;3715.0;3620.0;50000.0;14459.0;233.6;145.2;294.1;182.7;350.8;218.0;C;B;A;Brockville;Gananoque
via_existing;Ott-TO-0068;Ott-TO;114.64;114.66;71.234;71.246;20.0;0.012;0.43;3940.0;4035.0;3940.0;4035.0;4037.0;243.4;151.2;306.5;190.5;360.0;223.7;C;A;A;Brockville;Gananoque
via_existing;Ott-TO-0069;Ott-TO;114.67;117.73;71.253;73.154;3060.0;1.901;0.64;2728.0;2728.0;6328.0;50000.0;20067.0;200.1;124.3;252.0;156.6;300.6;186.8;C;B;A;Brockville;Gananoque
via_existing;Ott-TO-0070;Ott-TO;117.74;118.03;73.16;73.34;290.0;0.18;0.93;1875.0;1886.0;1876.0;2006.0;2075.0;166.4;103.4;209.5;130.2;249.9;155.3;D;C;C;Brockville;Gananoque
via_existing;Ott-TO-0071;Ott-TO;118.04;119.26;73.347;74.105;1220.0;0.758;0.92;1894.0;1894.0;2176.0;3227.0;3235.0;166.8;103.6;210.0;130.5;250.5;155.7;D;C;B;Brockville;Gananoque
via_existing;Ott-TO-0072;Ott-TO;119.27;119.77;74.111;74.422;500.0;0.311;0.28;6276.0;6276.0;8426.0;50000.0;20211.0;303.5;188.6;360.0;223.7;360.0;223.7;A;A;A;Brockville;Gananoque
via_existing;Ott-TO-0073;Ott-TO;119.78;120.57;74.428;74.919;790.0;0.491;1.22;1431.0;1431.0;1431.0;1431.0;1431.0;144.9;90.0;182.5;113.4;217.7;135.3;E;D;C;Brockville;Gananoque
via_existing;Ott-TO-0074;Ott-TO;120.58;121.26;74.925;75.347;680.0;0.423;0.7;2512.0;2512.0;2512.0;2512.0;2787.0;192.1;119.4;241.8;150.2;288.4;179.2;D;C;B;Brockville;Gananoque
via_existing;Ott-TO-0075;Ott-TO;121.27;125.94;75.354;78.255;4670.0;2.902;0.65;2706.0;2706.0;50000.0;50000.0;27311.0;199.3;123.8;250.9;155.9;299.3;186.0;D;B;B;Brockville;Gananoque
via_existing;Ott-TO-0076;Ott-TO;125.95;126.5;78.262;78.603;550.0;0.342;0.84;2072.0;2088.0;2081.0;2331.0;2542.0;175.1;108.8;220.4;137.0;262.9;163.4;D;C;B;Brockville;Gananoque
via_existing;Ott-TO-0077;Ott-TO;126.51;127.28;78.61;79.088;770.0;0.478;0.41;4291.0;4291.0;5025.0;11705.0;11148.0;251.0;156.0;316.0;196.4;360.0;223.7;B;A;A;Brockville;Gananoque
via_existing;Ott-TO-0078;Ott-TO;127.29;127.68;79.094;79.337;390.0;0.242;0.45;3890.0;3914.0;3899.0;4135.0;4349.0;239.7;148.9;301.8;187.5;360.0;223.7;C;A;A;Brockville;Gananoque
via_existing;Ott-TO-0079;Ott-TO;127.69;132.27;79.343;82.189;4580.0;2.846;0.45;3893.0;3893.0;10621.0;50000.0;28349.0;239.1;148.6;301.0;187.0;359.1;223.1;C;A;A;Brockville;Gananoque
via_existing;Ott-TO-0080;Ott-TO;132.28;133.07;82.195;82.686;790.0;0.491;0.51;3403.0;3412.0;3413.0;3589.0;3794.0;223.8;139.1;281.8;175.1;336.1;208.8;C;B;A;Brockville;Gananoque
via_existing;Ott-TO-0081;Ott-TO;133.08;136.02;82.692;84.519;2940.0;1.827;0.65;2698.0;2698.0;10121.0;50000.0;25835.0;199.0;123.7;250.6;155.7;298.9;185.7;D;B;B;Brockville;Gananoque
via_existing;Ott-TO-0082;Ott-TO;136.03;136.53;84.525;84.836;500.0;0.311;0.83;2114.0;2114.0;2114.0;2114.0;2136.0;176.2;109.5;221.8;137.8;264.6;164.4;D;C;B;Brockville;Gananoque
via_existing;Ott-TO-0083;Ott-TO;136.54;137.2;84.842;85.252;660.0;0.41;0.95;1847.0;1847.0;1847.0;1847.0;2079.0;164.7;102.3;207.4;128.9;247.3;153.7;D;C;C;Brockville;Gananoque
via_existing;Ott-TO-0084;Ott-TO;137.21;137.83;85.258;85.644;620.0;0.385;1.51;842.0;1153.0;7216.0;17457.0;7545.0;130.1;80.8;163.8;101.8;195.4;121.4;E;D;D;Brockville;Gananoque
via_existing;Ott-TO-0086;Ott-TO;137.85;138.46;85.656;86.035;610.0;0.379;0.87;2017.0;2017.0;2526.0;2849.0;2975.0;172.1;106.9;216.6;134.6;258.4;160.6;D;C;B;Brockville;Gananoque
via_existing;Ott-TO-0087;Ott-TO;138.47;138.78;86.041;86.234;310.0;0.193;0.45;3918.0;3918.0;4351.0;6869.0;6280.0;239.8;149.0;302.0;187.7;360.0;223.7;C;A;A;Brockville;Gananoque
via_existing;Ott-TO-0088;Ott-TO;138.79;139.36;86.24;86.594;570.0;0.354;0.59;2963.0;2983.0;2976.0;3335.0;3409.0;209.3;130.1;263.5;163.7;314.3;195.3;C;B;A;Brockville;Gananoque
via_existing;Ott-TO-0089;Ott-TO;139.37;140.13;86.601;87.073;760.0;0.472;0.28;6157.0;6157.0;7518.0;50000.0;17640.0;300.7;186.8;360.0;223.7;360.0;223.7;A;A;A;Brockville;Gananoque
via_existing;Ott-TO-0090;Ott-TO;140.14;140.42;87.079;87.253;280.0;0.174;0.32;5443.0;5479.0;5447.0;5589.0;5646.0;283.6;176.2;357.1;221.9;360.0;223.7;B;A;A;Brockville;Gananoque
via_existing;Ott-TO-0091;Ott-TO;140.43;145.48;87.259;90.397;5050.0;3.138;0.45;3918.0;3918.0;30536.0;50000.0;28959.0;239.8;149.0;302.0;187.7;360.0;223.7;C;A;A;Brockville;Gananoque
via_existing;Ott-TO-0092;Ott-TO;145.49;145.99;90.403;90.714;500.0;0.311;0.49;3523.0;3548.0;3536.0;3804.0;4014.0;228.2;141.8;287.4;178.6;342.8;213.0;C;B;A;Brockville;Gananoque
via_existing;Ott-TO-0093;Ott-TO;146.0;150.17;90.72;93.311;4170.0;2.591;0.45;3898.0;3898.0;9040.0;50000.0;26577.0;239.2;148.6;301.2;187.2;359.3;223.3;C;A;A;Brockville;Gananoque
via_existing;Ott-TO-0094;Ott-TO;150.18;151.09;93.318;93.883;910.0;0.565;0.51;3437.0;3443.0;3446.0;3522.0;3747.0;224.8;139.7;283.1;175.9;337.7;209.8;C;B;A;Brockville;Gananoque
via_existing;Ott-TO-0095;Ott-TO;151.1;156.89;93.889;97.487;5790.0;3.598;1.01;1728.0;1728.0;50000.0;50000.0;24170.0;159.3;99.0;200.6;124.6;239.2;148.6;E;C;C;Brockville;Gananoque
via_existing;Ott-TO-0096;Ott-TO;156.9;157.14;97.493;97.642;240.0;0.149;1.45;1208.0;1208.0;1221.0;1344.0;1366.0;133.2;82.8;167.7;104.2;200.0;124.3;E;D;C;Gananoque;Kingston
via_existing;Ott-TO-0097;Ott-TO;157.15;157.63;97.648;97.947;480.0;0.298;1.45;1201.0;1201.0;1201.0;1201.0;1201.0;132.8;82.5;167.2;103.9;199.4;123.9;E;D;D;Gananoque;Kingston
via_existing;Ott-TO-0098;Ott-TO;157.64;158.37;97.953;98.407;730.0;0.454;1.02;1716.0;1718.0;1722.0;1803.0;1782.0;158.8;98.7;199.9;124.2;238.6;148.3;E;D;C;Gananoque;Kingston
via_existing;Ott-TO-0099;Ott-TO;158.38;158.42;98.413;98.438;40.0;0.025;1.01;1721.0;1729.0;1721.0;1729.0;1730.0;159.3;99.0;200.6;124.6;239.3;148.7;E;C;C;Gananoque;Kingston
via_existing;Ott-TO-0100;Ott-TO;158.43;158.7;98.444;98.612;270.0;0.168;1.0;1749.0;1749.0;1777.0;2006.0;2046.0;160.2;99.5;201.8;125.4;240.7;149.6;D;C;C;Gananoque;Kingston
via_existing;Ott-TO-0101;Ott-TO;158.71;159.03;98.618;98.817;320.0;0.199;0.63;2773.0;2773.0;3062.0;3486.0;3381.0;201.8;125.4;254.1;157.9;303.1;188.3;C;B;A;Gananoque;Kingston
via_existing;Ott-TO-0102;Ott-TO;159.04;159.44;98.823;99.071;400.0;0.249;0.03;50000.0;50000.0;50000.0;50000.0;50000.0;360.0;223.7;360.0;223.7;360.0;223.7;A;A;A;Gananoque;Kingston
via_existing;Ott-TO-0103;Ott-TO;159.45;159.74;99.078;99.258;290.0;0.18;0.41;4276.0;4276.0;4487.0;4673.0;4629.0;250.6;155.7;315.5;196.0;360.0;223.7;B;A;A;Gananoque;Kingston
via_existing;Ott-TO-0104;Ott-TO;159.75;160.09;99.264;99.475;340.0;0.211;0.44;3909.0;3938.0;3914.0;4082.0;4200.0;240.5;149.4;302.7;188.1;360.0;223.7;C;A;A;Gananoque;Kingston
via_existing;Ott-TO-0105;Ott-TO;160.1;160.48;99.482;99.718;380.0;0.236;0.64;2749.0;2749.0;3069.0;50000.0;6698.0;200.9;124.8;253.0;157.2;301.7;187.5;C;B;A;Gananoque;Kingston
via_existing;Ott-TO-0106;Ott-TO;160.49;161.13;99.724;100.122;640.0;0.398;0.86;2019.0;2034.0;2031.0;2372.0;2554.0;172.8;107.4;217.6;135.2;259.5;161.2;D;C;B;Gananoque;Kingston
via_existing;Ott-TO-0107;Ott-TO;161.14;161.74;100.128;100.501;600.0;0.373;0.28;6301.0;6301.0;7113.0;50000.0;15591.0;304.2;189.0;360.0;223.7;360.0;223.7;A;A;A;Gananoque;Kingston
via_existing;Ott-TO-0108;Ott-TO;161.75;162.16;100.507;100.762;410.0;0.255;0.37;4655.0;4690.0;4665.0;4969.0;5078.0;262.4;163.0;330.4;205.3;360.0;223.7;B;A;A;Gananoque;Kingston
via_existing;Ott-TO-0109;Ott-TO;162.17;164.56;100.768;102.253;2390.0;1.485;0.45;3910.0;3910.0;6599.0;50000.0;20358.0;239.6;148.9;301.7;187.5;359.8;223.6;C;A;A;Gananoque;Kingston
via_existing;Ott-TO-0110;Ott-TO;164.57;165.05;102.259;102.557;480.0;0.298;0.5;3491.0;3512.0;3500.0;3758.0;3968.0;227.1;141.1;285.9;177.6;341.0;211.9;C;B;A;Gananoque;Kingston
via_existing;Ott-TO-0111;Ott-TO;165.06;171.76;102.564;106.727;6700.0;4.163;0.68;2546.0;2563.0;10304.0;50000.0;21679.0;194.0;120.5;244.3;151.8;291.4;181.1;D;C;B;Gananoque;Kingston
via_existing;Ott-TO-0113;Ott-TO;171.78;172.0;106.739;106.876;220.0;0.137;0.63;2762.0;2762.0;2863.0;3574.0;3640.0;201.4;125.1;253.6;157.6;302.5;188.0;C;B;A;Gananoque;Kingston
via_existing;Ott-TO-0114;Ott-TO;172.01;175.39;106.882;108.982;3380.0;2.1;0.64;2715.0;2715.0;9495.0;50000.0;23617.0;199.7;124.1;251.4;156.2;299.9;186.3;D;B;B;Gananoque;Kingston
via_existing;Ott-TO-0115;Ott-TO;175.4;175.68;108.989;109.162;280.0;0.174;0.93;1877.0;1884.0;1879.0;2015.0;2078.0;166.3;103.3;209.4;130.1;249.8;155.2;D;C;C;Gananoque;Kingston
via_existing;Ott-TO-0116;Ott-TO;175.69;176.11;109.169;109.43;420.0;0.261;0.92;1892.0;1892.0;1948.0;2624.0;2697.0;166.7;103.6;209.8;130.4;250.3;155.5;D;C;B;Gananoque;Kingston
via_existing;Ott-TO-0117;Ott-TO;176.12;180.6;109.436;112.22;4480.0;2.784;1.04;1668.0;1676.0;2514.0;50000.0;10866.0;156.9;97.5;197.5;122.7;235.6;146.4;E;D;C;Gananoque;Kingston
via_existing;Ott-TO-0118;Ott-TO;180.61;181.08;112.226;112.518;470.0;0.292;1.02;1719.0;1719.0;1742.0;1742.0;1741.0;158.9;98.7;200.0;124.3;238.6;148.3;E;C;C;Gananoque;Kingston
via_existing;Ott-TO-0119;Ott-TO;181.09;182.05;112.524;113.121;960.0;0.597;1.35;1281.0;1291.0;1297.0;1297.0;1534.0;137.7;85.6;173.3;107.7;206.7;128.4;E;D;C;Gananoque;Kingston
via_existing;Ott-TO-0120;Ott-TO;182.06;183.1;113.127;113.773;1040.0;0.646;1.01;1722.0;1722.0;2094.0;11907.0;5968.0;159.0;98.8;200.2;124.4;238.8;148.4;E;C;C;Gananoque;Kingston
via_existing;Ott-TO-0121;Ott-TO;183.11;183.76;113.779;114.183;650.0;0.404;1.19;1457.0;1463.0;1463.0;1598.0;1698.0;146.6;91.1;184.5;114.6;220.1;136.8;E;D;C;Gananoque;Kingston
via_existing;Ott-TO-0122;Ott-TO;183.77;184.28;114.189;114.506;510.0;0.317;1.69;1031.0;1031.0;50000.0;50000.0;19492.0;123.0;76.4;154.9;96.3;184.8;114.8;E;E;D;Gananoque;Kingston
via_existing;Ott-TO-0123;Ott-TO;184.29;184.4;114.512;114.581;110.0;0.068;1.24;608.0;1413.0;608.0;1413.0;1043.0;144.1;89.5;181.4;112.7;216.3;134.4;E;D;C;Gananoque;Kingston
via_existing;Ott-TO-0124;Ott-TO;184.41;185.17;114.587;115.059;760.0;0.472;1.9;919.0;919.0;919.0;919.0;1009.0;116.1;72.1;146.2;90.8;174.4;108.4;E;E;D;Gananoque;Kingston
via_existing;Ott-TO-0125;Ott-TO;185.18;186.1;115.066;115.637;920.0;0.572;1.57;1110.0;1110.0;1228.0;1228.0;1336.0;127.7;79.3;160.7;99.9;191.7;119.1;E;D;D;Gananoque;Kingston
via_existing;Ott-TO-0126;Ott-TO;186.11;187.59;115.643;116.563;1480.0;0.92;2.47;706.0;706.0;855.0;859.0;925.0;101.8;63.3;128.2;79.7;152.9;95.0;E;E;E;Gananoque;Kingston
via_existing;Ott-TO-0127;Ott-TO;187.6;187.68;116.569;116.619;80.0;0.05;1.92;473.0;909.0;473.0;909.0;768.0;115.5;71.8;145.4;90.3;173.5;107.8;E;E;D;Gananoque;Kingston
via_existing;Ott-TO-0128;Ott-TO;187.69;188.25;116.625;116.973;560.0;0.348;0.74;2312.0;2370.0;2362.0;2370.0;3154.0;186.6;115.9;234.9;146.0;280.2;174.1;D;C;B;Gananoque;Kingston
via_existing;Ott-TO-0129;Ott-TO;188.26;188.6;116.979;117.191;340.0;0.211;0.03;50000.0;50000.0;50000.0;50000.0;50000.0;360.0;223.7;360.0;223.7;360.0;223.7;A;A;A;Gananoque;Kingston
via_existing;Ott-TO-0130;Ott-TO;188.61;189.18;117.197;117.551;570.0;0.354;1.58;1108.0;1108.0;1201.0;2236.0;1970.0;127.6;79.3;160.6;99.8;191.6;119.1;E;D;D;Gananoque;Kingston
via_existing;Ott-TO-0131;Ott-TO;189.19;190.08;117.557;118.11;890.0;0.553;1.77;986.0;987.0;987.0;1014.0;1087.0;120.4;74.8;151.5;94.1;180.8;112.3;E;E;D;Gananoque;Kingston
via_existing;Ott-TO-0132;Ott-TO;190.09;190.42;118.116;118.322;330.0;0.205;0.9;1941.0;1941.0;2199.0;2359.0;2315.0;168.8;104.9;212.5;132.0;253.5;157.5;D;C;B;Gananoque;Kingston
via_existing;Ott-TO-0133;Ott-TO;190.43;192.53;118.328;119.633;2100.0;1.305;0.65;2690.0;2690.0;7118.0;50000.0;20841.0;198.7;123.5;250.2;155.5;298.5;185.5;D;B;B;Kingston;Napanee
via_existing;Ott-TO-0134;Ott-TO;192.54;193.02;119.639;119.937;480.0;0.298;0.72;2409.0;2409.0;2409.0;2409.0;2417.0;188.1;116.9;236.8;147.1;282.5;175.5;D;C;B;Kingston;Napanee
via_existing;Ott-TO-0135;Ott-TO;193.03;194.13;119.943;120.627;1100.0;0.684;1.09;1606.0;1608.0;1608.0;1609.0;1627.0;153.7;95.5;193.5;120.2;230.8;143.4;E;D;C;Kingston;Napanee
via_existing;Ott-TO-0136;Ott-TO;194.14;194.39;120.633;120.788;250.0;0.155;0.92;1888.0;1888.0;1973.0;2293.0;2269.0;166.5;103.5;209.6;130.2;250.1;155.4;D;C;B;Kingston;Napanee
via_existing;Ott-TO-0137;Ott-TO;194.4;194.78;120.795;121.031;380.0;0.236;0.49;3404.0;3585.0;3448.0;50000.0;10601.0;229.4;142.5;288.9;179.5;344.6;214.1;C;B;A;Kingston;Napanee
via_existing;Ott-TO-0138;Ott-TO;194.79;194.82;121.037;121.056;30.0;0.019;0.43;3872.0;4015.0;3872.0;4015.0;4017.0;242.8;150.9;305.7;190.0;360.0;223.7;C;A;A;Kingston;Napanee
via_existing;Ott-TO-0139;Ott-TO;194.83;195.52;121.062;121.49;690.0;0.429;1.01;1732.0;1732.0;1873.0;4358.0;3690.0;159.5;99.1;200.8;124.8;239.5;148.8;E;C;C;Kingston;Napanee
via_existing;Ott-TO-0140;Ott-TO;195.53;196.29;121.497;121.969;760.0;0.472;1.08;1611.0;1622.0;1625.0;1661.0;1668.0;154.3;95.9;194.3;120.7;231.8;144.0;E;D;C;Kingston;Napanee
via_existing;Ott-TO-0141;Ott-TO;196.3;196.78;121.975;122.273;480.0;0.298;0.92;1892.0;1892.0;2052.0;2539.0;2407.0;166.7;103.6;209.9;130.4;250.3;155.5;D;C;B;Kingston;Napanee
via_existing;Ott-TO-0142;Ott-TO;196.79;196.98;122.28;122.398;190.0;0.118;0.03;50000.0;50000.0;50000.0;50000.0;50000.0;360.0;223.7;360.0;223.7;360.0;223.7;A;A;A;Kingston;Napanee
via_existing;Ott-TO-0143;Ott-TO;196.99;197.52;122.404;122.733;530.0;0.329;1.01;1726.0;1726.0;1848.0;2330.0;2192.0;159.2;98.9;200.5;124.6;239.1;148.6;E;C;C;Kingston;Napanee
via_existing;Ott-TO-0144;Ott-TO;197.53;198.38;122.739;123.268;850.0;0.528;1.09;1591.0;1596.0;1599.0;1657.0;1654.0;153.1;95.1;192.7;119.7;229.9;142.9;E;D;C;Kingston;Napanee
via_existing;Ott-TO-0145;Ott-TO;198.39;198.77;123.274;123.51;380.0;0.236;1.02;1720.0;1720.0;1741.0;1771.0;1766.0;158.9;98.7;200.1;124.3;238.7;148.3;E;C;C;Kingston;Napanee
via_existing;Ott-TO-0146;Ott-TO;198.78;205.27;123.516;127.549;6490.0;4.033;1.44;1217.0;1217.0;1223.0;1611.0;1537.0;133.7;83.1;168.3;104.6;200.8;124.8;E;D;C;Kingston;Napanee
via_existing;Ott-TO-0147;Ott-TO;205.28;208.53;127.555;129.575;3250.0;2.019;0.44;3927.0;3927.0;7682.0;50000.0;26023.0;240.1;149.2;302.3;187.8;360.0;223.7;C;A;A;Kingston;Napanee
via_existing;Ott-TO-0148;Ott-TO;208.54;209.01;129.581;129.873;470.0;0.292;0.51;3387.0;3410.0;3396.0;3696.0;3898.0;223.8;139.1;281.7;175.0;336.1;208.8;C;B;A;Kingston;Napanee
via_existing;Ott-TO-0149;Ott-TO;209.02;211.18;129.879;131.221;2160.0;1.342;0.45;3896.0;3896.0;6585.0;50000.0;20117.0;239.2;148.6;301.1;187.1;359.2;223.2;C;A;A;Kingston;Napanee
via_existing;Ott-TO-0150;Ott-TO;211.19;212.0;131.227;131.731;810.0;0.503;0.58;3008.0;3020.0;3022.0;3303.0;3477.0;210.6;130.9;265.1;164.7;316.3;196.5;C;B;A;Kingston;Napanee
via_existing;Ott-TO-0151;Ott-TO;212.01;215.06;131.737;133.632;3050.0;1.895;1.01;1727.0;1727.0;3127.0;50000.0;11859.0;159.3;99.0;200.5;124.6;239.2;148.6;E;C;C;Kingston;Napanee
via_existing;Ott-TO-0152;Ott-TO;215.07;215.71;133.638;134.036;640.0;0.398;1.05;1652.0;1661.0;1659.0;2006.0;2193.0;156.1;97.0;196.6;122.2;234.5;145.7;E;D;C;Kingston;Napanee
via_existing;Ott-TO-0153;Ott-TO;215.72;221.99;134.042;137.938;6270.0;3.896;1.01;1721.0;1721.0;13459.0;50000.0;20296.0;159.0;98.8;200.1;124.3;238.8;148.4;E;C;C;Kingston;Napanee
via_existing;Ott-TO-0154;Ott-TO;222.0;222.57;137.944;138.299;570.0;0.354;1.03;1680.0;1692.0;1687.0;1715.0;1710.0;157.6;97.9;198.4;123.3;236.7;147.1;E;D;C;Kingston;Napanee
via_existing;Ott-TO-0155;Ott-TO;222.58;223.06;138.305;138.603;480.0;0.298;0.03;50000.0;50000.0;50000.0;50000.0;50000.0;360.0;223.7;360.0;223.7;360.0;223.7;A;A;A;Kingston;Napanee
via_existing;Ott-TO-0156;Ott-TO;223.07;223.67;138.609;138.982;600.0;0.373;1.01;1725.0;1725.0;1835.0;3122.0;2574.0;159.1;98.9;200.4;124.5;239.0;148.5;E;C;C;Kingston;Napanee
via_existing;Ott-TO-0157;Ott-TO;223.68;224.21;138.988;139.318;530.0;0.329;1.1;1583.0;1586.0;1585.0;1645.0;1667.0;152.6;94.8;192.2;119.4;229.2;142.4;E;D;C;Kingston;Napanee
via_existing;Ott-TO-0158;Ott-TO;224.22;224.97;139.324;139.79;750.0;0.466;0.92;1899.0;1899.0;2009.0;2508.0;2647.0;167.0;103.8;210.3;130.7;250.8;155.8;D;C;B;Kingston;Napanee
via_existing;Ott-TO-0159;Ott-TO;224.98;225.86;139.796;140.343;880.0;0.547;0.28;6214.0;6214.0;10366.0;50000.0;28441.0;302.1;187.7;360.0;223.7;360.0;223.7;A;A;A;Kingston;Napanee
via_existing;Ott-TO-0160;Ott-TO;225.87;226.79;140.349;140.921;920.0;0.572;0.87;2007.0;2007.0;2007.0;2035.0;2171.0;171.7;106.7;216.2;134.3;257.8;160.2;D;C;B;Kingston;Napanee
via_existing;Ott-TO-0161;Ott-TO;226.8;227.63;140.927;141.443;830.0;0.516;1.58;1107.0;1107.0;1249.0;1249.0;1273.0;127.5;79.2;160.5;99.7;191.5;119.0;E;D;D;Kingston;Napanee
via_existing;Ott-TO-0162;Ott-TO;227.64;228.65;141.449;142.077;1010.0;0.628;2.01;864.0;868.0;871.0;1051.0;1242.0;112.9;70.2;142.1;88.3;169.6;105.4;E;E;D;Napanee;Belleville
via_existing;Ott-TO-0163;Ott-TO;228.66;230.83;142.083;143.431;2170.0;1.348;0.28;6170.0;6170.0;50000.0;50000.0;34874.0;301.0;187.0;360.0;223.7;360.0;223.7;A;A;A;Napanee;Belleville
via_existing;Ott-TO-0164;Ott-TO;230.84;231.1;143.437;143.599;260.0;0.162;0.31;5520.0;5561.0;5524.0;5663.0;5707.0;285.8;177.6;359.8;223.6;360.0;223.7;B;A;A;Napanee;Belleville
via_existing;Ott-TO-0165;Ott-TO;231.11;233.77;143.605;145.258;2660.0;1.653;0.28;6198.0;6198.0;50000.0;50000.0;34673.0;301.7;187.5;360.0;223.7;360.0;223.7;A;A;A;Napanee;Belleville
via_existing;Ott-TO-0166;Ott-TO;233.78;234.17;145.264;145.506;390.0;0.242;0.36;4797.0;4834.0;4806.0;5084.0;5181.0;266.4;165.5;335.4;208.4;360.0;223.7;B;A;A;Napanee;Belleville
via_existing;Ott-TO-0167;Ott-TO;234.18;236.46;145.513;146.929;2280.0;1.417;0.64;2742.0;2742.0;6802.0;50000.0;19379.0;200.6;124.6;252.6;157.0;301.3;187.2;C;B;A;Napanee;Belleville
via_existing;Ott-TO-0168;Ott-TO;236.47;237.05;146.936;147.296;580.0;0.36;0.83;2079.0;2096.0;2089.0;2378.0;2567.0;175.4;109.0;220.8;137.2;263.4;163.7;D;C;B;Napanee;Belleville
via_existing;Ott-TO-0169;Ott-TO;237.06;238.07;147.302;147.93;1010.0;0.628;0.45;3917.0;3917.0;4957.0;50000.0;13453.0;239.8;149.0;302.0;187.7;360.0;223.7;C;A;A;Napanee;Belleville
via_existing;Ott-TO-0170;Ott-TO;238.08;239.01;147.936;148.514;930.0;0.578;0.55;3185.0;3197.0;3208.0;3416.0;3604.0;216.6;134.6;272.8;169.5;325.4;202.2;C;B;A;Napanee;Belleville
via_existing;Ott-TO-0171;Ott-TO;239.02;241.16;148.52;149.85;2140.0;1.33;1.02;1690.0;1707.0;1865.0;50000.0;6722.0;158.3;98.4;199.3;123.8;237.8;147.8;E;D;C;Napanee;Belleville
via_existing;Ott-TO-0173;Ott-TO;241.18;241.66;149.862;150.161;480.0;0.298;1.0;1745.0;1745.0;1851.0;2982.0;2804.0;160.1;99.5;201.5;125.2;240.4;149.4;D;C;C;Napanee;Belleville
via_existing;Ott-TO-0174;Ott-TO;241.67;252.06;150.167;156.623;10390.0;6.456;0.65;2704.0;2704.0;50000.0;50000.0;37219.0;199.3;123.8;250.9;155.9;299.3;186.0;D;B;B;Napanee;Belleville
via_existing;Ott-TO-0175;Ott-TO;252.07;252.65;156.629;156.989;580.0;0.36;0.89;1951.0;1961.0;1957.0;2179.0;2275.0;169.7;105.4;213.6;132.7;254.8;158.3;D;C;B;Napanee;Belleville
via_existing;Ott-TO-0176;Ott-TO;252.66;252.88;156.996;157.132;220.0;0.137;0.45;3919.0;3919.0;3919.0;3919.0;3919.0;239.9;149.1;302.0;187.7;360.0;223.7;C;A;A;Napanee;Belleville
via_existing;Ott-TO-0177;Ott-TO;252.89;254.4;157.139;158.077;1510.0;0.938;1.01;1730.0;1730.0;2347.0;50000.0;8916.0;159.4;99.0;200.7;124.7;239.4;148.8;E;C;C;Napanee;Belleville
via_existing;Ott-TO-0178;Ott-TO;254.41;255.1;158.083;158.512;690.0;0.429;1.06;1637.0;1647.0;1646.0;2127.0;2324.0;155.5;96.6;195.8;121.7;233.5;145.1;E;D;C;Napanee;Belleville
via_existing;Ott-TO-0179;Ott-TO;255.11;262.7;158.518;163.234;7590.0;4.716;0.28;6132.0;6132.0;50000.0;50000.0;41561.0;300.1;186.5;360.0;223.7;360.0;223.7;A;A;A;Napanee;Belleville
via_existing;Ott-TO-0180;Ott-TO;262.71;263.34;163.24;163.632;630.0;0.391;0.4;4320.0;4339.0;4334.0;4679.0;4803.0;252.4;156.8;317.8;197.5;360.0;223.7;B;A;A;Napanee;Belleville
via_existing;Ott-TO-0181;Ott-TO;263.35;264.32;163.638;164.241;970.0;0.603;0.41;4280.0;4280.0;5100.0;50000.0;11747.0;250.7;155.8;315.6;196.1;360.0;223.7;B;A;A;Belleville;Trenton Junction
via_existing;Ott-TO-0182;Ott-TO;264.33;264.75;164.247;164.508;420.0;0.261;0.44;3916.0;3938.0;3924.0;4159.0;4347.0;240.5;149.4;302.7;188.1;360.0;223.7;C;A;A;Belleville;Trenton Junction
via_existing;Ott-TO-0183;Ott-TO;264.76;276.2;164.514;171.623;11440.0;7.108;0.41;4260.0;4260.0;50000.0;50000.0;39682.0;250.1;155.4;314.9;195.7;360.0;223.7;B;A;A;Belleville;Trenton Junction
via_existing;Ott-TO-0184;Ott-TO;276.21;276.55;171.629;171.84;340.0;0.211;0.43;4017.0;4052.0;4024.0;4208.0;4411.0;243.9;151.6;307.1;190.8;360.0;223.7;C;A;A;Belleville;Trenton Junction
via_existing;Ott-TO-0185;Ott-TO;276.56;279.7;171.846;173.798;3140.0;1.951;0.64;2731.0;2731.0;8153.0;50000.0;22203.0;200.2;124.4;252.1;156.6;300.7;186.8;C;B;A;Belleville;Trenton Junction
via_existing;Ott-TO-0186;Ott-TO;279.71;279.99;173.804;173.978;280.0;0.174;0.92;1889.0;1889.0;1916.0;2103.0;2140.0;166.5;103.5;209.7;130.3;250.1;155.4;D;C;B;Belleville;Trenton Junction
via_existing;Ott-TO-0187;Ott-TO;280.0;280.26;173.984;174.145;260.0;0.162;0.95;1844.0;1846.0;1844.0;1851.0;1855.0;164.6;102.3;207.3;128.8;247.2;153.6;D;C;C;Belleville;Trenton Junction
via_existing;Ott-TO-0188;Ott-TO;280.27;280.72;174.152;174.431;450.0;0.28;0.92;1890.0;1890.0;1943.0;2511.0;2631.0;166.6;103.5;209.7;130.3;250.2;155.5;D;C;B;Belleville;Trenton Junction
via_existing;Ott-TO-0189;Ott-TO;280.73;282.22;174.438;175.363;1490.0;0.926;0.64;2722.0;2722.0;4041.0;50000.0;12847.0;199.9;124.2;251.7;156.4;300.3;186.6;D;B;A;Belleville;Trenton Junction
via_existing;Ott-TO-0190;Ott-TO;282.23;282.61;175.37;175.606;380.0;0.236;0.78;2223.0;2239.0;2226.0;2335.0;2365.0;181.3;112.7;228.3;141.9;272.3;169.2;D;C;B;Belleville;Trenton Junction
via_existing;Ott-TO-0191;Ott-TO;282.62;283.02;175.612;175.86;400.0;0.249;0.65;2694.0;2694.0;2694.0;2694.0;2694.0;198.9;123.6;250.4;155.6;298.7;185.6;D;B;B;Trenton Junction;Cobourg
via_existing;Ott-TO-0192;Ott-TO;283.03;283.97;175.867;176.451;940.0;0.584;0.64;2733.0;2733.0;3755.0;50000.0;11951.0;200.3;124.5;252.2;156.7;300.9;187.0;C;B;A;Trenton Junction;Cobourg
via_existing;Ott-TO-0193;Ott-TO;283.98;284.59;176.457;176.836;610.0;0.379;0.85;2043.0;2058.0;2054.0;2374.0;2578.0;173.8;108.0;218.8;136.0;261.0;162.2;D;C;B;Trenton Junction;Cobourg
via_existing;Ott-TO-0194;Ott-TO;284.6;292.75;176.842;181.906;8150.0;5.064;0.45;3902.0;3902.0;50000.0;50000.0;34899.0;239.4;148.8;301.4;187.3;359.5;223.4;C;A;A;Trenton Junction;Cobourg
via_existing;Ott-TO-0195;Ott-TO;292.76;293.26;181.913;182.223;500.0;0.311;0.49;3556.0;3581.0;3569.0;3840.0;4061.0;229.3;142.5;288.7;179.4;344.4;214.0;C;B;A;Trenton Junction;Cobourg
via_existing;Ott-TO-0196;Ott-TO;293.27;293.92;182.23;182.633;650.0;0.404;0.28;6146.0;6146.0;6404.0;8321.0;8514.0;300.4;186.7;360.0;223.7;360.0;223.7;A;A;A;Trenton Junction;Cobourg
via_existing;Ott-TO-0197;Ott-TO;293.93;294.09;182.64;182.739;160.0;0.099;0.29;5912.0;5953.0;5912.0;5961.0;5981.0;295.6;183.7;360.0;223.7;360.0;223.7;B;A;A;Trenton Junction;Cobourg
via_existing;Ott-TO-0198;Ott-TO;294.1;308.75;182.745;191.848;14650.0;9.103;0.45;3892.0;3892.0;50000.0;50000.0;38319.0;239.0;148.5;301.0;187.0;359.0;223.1;C;A;A;Trenton Junction;Cobourg
via_existing;Ott-TO-0199;Ott-TO;308.76;309.18;191.855;192.116;420.0;0.261;0.48;3631.0;3658.0;3639.0;3874.0;4128.0;231.8;144.0;291.8;181.3;348.1;216.3;C;B;A;Trenton Junction;Cobourg
via_existing;Ott-TO-0200;Ott-TO;309.19;326.95;192.122;203.157;17760.0;11.036;0.41;4309.0;4309.0;50000.0;50000.0;42755.0;251.5;156.3;316.7;196.8;360.0;223.7;B;A;A;Trenton Junction;Cobourg
via_existing;Ott-TO-0201;Ott-TO;326.96;327.22;203.164;203.325;260.0;0.162;0.44;3930.0;3952.0;3931.0;4010.0;4036.0;240.9;149.7;303.3;188.5;360.0;223.7;C;A;A;Trenton Junction;Cobourg
via_existing;Ott-TO-0202;Ott-TO;327.23;328.13;203.331;203.891;900.0;0.559;0.41;4279.0;4279.0;4625.0;5070.0;5065.0;250.7;155.8;315.6;196.1;360.0;223.7;B;A;A;Trenton Junction;Cobourg
via_existing;Ott-TO-0203;Ott-TO;328.14;330.08;203.897;205.102;1940.0;1.205;0.28;6217.0;6217.0;8518.0;50000.0;27990.0;302.1;187.7;360.0;223.7;360.0;223.7;A;A;A;Trenton Junction;Cobourg
via_existing;Ott-TO-0204;Ott-TO;330.09;330.5;205.108;205.363;410.0;0.255;0.37;4644.0;4677.0;4655.0;4956.0;5064.0;262.0;162.8;329.9;205.0;360.0;223.7;B;A;A;Trenton Junction;Cobourg
via_existing;Ott-TO-0205;Ott-TO;330.51;333.22;205.369;207.053;2710.0;1.684;1.02;1707.0;1711.0;1958.0;50000.0;7798.0;158.5;98.5;199.6;124.0;238.1;147.9;E;D;C;Trenton Junction;Cobourg
via_existing;Ott-TO-0206;Ott-TO;333.23;333.27;207.06;207.084;40.0;0.025;1.01;1720.0;1729.0;1720.0;1729.0;1729.0;159.3;99.0;200.6;124.6;239.3;148.7;E;C;C;Trenton Junction;Cobourg
via_existing;Ott-TO-0207;Ott-TO;333.28;333.53;207.091;207.246;250.0;0.155;1.0;1744.0;1744.0;1758.0;1812.0;1811.0;160.0;99.4;201.5;125.2;240.4;149.4;D;C;C;Trenton Junction;Cobourg
via_existing;Ott-TO-0208;Ott-TO;333.54;333.82;207.252;207.426;280.0;0.174;0.92;1893.0;1893.0;1922.0;2122.0;2156.0;166.7;103.6;209.9;130.4;250.4;155.6;D;C;B;Cobourg;Port Hope
via_existing;Ott-TO-0209;Ott-TO;333.83;334.19;207.432;207.656;360.0;0.224;0.64;2730.0;2730.0;2793.0;2793.0;2791.0;200.2;124.4;252.1;156.6;300.7;186.8;C;B;A;Cobourg;Port Hope
via_existing;Ott-TO-0210;Ott-TO;334.2;334.45;207.662;207.818;250.0;0.155;0.03;50000.0;50000.0;50000.0;50000.0;50000.0;360.0;223.7;360.0;223.7;360.0;223.7;A;A;A;Cobourg;Port Hope
via_existing;Ott-TO-0211;Ott-TO;334.46;335.01;207.824;208.166;550.0;0.342;1.01;1721.0;1721.0;1870.0;3067.0;2562.0;159.0;98.8;200.1;124.3;238.7;148.3;E;C;C;Cobourg;Port Hope
via_existing;Ott-TO-0212;Ott-TO;335.02;335.95;208.172;208.75;930.0;0.578;1.32;1328.0;1328.0;1328.0;1329.0;1383.0;139.6;86.7;175.8;109.2;209.7;130.3;E;D;C;Cobourg;Port Hope
via_existing;Ott-TO-0213;Ott-TO;335.96;336.71;208.756;209.222;750.0;0.466;0.99;1771.0;1771.0;1771.0;1771.0;1771.0;161.2;100.2;203.0;126.1;242.2;150.5;D;C;C;Cobourg;Port Hope
via_existing;Ott-TO-0214;Ott-TO;336.72;338.97;209.228;210.626;2250.0;1.398;0.66;2626.0;2646.0;3138.0;50000.0;12446.0;197.1;122.5;248.2;154.2;296.0;183.9;D;C;B;Cobourg;Port Hope
via_existing;Ott-TO-0216;Ott-TO;338.99;339.27;210.639;210.813;280.0;0.174;0.64;2725.0;2725.0;2819.0;3634.0;3674.0;200.0;124.3;251.9;156.5;300.4;186.7;C;B;A;Cobourg;Port Hope
via_existing;Ott-TO-0217;Ott-TO;339.28;340.79;210.819;211.757;1510.0;0.938;0.45;3908.0;3908.0;5240.0;50000.0;14858.0;239.5;148.8;301.6;187.4;359.8;223.6;C;A;A;Cobourg;Port Hope
via_existing;Ott-TO-0218;Ott-TO;340.8;341.84;211.763;212.41;1040.0;0.646;0.52;3367.0;3372.0;3379.0;3496.0;3711.0;222.5;138.3;280.1;174.0;334.2;207.7;C;B;A;Cobourg;Port Hope
via_existing;Ott-TO-0219;Ott-TO;341.85;343.7;212.416;213.565;1850.0;1.15;1.0;1746.0;1746.0;4251.0;50000.0;13068.0;160.1;99.5;201.6;125.3;240.5;149.4;D;C;C;Cobourg;Port Hope
via_existing;Ott-TO-0220;Ott-TO;343.71;344.24;213.571;213.901;530.0;0.329;1.33;1318.0;1318.0;1318.0;1318.0;1342.0;139.1;86.4;175.2;108.9;208.9;129.8;E;D;C;Cobourg;Port Hope
via_existing;Ott-TO-0221;Ott-TO;344.25;345.34;213.907;214.584;1090.0;0.677;2.36;740.0;740.0;740.0;769.0;975.0;104.2;64.7;131.2;81.5;156.5;97.2;E;E;E;Port Hope;Oshawa
via_existing;Ott-TO-0222;Ott-TO;345.35;349.22;214.591;216.995;3870.0;2.405;0.45;3888.0;3888.0;6821.0;50000.0;24619.0;238.9;148.4;300.8;186.9;358.9;223.0;C;A;A;Port Hope;Oshawa
via_existing;Ott-TO-0223;Ott-TO;349.23;352.05;217.001;218.754;2820.0;1.752;0.57;3064.0;3069.0;3091.0;3300.0;3364.0;212.3;131.9;267.3;166.1;318.8;198.1;C;B;A;Port Hope;Oshawa
via_existing;Ott-TO-0224;Ott-TO;352.06;353.64;218.76;219.742;1580.0;0.982;0.64;2723.0;2723.0;4877.0;50000.0;14231.0;199.9;124.2;251.8;156.5;300.3;186.6;D;B;A;Port Hope;Oshawa
via_existing;Ott-TO-0225;Ott-TO;353.65;354.22;219.748;220.102;570.0;0.354;0.82;2123.0;2138.0;2133.0;2430.0;2643.0;177.2;110.1;223.1;138.6;266.1;165.3;D;C;B;Port Hope;Oshawa
via_existing;Ott-TO-0226;Ott-TO;354.23;355.63;220.108;220.978;1400.0;0.87;0.63;2757.0;2757.0;4564.0;50000.0;14042.0;201.2;125.0;253.3;157.4;302.2;187.8;C;B;A;Port Hope;Oshawa
via_existing;Ott-TO-0227;Ott-TO;355.64;356.13;220.984;221.289;490.0;0.304;0.91;1911.0;1924.0;1917.0;2093.0;2143.0;168.1;104.5;211.6;131.5;252.5;156.9;D;C;B;Port Hope;Oshawa
via_existing;Ott-TO-0228;Ott-TO;356.14;356.47;221.295;221.5;330.0;0.205;0.63;2782.0;2782.0;2782.0;2782.0;2782.0;202.1;125.6;254.5;158.1;303.6;188.6;C;B;A;Port Hope;Oshawa
via_existing;Ott-TO-0229;Ott-TO;356.48;356.84;221.506;221.73;360.0;0.224;0.03;50000.0;50000.0;50000.0;50000.0;50000.0;360.0;223.7;360.0;223.7;360.0;223.7;A;A;A;Port Hope;Oshawa
via_existing;Ott-TO-0230;Ott-TO;356.85;357.3;221.736;222.016;450.0;0.28;0.65;2686.0;2686.0;2868.0;4432.0;3895.0;198.6;123.4;250.1;155.4;298.3;185.4;D;B;B;Port Hope;Oshawa
via_existing;Ott-TO-0231;Ott-TO;357.31;358.08;222.022;222.501;770.0;0.478;0.74;2356.0;2362.0;2363.0;2564.0;2820.0;186.2;115.7;234.5;145.7;279.7;173.8;D;C;B;Port Hope;Oshawa
via_existing;Ott-TO-0232;Ott-TO;358.09;359.45;222.507;223.352;1360.0;0.845;0.41;4277.0;4277.0;5785.0;50000.0;15569.0;250.6;155.7;315.5;196.0;360.0;223.7;B;A;A;Port Hope;Oshawa
via_existing;Ott-TO-0233;Ott-TO;359.46;359.84;223.358;223.594;380.0;0.236;0.44;3965.0;3997.0;3973.0;4189.0;4417.0;242.3;150.6;305.0;189.5;360.0;223.7;C;A;A;Port Hope;Oshawa
via_existing;Ott-TO-0234;Ott-TO;359.85;360.51;223.6;224.011;660.0;0.41;0.28;6251.0;6251.0;6959.0;50000.0;15855.0;303.0;188.3;360.0;223.7;360.0;223.7;A;A;A;Port Hope;Oshawa
via_existing;Ott-TO-0235;Ott-TO;360.52;360.97;224.017;224.296;450.0;0.28;0.4;4361.0;4391.0;4372.0;4723.0;4845.0;253.9;157.8;319.7;198.7;360.0;223.7;B;A;A;Port Hope;Oshawa
via_existing;Ott-TO-0236;Ott-TO;360.98;362.25;224.303;225.092;1270.0;0.789;0.45;3869.0;3869.0;4749.0;50000.0;12602.0;238.3;148.1;300.1;186.5;357.9;222.4;C;A;A;Port Hope;Oshawa
via_existing;Ott-TO-0237;Ott-TO;362.26;362.96;225.098;225.533;700.0;0.435;0.5;3461.0;3465.0;3465.0;3620.0;3838.0;225.6;140.2;284.0;176.5;338.8;210.5;C;B;A;Port Hope;Oshawa
via_existing;Ott-TO-0238;Ott-TO;362.97;364.69;225.539;226.608;1720.0;1.069;0.28;6208.0;6208.0;50000.0;50000.0;33901.0;301.9;187.6;360.0;223.7;360.0;223.7;A;A;A;Port Hope;Oshawa
via_existing;Ott-TO-0239;Ott-TO;364.7;365.03;226.614;226.819;330.0;0.205;0.64;2732.0;2732.0;2998.0;3628.0;3460.0;200.3;124.5;252.2;156.7;300.8;186.9;C;B;A;Port Hope;Oshawa
via_existing;Ott-TO-0240;Ott-TO;365.04;365.24;226.825;226.95;200.0;0.124;0.92;1894.0;1894.0;1933.0;2159.0;2178.0;166.7;103.6;209.9;130.4;250.4;155.6;D;C;B;Port Hope;Oshawa
via_existing;Ott-TO-0241;Ott-TO;365.25;365.64;226.956;227.198;390.0;0.242;1.0;1745.0;1745.0;1751.0;1753.0;1770.0;160.0;99.4;201.5;125.2;240.4;149.4;D;C;C;Port Hope;Oshawa
via_existing;Ott-TO-0242;Ott-TO;365.65;365.9;227.204;227.36;250.0;0.155;1.01;1733.0;1736.0;1733.0;1744.0;1768.0;159.7;99.2;201.0;124.9;239.8;149.0;E;C;C;Port Hope;Oshawa
via_existing;Ott-TO-0243;Ott-TO;365.91;366.42;227.366;227.683;510.0;0.317;0.92;1907.0;1907.0;2040.0;2356.0;2280.0;167.3;104.0;210.7;130.9;251.3;156.2;D;C;B;Port Hope;Oshawa
via_existing;Ott-TO-0244;Ott-TO;366.43;366.77;227.689;227.9;340.0;0.211;0.03;50000.0;50000.0;50000.0;50000.0;50000.0;360.0;223.7;360.0;223.7;360.0;223.7;A;A;A;Port Hope;Oshawa
via_existing;Ott-TO-0245;Ott-TO;366.78;367.11;227.907;228.112;330.0;0.205;0.64;2726.0;2726.0;2997.0;4922.0;4096.0;200.1;124.3;251.9;156.5;300.5;186.7;C;B;A;Port Hope;Oshawa
via_existing;Ott-TO-0246;Ott-TO;367.12;367.77;228.118;228.522;650.0;0.404;0.88;1980.0;1995.0;1993.0;2331.0;2510.0;171.2;106.4;215.5;133.9;257.1;159.8;D;C;B;Port Hope;Oshawa
via_existing;Ott-TO-0247;Ott-TO;367.78;368.66;228.528;229.075;880.0;0.547;0.64;2742.0;2742.0;3462.0;12055.0;8781.0;200.6;124.6;252.6;157.0;301.3;187.2;C;B;A;Port Hope;Oshawa
via_existing;Ott-TO-0248;Ott-TO;368.67;369.38;229.081;229.522;710.0;0.441;0.84;2071.0;2081.0;2082.0;2401.0;2593.0;174.8;108.6;220.1;136.8;262.5;163.1;D;C;B;Port Hope;Oshawa
via_existing;Ott-TO-0249;Ott-TO;369.39;371.75;229.528;230.995;2360.0;1.466;0.45;3888.0;3888.0;6288.0;50000.0;19647.0;238.9;148.4;300.8;186.9;358.8;222.9;C;A;A;Port Hope;Oshawa
via_existing;Ott-TO-0250;Ott-TO;371.76;372.99;231.001;231.765;1230.0;0.764;0.49;3541.0;3546.0;3546.0;3570.0;3586.0;228.2;141.8;287.3;178.5;342.7;212.9;C;B;A;Port Hope;Oshawa
via_existing;Ott-TO-0251;Ott-TO;373.0;374.22;231.771;232.53;1220.0;0.758;1.0;1752.0;1753.0;1753.0;1782.0;1805.0;160.4;99.7;202.0;125.5;240.9;149.7;D;C;C;Port Hope;Oshawa
via_existing;Ott-TO-0252;Ott-TO;374.23;374.9;232.536;232.952;670.0;0.416;0.92;1888.0;1888.0;2049.0;2196.0;2638.0;166.5;103.5;209.6;130.2;250.0;155.3;D;C;B;Port Hope;Oshawa
via_existing;Ott-TO-0253;Ott-TO;374.91;375.27;232.958;233.182;360.0;0.224;0.45;3881.0;3881.0;3987.0;3987.0;3983.0;238.7;148.3;300.6;186.8;358.5;222.8;C;A;A;Port Hope;Oshawa
via_existing;Ott-TO-0254;Ott-TO;375.28;375.74;233.188;233.474;460.0;0.286;0.49;3560.0;3579.0;3567.0;3802.0;4065.0;229.2;142.4;288.6;179.3;344.3;213.9;C;B;A;Port Hope;Oshawa
via_existing;Ott-TO-0255;Ott-TO;375.75;376.7;233.48;234.071;950.0;0.59;0.99;1759.0;1759.0;2350.0;11207.0;6834.0;160.7;99.9;202.3;125.7;241.4;150.0;D;C;C;Port Hope;Oshawa
via_existing;Ott-TO-0256;Ott-TO;376.71;376.94;234.077;234.22;230.0;0.143;1.44;1211.0;1211.0;1233.0;1371.0;1389.0;133.3;82.8;167.9;104.3;200.3;124.5;E;D;C;Port Hope;Oshawa
via_existing;Ott-TO-0257;Ott-TO;376.95;377.15;234.226;234.35;200.0;0.124;1.49;1165.0;1171.0;1165.0;1174.0;1178.0;131.1;81.5;165.1;102.6;196.9;122.3;E;D;D;Port Hope;Oshawa
via_existing;Ott-TO-0258;Ott-TO;377.16;377.68;234.356;234.679;520.0;0.323;1.44;1209.0;1209.0;1262.0;1822.0;1885.0;133.3;82.8;167.8;104.3;200.1;124.3;E;D;C;Port Hope;Oshawa
via_existing;Ott-TO-0259;Ott-TO;377.69;380.02;234.686;236.133;2330.0;1.448;0.64;2744.0;2744.0;6715.0;50000.0;19293.0;200.7;124.7;252.7;157.0;301.5;187.3;C;B;A;Port Hope;Oshawa
via_existing;Ott-TO-0260;Ott-TO;380.03;380.22;236.14;236.258;190.0;0.118;0.92;1903.0;1903.0;1944.0;2175.0;2192.0;167.2;103.9;210.5;130.8;251.1;156.0;D;C;B;Port Hope;Oshawa
via_existing;Ott-TO-0261;Ott-TO;380.23;380.73;236.264;236.575;500.0;0.311;1.0;1744.0;1746.0;1745.0;1760.0;1779.0;160.1;99.5;201.6;125.3;240.5;149.4;D;C;C;Port Hope;Oshawa
via_existing;Ott-TO-0262;Ott-TO;380.74;381.15;236.581;236.836;410.0;0.255;0.92;1898.0;1898.0;1985.0;2689.0;2751.0;167.0;103.8;210.2;130.6;250.7;155.8;D;C;B;Port Hope;Oshawa
via_existing;Ott-TO-0263;Ott-TO;381.16;382.42;236.842;237.625;1260.0;0.783;0.28;6250.0;6250.0;17086.0;50000.0;34026.0;302.9;188.2;360.0;223.7;360.0;223.7;A;A;A;Port Hope;Oshawa
via_existing;Ott-TO-0264;Ott-TO;382.43;382.98;237.631;237.973;550.0;0.342;0.92;1888.0;1888.0;2005.0;2444.0;2324.0;166.5;103.5;209.7;130.3;250.1;155.4;D;C;B;Port Hope;Oshawa
via_existing;Ott-TO-0265;Ott-TO;382.99;383.3;237.979;238.172;310.0;0.193;0.99;1758.0;1764.0;1759.0;1788.0;1798.0;160.9;100.0;202.6;125.9;241.7;150.2;D;C;C;Port Hope;Oshawa
via_existing;Ott-TO-0266;Ott-TO;383.31;383.5;238.178;238.296;190.0;0.118;0.92;1899.0;1899.0;1938.0;2156.0;2174.0;167.0;103.8;210.3;130.7;250.8;155.8;D;C;B;Port Hope;Oshawa
via_existing;Ott-TO-0267;Ott-TO;383.51;383.85;238.302;238.513;340.0;0.211;0.65;2697.0;2697.0;2697.0;2697.0;2697.0;199.0;123.7;250.5;155.7;298.9;185.7;D;B;B;Port Hope;Oshawa
via_existing;Ott-TO-0268;Ott-TO;383.86;384.72;238.52;239.054;860.0;0.534;0.64;2742.0;2742.0;3566.0;50000.0;10839.0;200.7;124.7;252.6;157.0;301.4;187.3;C;B;A;Port Hope;Oshawa
via_existing;Ott-TO-0269;Ott-TO;384.73;384.93;239.06;239.184;200.0;0.124;0.92;1896.0;1896.0;1935.0;2167.0;2186.0;166.8;103.6;210.1;130.6;250.6;155.7;D;C;B;Port Hope;Oshawa
via_existing;Ott-TO-0270;Ott-TO;384.94;385.24;239.191;239.377;300.0;0.186;0.99;1757.0;1764.0;1758.0;1788.0;1798.0;160.9;100.0;202.6;125.9;241.7;150.2;D;C;C;Port Hope;Oshawa
via_existing;Ott-TO-0271;Ott-TO;385.25;385.45;239.383;239.508;200.0;0.124;0.92;1892.0;1892.0;1930.0;2152.0;2171.0;166.7;103.6;209.8;130.4;250.3;155.5;D;C;B;Port Hope;Oshawa
via_existing;Ott-TO-0272;Ott-TO;385.46;385.8;239.514;239.725;340.0;0.211;0.64;2716.0;2716.0;2716.0;2716.0;2716.0;199.7;124.1;251.4;156.2;299.9;186.3;D;B;B;Port Hope;Oshawa
via_existing;Ott-TO-0273;Ott-TO;385.81;386.55;239.731;240.191;740.0;0.46;0.99;1756.0;1756.0;2273.0;50000.0;6057.0;160.6;99.8;202.1;125.6;241.1;149.8;D;C;C;Port Hope;Oshawa
via_existing;Ott-TO-0274;Ott-TO;386.56;387.13;240.197;240.551;570.0;0.354;1.38;1262.0;1268.0;1266.0;1369.0;1404.0;136.5;84.8;171.8;106.8;204.9;127.3;E;D;C;Port Hope;Oshawa
via_existing;Ott-TO-0275;Ott-TO;387.14;387.55;240.558;240.812;410.0;0.255;1.0;1745.0;1745.0;1802.0;1853.0;1844.0;160.1;99.5;201.5;125.2;240.4;149.4;D;C;C;Port Hope;Oshawa
via_existing;Ott-TO-0276;Ott-TO;387.56;388.01;240.819;241.098;450.0;0.28;0.92;1891.0;1891.0;1891.0;1891.0;1891.0;166.6;103.5;209.8;130.4;250.2;155.5;D;C;B;Port Hope;Oshawa
via_existing;Ott-TO-0277;Ott-TO;388.02;388.97;241.104;241.695;950.0;0.59;1.0;1744.0;1744.0;1751.0;1785.0;1784.0;160.0;99.4;201.5;125.2;240.3;149.3;D;C;C;Port Hope;Oshawa
via_existing;Ott-TO-0278;Ott-TO;388.98;389.24;241.701;241.863;260.0;0.162;1.0;1739.0;1740.0;1739.0;1741.0;1741.0;159.8;99.3;201.2;125.0;240.0;149.1;E;C;C;Port Hope;Oshawa
via_existing;Ott-TO-0279;Ott-TO;389.25;389.63;241.869;242.105;380.0;0.236;1.0;1744.0;1744.0;1746.0;1748.0;1767.0;160.0;99.4;201.5;125.2;240.3;149.3;D;C;C;Port Hope;Oshawa
via_existing;Ott-TO-0280;Ott-TO;389.64;390.04;242.111;242.36;400.0;0.249;0.92;1902.0;1902.0;1994.0;2727.0;2780.0;167.1;103.8;210.4;130.7;251.0;156.0;D;C;B;Port Hope;Oshawa
via_existing;Ott-TO-0281;Ott-TO;390.05;392.82;242.366;244.087;2770.0;1.721;0.45;3886.0;3886.0;6320.0;50000.0;21017.0;238.9;148.4;300.7;186.8;358.7;222.9;C;A;A;Port Hope;Oshawa
via_existing;Ott-TO-0282;Ott-TO;392.83;393.27;244.093;244.367;440.0;0.273;0.47;3675.0;3701.0;3684.0;3923.0;4159.0;233.1;144.8;293.5;182.4;350.1;217.5;C;B;A;Port Hope;Oshawa
via_existing;Ott-TO-0283;Ott-TO;393.28;397.21;244.373;246.815;3930.0;2.442;1.0;1744.0;1744.0;2870.0;50000.0;11453.0;160.0;99.4;201.5;125.2;240.4;149.4;D;C;C;Oshawa;Guildwood
via_existing;Ott-TO-0284;Ott-TO;397.22;397.59;246.821;247.051;370.0;0.23;1.0;1737.0;1738.0;1737.0;1744.0;1765.0;159.7;99.2;201.1;125.0;239.9;149.1;E;C;C;Oshawa;Guildwood
via_existing;Ott-TO-0285;Ott-TO;397.6;398.04;247.057;247.331;440.0;0.273;0.92;1895.0;1895.0;1986.0;2724.0;2773.0;166.8;103.6;210.0;130.5;250.5;155.7;D;C;B;Oshawa;Guildwood
via_existing;Ott-TO-0286;Ott-TO;398.05;400.22;247.337;248.685;2170.0;1.348;0.28;6263.0;6263.0;50000.0;50000.0;38981.0;303.2;188.4;360.0;223.7;360.0;223.7;A;A;A;Oshawa;Guildwood
via_existing;Ott-TO-0287;Ott-TO;400.23;400.88;248.691;249.095;650.0;0.404;1.0;1747.0;1747.0;1806.0;2817.0;2580.0;160.1;99.5;201.6;125.3;240.5;149.4;D;C;C;Oshawa;Guildwood
via_existing;Ott-TO-0288;Ott-TO;400.89;400.99;249.101;249.164;100.0;0.062;1.01;1731.0;1734.0;1731.0;1734.0;1735.0;159.6;99.2;200.9;124.8;239.7;148.9;E;C;C;Oshawa;Guildwood
via_existing;Ott-TO-0289;Ott-TO;401.0;401.52;249.17;249.493;520.0;0.323;1.0;1747.0;1747.0;1788.0;2364.0;2480.0;160.2;99.5;201.7;125.3;240.6;149.5;D;C;C;Oshawa;Guildwood
via_existing;Ott-TO-0290;Ott-TO;401.53;409.01;249.499;254.147;7480.0;4.648;0.65;2700.0;2700.0;50000.0;50000.0;33144.0;199.1;123.7;250.7;155.8;299.0;185.8;D;B;B;Oshawa;Guildwood
via_existing;Ott-TO-0291;Ott-TO;409.02;409.58;254.153;254.501;560.0;0.348;0.8;2176.0;2191.0;2186.0;2478.0;2690.0;179.3;111.4;225.8;140.3;269.4;167.4;D;C;B;Oshawa;Guildwood
via_existing;Ott-TO-0292;Ott-TO;409.59;414.38;254.507;257.484;4790.0;2.976;1.02;1704.0;1711.0;3521.0;50000.0;12979.0;158.5;98.5;199.6;124.0;238.0;147.9;E;D;C;Oshawa;Guildwood
via_existing;Ott-TO-0293;Ott-TO;414.39;414.43;257.49;257.515;40.0;0.025;1.01;1720.0;1730.0;1720.0;1730.0;1730.0;159.4;99.0;200.7;124.7;239.4;148.8;E;C;C;Oshawa;Guildwood
via_existing;Ott-TO-0294;Ott-TO;414.44;415.0;257.521;257.869;560.0;0.348;1.0;1745.0;1745.0;1755.0;1806.0;1802.0;160.1;99.5;201.5;125.2;240.4;149.4;D;C;C;Oshawa;Guildwood
via_existing;Ott-TO-0295;Ott-TO;415.01;415.31;257.875;258.062;300.0;0.186;1.01;1733.0;1735.0;1734.0;1743.0;1765.0;159.6;99.2;201.0;124.9;239.7;148.9;E;C;C;Oshawa;Guildwood
via_existing;Ott-TO-0296;Ott-TO;415.32;415.69;258.068;258.298;370.0;0.23;0.92;1888.0;1888.0;1945.0;2437.0;2488.0;166.5;103.5;209.6;130.2;250.1;155.4;D;C;B;Oshawa;Guildwood
via_existing;Ott-TO-0297;Ott-TO;415.7;415.92;258.304;258.441;220.0;0.137;0.41;4307.0;4307.0;4307.0;4307.0;4307.0;251.5;156.3;316.6;196.7;360.0;223.7;B;A;A;Oshawa;Guildwood
via_existing;Ott-TO-0298;Ott-TO;415.93;416.22;258.447;258.627;290.0;0.18;0.03;50000.0;50000.0;50000.0;50000.0;50000.0;360.0;223.7;360.0;223.7;360.0;223.7;A;A;A;Oshawa;Guildwood
via_existing;Ott-TO-0299;Ott-TO;416.23;416.78;258.633;258.975;550.0;0.342;0.92;1900.0;1900.0;2032.0;2506.0;2375.0;167.0;103.8;210.3;130.7;250.9;155.9;D;C;B;Oshawa;Guildwood
via_existing;Ott-TO-0300;Ott-TO;416.79;417.04;258.981;259.137;250.0;0.155;0.99;1762.0;1771.0;1762.0;1794.0;1803.0;161.3;100.2;203.0;126.1;242.2;150.5;D;C;C;Oshawa;Guildwood
via_existing;Ott-TO-0301;Ott-TO;417.05;417.44;259.143;259.385;390.0;0.242;0.92;1895.0;1895.0;1983.0;2685.0;2746.0;166.8;103.6;210.0;130.5;250.5;155.7;D;C;B;Oshawa;Guildwood
via_existing;Ott-TO-0302;Ott-TO;417.45;417.9;259.391;259.671;450.0;0.28;0.28;6165.0;6165.0;6770.0;12643.0;12068.0;300.9;187.0;360.0;223.7;360.0;223.7;A;A;A;Oshawa;Guildwood
via_existing;Ott-TO-0303;Ott-TO;417.91;418.35;259.677;259.951;440.0;0.273;0.39;4418.0;4454.0;4430.0;4731.0;4858.0;255.7;158.9;322.0;200.1;360.0;223.7;B;A;A;Oshawa;Guildwood
via_existing;Ott-TO-0304;Ott-TO;418.36;420.22;259.957;261.113;1860.0;1.156;0.64;2727.0;2727.0;4539.0;50000.0;14412.0;200.1;124.3;251.9;156.5;300.5;186.7;C;B;A;Oshawa;Guildwood
via_existing;Ott-TO-0305;Ott-TO;420.23;421.2;261.119;261.722;970.0;0.603;1.0;1754.0;1754.0;2375.0;3018.0;3238.0;160.5;99.7;202.0;125.5;241.0;149.8;D;C;C;Oshawa;Guildwood
via_existing;Ott-TO-0306;Ott-TO;421.21;421.8;261.728;262.094;590.0;0.367;1.2;1447.0;1457.0;1455.0;1668.0;1892.0;146.3;90.9;184.1;114.4;219.7;136.5;E;D;C;Oshawa;Guildwood
via_existing;Ott-TO-0307;Ott-TO;421.81;426.07;262.101;264.748;4260.0;2.647;0.64;2719.0;2719.0;50000.0;50000.0;27479.0;199.8;124.1;251.6;156.3;300.1;186.5;D;B;A;Oshawa;Guildwood
via_existing;Ott-TO-0308;Ott-TO;426.08;426.52;264.754;265.027;440.0;0.273;0.86;2023.0;2039.0;2029.0;2202.0;2245.0;173.0;107.5;217.8;135.3;259.8;161.4;D;C;B;Guildwood;Toronto
via_existing;Ott-TO-0309;Ott-TO;426.53;426.79;265.033;265.195;260.0;0.162;0.03;50000.0;50000.0;50000.0;50000.0;50000.0;360.0;223.7;360.0;223.7;360.0;223.7;A;A;A;Guildwood;Toronto
via_existing;Ott-TO-0310;Ott-TO;426.8;426.87;265.201;265.245;70.0;0.043;0.69;2504.0;2525.0;2504.0;2525.0;2536.0;192.5;119.6;242.4;150.6;289.2;179.7;D;C;B;Guildwood;Toronto
via_existing;Ott-TO-0311;Ott-TO;426.88;427.09;265.251;265.381;210.0;0.13;1.71;1019.0;1019.0;50000.0;50000.0;15695.0;122.3;76.0;154.0;95.7;183.7;114.1;E;E;D;Guildwood;Toronto
via_existing;Ott-TO-0312;Ott-TO;427.1;427.41;265.388;265.58;310.0;0.193;3.08;567.0;567.0;911.0;1408.0;1235.0;91.2;56.7;114.9;71.4;137.0;85.1;F;E;E;Guildwood;Toronto
via_existing;Ott-TO-0313;Ott-TO;427.42;428.13;265.586;266.028;710.0;0.441;1.69;754.0;1031.0;1025.0;1357.0;1509.0;123.0;76.4;154.9;96.3;184.8;114.8;E;E;D;Guildwood;Toronto
via_existing;Ott-TO-0314;Ott-TO;428.14;428.35;266.034;266.164;210.0;0.13;0.44;3890.0;3928.0;3891.0;3966.0;3996.0;240.1;149.2;302.4;187.9;360.0;223.7;C;A;A;Guildwood;Toronto
via_existing;Ott-TO-0315;Ott-TO;428.36;428.59;266.171;266.313;230.0;0.143;0.41;4298.0;4298.0;4416.0;4917.0;4920.0;251.2;156.1;316.3;196.5;360.0;223.7;B;A;A;Guildwood;Toronto
via_existing;Ott-TO-0316;Ott-TO;428.6;430.21;266.32;267.32;1610.0;1.0;0.93;1887.0;1887.0;2612.0;50000.0;8781.0;166.5;103.5;209.6;130.2;250.0;155.3;D;C;B;Guildwood;Toronto
via_existing;Ott-TO-0317;Ott-TO;430.22;430.85;267.326;267.718;630.0;0.391;1.0;1744.0;1754.0;1752.0;2072.0;2296.0;160.5;99.7;202.0;125.5;241.0;149.8;D;C;C;Guildwood;Toronto
via_existing;Ott-TO-0318;Ott-TO;430.86;434.35;267.724;269.893;3490.0;2.169;0.64;2725.0;2725.0;9491.0;50000.0;24052.0;200.0;124.3;251.9;156.5;300.4;186.7;C;B;A;Guildwood;Toronto
via_existing;Ott-TO-0319;Ott-TO;434.36;434.56;269.899;270.023;200.0;0.124;0.92;1894.0;1894.0;1937.0;2142.0;2170.0;166.7;103.6;209.9;130.4;250.4;155.6;D;C;B;Guildwood;Toronto
via_existing;Ott-TO-0320;Ott-TO;434.57;435.48;270.029;270.595;910.0;0.565;1.0;1745.0;1747.0;1749.0;1805.0;1794.0;160.2;99.5;201.7;125.3;240.6;149.5;D;C;C;Guildwood;Toronto
via_existing;Ott-TO-0321;Ott-TO;435.49;435.93;270.601;270.874;440.0;0.273;0.92;1891.0;1891.0;1968.0;2648.0;2731.0;166.6;103.5;209.8;130.4;250.3;155.5;D;C;B;Guildwood;Toronto
via_existing;Ott-TO-0322;Ott-TO;435.94;437.34;270.881;271.75;1400.0;0.87;0.45;3896.0;3896.0;4582.0;50000.0;13483.0;239.2;148.6;301.1;187.1;359.2;223.2;C;A;A;Guildwood;Toronto
via_existing;Ott-TO-0323;Ott-TO;437.35;437.63;271.757;271.931;280.0;0.174;0.47;3667.0;3688.0;3669.0;3749.0;3803.0;232.7;144.6;293.0;182.1;349.5;217.2;C;B;A;Guildwood;Toronto
via_existing;Ott-TO-0324;Ott-TO;437.64;437.84;271.937;272.061;200.0;0.124;0.4;4320.0;4320.0;4489.0;5201.0;5037.0;251.8;156.5;317.1;197.0;360.0;223.7;B;A;A;Guildwood;Toronto
via_existing;Ott-TO-0325;Ott-TO;437.85;440.85;272.067;273.931;3000.0;1.864;0.92;1894.0;1894.0;3900.0;50000.0;13804.0;166.8;103.6;210.0;130.5;250.4;155.6;D;C;B;Guildwood;Toronto
via_existing;Ott-TO-0326;Ott-TO;440.86;441.26;273.938;274.186;400.0;0.249;1.01;1726.0;1726.0;1757.0;1788.0;1795.0;159.2;98.9;200.4;124.5;239.1;148.6;E;C;C;Guildwood;Toronto
via_existing;Ott-TO-0327;Ott-TO;441.27;441.7;274.192;274.46;430.0;0.267;1.07;1628.0;1631.0;1629.0;1647.0;1659.0;154.7;96.1;194.8;121.0;232.4;144.4;E;D;C;Guildwood;Toronto
via_existing;Ott-TO-0328;Ott-TO;441.71;442.39;274.466;274.888;680.0;0.423;1.0;1755.0;1755.0;1814.0;1814.0;1820.0;160.5;99.7;202.1;125.6;241.1;149.8;D;C;C;Guildwood;Toronto
via_existing;Ott-TO-0329;Ott-TO;442.4;443.65;274.895;275.671;1250.0;0.777;2.32;748.0;752.0;752.0;804.0;1027.0;105.1;65.3;132.3;82.2;157.9;98.1;E;E;E;Guildwood;Toronto
via_existing;Ott-TO-0330;Ott-TO;443.66;444.25;275.678;276.044;590.0;0.367;0.81;2153.0;2161.0;2157.0;2273.0;2316.0;178.1;110.7;224.3;139.4;267.5;166.2;D;C;B;Guildwood;Toronto
via_existing;Ott-TO-0331;Ott-TO;444.26;444.75;276.05;276.355;490.0;0.304;0.73;2401.0;2401.0;2947.0;3487.0;3719.0;187.8;116.7;236.4;146.9;282.0;175.2;D;C;B;Guildwood;Toronto
via_existing;Ott-TO-0332;Ott-TO;444.76;444.8;276.361;276.386;40.0;0.025;1.02;1707.0;1707.0;1707.0;1707.0;2205.0;158.3;98.4;199.3;123.8;237.8;147.8;E;D;C;Guildwood;Toronto
via_existing;Ott-TO-0333;Ott-TO;444.81;445.02;276.392;276.523;210.0;0.13;0.46;2833.0;3785.0;2881.0;8390.0;7775.0;235.7;146.5;296.8;184.4;354.1;220.0;C;B;A;Guildwood;Toronto
via_existing;Ott-TO-0335;Ott-TO;445.04;445.87;276.535;277.051;830.0;0.516;0.39;4482.0;4494.0;18245.0;50000.0;24147.0;256.9;159.6;323.4;201.0;360.0;223.7;B;A;A;Guildwood;Toronto
via_existing;Ott-TO-0336;Ott-TO;445.88;445.92;277.057;277.082;40.0;0.025;1.35;1292.0;1292.0;1292.0;1292.0;1292.0;137.7;85.6;173.4;107.7;206.9;128.6;E;D;C;Guildwood;Toronto
via_existing;MTL-TO-0000;MTL-TO;0.0;0.69;0.0;0.429;690.0;0.429;2.55;686.0;686.0;911.0;3123.0;2759.0;100.3;62.3;126.3;78.5;150.7;93.6;E;E;E;Montréal;Dorval
via_existing;MTL-TO-0001;MTL-TO;0.7;2.34;0.435;1.454;1640.0;1.019;3.54;489.0;493.0;507.0;625.0;575.0;85.1;52.9;107.1;66.5;127.7;79.3;F;E;E;Montréal;Dorval
via_existing;MTL-TO-0002;MTL-TO;2.35;2.79;1.46;1.734;440.0;0.273;2.55;686.0;686.0;686.0;686.0;686.0;100.3;62.3;126.3;78.5;150.7;93.6;E;E;E;Montréal;Dorval
via_existing;MTL-TO-0003;MTL-TO;2.8;4.19;1.74;2.604;1390.0;0.864;1.95;892.0;895.0;904.0;930.0;961.0;114.7;71.3;144.4;89.7;172.2;107.0;E;E;D;Montréal;Dorval
via_existing;MTL-TO-0004;MTL-TO;4.2;5.36;2.61;3.331;1160.0;0.721;2.92;594.0;598.0;604.0;664.0;787.0;93.7;58.2;118.0;73.3;140.7;87.4;F;E;E;Montréal;Dorval
via_existing;MTL-TO-0005;MTL-TO;5.37;5.66;3.337;3.517;290.0;0.18;0.47;3473.0;3716.0;3692.0;50000.0;18149.0;233.6;145.2;294.1;182.7;350.8;218.0;C;B;A;Montréal;Dorval
via_existing;MTL-TO-0006;MTL-TO;5.67;5.68;3.523;3.529;10.0;0.006;0.43;3932.0;4028.0;3932.0;4028.0;4025.0;243.2;151.1;306.2;190.3;360.0;223.7;C;A;A;Montréal;Dorval
via_existing;MTL-TO-0007;MTL-TO;5.69;6.07;3.536;3.772;380.0;0.236;0.41;4289.0;4289.0;4998.0;50000.0;10911.0;251.0;156.0;316.0;196.4;360.0;223.7;B;A;A;Montréal;Dorval
via_existing;MTL-TO-0008;MTL-TO;6.08;6.53;3.778;4.058;450.0;0.28;0.28;6258.0;6258.0;6681.0;10534.0;9404.0;303.1;188.3;360.0;223.7;360.0;223.7;A;A;A;Montréal;Dorval
via_existing;MTL-TO-0009;MTL-TO;6.54;7.03;4.064;4.368;490.0;0.304;0.33;5208.0;5253.0;5230.0;5665.0;5532.0;277.7;172.6;349.7;217.3;360.0;223.7;B;A;A;Montréal;Dorval
via_existing;MTL-TO-0010;MTL-TO;7.04;7.58;4.374;4.71;540.0;0.336;0.03;50000.0;50000.0;50000.0;50000.0;50000.0;360.0;223.7;360.0;223.7;360.0;223.7;A;A;A;Montréal;Dorval
via_existing;MTL-TO-0011;MTL-TO;7.59;7.95;4.716;4.94;360.0;0.224;0.45;3876.0;3876.0;4061.0;5402.0;5091.0;238.5;148.2;300.3;186.6;358.3;222.6;C;A;A;Montréal;Dorval
via_existing;MTL-TO-0012;MTL-TO;7.96;8.84;4.946;5.493;880.0;0.547;0.5;3479.0;3485.0;3490.0;3849.0;4038.0;226.2;140.6;284.8;177.0;339.7;211.1;C;B;A;Montréal;Dorval
via_existing;MTL-TO-0013;MTL-TO;8.85;9.61;5.499;5.971;760.0;0.472;0.44;3929.0;3929.0;4177.0;4241.0;4237.0;240.2;149.3;302.4;187.9;360.0;223.7;C;A;A;Montréal;Dorval
via_existing;MTL-TO-0014;MTL-TO;9.62;9.91;5.978;6.158;290.0;0.18;0.65;2701.0;2701.0;2768.0;3038.0;3093.0;199.1;123.7;250.7;155.8;299.1;185.9;D;B;B;Montréal;Dorval
via_existing;MTL-TO-0015;MTL-TO;9.92;10.29;6.164;6.394;370.0;0.23;1.01;1726.0;1726.0;1758.0;2054.0;2074.0;159.2;98.9;200.4;124.5;239.1;148.6;E;C;C;Montréal;Dorval
via_existing;MTL-TO-0016;MTL-TO;10.3;10.67;6.4;6.63;370.0;0.23;1.06;1648.0;1655.0;1650.0;1688.0;1708.0;155.9;96.9;196.2;121.9;234.1;145.5;E;D;C;Montréal;Dorval
via_existing;MTL-TO-0017;MTL-TO;10.68;11.14;6.636;6.922;460.0;0.286;0.92;1906.0;1906.0;2003.0;2624.0;2735.0;167.3;104.0;210.6;130.9;251.2;156.1;D;C;B;Montréal;Dorval
via_existing;MTL-TO-0018;MTL-TO;11.15;13.84;6.928;8.6;2690.0;1.671;0.27;6510.0;6510.0;50000.0;50000.0;41612.0;309.2;192.1;360.0;223.7;360.0;223.7;A;A;A;Montréal;Dorval
via_existing;MTL-TO-0019;MTL-TO;13.85;13.88;8.606;8.625;30.0;0.019;0.3;5855.0;5855.0;5855.0;5855.0;5906.0;293.2;182.2;360.0;223.7;360.0;223.7;B;A;A;Montréal;Dorval
via_existing;MTL-TO-0020;MTL-TO;13.89;14.44;8.631;8.973;550.0;0.342;0.45;3916.0;3916.0;4872.0;10480.0;10508.0;239.8;149.0;301.9;187.6;360.0;223.7;C;A;A;Montréal;Dorval
via_existing;MTL-TO-0021;MTL-TO;14.45;14.75;8.979;9.165;300.0;0.186;0.6;2861.0;2891.0;2866.0;2986.0;3065.0;206.0;128.0;259.4;161.2;309.5;192.3;C;B;A;Montréal;Dorval
via_existing;MTL-TO-0022;MTL-TO;14.76;15.23;9.171;9.463;470.0;0.292;0.03;50000.0;50000.0;50000.0;50000.0;50000.0;360.0;223.7;360.0;223.7;360.0;223.7;A;A;A;Montréal;Dorval
via_existing;MTL-TO-0023;MTL-TO;15.24;15.35;9.47;9.538;110.0;0.068;0.34;4824.0;5166.0;4824.0;5166.0;5229.0;275.4;171.1;346.7;215.4;360.0;223.7;B;A;A;Montréal;Dorval
via_existing;MTL-TO-0024;MTL-TO;15.36;21.68;9.544;13.471;6320.0;3.927;0.45;3899.0;3899.0;50000.0;50000.0;31377.0;239.3;148.7;301.3;187.2;359.4;223.3;C;A;A;Dorval;Aéroport Montréal Pierre-Elliott Trudeau
via_existing;MTL-TO-0025;MTL-TO;21.69;22.96;13.478;14.267;1270.0;0.789;0.5;3455.0;3463.0;3473.0;3519.0;3679.0;225.5;140.1;283.9;176.4;338.7;210.5;C;B;A;Aéroport Montréal Pierre-Elliott Trudeau;Coteau
via_existing;MTL-TO-0026;MTL-TO;22.97;27.64;14.273;17.175;4670.0;2.902;0.41;4280.0;4280.0;10578.0;50000.0;28963.0;250.7;155.8;315.6;196.1;360.0;223.7;B;A;A;Aéroport Montréal Pierre-Elliott Trudeau;Coteau
via_existing;MTL-TO-0027;MTL-TO;27.65;27.75;17.181;17.243;100.0;0.062;0.42;4184.0;4200.0;4184.0;4200.0;4206.0;248.3;154.3;312.7;194.3;360.0;223.7;C;A;A;Aéroport Montréal Pierre-Elliott Trudeau;Coteau
via_existing;MTL-TO-0028;MTL-TO;27.76;27.95;17.249;17.367;190.0;0.118;0.41;4267.0;4267.0;4336.0;4841.0;4907.0;250.3;155.5;315.1;195.8;360.0;223.7;B;A;A;Aéroport Montréal Pierre-Elliott Trudeau;Coteau
via_existing;MTL-TO-0029;MTL-TO;27.96;30.83;17.374;19.157;2870.0;1.783;0.45;3884.0;3884.0;6742.0;50000.0;21379.0;238.8;148.4;300.7;186.8;358.7;222.9;C;A;A;Aéroport Montréal Pierre-Elliott Trudeau;Coteau
via_existing;MTL-TO-0030;MTL-TO;30.84;31.47;19.163;19.555;630.0;0.391;0.49;3538.0;3544.0;3544.0;3718.0;3935.0;228.1;141.7;287.2;178.5;342.6;212.9;C;B;A;Aéroport Montréal Pierre-Elliott Trudeau;Coteau
via_existing;MTL-TO-0031;MTL-TO;31.48;34.78;19.561;21.611;3300.0;2.051;0.44;3959.0;3959.0;11372.0;50000.0;29272.0;241.1;149.8;303.6;188.6;360.0;223.7;C;A;A;Aéroport Montréal Pierre-Elliott Trudeau;Coteau
via_existing;MTL-TO-0032;MTL-TO;34.79;34.88;21.618;21.673;90.0;0.056;0.51;3304.0;3437.0;3304.0;3437.0;3478.0;224.6;139.6;282.8;175.7;337.4;209.7;C;B;A;Aéroport Montréal Pierre-Elliott Trudeau;Coteau
via_existing;MTL-TO-0033;MTL-TO;34.89;35.11;21.68;21.816;220.0;0.137;1.79;974.0;974.0;1871.0;50000.0;5468.0;119.6;74.3;150.6;93.6;179.6;111.6;E;E;D;Aéroport Montréal Pierre-Elliott Trudeau;Coteau
via_existing;MTL-TO-0034;MTL-TO;35.12;35.16;21.823;21.847;40.0;0.025;3.11;562.0;562.0;562.0;562.0;645.0;90.8;56.4;114.4;71.1;136.4;84.8;F;E;E;Aéroport Montréal Pierre-Elliott Trudeau;Coteau
via_existing;MTL-TO-0035;MTL-TO;35.17;35.43;21.854;22.015;260.0;0.162;1.57;1109.0;1109.0;1161.0;1415.0;1388.0;127.6;79.3;160.6;99.8;191.6;119.1;E;D;D;Aéroport Montréal Pierre-Elliott Trudeau;Coteau
via_existing;MTL-TO-0036;MTL-TO;35.44;35.71;22.021;22.189;270.0;0.168;1.7;1019.0;1027.0;1020.0;1049.0;1062.0;122.8;76.3;154.6;96.1;184.5;114.6;E;E;D;Aéroport Montréal Pierre-Elliott Trudeau;Coteau
via_existing;MTL-TO-0037;MTL-TO;35.72;36.35;22.195;22.587;630.0;0.391;1.45;1208.0;1208.0;1386.0;1486.0;1844.0;133.2;82.8;167.7;104.2;200.0;124.3;E;D;C;Aéroport Montréal Pierre-Elliott Trudeau;Coteau
via_existing;MTL-TO-0038;MTL-TO;36.36;36.73;22.593;22.823;370.0;0.23;0.45;3892.0;3892.0;3948.0;3948.0;3947.0;239.1;148.6;301.0;187.0;359.0;223.1;C;A;A;Aéroport Montréal Pierre-Elliott Trudeau;Coteau
via_existing;MTL-TO-0039;MTL-TO;36.74;39.61;22.829;24.613;2870.0;1.783;0.52;3343.0;3346.0;3362.0;3515.0;3563.0;221.7;137.8;279.1;173.4;332.9;206.9;C;B;A;Aéroport Montréal Pierre-Elliott Trudeau;Coteau
via_existing;MTL-TO-0040;MTL-TO;39.62;40.22;24.619;24.992;600.0;0.373;0.28;6248.0;6248.0;7617.0;50000.0;20500.0;302.9;188.2;360.0;223.7;360.0;223.7;A;A;A;Aéroport Montréal Pierre-Elliott Trudeau;Coteau
via_existing;MTL-TO-0041;MTL-TO;40.23;40.58;24.998;25.215;350.0;0.217;0.65;2699.0;2699.0;2699.0;2699.0;2699.0;199.1;123.7;250.7;155.8;299.0;185.8;D;B;B;Aéroport Montréal Pierre-Elliott Trudeau;Coteau
via_existing;MTL-TO-0042;MTL-TO;40.59;40.85;25.221;25.383;260.0;0.162;0.92;1889.0;1889.0;1914.0;2102.0;2137.0;166.6;103.5;209.7;130.3;250.2;155.5;D;C;B;Aéroport Montréal Pierre-Elliott Trudeau;Coteau
via_existing;MTL-TO-0043;MTL-TO;40.86;41.18;25.389;25.588;320.0;0.199;0.95;1841.0;1842.0;1841.0;1846.0;1852.0;164.5;102.2;207.1;128.7;247.0;153.5;D;C;C;Aéroport Montréal Pierre-Elliott Trudeau;Coteau
via_existing;MTL-TO-0044;MTL-TO;41.19;41.66;25.594;25.886;470.0;0.292;0.92;1892.0;1892.0;1954.0;2527.0;2645.0;166.7;103.6;209.9;130.4;250.3;155.5;D;C;B;Aéroport Montréal Pierre-Elliott Trudeau;Coteau
via_existing;MTL-TO-0045;MTL-TO;41.67;43.07;25.893;26.762;1400.0;0.87;0.41;4296.0;4296.0;5898.0;50000.0;16812.0;251.1;156.0;316.2;196.5;360.0;223.7;B;A;A;Aéroport Montréal Pierre-Elliott Trudeau;Coteau
via_existing;MTL-TO-0046;MTL-TO;43.08;43.42;26.769;26.98;340.0;0.211;0.44;3918.0;3949.0;3924.0;4108.0;4251.0;240.8;149.6;303.2;188.4;360.0;223.7;C;A;A;Aéroport Montréal Pierre-Elliott Trudeau;Coteau
via_existing;MTL-TO-0047;MTL-TO;43.43;43.77;26.986;27.197;340.0;0.211;0.03;50000.0;50000.0;50000.0;50000.0;50000.0;360.0;223.7;360.0;223.7;360.0;223.7;A;A;A;Aéroport Montréal Pierre-Elliott Trudeau;Coteau
via_existing;MTL-TO-0048;MTL-TO;43.78;44.13;27.204;27.421;350.0;0.217;0.39;4386.0;4424.0;4393.0;4634.0;4768.0;254.9;158.4;320.9;199.4;360.0;223.7;B;A;A;Aéroport Montréal Pierre-Elliott Trudeau;Coteau
via_existing;MTL-TO-0049;MTL-TO;44.14;44.65;27.427;27.744;510.0;0.317;0.28;6166.0;6166.0;6739.0;10243.0;10003.0;300.9;187.0;360.0;223.7;360.0;223.7;A;A;A;Aéroport Montréal Pierre-Elliott Trudeau;Coteau
via_existing;MTL-TO-0050;MTL-TO;44.66;44.86;27.75;27.875;200.0;0.124;0.41;4266.0;4266.0;4312.0;4725.0;4818.0;250.3;155.5;315.1;195.8;360.0;223.7;B;A;A;Aéroport Montréal Pierre-Elliott Trudeau;Coteau
via_existing;MTL-TO-0051;MTL-TO;44.87;44.92;27.881;27.912;50.0;0.031;0.41;4237.0;4238.0;4237.0;4238.0;4241.0;249.5;155.0;314.1;195.2;360.0;223.7;C;A;A;Aéroport Montréal Pierre-Elliott Trudeau;Coteau
via_existing;MTL-TO-0052;MTL-TO;44.93;45.13;27.918;28.042;200.0;0.124;0.41;4261.0;4261.0;4307.0;4738.0;4822.0;250.1;155.4;314.9;195.7;360.0;223.7;B;A;A;Aéroport Montréal Pierre-Elliott Trudeau;Coteau
via_existing;MTL-TO-0053;MTL-TO;45.14;46.01;28.049;28.589;870.0;0.541;0.28;6167.0;6167.0;7031.0;50000.0;17705.0;300.9;187.0;360.0;223.7;360.0;223.7;A;A;A;Aéroport Montréal Pierre-Elliott Trudeau;Coteau
via_existing;MTL-TO-0054;MTL-TO;46.02;46.38;28.596;28.819;360.0;0.224;0.35;4944.0;4983.0;4952.0;5192.0;5288.0;270.5;168.1;340.6;211.6;360.0;223.7;B;A;A;Aéroport Montréal Pierre-Elliott Trudeau;Coteau
via_existing;MTL-TO-0055;MTL-TO;46.39;56.69;28.825;35.226;10300.0;6.4;0.45;3891.0;3891.0;50000.0;50000.0;34434.0;239.0;148.5;300.9;187.0;359.0;223.1;C;A;A;Aéroport Montréal Pierre-Elliott Trudeau;Coteau
via_existing;MTL-TO-0056;MTL-TO;56.7;57.15;35.232;35.511;450.0;0.28;0.47;3694.0;3711.0;3701.0;3935.0;4179.0;233.4;145.0;293.9;182.6;350.6;217.9;C;B;A;Aéroport Montréal Pierre-Elliott Trudeau;Coteau
via_existing;MTL-TO-0057;MTL-TO;57.16;57.97;35.518;36.021;810.0;0.503;0.45;3880.0;3880.0;4285.0;7991.0;8807.0;238.7;148.3;300.5;186.7;358.5;222.8;C;A;A;Aéroport Montréal Pierre-Elliott Trudeau;Coteau
via_existing;MTL-TO-0058;MTL-TO;57.98;58.99;36.027;36.655;1010.0;0.628;0.52;3362.0;3362.0;3362.0;3384.0;3447.0;222.2;138.1;279.7;173.8;333.7;207.4;C;B;A;Aéroport Montréal Pierre-Elliott Trudeau;Coteau
via_existing;MTL-TO-0059;MTL-TO;59.0;59.79;36.661;37.152;790.0;0.491;0.7;2494.0;2501.0;2501.0;2501.0;2751.0;191.6;119.1;241.3;149.9;287.8;178.8;D;C;B;Aéroport Montréal Pierre-Elliott Trudeau;Coteau
via_existing;MTL-TO-0060;MTL-TO;59.8;96.75;37.158;60.118;36950.0;22.96;0.45;3879.0;3879.0;50000.0;50000.0;45439.0;238.6;148.3;300.5;186.7;358.4;222.7;C;A;A;Coteau;Brockville
via_existing;MTL-TO-0061;MTL-TO;96.76;97.21;60.124;60.403;450.0;0.28;0.48;3625.0;3645.0;3633.0;3880.0;4138.0;231.3;143.7;291.3;181.0;347.5;215.9;C;B;A;Coteau;Brockville
via_existing;MTL-TO-0062;MTL-TO;97.22;102.46;60.41;63.666;5240.0;3.256;0.64;2739.0;2739.0;50000.0;50000.0;28651.0;200.5;124.6;252.5;156.9;301.2;187.2;C;B;A;Coteau;Brockville
via_existing;MTL-TO-0063;MTL-TO;102.47;102.98;63.672;63.989;510.0;0.317;1.02;1719.0;1719.0;1724.0;1827.0;1916.0;158.9;98.7;200.0;124.3;238.6;148.3;E;C;C;Coteau;Brockville
via_existing;MTL-TO-0064;MTL-TO;102.99;103.62;63.995;64.386;630.0;0.391;1.02;1703.0;1704.0;1704.0;1705.0;1706.0;158.2;98.3;199.2;123.8;237.6;147.6;E;D;C;Coteau;Brockville
via_existing;MTL-TO-0065;MTL-TO;103.63;104.5;64.393;64.933;870.0;0.541;0.99;1765.0;1769.0;1769.0;1769.0;1775.0;161.2;100.2;202.9;126.1;242.1;150.4;D;C;C;Coteau;Brockville
via_existing;MTL-TO-0066;MTL-TO;104.51;104.9;64.94;65.182;390.0;0.242;0.92;1892.0;1892.0;1984.0;2719.0;2774.0;166.7;103.6;209.8;130.4;250.3;155.5;D;C;B;Coteau;Brockville
via_existing;MTL-TO-0067;MTL-TO;104.91;107.38;65.188;66.723;2470.0;1.535;0.65;2705.0;2705.0;7027.0;50000.0;19486.0;199.3;123.8;250.9;155.9;299.3;186.0;D;B;B;Coteau;Brockville
via_existing;MTL-TO-0068;MTL-TO;107.39;107.58;66.729;66.847;190.0;0.118;0.92;1895.0;1895.0;1933.0;2153.0;2172.0;166.8;103.6;210.0;130.5;250.5;155.7;D;C;B;Coteau;Brockville
via_existing;MTL-TO-0069;MTL-TO;107.59;107.96;66.853;67.083;370.0;0.23;1.0;1749.0;1752.0;1750.0;1777.0;1790.0;160.4;99.7;201.9;125.5;240.9;149.7;D;C;C;Coteau;Brockville
via_existing;MTL-TO-0070;MTL-TO;107.97;108.52;67.089;67.431;550.0;0.342;0.92;1901.0;1901.0;2025.0;3347.0;3158.0;167.1;103.8;210.3;130.7;250.9;155.9;D;C;B;Coteau;Brockville
via_existing;MTL-TO-0071;MTL-TO;108.53;123.35;67.437;76.646;14820.0;9.209;0.65;2699.0;2699.0;50000.0;50000.0;40912.0;199.1;123.7;250.6;155.7;299.0;185.8;D;B;B;Coteau;Brockville
via_existing;MTL-TO-0072;MTL-TO;123.36;123.55;76.652;76.77;190.0;0.118;0.92;1901.0;1901.0;1940.0;2159.0;2176.0;167.1;103.8;210.4;130.7;250.9;155.9;D;C;B;Coteau;Brockville
via_existing;MTL-TO-0073;MTL-TO;123.56;123.9;76.777;76.988;340.0;0.211;1.0;1747.0;1753.0;1748.0;1781.0;1792.0;160.4;99.7;202.0;125.5;240.9;149.7;D;C;C;Coteau;Brockville
via_existing;MTL-TO-0074;MTL-TO;123.91;124.31;76.994;77.243;400.0;0.249;0.92;1899.0;1899.0;1988.0;2690.0;2750.0;167.0;103.8;210.3;130.7;250.8;155.8;D;C;B;Coteau;Brockville
via_existing;MTL-TO-0075;MTL-TO;124.32;133.56;77.249;82.99;9240.0;5.741;0.67;2573.0;2590.0;50000.0;50000.0;27259.0;195.0;121.2;245.5;152.5;292.9;182.0;D;C;B;Coteau;Brockville
via_existing;MTL-TO-0077;MTL-TO;133.58;133.81;83.003;83.146;230.0;0.143;0.64;2742.0;2742.0;2835.0;3519.0;3593.0;200.6;124.6;252.6;157.0;301.3;187.2;C;B;A;Coteau;Brockville
via_existing;MTL-TO-0078;MTL-TO;133.82;138.72;83.152;86.197;4900.0;3.045;0.45;3883.0;3883.0;50000.0;50000.0;32654.0;238.8;148.4;300.6;186.8;358.6;222.8;C;A;A;Coteau;Brockville
via_existing;MTL-TO-0079;MTL-TO;138.73;139.15;86.203;86.464;420.0;0.261;0.51;3436.0;3458.0;3443.0;3653.0;3870.0;225.3;140.0;283.7;176.3;338.4;210.3;C;B;A;Coteau;Brockville
via_existing;MTL-TO-0080;MTL-TO;139.16;160.38;86.47;99.656;21220.0;13.185;0.41;4282.0;4282.0;50000.0;50000.0;43662.0;250.8;155.8;315.7;196.2;360.0;223.7;B;A;A;Coteau;Brockville
via_existing;MTL-TO-0081;MTL-TO;160.39;160.5;99.662;99.73;110.0;0.068;0.42;4168.0;4188.0;4168.0;4188.0;4196.0;248.0;154.1;312.2;194.0;360.0;223.7;C;A;A;Coteau;Brockville
via_existing;MTL-TO-0082;MTL-TO;160.51;163.4;99.736;101.532;2890.0;1.796;0.45;3872.0;3872.0;5096.0;50000.0;16978.0;238.4;148.1;300.2;186.5;358.1;222.5;C;A;A;Coteau;Brockville
via_existing;MTL-TO-0083;MTL-TO;163.41;164.46;101.538;102.191;1050.0;0.652;0.5;3481.0;3484.0;3488.0;3526.0;3745.0;226.2;140.6;284.8;177.0;339.7;211.1;C;B;A;Coteau;Brockville
via_existing;MTL-TO-0084;MTL-TO;164.47;170.13;102.197;105.714;5660.0;3.517;0.45;3890.0;3890.0;50000.0;50000.0;30440.0;239.0;148.5;300.9;187.0;358.9;223.0;C;A;A;Coteau;Brockville
via_existing;MTL-TO-0085;MTL-TO;170.14;170.6;105.72;106.006;460.0;0.286;0.5;3496.0;3510.0;3501.0;3655.0;3706.0;227.0;141.1;285.8;177.6;341.0;211.9;C;B;A;Coteau;Brockville
via_existing;MTL-TO-0086;MTL-TO;170.61;171.07;106.012;106.298;460.0;0.286;0.45;3895.0;3895.0;4025.0;4410.0;4355.0;239.2;148.6;301.1;187.1;359.2;223.2;C;A;A;Coteau;Brockville
via_existing;MTL-TO-0087;MTL-TO;171.08;171.86;106.304;106.789;780.0;0.485;0.53;3278.0;3285.0;3287.0;3455.0;3512.0;219.6;136.5;276.5;171.8;329.8;204.9;C;B;A;Coteau;Brockville
via_existing;MTL-TO-0088;MTL-TO;171.87;172.08;106.795;106.926;210.0;0.13;0.41;4281.0;4281.0;4391.0;4824.0;4913.0;250.7;155.8;315.6;196.1;360.0;223.7;B;A;A;Coteau;Brockville
via_existing;MTL-TO-0089;MTL-TO;172.09;173.29;106.932;107.677;1200.0;0.746;0.28;6301.0;6301.0;10180.0;50000.0;30418.0;304.2;189.0;360.0;223.7;360.0;223.7;A;A;A;Coteau;Brockville
via_existing;MTL-TO-0090;MTL-TO;173.3;173.67;107.684;107.914;370.0;0.23;0.45;3902.0;3902.0;4088.0;5415.0;4976.0;239.3;148.7;301.3;187.2;359.5;223.4;C;A;A;Coteau;Brockville
via_existing;MTL-TO-0091;MTL-TO;173.68;174.2;107.92;108.243;520.0;0.323;0.48;3604.0;3624.0;3615.0;3857.0;4116.0;230.7;143.4;290.4;180.4;346.5;215.3;C;B;A;Coteau;Brockville
via_existing;MTL-TO-0092;MTL-TO;174.21;177.68;108.249;110.405;3470.0;2.156;0.46;3799.0;3828.0;5772.0;50000.0;19189.0;237.1;147.3;298.5;185.5;356.1;221.3;C;B;A;Coteau;Brockville
via_existing;MTL-TO-0093;MTL-TO;177.69;177.78;110.411;110.467;90.0;0.056;0.44;3867.0;4008.0;3889.0;4008.0;4020.0;242.6;150.7;305.4;189.8;360.0;223.7;C;A;A;Coteau;Brockville
via_existing;MTL-TO-0094;MTL-TO;177.79;181.21;110.474;112.599;3420.0;2.125;0.41;4290.0;4290.0;50000.0;50000.0;29951.0;251.0;156.0;316.0;196.4;360.0;223.7;B;A;A;Coteau;Brockville
via_existing;MTL-TO-0095;MTL-TO;181.22;181.24;112.605;112.617;20.0;0.012;0.43;4019.0;4019.0;4019.0;4019.0;4019.0;242.9;150.9;305.9;190.1;360.0;223.7;C;A;A;Coteau;Brockville
via_existing;MTL-TO-0096;MTL-TO;181.25;181.55;112.624;112.81;300.0;0.186;0.63;2757.0;2757.0;3002.0;4418.0;4164.0;201.2;125.0;253.3;157.4;302.2;187.8;C;B;A;Coteau;Brockville
via_existing;MTL-TO-0097;MTL-TO;181.56;181.94;112.816;113.052;380.0;0.236;0.96;1801.0;1812.0;1804.0;1904.0;2001.0;163.1;101.3;205.4;127.6;245.0;152.2;D;C;C;Coteau;Brockville
via_existing;MTL-TO-0098;MTL-TO;181.95;182.15;113.058;113.183;200.0;0.124;0.92;1888.0;1888.0;1929.0;2170.0;2188.0;166.5;103.5;209.7;130.3;250.1;155.4;D;C;B;Coteau;Brockville
via_existing;MTL-TO-0099;MTL-TO;182.16;182.48;113.189;113.388;320.0;0.199;0.63;2771.0;2771.0;2850.0;2850.0;2848.0;201.7;125.3;254.0;157.8;303.0;188.3;C;B;A;Coteau;Brockville
via_existing;MTL-TO-0100;MTL-TO;182.49;182.68;113.394;113.512;190.0;0.118;0.03;50000.0;50000.0;50000.0;50000.0;50000.0;360.0;223.7;360.0;223.7;360.0;223.7;A;A;A;Coteau;Brockville
via_existing;MTL-TO-0101;MTL-TO;182.69;183.47;113.518;114.003;780.0;0.485;1.02;1717.0;1718.0;1737.0;2448.0;2159.0;158.8;98.7;199.9;124.2;238.5;148.2;E;D;C;Coteau;Brockville
via_existing;MTL-TO-0102;MTL-TO;183.48;183.52;114.009;114.034;40.0;0.025;1.01;1720.0;1728.0;1720.0;1728.0;1729.0;159.3;99.0;200.6;124.6;239.2;148.6;E;C;C;Coteau;Brockville
via_existing;MTL-TO-0103;MTL-TO;183.53;183.97;114.04;114.314;440.0;0.273;1.0;1749.0;1749.0;1800.0;2318.0;2443.0;160.2;99.5;201.8;125.4;240.7;149.6;D;C;C;Coteau;Brockville
via_existing;MTL-TO-0104;MTL-TO;183.98;187.23;114.32;116.339;3250.0;2.019;0.28;6130.0;6130.0;50000.0;50000.0;36750.0;300.0;186.4;360.0;223.7;360.0;223.7;A;A;A;Coteau;Brockville
via_existing;MTL-TO-0105;MTL-TO;187.24;187.45;116.346;116.476;210.0;0.13;0.41;4267.0;4267.0;4306.0;4666.0;4776.0;250.3;155.5;315.2;195.9;360.0;223.7;B;A;A;Coteau;Brockville
via_existing;MTL-TO-0106;MTL-TO;187.46;187.49;116.482;116.501;30.0;0.019;0.41;4251.0;4251.0;4251.0;4251.0;4252.0;249.8;155.2;314.6;195.5;360.0;223.7;C;A;A;Coteau;Brockville
via_existing;MTL-TO-0107;MTL-TO;187.5;187.71;116.507;116.638;210.0;0.13;0.41;4260.0;4260.0;4297.0;4706.0;4815.0;250.1;155.4;314.9;195.7;360.0;223.7;B;A;A;Coteau;Brockville
via_existing;MTL-TO-0108;MTL-TO;187.72;190.73;116.644;118.514;3010.0;1.87;0.45;3827.0;3858.0;5637.0;50000.0;18838.0;238.0;147.9;299.7;186.2;357.5;222.1;C;B;A;Coteau;Brockville
via_existing;MTL-TO-0109;MTL-TO;190.74;190.82;118.52;118.57;80.0;0.05;0.43;3879.0;4016.0;3879.0;4016.0;4032.0;242.8;150.9;305.7;190.0;360.0;223.7;C;A;A;Coteau;Brockville
via_existing;MTL-TO-0110;MTL-TO;190.83;192.4;118.576;119.552;1570.0;0.976;0.46;3736.0;3756.0;3862.0;9694.0;8910.0;234.8;145.9;295.7;183.7;352.7;219.2;C;B;A;Coteau;Brockville
via_existing;MTL-TO-0111;MTL-TO;192.41;192.48;119.558;119.602;70.0;0.043;0.43;3876.0;4021.0;3876.0;4021.0;4028.0;243.0;151.0;305.9;190.1;360.0;223.7;C;A;A;Coteau;Brockville
via_existing;MTL-TO-0112;MTL-TO;192.49;196.44;119.608;122.062;3950.0;2.454;0.45;3890.0;3890.0;6131.0;50000.0;21182.0;239.0;148.5;300.9;187.0;358.9;223.0;C;A;A;Coteau;Brockville
via_existing;MTL-TO-0113;MTL-TO;196.45;197.41;122.068;122.665;960.0;0.597;0.5;3465.0;3472.0;3477.0;3544.0;3590.0;225.8;140.3;284.3;176.7;339.1;210.7;C;B;A;Coteau;Brockville
via_existing;MTL-TO-0114;MTL-TO;197.42;197.71;122.671;122.851;290.0;0.18;0.41;4298.0;4298.0;4525.0;5491.0;5189.0;251.2;156.1;316.3;196.5;360.0;223.7;B;A;A;Coteau;Brockville
via_existing;MTL-TO-0115;MTL-TO;197.72;198.2;122.858;123.156;480.0;0.298;0.03;50000.0;50000.0;50000.0;50000.0;50000.0;360.0;223.7;360.0;223.7;360.0;223.7;A;A;A;Coteau;Brockville
via_existing;MTL-TO-0116;MTL-TO;198.21;198.57;123.162;123.386;360.0;0.224;0.45;3901.0;3901.0;4089.0;4795.0;4585.0;239.3;148.7;301.3;187.2;359.4;223.3;C;A;A;Coteau;Brockville
via_existing;MTL-TO-0117;MTL-TO;198.58;199.37;123.392;123.883;790.0;0.491;0.51;3452.0;3458.0;3460.0;3517.0;3587.0;225.3;140.0;283.7;176.3;338.4;210.3;C;B;A;Coteau;Brockville
via_existing;MTL-TO-0118;MTL-TO;199.38;199.69;123.889;124.082;310.0;0.193;0.41;4303.0;4303.0;4532.0;5748.0;5308.0;251.4;156.2;316.5;196.7;360.0;223.7;B;A;A;Coteau;Brockville
via_existing;MTL-TO-0119;MTL-TO;199.7;200.95;124.088;124.865;1250.0;0.777;0.45;3895.0;3895.0;4551.0;50000.0;13560.0;239.2;148.6;301.1;187.1;359.2;223.2;C;A;A;Coteau;Brockville
via_existing;MTL-TO-0120;MTL-TO;200.96;201.46;124.871;125.181;500.0;0.311;0.5;3472.0;3479.0;3475.0;3567.0;3632.0;226.0;140.4;284.5;176.8;339.4;210.9;C;B;A;Coteau;Brockville
via_existing;MTL-TO-0121;MTL-TO;201.47;201.76;125.188;125.368;290.0;0.18;0.41;4261.0;4261.0;4498.0;4597.0;4567.0;250.1;155.4;314.9;195.7;360.0;223.7;B;A;A;Coteau;Brockville
via_existing;MTL-TO-0122;MTL-TO;201.77;201.97;125.374;125.498;200.0;0.124;0.03;50000.0;50000.0;50000.0;50000.0;50000.0;360.0;223.7;360.0;223.7;360.0;223.7;A;A;A;Coteau;Brockville
via_existing;MTL-TO-0123;MTL-TO;201.98;202.73;125.505;125.971;750.0;0.466;1.46;1191.0;1198.0;1200.0;1609.0;1462.0;132.6;82.4;167.0;103.8;199.2;123.8;E;D;D;Coteau;Brockville
via_existing;MTL-TO-0124;MTL-TO;202.74;203.2;125.977;126.263;460.0;0.286;1.44;1209.0;1209.0;1216.0;1216.0;1216.0;133.2;82.8;167.7;104.2;200.1;124.3;E;D;C;Coteau;Brockville
via_existing;MTL-TO-0125;MTL-TO;203.21;203.85;126.269;126.667;640.0;0.398;1.03;1697.0;1701.0;1701.0;1747.0;1735.0;158.0;98.2;199.0;123.7;237.4;147.5;E;D;C;Coteau;Brockville
via_existing;MTL-TO-0126;MTL-TO;203.86;203.89;126.673;126.691;30.0;0.019;1.01;1721.0;1731.0;1721.0;1731.0;1732.0;159.4;99.0;200.7;124.7;239.4;148.8;E;C;C;Coteau;Brockville
via_existing;MTL-TO-0127;MTL-TO;203.9;204.36;126.698;126.983;460.0;0.286;1.0;1753.0;1753.0;1814.0;2457.0;2543.0;160.4;99.7;202.0;125.5;241.0;149.8;D;C;C;Coteau;Brockville
via_existing;MTL-TO-0128;MTL-TO;204.37;205.11;126.99;127.449;740.0;0.46;0.45;3906.0;3906.0;4874.0;16331.0;12084.0;239.5;148.8;301.5;187.3;359.7;223.5;C;A;A;Coteau;Brockville
via_existing;MTL-TO-0129;MTL-TO;205.12;205.4;127.456;127.63;280.0;0.174;0.64;2718.0;2718.0;2824.0;3184.0;3180.0;199.8;124.1;251.5;156.3;300.0;186.4;D;B;A;Brockville;Gananoque
via_existing;MTL-TO-0130;MTL-TO;205.41;206.2;127.636;128.127;790.0;0.491;0.92;1892.0;1892.0;1892.0;1892.0;1985.0;166.7;103.6;209.8;130.4;250.3;155.5;D;C;B;Brockville;Gananoque
via_existing;MTL-TO-0131;MTL-TO;206.21;207.31;128.133;128.816;1100.0;0.684;0.5;3453.0;3469.0;3482.0;3482.0;3773.0;225.7;140.2;284.1;176.5;338.9;210.6;C;B;A;Brockville;Gananoque
via_existing;MTL-TO-0132;MTL-TO;207.32;208.24;128.823;129.394;920.0;0.572;0.68;2547.0;2571.0;2590.0;6939.0;5480.0;194.3;120.7;244.6;152.0;291.8;181.3;D;C;B;Brockville;Gananoque
via_existing;MTL-TO-0134;MTL-TO;208.26;208.91;129.407;129.811;650.0;0.404;0.64;2748.0;2748.0;3602.0;50000.0;9599.0;200.9;124.8;252.9;157.1;301.7;187.5;C;B;A;Brockville;Gananoque
via_existing;MTL-TO-0135;MTL-TO;208.92;211.89;129.817;131.662;2970.0;1.845;0.64;2717.0;2717.0;8124.0;50000.0;22076.0;199.7;124.1;251.5;156.3;299.9;186.3;D;B;B;Brockville;Gananoque
via_existing;MTL-TO-0136;MTL-TO;211.9;212.19;131.669;131.849;290.0;0.18;0.93;1875.0;1887.0;1876.0;2002.0;2071.0;166.4;103.4;209.6;130.2;249.9;155.3;D;C;C;Brockville;Gananoque
via_existing;MTL-TO-0137;MTL-TO;212.2;213.42;131.855;132.613;1220.0;0.758;0.92;1895.0;1895.0;2182.0;3216.0;3240.0;166.8;103.6;210.0;130.5;250.5;155.7;D;C;B;Brockville;Gananoque
via_existing;MTL-TO-0138;MTL-TO;213.43;213.92;132.619;132.924;490.0;0.304;0.28;6324.0;6324.0;7962.0;50000.0;19535.0;304.7;189.3;360.0;223.7;360.0;223.7;A;A;A;Brockville;Gananoque
via_existing;MTL-TO-0139;MTL-TO;213.93;214.72;132.93;133.421;790.0;0.491;1.2;1450.0;1450.0;1450.0;1450.0;1450.0;145.9;90.7;183.7;114.1;219.2;136.2;E;D;C;Brockville;Gananoque
via_existing;MTL-TO-0140;MTL-TO;214.73;215.42;133.427;133.856;690.0;0.429;0.71;2466.0;2466.0;2466.0;2466.0;2749.0;190.3;118.2;239.6;148.9;285.8;177.6;D;C;B;Brockville;Gananoque
via_existing;MTL-TO-0141;MTL-TO;215.43;220.1;133.862;136.764;4670.0;2.902;0.65;2693.0;2693.0;50000.0;50000.0;27164.0;198.9;123.6;250.4;155.6;298.7;185.6;D;B;B;Brockville;Gananoque
via_existing;MTL-TO-0142;MTL-TO;220.11;220.66;136.77;137.112;550.0;0.342;0.84;2072.0;2089.0;2081.0;2333.0;2547.0;175.1;108.8;220.5;137.0;263.0;163.4;D;C;B;Brockville;Gananoque
via_existing;MTL-TO-0143;MTL-TO;220.67;221.44;137.118;137.596;770.0;0.478;0.41;4281.0;4281.0;5007.0;11739.0;11136.0;250.7;155.8;315.6;196.1;360.0;223.7;B;A;A;Brockville;Gananoque
via_existing;MTL-TO-0144;MTL-TO;221.45;221.83;137.603;137.839;380.0;0.236;0.45;3889.0;3917.0;3897.0;4114.0;4322.0;239.8;149.0;302.0;187.7;360.0;223.7;C;A;A;Brockville;Gananoque
via_existing;MTL-TO-0145;MTL-TO;221.84;226.43;137.845;140.697;4590.0;2.852;0.45;3885.0;3885.0;9209.0;50000.0;27962.0;238.8;148.4;300.7;186.8;358.7;222.9;C;A;A;Brockville;Gananoque
via_existing;MTL-TO-0146;MTL-TO;226.44;227.23;140.703;141.194;790.0;0.491;0.51;3403.0;3412.0;3412.0;3591.0;3796.0;223.8;139.1;281.8;175.1;336.2;208.9;C;B;A;Brockville;Gananoque
via_existing;MTL-TO-0147;MTL-TO;227.24;230.17;141.2;143.021;2930.0;1.821;0.62;2816.0;2816.0;10361.0;50000.0;26519.0;203.3;126.3;256.0;159.1;305.4;189.8;C;B;A;Brockville;Gananoque
via_existing;MTL-TO-0148;MTL-TO;230.18;230.69;143.027;143.344;510.0;0.317;0.83;2104.0;2104.0;2104.0;2104.0;2134.0;175.7;109.2;221.3;137.5;264.0;164.0;D;C;B;Brockville;Gananoque
via_existing;MTL-TO-0149;MTL-TO;230.7;231.36;143.35;143.76;660.0;0.41;0.94;1855.0;1855.0;1855.0;1855.0;2089.0;165.0;102.5;207.8;129.1;247.8;154.0;D;C;C;Brockville;Gananoque
via_existing;MTL-TO-0150;MTL-TO;231.37;231.97;143.767;144.139;600.0;0.373;0.26;6704.0;6704.0;12365.0;50000.0;23969.0;313.7;194.9;360.0;223.7;360.0;223.7;A;A;A;Brockville;Gananoque
via_existing;MTL-TO-0151;MTL-TO;231.98;232.62;144.146;144.543;640.0;0.398;0.59;2948.0;2948.0;2948.0;2948.0;3188.0;208.0;129.2;261.9;162.7;312.5;194.2;C;B;A;Brockville;Gananoque
via_existing;MTL-TO-0152;MTL-TO;232.63;232.94;144.55;144.742;310.0;0.193;0.45;3903.0;3903.0;4331.0;6879.0;6273.0;239.4;148.8;301.4;187.3;359.5;223.4;C;A;A;Brockville;Gananoque
via_existing;MTL-TO-0153;MTL-TO;232.95;233.52;144.748;145.103;570.0;0.354;0.59;2963.0;2982.0;2976.0;3332.0;3404.0;209.2;130.0;263.4;163.7;314.2;195.2;C;B;A;Brockville;Gananoque
via_existing;MTL-TO-0154;MTL-TO;233.53;234.29;145.109;145.581;760.0;0.472;0.28;6140.0;6140.0;7477.0;50000.0;17331.0;300.2;186.5;360.0;223.7;360.0;223.7;A;A;A;Brockville;Gananoque
via_existing;MTL-TO-0155;MTL-TO;234.3;234.58;145.587;145.761;280.0;0.174;0.32;5444.0;5476.0;5447.0;5596.0;5647.0;283.6;176.2;357.0;221.8;360.0;223.7;B;A;A;Brockville;Gananoque
via_existing;MTL-TO-0156;MTL-TO;234.59;239.64;145.767;148.905;5050.0;3.138;0.45;3910.0;3910.0;30491.0;50000.0;28933.0;239.6;148.9;301.7;187.5;359.8;223.6;C;A;A;Brockville;Gananoque
via_existing;MTL-TO-0157;MTL-TO;239.65;240.15;148.912;149.222;500.0;0.311;0.49;3524.0;3546.0;3535.0;3809.0;4018.0;228.2;141.8;287.3;178.5;342.7;212.9;C;B;A;Brockville;Gananoque
via_existing;MTL-TO-0158;MTL-TO;240.16;244.33;149.229;151.82;4170.0;2.591;0.45;3890.0;3890.0;9033.0;50000.0;26551.0;239.0;148.5;300.9;187.0;359.0;223.1;C;A;A;Brockville;Gananoque
via_existing;MTL-TO-0159;MTL-TO;244.34;245.25;151.826;152.391;910.0;0.565;0.51;3437.0;3444.0;3447.0;3522.0;3750.0;224.9;139.7;283.1;175.9;337.7;209.8;C;B;A;Brockville;Gananoque
via_existing;MTL-TO-0160;MTL-TO;245.26;251.05;152.397;155.995;5790.0;3.598;1.0;1750.0;1750.0;50000.0;50000.0;24723.0;160.3;99.6;201.8;125.4;240.8;149.6;D;C;C;Brockville;Gananoque
via_existing;MTL-TO-0161;MTL-TO;251.06;251.3;156.001;156.151;240.0;0.149;1.44;1209.0;1209.0;1222.0;1347.0;1371.0;133.2;82.8;167.7;104.2;200.1;124.3;E;D;C;Gananoque;Kingston
via_existing;MTL-TO-0162;MTL-TO;251.31;251.8;156.157;156.461;490.0;0.304;1.45;1201.0;1201.0;1201.0;1201.0;1201.0;132.8;82.5;167.2;103.9;199.4;123.9;E;D;D;Gananoque;Kingston
via_existing;MTL-TO-0163;MTL-TO;251.81;252.54;156.467;156.921;730.0;0.454;1.02;1716.0;1718.0;1723.0;1804.0;1783.0;158.8;98.7;199.9;124.2;238.5;148.2;E;D;C;Gananoque;Kingston
via_existing;MTL-TO-0164;MTL-TO;252.55;252.59;156.927;156.952;40.0;0.025;1.01;1720.0;1728.0;1720.0;1728.0;1729.0;159.3;99.0;200.5;124.6;239.2;148.6;E;C;C;Gananoque;Kingston
via_existing;MTL-TO-0165;MTL-TO;252.6;252.87;156.958;157.126;270.0;0.168;1.0;1747.0;1747.0;1774.0;1999.0;2040.0;160.2;99.5;201.7;125.3;240.5;149.4;D;C;C;Gananoque;Kingston
via_existing;MTL-TO-0166;MTL-TO;252.88;253.21;157.132;157.337;330.0;0.205;0.63;2756.0;2756.0;3051.0;3459.0;3359.0;201.2;125.0;253.3;157.4;302.1;187.7;C;B;A;Gananoque;Kingston
via_existing;MTL-TO-0167;MTL-TO;253.22;253.61;157.344;157.586;390.0;0.242;0.03;50000.0;50000.0;50000.0;50000.0;50000.0;360.0;223.7;360.0;223.7;360.0;223.7;A;A;A;Gananoque;Kingston
via_existing;MTL-TO-0168;MTL-TO;253.62;253.91;157.592;157.772;290.0;0.18;0.41;4269.0;4269.0;4479.0;4667.0;4622.0;250.4;155.6;315.2;195.9;360.0;223.7;B;A;A;Gananoque;Kingston
via_existing;MTL-TO-0169;MTL-TO;253.92;254.25;157.779;157.984;330.0;0.205;0.44;3908.0;3940.0;3914.0;4072.0;4189.0;240.5;149.4;302.8;188.2;360.0;223.7;C;A;A;Gananoque;Kingston
via_existing;MTL-TO-0170;MTL-TO;254.26;254.65;157.99;158.232;390.0;0.242;0.64;2711.0;2711.0;3030.0;27057.0;6514.0;199.5;124.0;251.2;156.1;299.7;186.2;D;B;B;Gananoque;Kingston
via_existing;MTL-TO-0171;MTL-TO;254.66;255.29;158.238;158.63;630.0;0.391;0.86;2018.0;2034.0;2031.0;2355.0;2542.0;172.8;107.4;217.6;135.2;259.6;161.3;D;C;B;Gananoque;Kingston
via_existing;MTL-TO-0172;MTL-TO;255.3;255.91;158.636;159.015;610.0;0.379;0.28;6155.0;6155.0;6927.0;50000.0;15253.0;300.6;186.8;360.0;223.7;360.0;223.7;A;A;A;Gananoque;Kingston
via_existing;MTL-TO-0173;MTL-TO;255.92;256.32;159.021;159.27;400.0;0.249;0.37;4655.0;4689.0;4664.0;4949.0;5056.0;262.4;163.0;330.4;205.3;360.0;223.7;B;A;A;Gananoque;Kingston
via_existing;MTL-TO-0174;MTL-TO;256.33;258.73;159.276;160.767;2400.0;1.491;0.45;3881.0;3881.0;6493.0;50000.0;20077.0;238.7;148.3;300.6;186.8;358.5;222.8;C;A;A;Gananoque;Kingston
via_existing;MTL-TO-0175;MTL-TO;258.74;259.22;160.774;161.072;480.0;0.298;0.5;3490.0;3515.0;3501.0;3751.0;3984.0;227.2;141.2;286.0;177.7;341.2;212.0;C;B;A;Gananoque;Kingston
via_existing;MTL-TO-0176;MTL-TO;259.23;265.91;161.078;165.229;6680.0;4.151;0.68;2545.0;2566.0;10840.0;50000.0;21923.0;194.1;120.6;244.4;151.9;291.5;181.1;D;C;B;Gananoque;Kingston
via_existing;MTL-TO-0178;MTL-TO;265.93;266.16;165.241;165.384;230.0;0.143;0.64;2732.0;2732.0;2829.0;3542.0;3614.0;200.3;124.5;252.2;156.7;300.8;186.9;C;B;A;Gananoque;Kingston
via_existing;MTL-TO-0179;MTL-TO;266.17;269.55;165.39;167.491;3380.0;2.1;0.65;2699.0;2699.0;9397.0;50000.0;23542.0;199.1;123.7;250.7;155.8;299.0;185.8;D;B;B;Gananoque;Kingston
via_existing;MTL-TO-0180;MTL-TO;269.56;269.84;167.497;167.671;280.0;0.174;0.93;1877.0;1886.0;1879.0;2010.0;2073.0;166.4;103.4;209.5;130.2;249.9;155.3;D;C;C;Gananoque;Kingston
via_existing;MTL-TO-0181;MTL-TO;269.85;270.27;167.677;167.938;420.0;0.261;0.92;1894.0;1894.0;1952.0;2639.0;2710.0;166.7;103.6;209.9;130.4;250.4;155.6;D;C;B;Gananoque;Kingston
via_existing;MTL-TO-0182;MTL-TO;270.28;274.76;167.944;170.728;4480.0;2.784;1.04;1668.0;1675.0;2503.0;50000.0;10842.0;156.8;97.4;197.5;122.7;235.6;146.4;E;D;C;Gananoque;Kingston
via_existing;MTL-TO-0183;MTL-TO;274.77;274.78;170.734;170.74;10.0;0.006;1.01;1721.0;1727.0;1721.0;1727.0;1727.0;159.2;98.9;200.5;124.6;239.1;148.6;E;C;C;Gananoque;Kingston
via_existing;MTL-TO-0184;MTL-TO;274.79;275.24;170.747;171.026;450.0;0.28;1.0;1745.0;1745.0;1745.0;1745.0;1745.0;160.1;99.5;201.5;125.2;240.4;149.4;D;C;C;Gananoque;Kingston
via_existing;MTL-TO-0185;MTL-TO;275.25;276.21;171.032;171.629;960.0;0.597;1.35;1281.0;1289.0;1296.0;1296.0;1536.0;137.6;85.5;173.2;107.6;206.6;128.4;E;D;C;Gananoque;Kingston
via_existing;MTL-TO-0186;MTL-TO;276.22;277.25;171.635;172.275;1030.0;0.64;1.0;1742.0;1742.0;2128.0;12492.0;6081.0;159.9;99.4;201.4;125.1;240.2;149.3;E;C;C;Gananoque;Kingston
via_existing;MTL-TO-0187;MTL-TO;277.26;277.92;172.281;172.691;660.0;0.41;1.19;1457.0;1464.0;1463.0;1606.0;1699.0;146.6;91.1;184.6;114.7;220.2;136.8;E;D;C;Gananoque;Kingston
via_existing;MTL-TO-0188;MTL-TO;277.93;278.44;172.698;173.015;510.0;0.317;1.86;940.0;940.0;50000.0;50000.0;18546.0;117.5;73.0;148.0;92.0;176.5;109.7;E;E;D;Gananoque;Kingston
via_existing;MTL-TO-0189;MTL-TO;278.45;278.56;173.021;173.089;110.0;0.068;1.2;521.0;1450.0;521.0;1450.0;989.0;145.9;90.7;183.7;114.1;219.2;136.2;E;D;C;Gananoque;Kingston
via_existing;MTL-TO-0190;MTL-TO;278.57;279.33;173.095;173.568;760.0;0.472;1.9;917.0;917.0;917.0;917.0;1007.0;116.0;72.1;146.1;90.8;174.3;108.3;E;E;D;Gananoque;Kingston
via_existing;MTL-TO-0191;MTL-TO;279.34;280.26;173.574;174.145;920.0;0.572;1.58;1106.0;1106.0;1233.0;1233.0;1338.0;127.4;79.2;160.4;99.7;191.4;118.9;E;D;D;Gananoque;Kingston
via_existing;MTL-TO-0192;MTL-TO;280.27;281.78;174.152;175.09;1510.0;0.938;4.12;424.0;424.0;855.0;858.0;903.0;78.9;49.0;99.3;61.7;118.5;73.6;F;F;E;Gananoque;Kingston
via_existing;MTL-TO-0193;MTL-TO;281.79;281.84;175.096;175.127;50.0;0.031;1.26;671.0;1389.0;671.0;1389.0;1184.0;142.8;88.7;179.8;111.7;214.5;133.3;E;D;C;Gananoque;Kingston
via_existing;MTL-TO-0194;MTL-TO;281.85;282.41;175.133;175.481;560.0;0.348;0.74;2313.0;2376.0;2367.0;2376.0;3161.0;186.8;116.1;235.1;146.1;280.5;174.3;D;C;B;Gananoque;Kingston
via_existing;MTL-TO-0195;MTL-TO;282.42;282.75;175.488;175.693;330.0;0.205;0.03;50000.0;50000.0;50000.0;50000.0;50000.0;360.0;223.7;360.0;223.7;360.0;223.7;A;A;A;Gananoque;Kingston
via_existing;MTL-TO-0196;MTL-TO;282.76;283.34;175.699;176.059;580.0;0.36;1.58;1105.0;1105.0;1199.0;1652.0;1508.0;127.4;79.2;160.4;99.7;191.3;118.9;E;D;D;Gananoque;Kingston
via_existing;MTL-TO-0197;MTL-TO;283.35;284.23;176.066;176.612;880.0;0.547;1.77;986.0;987.0;987.0;1011.0;1083.0;120.4;74.8;151.5;94.1;180.8;112.3;E;E;D;Gananoque;Kingston
via_existing;MTL-TO-0198;MTL-TO;284.24;284.57;176.619;176.824;330.0;0.205;0.92;1888.0;1888.0;2132.0;2381.0;2319.0;166.5;103.5;209.6;130.2;250.1;155.4;D;C;B;Gananoque;Kingston
via_existing;MTL-TO-0199;MTL-TO;284.58;286.68;176.83;178.135;2100.0;1.305;0.63;2756.0;2756.0;7520.0;50000.0;21437.0;201.2;125.0;253.3;157.4;302.1;187.7;C;B;A;Kingston;Napanee
via_existing;MTL-TO-0200;MTL-TO;286.69;287.18;178.141;178.445;490.0;0.304;0.73;2397.0;2397.0;2397.0;2397.0;2409.0;187.6;116.6;236.2;146.8;281.7;175.0;D;C;B;Kingston;Napanee
via_existing;MTL-TO-0201;MTL-TO;287.19;288.29;178.452;179.135;1100.0;0.684;1.09;1606.0;1608.0;1608.0;1610.0;1628.0;153.6;95.4;193.4;120.2;230.8;143.4;E;D;C;Kingston;Napanee
via_existing;MTL-TO-0202;MTL-TO;288.3;288.54;179.141;179.29;240.0;0.149;0.92;1895.0;1895.0;1977.0;2305.0;2294.0;166.8;103.6;210.0;130.5;250.5;155.7;D;C;B;Kingston;Napanee
via_existing;MTL-TO-0203;MTL-TO;288.55;288.94;179.297;179.539;390.0;0.242;0.49;3408.0;3598.0;3459.0;50000.0;10839.0;229.8;142.8;289.4;179.8;345.2;214.5;C;B;A;Kingston;Napanee
via_existing;MTL-TO-0204;MTL-TO;288.95;288.98;179.545;179.564;30.0;0.019;0.43;3891.0;4038.0;3891.0;4038.0;4040.0;243.5;151.3;306.6;190.5;360.0;223.7;C;A;A;Kingston;Napanee
via_existing;MTL-TO-0205;MTL-TO;288.99;289.68;179.57;179.999;690.0;0.429;1.01;1730.0;1730.0;1868.0;4334.0;3675.0;159.4;99.0;200.7;124.7;239.4;148.8;E;C;C;Kingston;Napanee
via_existing;MTL-TO-0206;MTL-TO;289.69;290.45;180.005;180.477;760.0;0.472;1.08;1610.0;1624.0;1624.0;1661.0;1668.0;154.4;95.9;194.4;120.8;231.9;144.1;E;D;C;Kingston;Napanee
via_existing;MTL-TO-0207;MTL-TO;290.46;290.93;180.483;180.776;470.0;0.292;0.92;1898.0;1898.0;2057.0;2554.0;2418.0;167.0;103.8;210.2;130.6;250.7;155.8;D;C;B;Kingston;Napanee
via_existing;MTL-TO-0208;MTL-TO;290.94;291.14;180.782;180.906;200.0;0.124;0.03;50000.0;50000.0;50000.0;50000.0;50000.0;360.0;223.7;360.0;223.7;360.0;223.7;A;A;A;Kingston;Napanee
via_existing;MTL-TO-0209;MTL-TO;291.15;291.68;180.912;181.242;530.0;0.329;1.01;1722.0;1722.0;1842.0;2317.0;2181.0;159.0;98.8;200.2;124.4;238.8;148.4;E;C;C;Kingston;Napanee
via_existing;MTL-TO-0210;MTL-TO;291.69;292.54;181.248;181.776;850.0;0.528;1.09;1591.0;1595.0;1599.0;1658.0;1654.0;153.1;95.1;192.7;119.7;229.9;142.9;E;D;C;Kingston;Napanee
via_existing;MTL-TO-0211;MTL-TO;292.55;292.93;181.782;182.018;380.0;0.236;1.02;1719.0;1719.0;1739.0;1772.0;1765.0;158.9;98.7;200.0;124.3;238.6;148.3;E;C;C;Kingston;Napanee
via_existing;MTL-TO-0212;MTL-TO;292.94;299.43;182.024;186.057;6490.0;4.033;1.44;1217.0;1217.0;1223.0;1612.0;1538.0;133.7;83.1;168.3;104.6;200.8;124.8;E;D;C;Kingston;Napanee
via_existing;MTL-TO-0213;MTL-TO;299.44;302.69;186.063;188.083;3250.0;2.019;0.45;3910.0;3910.0;7615.0;50000.0;25931.0;239.6;148.9;301.7;187.5;359.9;223.6;C;A;A;Kingston;Napanee
via_existing;MTL-TO-0214;MTL-TO;302.7;303.17;188.089;188.381;470.0;0.292;0.51;3386.0;3413.0;3398.0;3696.0;3905.0;223.9;139.1;281.9;175.2;336.2;208.9;C;B;A;Kingston;Napanee
via_existing;MTL-TO-0215;MTL-TO;303.18;305.34;188.387;189.729;2160.0;1.342;0.45;3882.0;3882.0;6576.0;50000.0;20089.0;238.7;148.3;300.6;186.8;358.6;222.8;C;A;A;Kingston;Napanee
via_existing;MTL-TO-0216;MTL-TO;305.35;306.16;189.736;190.239;810.0;0.503;0.58;3011.0;3020.0;3027.0;3306.0;3489.0;210.6;130.9;265.1;164.7;316.3;196.5;C;B;A;Kingston;Napanee
via_existing;MTL-TO-0217;MTL-TO;306.17;309.21;190.245;192.134;3040.0;1.889;1.01;1730.0;1730.0;3134.0;50000.0;11919.0;159.4;99.0;200.6;124.6;239.3;148.7;E;C;C;Kingston;Napanee
via_existing;MTL-TO-0218;MTL-TO;309.22;309.86;192.14;192.538;640.0;0.398;1.05;1651.0;1661.0;1659.0;2000.0;2188.0;156.2;97.1;196.6;122.2;234.6;145.8;E;D;C;Kingston;Napanee
via_existing;MTL-TO-0219;MTL-TO;309.87;316.26;192.544;196.515;6390.0;3.971;1.03;1680.0;1691.0;8402.0;50000.0;16769.0;157.5;97.9;198.4;123.3;236.6;147.0;E;D;C;Kingston;Napanee
via_existing;MTL-TO-0220;MTL-TO;316.27;316.28;196.521;196.527;10.0;0.006;1.01;1720.0;1726.0;1720.0;1726.0;1726.0;159.2;98.9;200.4;124.5;239.1;148.6;E;C;C;Kingston;Napanee
via_existing;MTL-TO-0221;MTL-TO;316.29;316.82;196.533;196.863;530.0;0.329;1.0;1748.0;1748.0;1860.0;2010.0;1977.0;160.2;99.5;201.7;125.3;240.6;149.5;D;C;C;Kingston;Napanee
via_existing;MTL-TO-0222;MTL-TO;316.83;317.2;196.869;197.099;370.0;0.23;0.03;50000.0;50000.0;50000.0;50000.0;50000.0;360.0;223.7;360.0;223.7;360.0;223.7;A;A;A;Kingston;Napanee
via_existing;MTL-TO-0223;MTL-TO;317.21;317.82;197.105;197.484;610.0;0.379;1.02;1719.0;1719.0;1829.0;3135.0;2592.0;158.9;98.7;200.0;124.3;238.6;148.3;E;C;C;Kingston;Napanee
via_existing;MTL-TO-0224;MTL-TO;317.83;318.35;197.49;197.814;520.0;0.323;1.1;1583.0;1586.0;1585.0;1644.0;1665.0;152.6;94.8;192.1;119.4;229.2;142.4;E;D;C;Kingston;Napanee
via_existing;MTL-TO-0225;MTL-TO;318.36;319.12;197.82;198.292;760.0;0.472;0.92;1890.0;1890.0;2001.0;2505.0;2646.0;166.6;103.5;209.7;130.3;250.2;155.5;D;C;B;Kingston;Napanee
via_existing;MTL-TO-0226;MTL-TO;319.13;320.0;198.298;198.839;870.0;0.541;0.28;6320.0;6320.0;10582.0;50000.0;28663.0;304.6;189.3;360.0;223.7;360.0;223.7;A;A;A;Kingston;Napanee
via_existing;MTL-TO-0227;MTL-TO;320.01;320.94;198.845;199.423;930.0;0.578;0.87;1998.0;1998.0;1998.0;2040.0;2106.0;171.3;106.4;215.6;134.0;257.2;159.8;D;C;B;Kingston;Napanee
via_existing;MTL-TO-0228;MTL-TO;320.95;321.78;199.429;199.945;830.0;0.516;1.59;1101.0;1101.0;1252.0;1252.0;1274.0;127.1;79.0;160.0;99.4;190.9;118.6;E;D;D;Kingston;Napanee
via_existing;MTL-TO-0229;MTL-TO;321.79;322.79;199.951;200.572;1000.0;0.621;2.01;864.0;867.0;872.0;1048.0;1236.0;112.8;70.1;142.1;88.3;169.5;105.3;E;E;D;Napanee;Napanee
via_existing;MTL-TO-0230;MTL-TO;322.8;324.98;200.579;201.933;2180.0;1.355;0.28;6132.0;6132.0;50000.0;50000.0;34394.0;300.0;186.4;360.0;223.7;360.0;223.7;A;A;A;Napanee;Belleville
via_existing;MTL-TO-0231;MTL-TO;324.99;325.24;201.939;202.095;250.0;0.155;0.31;5523.0;5554.0;5523.0;5648.0;5693.0;285.6;177.5;359.5;223.4;360.0;223.7;B;A;A;Napanee;Belleville
via_existing;MTL-TO-0232;MTL-TO;325.25;327.92;202.101;203.76;2670.0;1.659;0.28;6133.0;6133.0;50000.0;50000.0;33986.0;300.1;186.5;360.0;223.7;360.0;223.7;A;A;A;Napanee;Belleville
via_existing;MTL-TO-0233;MTL-TO;327.93;328.32;203.766;204.009;390.0;0.242;0.36;4797.0;4833.0;4806.0;5086.0;5182.0;266.4;165.5;335.4;208.4;360.0;223.7;B;A;A;Napanee;Belleville
via_existing;MTL-TO-0234;MTL-TO;328.33;330.61;204.015;205.432;2280.0;1.417;0.64;2713.0;2713.0;6880.0;50000.0;19235.0;199.6;124.0;251.3;156.2;299.7;186.2;D;B;B;Napanee;Belleville
via_existing;MTL-TO-0235;MTL-TO;330.62;331.2;205.438;205.798;580.0;0.36;0.83;2080.0;2092.0;2091.0;2362.0;2575.0;175.3;108.9;220.7;137.1;263.2;163.5;D;C;B;Napanee;Belleville
via_existing;MTL-TO-0236;MTL-TO;331.21;332.22;205.804;206.432;1010.0;0.628;0.45;3891.0;3891.0;4902.0;50000.0;13304.0;239.0;148.5;301.0;187.0;359.0;223.1;C;A;A;Napanee;Belleville
via_existing;MTL-TO-0237;MTL-TO;332.23;333.16;206.438;207.016;930.0;0.578;0.55;3184.0;3199.0;3209.0;3417.0;3609.0;216.7;134.7;272.9;169.6;325.5;202.3;C;B;A;Napanee;Belleville
via_existing;MTL-TO-0238;MTL-TO;333.17;335.3;207.022;208.346;2130.0;1.324;1.02;1691.0;1706.0;1877.0;50000.0;6690.0;158.3;98.4;199.3;123.8;237.7;147.7;E;D;C;Napanee;Belleville
via_existing;MTL-TO-0239;MTL-TO;335.31;335.32;208.352;208.358;10.0;0.006;1.01;1728.0;1736.0;1728.0;1736.0;1736.0;159.6;99.2;201.0;124.9;239.7;148.9;E;C;C;Napanee;Belleville
via_existing;MTL-TO-0240;MTL-TO;335.33;335.81;208.364;208.663;480.0;0.298;0.99;1760.0;1760.0;1874.0;2919.0;2814.0;160.7;99.9;202.4;125.8;241.4;150.0;D;C;C;Napanee;Belleville
via_existing;MTL-TO-0241;MTL-TO;335.82;346.2;208.669;215.119;10380.0;6.45;0.64;2711.0;2711.0;50000.0;50000.0;37251.0;199.5;124.0;251.2;156.1;299.7;186.2;D;B;B;Napanee;Belleville
via_existing;MTL-TO-0242;MTL-TO;346.21;346.79;215.125;215.485;580.0;0.36;0.89;1951.0;1960.0;1956.0;2176.0;2275.0;169.6;105.4;213.6;132.7;254.8;158.3;D;C;B;Napanee;Belleville
via_existing;MTL-TO-0243;MTL-TO;346.8;347.02;215.492;215.628;220.0;0.137;0.45;3906.0;3906.0;3906.0;3906.0;3906.0;239.5;148.8;301.5;187.3;359.7;223.5;C;A;A;Napanee;Belleville
via_existing;MTL-TO-0244;MTL-TO;347.03;348.54;215.634;216.573;1510.0;0.938;1.01;1732.0;1732.0;2349.0;50000.0;8932.0;159.5;99.1;200.8;124.8;239.5;148.8;E;C;C;Napanee;Belleville
via_existing;MTL-TO-0245;MTL-TO;348.55;349.24;216.579;217.008;690.0;0.429;1.06;1638.0;1648.0;1648.0;2126.0;2323.0;155.6;96.7;195.9;121.7;233.6;145.2;E;D;C;Napanee;Belleville
via_existing;MTL-TO-0246;MTL-TO;349.25;356.88;217.014;221.755;7630.0;4.741;0.28;6167.0;6167.0;50000.0;50000.0;41900.0;300.9;187.0;360.0;223.7;360.0;223.7;A;A;A;Napanee;Belleville
via_existing;MTL-TO-0247;MTL-TO;356.89;357.53;221.761;222.159;640.0;0.398;0.4;4320.0;4339.0;4335.0;4699.0;4819.0;252.4;156.8;317.8;197.5;360.0;223.7;B;A;A;Napanee;Belleville
via_existing;MTL-TO-0248;MTL-TO;357.54;358.51;222.165;222.768;970.0;0.603;0.41;4276.0;4276.0;5094.0;50000.0;11633.0;250.6;155.7;315.5;196.0;360.0;223.7;B;A;A;Belleville;Trenton Junction
via_existing;MTL-TO-0249;MTL-TO;358.52;358.94;222.774;223.035;420.0;0.261;0.44;3916.0;3937.0;3924.0;4161.0;4349.0;240.4;149.4;302.7;188.1;360.0;223.7;C;A;A;Belleville;Trenton Junction
via_existing;MTL-TO-0250;MTL-TO;358.95;370.38;223.041;230.143;11430.0;7.102;0.41;4286.0;4286.0;50000.0;50000.0;39863.0;250.9;155.9;315.9;196.3;360.0;223.7;B;A;A;Belleville;Trenton Junction
via_existing;MTL-TO-0251;MTL-TO;370.39;370.74;230.15;230.367;350.0;0.217;0.43;4019.0;4044.0;4024.0;4210.0;4426.0;243.7;151.4;306.8;190.6;360.0;223.7;C;A;A;Belleville;Trenton Junction
via_existing;MTL-TO-0252;MTL-TO;370.75;373.89;230.373;232.324;3140.0;1.951;0.65;2697.0;2697.0;8108.0;50000.0;22095.0;199.0;123.7;250.6;155.7;298.9;185.7;D;B;B;Belleville;Trenton Junction
via_existing;MTL-TO-0253;MTL-TO;373.9;374.17;232.331;232.498;270.0;0.168;0.92;1893.0;1893.0;1920.0;2103.0;2138.0;166.7;103.6;209.9;130.4;250.4;155.6;D;C;B;Belleville;Trenton Junction
via_existing;MTL-TO-0254;MTL-TO;374.18;374.45;232.505;232.672;270.0;0.168;0.95;1844.0;1845.0;1844.0;1852.0;1856.0;164.6;102.3;207.2;128.7;247.2;153.6;D;C;C;Belleville;Trenton Junction
via_existing;MTL-TO-0255;MTL-TO;374.46;374.9;232.679;232.952;440.0;0.273;0.92;1895.0;1895.0;1949.0;2511.0;2627.0;166.8;103.6;210.0;130.5;250.5;155.7;D;C;B;Belleville;Trenton Junction
via_existing;MTL-TO-0256;MTL-TO;374.91;376.41;232.958;233.89;1500.0;0.932;0.65;2695.0;2695.0;3985.0;50000.0;12679.0;198.9;123.6;250.5;155.7;298.8;185.7;D;B;B;Belleville;Trenton Junction
via_existing;MTL-TO-0257;MTL-TO;376.42;377.07;233.897;234.3;650.0;0.404;0.78;2224.0;2236.0;2235.0;2548.0;2780.0;181.2;112.6;228.1;141.7;272.1;169.1;D;C;B;Belleville;Trenton Junction
via_existing;MTL-TO-0258;MTL-TO;377.08;377.82;234.307;234.766;740.0;0.46;0.28;6285.0;6285.0;9130.0;50000.0;27123.0;303.8;188.8;360.0;223.7;360.0;223.7;A;A;A;Trenton Junction;Cobourg
via_existing;MTL-TO-0259;MTL-TO;377.83;378.15;234.773;234.972;320.0;0.199;0.64;2737.0;2737.0;3011.0;3702.0;3513.0;200.5;124.6;252.4;156.8;301.1;187.1;C;B;A;Trenton Junction;Cobourg
via_existing;MTL-TO-0260;MTL-TO;378.16;378.77;234.978;235.357;610.0;0.379;0.85;2043.0;2057.0;2055.0;2374.0;2577.0;173.8;108.0;218.8;136.0;261.0;162.2;D;C;B;Trenton Junction;Cobourg
via_existing;MTL-TO-0261;MTL-TO;378.78;386.93;235.363;240.427;8150.0;5.064;0.45;3905.0;3905.0;50000.0;50000.0;34904.0;239.4;148.8;301.5;187.3;359.6;223.4;C;A;A;Trenton Junction;Cobourg
via_existing;MTL-TO-0262;MTL-TO;386.94;387.44;240.433;240.744;500.0;0.311;0.49;3556.0;3580.0;3569.0;3838.0;4060.0;229.3;142.5;288.7;179.4;344.3;213.9;C;B;A;Trenton Junction;Cobourg
via_existing;MTL-TO-0263;MTL-TO;387.45;388.1;240.75;241.154;650.0;0.404;0.28;6157.0;6157.0;6411.0;8317.0;8514.0;300.7;186.8;360.0;223.7;360.0;223.7;A;A;A;Trenton Junction;Cobourg
via_existing;MTL-TO-0264;MTL-TO;388.11;388.27;241.16;241.26;160.0;0.099;0.29;5919.0;5961.0;5919.0;5967.0;5988.0;295.9;183.9;360.0;223.7;360.0;223.7;B;A;A;Trenton Junction;Cobourg
via_existing;MTL-TO-0265;MTL-TO;388.28;402.93;241.266;250.369;14650.0;9.103;0.45;3876.0;3876.0;50000.0;50000.0;38195.0;238.6;148.3;300.4;186.7;358.3;222.6;C;A;A;Trenton Junction;Cobourg
via_existing;MTL-TO-0266;MTL-TO;402.94;403.36;250.375;250.636;420.0;0.261;0.48;3630.0;3659.0;3639.0;3890.0;4141.0;231.8;144.0;291.8;181.3;348.1;216.3;C;B;A;Trenton Junction;Cobourg
via_existing;MTL-TO-0267;MTL-TO;403.37;421.13;250.642;261.678;17760.0;11.036;0.41;4271.0;4271.0;50000.0;50000.0;42676.0;250.4;155.6;315.3;195.9;360.0;223.7;B;A;A;Trenton Junction;Cobourg
via_existing;MTL-TO-0268;MTL-TO;421.14;421.39;261.684;261.84;250.0;0.155;0.44;3930.0;3951.0;3931.0;4004.0;4028.0;240.8;149.6;303.2;188.4;360.0;223.7;C;A;A;Trenton Junction;Cobourg
via_existing;MTL-TO-0269;MTL-TO;421.4;422.3;261.846;262.405;900.0;0.559;0.41;4262.0;4262.0;4626.0;5055.0;5058.0;250.2;155.5;315.0;195.7;360.0;223.7;B;A;A;Trenton Junction;Cobourg
via_existing;MTL-TO-0270;MTL-TO;422.31;424.25;262.411;263.617;1940.0;1.205;0.28;6187.0;6187.0;8496.0;50000.0;28028.0;301.4;187.3;360.0;223.7;360.0;223.7;A;A;A;Trenton Junction;Cobourg
via_existing;MTL-TO-0271;MTL-TO;424.26;424.67;263.623;263.878;410.0;0.255;0.37;4643.0;4683.0;4652.0;4956.0;5064.0;262.2;162.9;330.2;205.2;360.0;223.7;B;A;A;Trenton Junction;Cobourg
via_existing;MTL-TO-0272;MTL-TO;424.68;427.39;263.884;265.568;2710.0;1.684;1.02;1707.0;1711.0;1958.0;50000.0;7777.0;158.5;98.5;199.6;124.0;238.1;147.9;E;D;C;Trenton Junction;Cobourg
via_existing;MTL-TO-0273;MTL-TO;427.4;427.44;265.574;265.599;40.0;0.025;1.01;1720.0;1729.0;1720.0;1729.0;1729.0;159.3;99.0;200.6;124.6;239.3;148.7;E;C;C;Trenton Junction;Cobourg
via_existing;MTL-TO-0274;MTL-TO;427.45;427.7;265.605;265.76;250.0;0.155;1.0;1744.0;1744.0;1759.0;1812.0;1811.0;160.0;99.4;201.5;125.2;240.4;149.4;D;C;C;Trenton Junction;Cobourg
via_existing;MTL-TO-0275;MTL-TO;427.71;427.99;265.767;265.941;280.0;0.174;0.92;1893.0;1893.0;1922.0;2123.0;2156.0;166.7;103.6;209.9;130.4;250.4;155.6;D;C;B;Cobourg;Port Hope
via_existing;MTL-TO-0276;MTL-TO;428.0;428.36;265.947;266.171;360.0;0.224;0.64;2730.0;2730.0;2861.0;2861.0;2856.0;200.2;124.4;252.1;156.6;300.7;186.8;C;B;A;Cobourg;Port Hope
via_existing;MTL-TO-0277;MTL-TO;428.37;428.62;266.177;266.332;250.0;0.155;0.03;50000.0;50000.0;50000.0;50000.0;50000.0;360.0;223.7;360.0;223.7;360.0;223.7;A;A;A;Cobourg;Port Hope
via_existing;MTL-TO-0278;MTL-TO;428.63;429.18;266.338;266.68;550.0;0.342;1.01;1721.0;1721.0;1870.0;2967.0;2524.0;159.0;98.8;200.1;124.3;238.7;148.3;E;C;C;Cobourg;Port Hope
via_existing;MTL-TO-0279;MTL-TO;429.19;430.12;266.686;267.264;930.0;0.578;1.32;1328.0;1328.0;1328.0;1329.0;1383.0;139.6;86.7;175.8;109.2;209.7;130.3;E;D;C;Cobourg;Port Hope
via_existing;MTL-TO-0280;MTL-TO;430.13;430.88;267.27;267.736;750.0;0.466;0.99;1771.0;1771.0;1771.0;1771.0;1771.0;161.3;100.2;203.0;126.1;242.2;150.5;D;C;C;Cobourg;Port Hope
via_existing;MTL-TO-0281;MTL-TO;430.89;433.14;267.743;269.141;2250.0;1.398;0.66;2627.0;2647.0;3141.0;50000.0;12457.0;197.2;122.5;248.2;154.2;296.1;184.0;D;C;B;Cobourg;Port Hope
via_existing;MTL-TO-0283;MTL-TO;433.16;433.44;269.153;269.327;280.0;0.174;0.64;2727.0;2727.0;2820.0;3634.0;3673.0;200.1;124.3;251.9;156.5;300.5;186.7;C;B;A;Cobourg;Port Hope
via_existing;MTL-TO-0284;MTL-TO;433.45;434.96;269.333;270.272;1510.0;0.938;0.45;3908.0;3908.0;5239.0;50000.0;14857.0;239.5;148.8;301.6;187.4;359.8;223.6;C;A;A;Cobourg;Port Hope
via_existing;MTL-TO-0285;MTL-TO;434.97;436.01;270.278;270.924;1040.0;0.646;0.52;3367.0;3372.0;3379.0;3496.0;3711.0;222.5;138.3;280.1;174.0;334.2;207.7;C;B;A;Cobourg;Port Hope
via_existing;MTL-TO-0286;MTL-TO;436.02;437.87;270.93;272.08;1850.0;1.15;1.0;1746.0;1746.0;4248.0;50000.0;13063.0;160.1;99.5;201.6;125.3;240.5;149.4;D;C;C;Cobourg;Port Hope
via_existing;MTL-TO-0287;MTL-TO;437.88;438.41;272.086;272.415;530.0;0.329;1.33;1318.0;1318.0;1318.0;1318.0;1342.0;139.1;86.4;175.1;108.8;208.9;129.8;E;D;C;Cobourg;Port Hope
via_existing;MTL-TO-0288;MTL-TO;438.42;439.51;272.422;273.099;1090.0;0.677;2.36;740.0;740.0;740.0;769.0;975.0;104.2;64.7;131.2;81.5;156.5;97.2;E;E;E;Port Hope;Oshawa
via_existing;MTL-TO-0289;MTL-TO;439.52;443.39;273.105;275.51;3870.0;2.405;0.45;3888.0;3888.0;6821.0;50000.0;24617.0;238.9;148.4;300.8;186.9;358.8;222.9;C;A;A;Port Hope;Oshawa
via_existing;MTL-TO-0290;MTL-TO;443.4;446.22;275.516;277.268;2820.0;1.752;0.57;3065.0;3069.0;3092.0;3300.0;3364.0;212.3;131.9;267.3;166.1;318.8;198.1;C;B;A;Port Hope;Oshawa
via_existing;MTL-TO-0291;MTL-TO;446.23;447.81;277.274;278.256;1580.0;0.982;0.64;2723.0;2723.0;4875.0;50000.0;14228.0;199.9;124.2;251.7;156.4;300.3;186.6;D;B;A;Port Hope;Oshawa
via_existing;MTL-TO-0292;MTL-TO;447.82;448.39;278.262;278.617;570.0;0.354;0.82;2123.0;2138.0;2133.0;2430.0;2643.0;177.2;110.1;223.1;138.6;266.1;165.3;D;C;B;Port Hope;Oshawa
via_existing;MTL-TO-0293;MTL-TO;448.4;449.8;278.623;279.493;1400.0;0.87;0.63;2756.0;2756.0;4562.0;50000.0;14039.0;201.2;125.0;253.3;157.4;302.1;187.7;C;B;A;Port Hope;Oshawa
via_existing;MTL-TO-0294;MTL-TO;449.81;450.3;279.499;279.803;490.0;0.304;0.91;1911.0;1925.0;1917.0;2093.0;2143.0;168.1;104.5;211.6;131.5;252.5;156.9;D;C;B;Port Hope;Oshawa
via_existing;MTL-TO-0295;MTL-TO;450.31;450.64;279.81;280.015;330.0;0.205;0.63;2783.0;2783.0;2783.0;2783.0;2783.0;202.1;125.6;254.5;158.1;303.6;188.6;C;B;A;Port Hope;Oshawa
via_existing;MTL-TO-0296;MTL-TO;450.65;451.01;280.021;280.245;360.0;0.224;0.03;50000.0;50000.0;50000.0;50000.0;50000.0;360.0;223.7;360.0;223.7;360.0;223.7;A;A;A;Port Hope;Oshawa
via_existing;MTL-TO-0297;MTL-TO;451.02;451.47;280.251;280.53;450.0;0.28;0.65;2686.0;2686.0;2868.0;4430.0;3894.0;198.6;123.4;250.0;155.3;298.3;185.4;D;B;B;Port Hope;Oshawa
via_existing;MTL-TO-0298;MTL-TO;451.48;452.25;280.537;281.015;770.0;0.478;0.74;2356.0;2362.0;2363.0;2564.0;2820.0;186.2;115.7;234.5;145.7;279.7;173.8;D;C;B;Port Hope;Oshawa
via_existing;MTL-TO-0299;MTL-TO;452.26;453.62;281.021;281.866;1360.0;0.845;0.41;4276.0;4276.0;5784.0;50000.0;15568.0;250.6;155.7;315.5;196.0;360.0;223.7;B;A;A;Port Hope;Oshawa
via_existing;MTL-TO-0300;MTL-TO;453.63;454.01;281.873;282.109;380.0;0.236;0.44;3965.0;3998.0;3973.0;4189.0;4417.0;242.3;150.6;305.0;189.5;360.0;223.7;C;A;A;Port Hope;Oshawa
via_existing;MTL-TO-0301;MTL-TO;454.02;454.68;282.115;282.525;660.0;0.41;0.28;6250.0;6250.0;6959.0;50000.0;15856.0;302.9;188.2;360.0;223.7;360.0;223.7;A;A;A;Port Hope;Oshawa
via_existing;MTL-TO-0302;MTL-TO;454.69;455.14;282.531;282.811;450.0;0.28;0.4;4361.0;4391.0;4372.0;4723.0;4845.0;253.9;157.8;319.7;198.7;360.0;223.7;B;A;A;Port Hope;Oshawa
via_existing;MTL-TO-0303;MTL-TO;455.15;456.42;282.817;283.606;1270.0;0.789;0.45;3868.0;3868.0;4748.0;50000.0;12601.0;238.3;148.1;300.1;186.5;357.9;222.4;C;A;A;Port Hope;Oshawa
via_existing;MTL-TO-0304;MTL-TO;456.43;457.13;283.612;284.047;700.0;0.435;0.5;3461.0;3465.0;3465.0;3621.0;3838.0;225.6;140.2;284.0;176.5;338.8;210.5;C;B;A;Port Hope;Oshawa
via_existing;MTL-TO-0305;MTL-TO;457.14;459.2;284.054;285.334;2060.0;1.28;0.64;2731.0;2731.0;6147.0;50000.0;17171.0;200.2;124.4;252.1;156.6;300.8;186.9;C;B;A;Port Hope;Oshawa
via_existing;MTL-TO-0306;MTL-TO;459.21;459.41;285.34;285.464;200.0;0.124;0.92;1894.0;1894.0;1932.0;2158.0;2178.0;166.7;103.6;209.9;130.4;250.4;155.6;D;C;B;Port Hope;Oshawa
via_existing;MTL-TO-0307;MTL-TO;459.42;459.81;285.47;285.713;390.0;0.242;1.0;1745.0;1745.0;1751.0;1753.0;1770.0;160.0;99.4;201.5;125.2;240.4;149.4;D;C;C;Port Hope;Oshawa
via_existing;MTL-TO-0308;MTL-TO;459.82;460.07;285.719;285.874;250.0;0.155;1.01;1733.0;1736.0;1733.0;1744.0;1768.0;159.7;99.2;201.0;124.9;239.8;149.0;E;C;C;Port Hope;Oshawa
via_existing;MTL-TO-0309;MTL-TO;460.08;460.59;285.88;286.197;510.0;0.317;0.92;1907.0;1907.0;2040.0;2357.0;2280.0;167.3;104.0;210.7;130.9;251.3;156.2;D;C;B;Port Hope;Oshawa
via_existing;MTL-TO-0310;MTL-TO;460.6;460.94;286.204;286.415;340.0;0.211;0.03;50000.0;50000.0;50000.0;50000.0;50000.0;360.0;223.7;360.0;223.7;360.0;223.7;A;A;A;Port Hope;Oshawa
via_existing;MTL-TO-0311;MTL-TO;460.95;461.28;286.421;286.626;330.0;0.205;0.64;2726.0;2726.0;2996.0;4920.0;4094.0;200.0;124.3;251.9;156.5;300.4;186.7;C;B;A;Port Hope;Oshawa
via_existing;MTL-TO-0312;MTL-TO;461.29;461.94;286.632;287.036;650.0;0.404;0.88;1979.0;1995.0;1993.0;2331.0;2510.0;171.2;106.4;215.5;133.9;257.1;159.8;D;C;B;Port Hope;Oshawa
via_existing;MTL-TO-0313;MTL-TO;461.95;462.83;287.042;287.589;880.0;0.547;0.64;2741.0;2741.0;3462.0;12064.0;8779.0;200.6;124.6;252.6;157.0;301.3;187.2;C;B;A;Port Hope;Oshawa
via_existing;MTL-TO-0314;MTL-TO;462.84;463.55;287.595;288.037;710.0;0.441;0.84;2071.0;2082.0;2082.0;2401.0;2593.0;174.8;108.6;220.1;136.8;262.6;163.2;D;C;B;Port Hope;Oshawa
via_existing;MTL-TO-0315;MTL-TO;463.56;465.92;288.043;289.509;2360.0;1.466;0.45;3887.0;3887.0;6286.0;50000.0;19646.0;238.9;148.4;300.8;186.9;358.8;222.9;C;A;A;Port Hope;Oshawa
via_existing;MTL-TO-0316;MTL-TO;465.93;467.16;289.515;290.28;1230.0;0.764;0.49;3541.0;3546.0;3546.0;3570.0;3586.0;228.2;141.8;287.3;178.5;342.7;212.9;C;B;A;Port Hope;Oshawa
via_existing;MTL-TO-0317;MTL-TO;467.17;468.39;290.286;291.044;1220.0;0.758;1.0;1752.0;1753.0;1753.0;1782.0;1805.0;160.4;99.7;202.0;125.5;240.9;149.7;D;C;C;Port Hope;Oshawa
via_existing;MTL-TO-0318;MTL-TO;468.4;469.07;291.05;291.467;670.0;0.416;0.92;1888.0;1888.0;2049.0;2197.0;2638.0;166.5;103.5;209.6;130.2;250.0;155.3;D;C;B;Port Hope;Oshawa
via_existing;MTL-TO-0319;MTL-TO;469.08;469.44;291.473;291.696;360.0;0.224;0.45;3881.0;3881.0;3987.0;3987.0;3982.0;238.7;148.3;300.5;186.7;358.5;222.8;C;A;A;Port Hope;Oshawa
via_existing;MTL-TO-0320;MTL-TO;469.45;469.91;291.703;291.989;460.0;0.286;0.49;3560.0;3579.0;3567.0;3802.0;4066.0;229.2;142.4;288.6;179.3;344.3;213.9;C;B;A;Port Hope;Oshawa
via_existing;MTL-TO-0321;MTL-TO;469.92;470.87;291.995;292.585;950.0;0.59;0.99;1759.0;1759.0;2350.0;11213.0;6833.0;160.7;99.9;202.3;125.7;241.3;149.9;D;C;C;Port Hope;Oshawa
via_existing;MTL-TO-0322;MTL-TO;470.88;471.11;292.591;292.734;230.0;0.143;1.44;1211.0;1211.0;1233.0;1371.0;1388.0;133.3;82.8;167.9;104.3;200.2;124.4;E;D;C;Port Hope;Oshawa
via_existing;MTL-TO-0323;MTL-TO;471.12;471.32;292.74;292.865;200.0;0.124;1.49;1165.0;1171.0;1165.0;1174.0;1178.0;131.1;81.5;165.1;102.6;196.9;122.3;E;D;D;Port Hope;Oshawa
via_existing;MTL-TO-0324;MTL-TO;471.33;471.85;292.871;293.194;520.0;0.323;1.44;1209.0;1209.0;1262.0;1822.0;1885.0;133.3;82.8;167.8;104.3;200.1;124.3;E;D;C;Port Hope;Oshawa
via_existing;MTL-TO-0325;MTL-TO;471.86;474.19;293.2;294.648;2330.0;1.448;0.64;2744.0;2744.0;6717.0;50000.0;19290.0;200.7;124.7;252.7;157.0;301.4;187.3;C;B;A;Port Hope;Oshawa
via_existing;MTL-TO-0326;MTL-TO;474.2;474.39;294.654;294.772;190.0;0.118;0.92;1903.0;1903.0;1944.0;2174.0;2191.0;167.2;103.9;210.5;130.8;251.1;156.0;D;C;B;Port Hope;Oshawa
via_existing;MTL-TO-0327;MTL-TO;474.4;474.9;294.778;295.089;500.0;0.311;1.0;1744.0;1746.0;1745.0;1760.0;1779.0;160.1;99.5;201.6;125.3;240.5;149.4;D;C;C;Port Hope;Oshawa
via_existing;MTL-TO-0328;MTL-TO;474.91;475.32;295.095;295.35;410.0;0.255;0.92;1898.0;1898.0;1985.0;2690.0;2751.0;167.0;103.8;210.2;130.6;250.8;155.8;D;C;B;Port Hope;Oshawa
via_existing;MTL-TO-0329;MTL-TO;475.33;476.59;295.356;296.139;1260.0;0.783;0.28;6253.0;6253.0;17102.0;50000.0;34035.0;303.0;188.3;360.0;223.7;360.0;223.7;A;A;A;Port Hope;Oshawa
via_existing;MTL-TO-0330;MTL-TO;476.6;477.15;296.146;296.487;550.0;0.342;0.92;1888.0;1888.0;2005.0;2444.0;2324.0;166.5;103.5;209.6;130.2;250.1;155.4;D;C;B;Port Hope;Oshawa
via_existing;MTL-TO-0331;MTL-TO;477.16;477.47;296.493;296.686;310.0;0.193;0.99;1758.0;1764.0;1759.0;1788.0;1798.0;161.0;100.0;202.6;125.9;241.7;150.2;D;C;C;Port Hope;Oshawa
via_existing;MTL-TO-0332;MTL-TO;477.48;477.67;296.692;296.81;190.0;0.118;0.92;1900.0;1900.0;1938.0;2156.0;2174.0;167.0;103.8;210.3;130.7;250.8;155.8;D;C;B;Port Hope;Oshawa
via_existing;MTL-TO-0333;MTL-TO;477.68;478.02;296.817;297.028;340.0;0.211;0.65;2697.0;2697.0;2697.0;2697.0;2697.0;199.0;123.7;250.6;155.7;298.9;185.7;D;B;B;Port Hope;Oshawa
via_existing;MTL-TO-0334;MTL-TO;478.03;478.89;297.034;297.568;860.0;0.534;0.64;2742.0;2742.0;3565.0;50000.0;10836.0;200.6;124.6;252.6;157.0;301.3;187.2;C;B;A;Port Hope;Oshawa
via_existing;MTL-TO-0335;MTL-TO;478.9;479.1;297.575;297.699;200.0;0.124;0.92;1896.0;1896.0;1935.0;2166.0;2186.0;166.8;103.6;210.0;130.5;250.6;155.7;D;C;B;Port Hope;Oshawa
via_existing;MTL-TO-0336;MTL-TO;479.11;479.41;297.705;297.892;300.0;0.186;0.99;1757.0;1764.0;1758.0;1789.0;1798.0;160.9;100.0;202.6;125.9;241.7;150.2;D;C;C;Port Hope;Oshawa
via_existing;MTL-TO-0337;MTL-TO;479.42;479.62;297.898;298.022;200.0;0.124;0.92;1892.0;1892.0;1930.0;2153.0;2171.0;166.7;103.6;209.8;130.4;250.3;155.5;D;C;B;Port Hope;Oshawa
via_existing;MTL-TO-0338;MTL-TO;479.63;479.97;298.028;298.24;340.0;0.211;0.64;2717.0;2717.0;2717.0;2717.0;2717.0;199.7;124.1;251.5;156.3;299.9;186.3;D;B;B;Port Hope;Oshawa
via_existing;MTL-TO-0339;MTL-TO;479.98;480.72;298.246;298.706;740.0;0.46;1.0;1755.0;1755.0;2272.0;50000.0;6056.0;160.5;99.7;202.1;125.6;241.1;149.8;D;C;C;Port Hope;Oshawa
via_existing;MTL-TO-0340;MTL-TO;480.73;481.3;298.712;299.066;570.0;0.354;1.38;1262.0;1268.0;1266.0;1369.0;1404.0;136.5;84.8;171.8;106.8;204.9;127.3;E;D;C;Port Hope;Oshawa
via_existing;MTL-TO-0341;MTL-TO;481.31;481.72;299.072;299.327;410.0;0.255;1.0;1745.0;1745.0;1802.0;1853.0;1844.0;160.1;99.5;201.6;125.3;240.4;149.4;D;C;C;Port Hope;Oshawa
via_existing;MTL-TO-0342;MTL-TO;481.73;482.18;299.333;299.613;450.0;0.28;0.92;1891.0;1891.0;1891.0;1891.0;1891.0;166.6;103.5;209.8;130.4;250.2;155.5;D;C;B;Port Hope;Oshawa
via_existing;MTL-TO-0343;MTL-TO;482.19;483.14;299.619;300.209;950.0;0.59;1.0;1744.0;1744.0;1751.0;1785.0;1784.0;160.0;99.4;201.5;125.2;240.3;149.3;D;C;C;Port Hope;Oshawa
via_existing;MTL-TO-0344;MTL-TO;483.15;483.41;300.215;300.377;260.0;0.162;1.0;1739.0;1740.0;1739.0;1741.0;1741.0;159.8;99.3;201.2;125.0;240.0;149.1;E;C;C;Port Hope;Oshawa
via_existing;MTL-TO-0345;MTL-TO;483.42;483.8;300.383;300.619;380.0;0.236;1.0;1744.0;1744.0;1746.0;1748.0;1768.0;160.0;99.4;201.5;125.2;240.3;149.3;D;C;C;Port Hope;Oshawa
via_existing;MTL-TO-0346;MTL-TO;483.81;484.14;300.626;300.831;330.0;0.205;0.92;1903.0;1903.0;1977.0;2500.0;2543.0;167.1;103.8;210.4;130.7;251.0;156.0;D;C;B;Port Hope;Oshawa
via_existing;MTL-TO-0347;MTL-TO;484.15;484.35;300.837;300.961;200.0;0.124;0.39;4424.0;4424.0;4857.0;5377.0;5243.0;254.9;158.4;320.9;199.4;360.0;223.7;B;A;A;Port Hope;Oshawa
via_existing;MTL-TO-0348;MTL-TO;484.36;486.99;300.967;302.602;2630.0;1.634;0.45;3879.0;3879.0;6091.0;50000.0;22332.0;238.6;148.3;300.5;186.7;358.4;222.7;C;A;A;Port Hope;Oshawa
via_existing;MTL-TO-0349;MTL-TO;487.0;487.44;302.608;302.881;440.0;0.273;0.47;3676.0;3698.0;3684.0;3931.0;4166.0;233.0;144.8;293.4;182.3;350.0;217.5;C;B;A;Port Hope;Oshawa
via_existing;MTL-TO-0350;MTL-TO;487.45;491.0;302.887;305.093;3550.0;2.206;0.63;2751.0;2751.0;8464.0;50000.0;23369.0;201.0;124.9;253.0;157.2;301.8;187.5;C;B;A;Oshawa;Guildwood
via_existing;MTL-TO-0351;MTL-TO;491.01;491.38;305.099;305.329;370.0;0.23;1.0;1744.0;1744.0;1753.0;1902.0;1974.0;160.0;99.4;201.5;125.2;240.3;149.3;D;C;C;Oshawa;Guildwood
via_existing;MTL-TO-0352;MTL-TO;491.39;491.56;305.336;305.441;170.0;0.106;1.0;1737.0;1738.0;1737.0;1739.0;1739.0;159.7;99.2;201.1;125.0;239.9;149.1;E;C;C;Oshawa;Guildwood
via_existing;MTL-TO-0353;MTL-TO;491.57;491.76;305.447;305.565;190.0;0.118;1.0;1744.0;1744.0;1747.0;1778.0;1790.0;160.0;99.4;201.5;125.2;240.3;149.3;D;C;C;Oshawa;Guildwood
via_existing;MTL-TO-0354;MTL-TO;491.77;492.21;305.572;305.845;440.0;0.273;0.92;1898.0;1898.0;1990.0;2736.0;2788.0;166.9;103.7;210.2;130.6;250.7;155.8;D;C;B;Oshawa;Guildwood
via_existing;MTL-TO-0355;MTL-TO;492.22;494.39;305.851;307.2;2170.0;1.348;0.27;6360.0;6360.0;50000.0;50000.0;39139.0;305.6;189.9;360.0;223.7;360.0;223.7;A;A;A;Oshawa;Guildwood
via_existing;MTL-TO-0356;MTL-TO;494.4;494.73;307.206;307.411;330.0;0.205;0.63;2751.0;2751.0;3030.0;3685.0;3509.0;201.0;124.9;253.0;157.2;301.8;187.5;C;B;A;Oshawa;Guildwood
via_existing;MTL-TO-0357;MTL-TO;494.74;495.05;307.417;307.61;310.0;0.193;1.0;1745.0;1745.0;1766.0;1973.0;2021.0;160.1;99.5;201.5;125.2;240.4;149.4;D;C;C;Oshawa;Guildwood
via_existing;MTL-TO-0358;MTL-TO;495.06;495.15;307.616;307.672;90.0;0.056;1.01;1731.0;1733.0;1731.0;1733.0;1734.0;159.5;99.1;200.9;124.8;239.6;148.9;E;C;C;Oshawa;Guildwood
via_existing;MTL-TO-0359;MTL-TO;495.16;495.68;307.678;308.001;520.0;0.323;1.0;1744.0;1744.0;1782.0;2335.0;2452.0;160.0;99.4;201.5;125.2;240.4;149.4;D;C;C;Oshawa;Guildwood
via_existing;MTL-TO-0360;MTL-TO;495.69;503.17;308.007;312.655;7480.0;4.648;0.64;2734.0;2734.0;50000.0;50000.0;33232.0;200.3;124.5;252.2;156.7;300.9;187.0;C;B;A;Oshawa;Guildwood
via_existing;MTL-TO-0361;MTL-TO;503.18;503.75;312.662;313.016;570.0;0.354;0.8;2175.0;2194.0;2186.0;2483.0;2703.0;179.5;111.5;226.0;140.4;269.6;167.5;D;C;B;Oshawa;Guildwood
via_existing;MTL-TO-0362;MTL-TO;503.76;508.55;313.022;315.998;4790.0;2.976;1.02;1704.0;1711.0;3448.0;50000.0;12888.0;158.5;98.5;199.5;124.0;238.0;147.9;E;D;C;Oshawa;Guildwood
via_existing;MTL-TO-0363;MTL-TO;508.56;508.59;316.005;316.023;30.0;0.019;1.01;1723.0;1730.0;1723.0;1730.0;1730.0;159.4;99.0;200.7;124.7;239.4;148.8;E;C;C;Oshawa;Guildwood
via_existing;MTL-TO-0364;MTL-TO;508.6;509.16;316.029;316.377;560.0;0.348;1.0;1744.0;1744.0;1755.0;1808.0;1802.0;160.0;99.4;201.5;125.2;240.3;149.3;D;C;C;Oshawa;Guildwood
via_existing;MTL-TO-0365;MTL-TO;509.17;509.48;316.384;316.576;310.0;0.193;1.01;1734.0;1735.0;1734.0;1743.0;1767.0;159.6;99.2;201.0;124.9;239.7;148.9;E;C;C;Oshawa;Guildwood
via_existing;MTL-TO-0366;MTL-TO;509.49;509.83;316.582;316.794;340.0;0.211;0.92;1896.0;1896.0;1950.0;2391.0;2436.0;166.8;103.6;210.0;130.5;250.6;155.7;D;C;B;Oshawa;Guildwood
via_existing;MTL-TO-0367;MTL-TO;509.84;510.08;316.8;316.949;240.0;0.149;0.44;3931.0;3931.0;4235.0;4235.0;4216.0;240.2;149.3;302.5;188.0;360.0;223.7;C;A;A;Oshawa;Guildwood
via_existing;MTL-TO-0368;MTL-TO;510.09;510.39;316.955;317.142;300.0;0.186;0.03;50000.0;50000.0;50000.0;50000.0;50000.0;360.0;223.7;360.0;223.7;360.0;223.7;A;A;A;Oshawa;Guildwood
via_existing;MTL-TO-0369;MTL-TO;510.4;510.95;317.148;317.49;550.0;0.342;0.92;1888.0;1888.0;2015.0;2527.0;2380.0;166.5;103.5;209.6;130.2;250.1;155.4;D;C;B;Oshawa;Guildwood
via_existing;MTL-TO-0370;MTL-TO;510.96;511.2;317.496;317.645;240.0;0.149;0.98;1761.0;1773.0;1762.0;1789.0;1800.0;161.3;100.2;203.1;126.2;242.3;150.6;D;C;C;Oshawa;Guildwood
via_existing;MTL-TO-0371;MTL-TO;511.21;511.61;317.651;317.9;400.0;0.249;0.92;1888.0;1888.0;1976.0;2694.0;2758.0;166.5;103.5;209.6;130.2;250.0;155.3;D;C;B;Oshawa;Guildwood
via_existing;MTL-TO-0372;MTL-TO;511.62;512.06;317.906;318.179;440.0;0.273;0.28;6245.0;6245.0;6937.0;13003.0;12331.0;302.8;188.2;360.0;223.7;360.0;223.7;A;A;A;Oshawa;Guildwood
via_existing;MTL-TO-0373;MTL-TO;512.07;512.52;318.186;318.465;450.0;0.28;0.39;4420.0;4447.0;4431.0;4759.0;4880.0;255.5;158.8;321.7;199.9;360.0;223.7;B;A;A;Oshawa;Guildwood
via_existing;MTL-TO-0374;MTL-TO;512.53;514.39;318.471;319.627;1860.0;1.156;0.65;2698.0;2698.0;4432.0;50000.0;14231.0;199.0;123.7;250.6;155.7;298.9;185.7;D;B;B;Oshawa;Guildwood
via_existing;MTL-TO-0375;MTL-TO;514.4;515.42;319.633;320.267;1020.0;0.634;1.01;1728.0;1728.0;2154.0;2906.0;3103.0;159.3;99.0;200.5;124.6;239.2;148.6;E;C;C;Oshawa;Guildwood
via_existing;MTL-TO-0376;MTL-TO;515.43;515.99;320.273;320.621;560.0;0.348;1.09;1582.0;1596.0;1590.0;1903.0;2113.0;153.1;95.1;192.7;119.7;229.9;142.9;E;D;C;Oshawa;Guildwood
via_existing;MTL-TO-0377;MTL-TO;516.0;520.23;320.628;323.256;4230.0;2.628;0.64;2738.0;2738.0;50000.0;50000.0;27228.0;200.5;124.6;252.5;156.9;301.1;187.1;C;B;A;Oshawa;Guildwood
via_existing;MTL-TO-0378;MTL-TO;520.24;520.69;323.262;323.542;450.0;0.28;0.86;2023.0;2041.0;2030.0;2212.0;2253.0;173.1;107.6;218.0;135.5;260.0;161.6;D;C;B;Guildwood;Toronto
via_existing;MTL-TO-0379;MTL-TO;520.7;520.95;323.548;323.703;250.0;0.155;0.03;50000.0;50000.0;50000.0;50000.0;50000.0;360.0;223.7;360.0;223.7;360.0;223.7;A;A;A;Guildwood;Toronto
via_existing;MTL-TO-0380;MTL-TO;520.96;521.03;323.71;323.753;70.0;0.043;0.69;2507.0;2529.0;2507.0;2529.0;2541.0;192.7;119.7;242.6;150.7;289.4;179.8;D;C;B;Guildwood;Toronto
via_existing;MTL-TO-0381;MTL-TO;521.04;521.25;323.759;323.89;210.0;0.13;1.54;1133.0;1133.0;50000.0;50000.0;16893.0;129.0;80.2;162.4;100.9;193.7;120.4;E;D;D;Guildwood;Toronto
via_existing;MTL-TO-0382;MTL-TO;521.26;521.57;323.896;324.089;310.0;0.193;2.56;681.0;681.0;829.0;1397.0;1271.0;99.9;62.1;125.9;78.2;150.1;93.3;F;E;E;Guildwood;Toronto
via_existing;MTL-TO-0383;MTL-TO;521.58;522.29;324.095;324.536;710.0;0.441;1.7;866.0;1030.0;1023.0;1348.0;1517.0;123.0;76.4;154.8;96.2;184.7;114.8;E;E;D;Guildwood;Toronto
via_existing;MTL-TO-0384;MTL-TO;522.3;522.51;324.542;324.673;210.0;0.13;0.45;3890.0;3924.0;3890.0;3968.0;3995.0;240.0;149.1;302.2;187.8;360.0;223.7;C;A;A;Guildwood;Toronto
via_existing;MTL-TO-0385;MTL-TO;522.52;522.76;324.679;324.828;240.0;0.149;0.41;4285.0;4285.0;4408.0;4929.0;4941.0;250.8;155.8;315.8;196.2;360.0;223.7;B;A;A;Guildwood;Toronto
via_existing;MTL-TO-0386;MTL-TO;522.77;524.37;324.834;325.828;1600.0;0.994;0.92;1893.0;1893.0;2625.0;50000.0;8837.0;166.7;103.6;209.9;130.4;250.4;155.6;D;C;B;Guildwood;Toronto
via_existing;MTL-TO-0387;MTL-TO;524.38;525.01;325.835;326.226;630.0;0.391;1.0;1744.0;1753.0;1753.0;2064.0;2289.0;160.4;99.7;202.0;125.5;241.0;149.8;D;C;C;Guildwood;Toronto
via_existing;MTL-TO-0388;MTL-TO;525.02;528.51;326.232;328.401;3490.0;2.169;0.64;2744.0;2744.0;9553.0;50000.0;24157.0;200.7;124.7;252.7;157.0;301.5;187.3;C;B;A;Guildwood;Toronto
via_existing;MTL-TO-0389;MTL-TO;528.52;528.72;328.407;328.531;200.0;0.124;0.92;1898.0;1898.0;1942.0;2150.0;2179.0;167.0;103.8;210.2;130.6;250.7;155.8;D;C;B;Guildwood;Toronto
via_existing;MTL-TO-0390;MTL-TO;528.73;529.64;328.538;329.103;910.0;0.565;1.0;1745.0;1747.0;1749.0;1805.0;1794.0;160.2;99.5;201.7;125.3;240.5;149.4;D;C;C;Guildwood;Toronto
via_existing;MTL-TO-0391;MTL-TO;529.65;530.09;329.109;329.383;440.0;0.273;0.92;1888.0;1888.0;1963.0;2633.0;2717.0;166.5;103.5;209.6;130.2;250.1;155.4;D;C;B;Guildwood;Toronto
via_existing;MTL-TO-0392;MTL-TO;530.1;531.51;329.389;330.265;1410.0;0.876;0.45;3867.0;3867.0;4539.0;50000.0;13274.0;238.3;148.1;300.0;186.4;357.9;222.4;C;A;A;Guildwood;Toronto
via_existing;MTL-TO-0393;MTL-TO;531.52;531.79;330.271;330.439;270.0;0.168;0.47;3667.0;3684.0;3667.0;3746.0;3797.0;232.6;144.5;292.8;181.9;349.3;217.0;C;B;A;Guildwood;Toronto
via_existing;MTL-TO-0394;MTL-TO;531.8;532.18;330.445;330.681;380.0;0.236;0.41;4301.0;4301.0;4630.0;5443.0;6352.0;251.3;156.2;316.4;196.6;360.0;223.7;B;A;A;Guildwood;Toronto
via_existing;MTL-TO-0395;MTL-TO;532.19;535.01;330.688;332.44;2820.0;1.752;0.92;1898.0;1898.0;3669.0;50000.0;13905.0;167.0;103.8;210.2;130.6;250.7;155.8;D;C;B;Guildwood;Toronto
via_existing;MTL-TO-0396;MTL-TO;535.02;535.43;332.446;332.701;410.0;0.255;1.02;1719.0;1719.0;1753.0;1788.0;1794.0;158.9;98.7;200.0;124.3;238.6;148.3;E;C;C;Guildwood;Toronto
via_existing;MTL-TO-0397;MTL-TO;535.44;535.86;332.707;332.968;420.0;0.261;1.07;1628.0;1631.0;1629.0;1646.0;1658.0;154.7;96.1;194.8;121.0;232.4;144.4;E;D;C;Guildwood;Toronto
via_existing;MTL-TO-0398;MTL-TO;535.87;536.55;332.974;333.397;680.0;0.423;1.0;1752.0;1752.0;1815.0;1815.0;1820.0;160.4;99.7;201.9;125.5;240.9;149.7;D;C;C;Guildwood;Toronto
via_existing;MTL-TO-0399;MTL-TO;536.56;537.81;333.403;334.18;1250.0;0.777;2.32;748.0;753.0;753.0;801.0;1026.0;105.2;65.4;132.4;82.3;157.9;98.1;E;E;E;Guildwood;Toronto
via_existing;MTL-TO-0400;MTL-TO;537.82;538.41;334.186;334.552;590.0;0.367;0.81;2155.0;2161.0;2159.0;2274.0;2318.0;178.1;110.7;224.3;139.4;267.5;166.2;D;C;B;Guildwood;Toronto
via_existing;MTL-TO-0401;MTL-TO;538.42;538.91;334.559;334.863;490.0;0.304;0.65;2667.0;2667.0;2935.0;3514.0;3727.0;197.9;123.0;249.2;154.8;297.2;184.7;D;C;B;Guildwood;Toronto
via_existing;MTL-TO-0402;MTL-TO;538.92;538.97;334.869;334.9;50.0;0.031;0.79;1483.0;2198.0;1483.0;2198.0;2181.0;179.6;111.6;226.2;140.6;269.8;167.6;D;C;B;Guildwood;Toronto
via_existing;MTL-TO-0403;MTL-TO;538.98;539.18;334.907;335.031;200.0;0.124;0.47;2722.0;3683.0;2722.0;8266.0;7306.0;232.5;144.5;292.8;181.9;349.2;217.0;C;B;A;Guildwood;Toronto
via_existing;MTL-TO-0405;MTL-TO;539.2;540.03;335.043;335.559;830.0;0.516;0.39;4440.0;4440.0;18239.0;50000.0;24142.0;255.3;158.6;321.5;199.8;360.0;223.7;B;A;A;Guildwood;Toronto
via_existing;MTL-TO-0406;MTL-TO;540.04;540.08;335.565;335.59;40.0;0.025;1.24;1406.0;1406.0;1406.0;1406.0;1406.0;143.7;89.3;180.9;112.4;215.8;134.1;E;D;C;Guildwood;Toronto
via_existing;TO-WDN-0000;TO-WDN;0.0;0.34;0.0;0.211;340.0;0.211;0.03;2201.0;50000.0;2201.0;50000.0;9357.0;360.0;223.7;360.0;223.7;360.0;223.7;A;A;A;Toronto;Oakville
via_existing;TO-WDN-0001;TO-WDN;0.35;0.46;0.217;0.286;110.0;0.068;0.79;2201.0;2201.0;2201.0;2201.0;2201.0;179.8;111.7;226.3;140.6;270.0;167.8;D;C;B;Toronto;Oakville
via_existing;TO-WDN-0002;TO-WDN;0.47;0.69;0.292;0.429;220.0;0.137;0.03;50000.0;50000.0;50000.0;50000.0;50000.0;360.0;223.7;360.0;223.7;360.0;223.7;A;A;A;Toronto;Oakville
via_existing;TO-WDN-0003;TO-WDN;0.7;0.73;0.435;0.454;30.0;0.019;1.25;1394.0;1395.0;1394.0;1395.0;1395.0;143.1;88.9;180.2;112.0;215.0;133.6;E;D;C;Toronto;Oakville
via_existing;TO-WDN-0004;TO-WDN;0.74;1.2;0.46;0.746;460.0;0.286;0.03;50000.0;50000.0;50000.0;50000.0;50000.0;360.0;223.7;360.0;223.7;360.0;223.7;A;A;A;Toronto;Oakville
via_existing;TO-WDN-0005;TO-WDN;1.21;1.46;0.752;0.907;250.0;0.155;0.6;2928.0;2928.0;2948.0;3523.0;3401.0;207.3;128.8;261.0;162.2;311.4;193.5;C;B;A;Toronto;Oakville
via_existing;TO-WDN-0006;TO-WDN;1.47;1.97;0.913;1.224;500.0;0.311;0.03;50000.0;50000.0;50000.0;50000.0;50000.0;360.0;223.7;360.0;223.7;360.0;223.7;A;A;A;Toronto;Oakville
via_existing;TO-WDN-0007;TO-WDN;1.98;2.34;1.23;1.454;360.0;0.224;0.55;3169.0;3200.0;3176.0;3587.0;3746.0;216.8;134.7;272.9;169.6;325.5;202.3;C;B;A;Toronto;Oakville
via_existing;TO-WDN-0008;TO-WDN;2.35;4.24;1.46;2.635;1890.0;1.174;1.59;1101.0;1101.0;1357.0;50000.0;5011.0;127.1;79.0;160.1;99.5;190.9;118.6;E;D;D;Toronto;Oakville
via_existing;TO-WDN-0009;TO-WDN;4.25;4.66;2.641;2.896;410.0;0.255;1.62;1074.0;1075.0;1075.0;1082.0;1097.0;125.6;78.0;158.2;98.3;188.7;117.3;E;E;D;Toronto;Oakville
via_existing;TO-WDN-0010;TO-WDN;4.67;5.13;2.902;3.188;460.0;0.286;1.43;1219.0;1219.0;1235.0;1235.0;1234.0;133.8;83.1;168.4;104.6;200.9;124.8;E;D;C;Toronto;Oakville
via_existing;TO-WDN-0011;TO-WDN;5.14;6.42;3.194;3.989;1280.0;0.795;1.01;1732.0;1732.0;1976.0;2049.0;2072.0;159.5;99.1;200.8;124.8;239.5;148.8;E;C;C;Toronto;Oakville
via_existing;TO-WDN-0012;TO-WDN;6.43;7.03;3.995;4.368;600.0;0.373;1.1;1586.0;1590.0;1589.0;1681.0;1690.0;152.8;94.9;192.4;119.6;229.5;142.6;E;D;C;Toronto;Oakville
via_existing;TO-WDN-0013;TO-WDN;7.04;8.09;4.374;5.027;1050.0;0.652;0.93;1883.0;1887.0;1917.0;2846.0;2912.0;166.4;103.4;209.6;130.2;249.9;155.3;D;C;C;Toronto;Oakville
via_existing;TO-WDN-0014;TO-WDN;8.1;8.54;5.033;5.307;440.0;0.273;0.92;1893.0;1893.0;1944.0;2379.0;2386.0;166.7;103.6;209.9;130.4;250.4;155.6;D;C;B;Toronto;Oakville
via_existing;TO-WDN-0015;TO-WDN;8.55;10.39;5.313;6.456;1840.0;1.143;0.28;6159.0;6159.0;50000.0;50000.0;39371.0;300.7;186.8;360.0;223.7;360.0;223.7;A;A;A;Toronto;Oakville
via_existing;TO-WDN-0016;TO-WDN;10.4;11.32;6.462;7.034;920.0;0.572;0.37;4683.0;4724.0;4751.0;5273.0;5297.0;263.4;163.7;331.6;206.0;360.0;223.7;B;A;A;Toronto;Oakville
via_existing;TO-WDN-0017;TO-WDN;11.33;15.7;7.04;9.756;4370.0;2.715;0.45;3885.0;3885.0;11713.0;50000.0;28367.0;238.8;148.4;300.7;186.8;358.7;222.9;C;A;A;Toronto;Oakville
via_existing;TO-WDN-0018;TO-WDN;15.71;16.35;9.762;10.159;640.0;0.398;0.55;3124.0;3158.0;3150.0;3628.0;3574.0;215.3;133.8;271.1;168.5;323.4;201.0;C;B;A;Toronto;Oakville
via_existing;TO-WDN-0019;TO-WDN;16.36;16.59;10.166;10.309;230.0;0.143;0.41;4279.0;4279.0;4376.0;4918.0;4960.0;250.6;155.7;315.6;196.1;360.0;223.7;B;A;A;Toronto;Oakville
via_existing;TO-WDN-0020;TO-WDN;16.6;27.63;10.315;17.168;11030.0;6.854;0.41;4270.0;4270.0;50000.0;50000.0;39694.0;250.4;155.6;315.3;195.9;360.0;223.7;B;A;A;Toronto;Oakville
via_existing;TO-WDN-0021;TO-WDN;27.64;27.97;17.175;17.38;330.0;0.205;0.43;4061.0;4093.0;4067.0;4237.0;4464.0;245.1;152.3;308.6;191.8;360.0;223.7;C;A;A;Toronto;Oakville
via_existing;TO-WDN-0022;TO-WDN;27.98;33.69;17.386;20.934;5710.0;3.548;0.28;6153.0;6153.0;50000.0;50000.0;41752.0;300.6;186.8;360.0;223.7;360.0;223.7;A;A;A;Toronto;Oakville
via_existing;TO-WDN-0023;TO-WDN;33.7;33.9;20.94;21.064;200.0;0.124;0.41;4257.0;4257.0;4359.0;5253.0;5154.0;250.0;155.3;314.8;195.6;360.0;223.7;B;A;A;Toronto;Oakville
via_existing;TO-WDN-0024;TO-WDN;33.91;34.05;21.071;21.158;140.0;0.087;0.42;4111.0;4138.0;4111.0;4138.0;4152.0;246.5;153.2;310.3;192.8;360.0;223.7;C;A;A;Toronto;Oakville
via_existing;TO-WDN-0025;TO-WDN;34.06;34.26;21.164;21.288;200.0;0.124;0.41;4268.0;4268.0;4346.0;4706.0;4657.0;250.3;155.5;315.2;195.9;360.0;223.7;B;A;A;Toronto;Oakville
via_existing;TO-WDN-0026;TO-WDN;34.27;34.52;21.294;21.45;250.0;0.155;0.03;50000.0;50000.0;50000.0;50000.0;50000.0;360.0;223.7;360.0;223.7;360.0;223.7;A;A;A;Oakville;Brantford
via_existing;TO-WDN-0027;TO-WDN;34.53;34.56;21.456;21.475;30.0;0.019;0.48;3665.0;3665.0;3665.0;3665.0;3916.0;232.0;144.2;292.1;181.5;348.4;216.5;C;B;A;Oakville;Brantford
via_existing;TO-WDN-0028;TO-WDN;34.57;48.21;21.481;29.956;13640.0;8.476;0.45;3891.0;3891.0;50000.0;50000.0;41160.0;239.0;148.5;300.9;187.0;359.0;223.1;C;A;A;Oakville;Brantford
via_existing;TO-WDN-0029;TO-WDN;48.22;48.76;29.963;30.298;540.0;0.336;0.5;3480.0;3498.0;3491.0;3755.0;3964.0;226.6;140.8;285.3;177.3;340.4;211.5;C;B;A;Oakville;Brantford
via_existing;TO-WDN-0030;TO-WDN;48.77;58.71;30.304;36.481;9940.0;6.176;1.0;1742.0;1742.0;50000.0;50000.0;32982.0;159.9;99.4;201.4;125.1;240.2;149.3;E;C;C;Oakville;Brantford
via_existing;TO-WDN-0031;TO-WDN;58.72;59.21;36.487;36.791;490.0;0.304;1.16;1510.0;1510.0;1510.0;1510.0;1518.0;148.9;92.5;187.5;116.5;223.6;138.9;E;D;C;Oakville;Brantford
via_existing;TO-WDN-0032;TO-WDN;59.22;60.13;36.798;37.363;910.0;0.565;3.39;515.0;515.0;515.0;517.0;517.0;86.9;54.0;109.5;68.0;130.6;81.2;F;E;E;Oakville;Brantford
via_existing;TO-WDN-0033;TO-WDN;60.14;60.91;37.369;37.848;770.0;0.478;1.34;1305.0;1305.0;1305.0;1305.0;1305.0;138.4;86.0;174.3;108.3;207.9;129.2;E;D;C;Oakville;Brantford
via_existing;TO-WDN-0034;TO-WDN;60.92;61.15;37.854;37.997;230.0;0.143;0.03;50000.0;50000.0;50000.0;50000.0;50000.0;360.0;223.7;360.0;223.7;360.0;223.7;A;A;A;Oakville;Brantford
via_existing;TO-WDN-0035;TO-WDN;61.16;61.49;38.003;38.208;330.0;0.205;0.63;2757.0;2757.0;3041.0;3560.0;3428.0;201.2;125.0;253.3;157.4;302.2;187.8;C;B;A;Oakville;Brantford
via_existing;TO-WDN-0036;TO-WDN;61.5;62.27;38.214;38.693;770.0;0.478;0.86;2022.0;2036.0;2042.0;2161.0;2164.0;172.9;107.4;217.7;135.3;259.7;161.4;D;C;B;Oakville;Brantford
via_existing;TO-WDN-0037;TO-WDN;62.28;62.74;38.699;38.985;460.0;0.286;1.57;1114.0;1114.0;1139.0;1139.0;1138.0;127.9;79.5;161.0;100.0;192.1;119.4;E;D;D;Oakville;Brantford
via_existing;TO-WDN-0038;TO-WDN;62.75;63.64;38.991;39.544;890.0;0.553;2.03;853.0;859.0;862.0;1071.0;993.0;112.3;69.8;141.4;87.9;168.6;104.8;E;E;D;Oakville;Brantford
via_existing;TO-WDN-0039;TO-WDN;63.65;64.58;39.55;40.128;930.0;0.578;0.86;2023.0;2035.0;2048.0;2132.0;2333.0;172.8;107.4;217.6;135.2;259.6;161.3;D;C;B;Oakville;Brantford
via_existing;TO-WDN-0040;TO-WDN;64.59;64.93;40.134;40.346;340.0;0.211;0.64;2746.0;2746.0;3119.0;6610.0;5462.0;200.8;124.8;252.8;157.1;301.6;187.4;C;B;A;Oakville;Brantford
via_existing;TO-WDN-0041;TO-WDN;64.94;65.99;40.352;41.004;1050.0;0.652;0.89;1956.0;1972.0;1987.0;3086.0;3092.0;170.2;105.8;214.3;133.2;255.6;158.8;D;C;B;Oakville;Brantford
via_existing;TO-WDN-0042;TO-WDN;66.0;66.46;41.01;41.296;460.0;0.286;0.7;2488.0;2488.0;2488.0;2488.0;2490.0;191.1;118.7;240.6;149.5;287.0;178.3;D;C;B;Oakville;Brantford
via_existing;TO-WDN-0043;TO-WDN;66.47;67.24;41.303;41.781;770.0;0.478;1.68;1041.0;1041.0;1041.0;1041.0;1246.0;123.6;76.8;155.7;96.7;185.7;115.4;E;E;D;Oakville;Brantford
via_existing;TO-WDN-0044;TO-WDN;67.25;72.57;41.787;45.093;5320.0;3.306;0.27;6459.0;6459.0;50000.0;50000.0;47089.0;307.9;191.3;360.0;223.7;360.0;223.7;A;A;A;Oakville;Brantford
via_existing;TO-WDN-0045;TO-WDN;72.58;72.9;45.099;45.298;320.0;0.199;0.63;2762.0;2762.0;3053.0;4379.0;3925.0;201.4;125.1;253.6;157.6;302.5;188.0;C;B;A;Oakville;Brantford
via_existing;TO-WDN-0046;TO-WDN;72.91;73.9;45.304;45.919;990.0;0.615;0.87;1984.0;1999.0;2014.0;3169.0;3154.0;171.3;106.4;215.7;134.0;257.3;159.9;D;C;B;Oakville;Brantford
via_existing;TO-WDN-0047;TO-WDN;73.91;74.32;45.926;46.18;410.0;0.255;0.5;3436.0;3463.0;3444.0;3670.0;3877.0;225.5;140.1;283.9;176.4;338.6;210.4;C;B;A;Oakville;Brantford
via_existing;TO-WDN-0048;TO-WDN;74.33;82.41;46.187;51.207;8080.0;5.021;1.01;1725.0;1725.0;50000.0;50000.0;25770.0;159.2;98.9;200.4;124.5;239.0;148.5;E;C;C;Oakville;Brantford
via_existing;TO-WDN-0049;TO-WDN;82.42;83.46;51.213;51.86;1040.0;0.646;1.33;1307.0;1310.0;1315.0;1475.0;1653.0;138.7;86.2;174.6;108.5;208.3;129.4;E;D;C;Oakville;Brantford
via_existing;TO-WDN-0050;TO-WDN;83.47;88.17;51.866;54.786;4700.0;2.92;0.64;2720.0;2720.0;17333.0;50000.0;27818.0;199.8;124.1;251.6;156.3;300.1;186.5;D;B;A;Oakville;Brantford
via_existing;TO-WDN-0051;TO-WDN;88.18;88.39;54.793;54.923;210.0;0.13;0.92;1897.0;1897.0;1937.0;2156.0;2177.0;166.9;103.7;210.1;130.6;250.7;155.8;D;C;B;Oakville;Brantford
via_existing;TO-WDN-0052;TO-WDN;88.4;88.61;54.929;55.06;210.0;0.13;0.97;1783.0;1793.0;1783.0;1810.0;1818.0;162.2;100.8;204.3;126.9;243.7;151.4;D;C;C;Oakville;Brantford
via_existing;TO-WDN-0053;TO-WDN;88.62;89.02;55.066;55.314;400.0;0.249;0.92;1906.0;1906.0;2001.0;2745.0;2771.0;167.3;104.0;210.6;130.9;251.3;156.2;D;C;B;Oakville;Brantford
via_existing;TO-WDN-0054;TO-WDN;89.03;90.61;55.321;56.302;1580.0;0.982;1.01;1722.0;1722.0;2723.0;50000.0;9586.0;159.0;98.8;200.2;124.4;238.8;148.4;E;C;C;Oakville;Brantford
via_existing;TO-WDN-0055;TO-WDN;90.62;91.43;56.309;56.812;810.0;0.503;1.39;1245.0;1254.0;1255.0;1513.0;1664.0;135.7;84.3;170.9;106.2;203.8;126.6;E;D;C;Oakville;Brantford
via_existing;TO-WDN-0056;TO-WDN;91.44;94.69;56.818;58.838;3250.0;2.019;0.64;2710.0;2710.0;7838.0;50000.0;21428.0;199.5;124.0;251.1;156.0;299.6;186.2;D;B;B;Oakville;Brantford
via_existing;TO-WDN-0057;TO-WDN;94.7;95.34;58.844;59.242;640.0;0.398;0.91;1925.0;1925.0;1925.0;1925.0;2003.0;168.1;104.5;211.7;131.5;252.5;156.9;D;C;B;Oakville;Brantford
via_existing;TO-WDN-0058;TO-WDN;95.35;96.27;59.248;59.819;920.0;0.572;3.57;489.0;489.0;489.0;491.0;600.0;84.7;52.6;106.6;66.2;127.2;79.0;F;E;E;Oakville;Brantford
via_existing;TO-WDN-0059;TO-WDN;96.28;96.82;59.826;60.161;540.0;0.336;1.57;1104.0;1110.0;1108.0;1219.0;1419.0;127.7;79.3;160.7;99.9;191.7;119.1;E;D;D;Brantford;Woodstock
via_existing;TO-WDN-0060;TO-WDN;96.83;97.47;60.167;60.565;640.0;0.398;1.44;1217.0;1217.0;1376.0;3774.0;3032.0;133.7;83.1;168.3;104.6;200.8;124.8;E;D;C;Brantford;Woodstock
via_existing;TO-WDN-0061;TO-WDN;97.48;98.07;60.571;60.938;590.0;0.367;1.53;1131.0;1138.0;1137.0;1431.0;1588.0;129.3;80.3;162.8;101.2;194.2;120.7;E;D;D;Brantford;Woodstock
via_existing;TO-WDN-0062;TO-WDN;98.08;99.96;60.944;62.112;1880.0;1.168;1.01;1725.0;1725.0;2451.0;50000.0;8709.0;159.1;98.9;200.4;124.5;239.0;148.5;E;C;C;Brantford;Woodstock
via_existing;TO-WDN-0063;TO-WDN;99.97;100.76;62.118;62.609;790.0;0.491;1.15;1518.0;1525.0;1526.0;1706.0;1968.0;149.6;93.0;188.4;117.1;224.7;139.6;E;D;C;Brantford;Woodstock
via_existing;TO-WDN-0064;TO-WDN;100.77;104.57;62.616;64.977;3800.0;2.361;0.64;2715.0;2715.0;10711.0;50000.0;24064.0;199.7;124.1;251.4;156.2;299.9;186.3;D;B;B;Brantford;Woodstock
via_existing;TO-WDN-0065;TO-WDN;104.58;104.91;64.983;65.188;330.0;0.205;0.93;1863.0;1878.0;1866.0;2031.0;2087.0;166.1;103.2;209.1;129.9;249.4;155.0;D;C;C;Brantford;Woodstock
via_existing;TO-WDN-0066;TO-WDN;104.92;105.49;65.194;65.548;570.0;0.354;0.92;1890.0;1890.0;1985.0;2386.0;2278.0;166.6;103.5;209.7;130.3;250.2;155.5;D;C;B;Brantford;Woodstock
via_existing;TO-WDN-0067;TO-WDN;105.5;107.16;65.555;66.586;1660.0;1.031;1.58;1108.0;1108.0;1798.0;50000.0;7269.0;127.5;79.2;160.6;99.8;191.5;119.0;E;D;D;Brantford;Woodstock
via_existing;TO-WDN-0068;TO-WDN;107.17;108.64;66.592;67.506;1470.0;0.913;1.99;876.0;876.0;876.0;909.0;904.0;113.4;70.5;142.8;88.7;170.3;105.8;E;E;D;Brantford;Woodstock
via_existing;TO-WDN-0069;TO-WDN;108.65;109.51;67.512;68.046;860.0;0.534;3.14;556.0;556.0;556.0;556.0;710.0;90.3;56.1;113.7;70.6;135.7;84.3;F;E;E;Brantford;Woodstock
via_existing;TO-WDN-0070;TO-WDN;109.52;131.26;68.053;81.561;21740.0;13.509;0.28;6286.0;6286.0;50000.0;50000.0;47404.0;303.8;188.8;360.0;223.7;360.0;223.7;A;A;A;Brantford;Woodstock
via_existing;TO-WDN-0071;TO-WDN;131.27;131.73;81.567;81.853;460.0;0.286;0.38;4583.0;4603.0;4592.0;4871.0;5723.0;260.0;161.6;327.3;203.4;360.0;223.7;B;A;A;Brantford;Woodstock
via_existing;TO-WDN-0072;TO-WDN;131.74;139.48;81.859;86.669;7740.0;4.809;0.41;4290.0;4290.0;50000.0;50000.0;35634.0;251.0;156.0;316.0;196.4;360.0;223.7;B;A;A;Brantford;Woodstock
via_existing;TO-WDN-0073;TO-WDN;139.49;139.61;86.675;86.75;120.0;0.075;0.42;4145.0;4169.0;4145.0;4169.0;4181.0;247.4;153.7;311.5;193.6;360.0;223.7;C;A;A;Woodstock;Ingersoll
via_existing;TO-WDN-0074;TO-WDN;139.62;140.87;86.756;87.533;1250.0;0.777;1.01;1726.0;1726.0;2096.0;6469.0;5281.0;159.2;98.9;200.4;124.5;239.1;148.6;E;C;C;Woodstock;Ingersoll
via_existing;TO-WDN-0075;TO-WDN;140.88;141.44;87.539;87.887;560.0;0.348;1.06;1644.0;1655.0;1651.0;1928.0;2132.0;155.9;96.9;196.3;122.0;234.1;145.5;E;D;C;Woodstock;Ingersoll
via_existing;TO-WDN-0076;TO-WDN;141.45;144.56;87.893;89.825;3110.0;1.932;0.45;3888.0;3888.0;10623.0;50000.0;28521.0;238.9;148.4;300.8;186.9;358.8;222.9;C;A;A;Woodstock;Ingersoll
via_existing;TO-WDN-0077;TO-WDN;144.57;145.09;89.832;90.155;520.0;0.323;0.61;2866.0;2885.0;2875.0;3173.0;3354.0;205.8;127.9;259.1;161.0;309.1;192.1;C;B;A;Woodstock;Ingersoll
via_existing;TO-WDN-0078;TO-WDN;145.1;147.71;90.161;91.783;2610.0;1.622;0.64;2733.0;2733.0;6569.0;50000.0;19409.0;200.3;124.5;252.2;156.7;300.9;187.0;C;B;A;Woodstock;Ingersoll
via_existing;TO-WDN-0079;TO-WDN;147.72;148.23;91.789;92.106;510.0;0.317;0.74;2346.0;2364.0;2355.0;2606.0;2855.0;186.3;115.8;234.6;145.8;279.8;173.9;D;C;B;Woodstock;Ingersoll
via_existing;TO-WDN-0080;TO-WDN;148.24;153.83;92.112;95.586;5590.0;3.473;0.65;2702.0;2702.0;10289.0;50000.0;26562.0;199.2;123.8;250.8;155.8;299.2;185.9;D;B;B;Woodstock;Ingersoll
via_existing;TO-WDN-0081;TO-WDN;153.84;154.5;95.592;96.002;660.0;0.41;0.91;1913.0;1928.0;1926.0;2280.0;2466.0;168.2;104.5;211.8;131.6;252.7;157.0;D;C;B;Woodstock;Ingersoll
via_existing;TO-WDN-0082;TO-WDN;154.51;161.6;96.008;100.414;7090.0;4.406;0.63;2758.0;2758.0;50000.0;50000.0;31483.0;201.2;125.0;253.4;157.5;302.2;187.8;C;B;A;Ingersoll;London
via_existing;TO-WDN-0083;TO-WDN;161.61;161.91;100.42;100.606;300.0;0.186;0.93;1884.0;1886.0;1886.0;2018.0;2086.0;166.4;103.4;209.5;130.2;249.9;155.3;D;C;C;Ingersoll;London
via_existing;TO-WDN-0084;TO-WDN;161.92;162.32;100.612;100.861;400.0;0.249;0.92;1894.0;1894.0;1973.0;2609.0;2713.0;166.8;103.6;210.0;130.5;250.5;155.7;D;C;B;Ingersoll;London
via_existing;TO-WDN-0085;TO-WDN;162.33;168.71;100.867;104.832;6380.0;3.964;0.64;2708.0;2708.0;50000.0;50000.0;31153.0;199.4;123.9;251.1;156.0;299.5;186.1;D;B;B;Ingersoll;London
via_existing;TO-WDN-0086;TO-WDN;168.72;169.27;104.838;105.18;550.0;0.342;0.78;2231.0;2248.0;2242.0;2517.0;2753.0;181.7;112.9;228.8;142.2;272.9;169.6;D;C;B;Ingersoll;London
via_existing;TO-WDN-0087;TO-WDN;169.28;171.54;105.186;106.59;2260.0;1.404;0.64;2710.0;2710.0;6524.0;50000.0;18899.0;199.5;124.0;251.2;156.1;299.6;186.2;D;B;B;Ingersoll;London
via_existing;TO-WDN-0088;TO-WDN;171.55;172.07;106.596;106.919;520.0;0.323;0.77;2264.0;2282.0;2274.0;2522.0;2763.0;183.1;113.8;230.5;143.2;274.9;170.8;D;C;B;Ingersoll;London
via_existing;TO-WDN-0089;TO-WDN;172.08;175.21;106.926;108.87;3130.0;1.945;0.64;2710.0;2710.0;8594.0;50000.0;22610.0;199.5;124.0;251.1;156.0;299.6;186.2;D;B;B;Ingersoll;London
via_existing;TO-WDN-0090;TO-WDN;175.22;175.74;108.877;109.2;520.0;0.323;0.77;2262.0;2276.0;2269.0;2509.0;2750.0;182.8;113.6;230.1;143.0;274.5;170.6;D;C;B;Ingersoll;London
via_existing;TO-WDN-0091;TO-WDN;175.75;183.34;109.206;113.922;7590.0;4.716;0.64;2721.0;2721.0;50000.0;50000.0;31366.0;199.9;124.2;251.7;156.4;300.2;186.5;D;B;A;Ingersoll;London
via_existing;TO-WDN-0092;TO-WDN;183.35;184.37;113.928;114.562;1020.0;0.634;0.83;2081.0;2093.0;2105.0;2537.0;2763.0;175.3;108.9;220.7;137.1;263.3;163.6;D;C;B;Ingersoll;London
via_existing;TO-WDN-0093;TO-WDN;184.38;184.95;114.568;114.923;570.0;0.354;0.03;50000.0;50000.0;50000.0;50000.0;50000.0;360.0;223.7;360.0;223.7;360.0;223.7;A;A;A;Ingersoll;London
via_existing;TO-WDN-0094;TO-WDN;184.96;185.01;114.929;114.96;50.0;0.031;0.45;3869.0;3906.0;3869.0;3906.0;3951.0;239.5;148.8;301.5;187.3;359.7;223.5;C;A;A;Ingersoll;London
via_existing;TO-WDN-0095;TO-WDN;185.02;185.24;114.966;115.103;220.0;0.137;0.41;4261.0;4261.0;4406.0;4406.0;4399.0;250.1;155.4;314.9;195.7;360.0;223.7;B;A;A;Ingersoll;London
via_existing;TO-WDN-0096;TO-WDN;185.25;186.3;115.109;115.761;1050.0;0.652;0.63;2756.0;2756.0;3978.0;50000.0;14056.0;201.1;125.0;253.3;157.4;302.1;187.7;C;B;A;London;Glencoe
via_existing;TO-WDN-0097;TO-WDN;186.31;186.69;115.768;116.004;380.0;0.236;0.95;1839.0;1847.0;1841.0;1917.0;2011.0;164.7;102.3;207.3;128.8;247.3;153.7;D;C;C;London;Glencoe
via_existing;TO-WDN-0098;TO-WDN;186.7;187.54;116.01;116.532;840.0;0.522;0.92;1895.0;1895.0;1958.0;2069.0;2352.0;166.8;103.6;210.0;130.5;250.5;155.7;D;C;B;London;Glencoe
via_existing;TO-WDN-0099;TO-WDN;187.55;193.48;116.538;120.223;5930.0;3.685;0.64;2733.0;2733.0;50000.0;50000.0;29852.0;200.3;124.5;252.2;156.7;300.9;187.0;C;B;A;London;Glencoe
via_existing;TO-WDN-0100;TO-WDN;193.49;193.79;120.229;120.416;300.0;0.186;0.92;1895.0;1895.0;1927.0;2104.0;2142.0;166.8;103.6;210.0;130.5;250.5;155.7;D;C;B;London;Glencoe
via_existing;TO-WDN-0101;TO-WDN;193.8;194.08;120.422;120.596;280.0;0.174;1.01;1727.0;1727.0;1753.0;1805.0;1806.0;159.3;99.0;200.5;124.6;239.2;148.6;E;C;C;London;Glencoe
via_existing;TO-WDN-0102;TO-WDN;194.09;194.56;120.602;120.894;470.0;0.292;1.07;1628.0;1632.0;1630.0;1668.0;1692.0;154.8;96.2;194.9;121.1;232.5;144.5;E;D;C;London;Glencoe
via_existing;TO-WDN-0103;TO-WDN;194.57;195.04;120.9;121.192;470.0;0.292;0.92;1889.0;1889.0;1973.0;2833.0;2806.0;166.5;103.5;209.7;130.3;250.1;155.4;D;C;B;London;Glencoe
via_existing;TO-WDN-0104;TO-WDN;195.05;201.27;121.198;125.063;6220.0;3.865;0.65;2702.0;2702.0;50000.0;50000.0;30460.0;199.2;123.8;250.8;155.8;299.1;185.9;D;B;B;London;Glencoe
via_existing;TO-WDN-0105;TO-WDN;201.28;201.74;125.07;125.355;460.0;0.286;0.71;2440.0;2453.0;2445.0;2621.0;2862.0;189.8;117.9;238.9;148.4;285.0;177.1;D;C;B;London;Glencoe
via_existing;TO-WDN-0106;TO-WDN;201.75;290.74;125.362;180.657;88990.0;55.296;0.27;6478.0;6478.0;50000.0;50000.0;49700.0;308.4;191.6;360.0;223.7;360.0;223.7;A;A;A;Glencoe;Chatham
via_existing;TO-WDN-0107;TO-WDN;290.75;290.79;180.664;180.689;40.0;0.025;0.55;3152.0;3152.0;3152.0;3152.0;3651.0;215.1;133.7;270.9;168.3;323.1;200.8;C;B;A;Chatham;Windsor
via_existing;TO-WDN-0108;TO-WDN;290.8;291.19;180.695;180.937;390.0;0.242;0.41;4270.0;4270.0;4406.0;5534.0;7653.0;250.4;155.6;315.3;195.9;360.0;223.7;B;A;A;Chatham;Windsor
via_existing;TO-WDN-0109;TO-WDN;291.2;291.32;180.943;181.018;120.0;0.075;0.41;4203.0;4212.0;4203.0;4212.0;4219.0;248.7;154.5;313.1;194.6;360.0;223.7;C;A;A;Chatham;Windsor
via_existing;TO-WDN-0110;TO-WDN;291.33;291.61;181.024;181.198;280.0;0.174;0.45;3897.0;3897.0;4085.0;4380.0;4323.0;239.2;148.6;301.2;187.2;359.2;223.2;C;A;A;Chatham;Windsor
via_existing;TO-WDN-0111;TO-WDN;291.62;292.48;181.204;181.739;860.0;0.534;0.53;3257.0;3275.0;3286.0;3585.0;3788.0;219.3;136.3;276.1;171.6;329.3;204.6;C;B;A;Chatham;Windsor
via_existing;TO-WDN-0112;TO-WDN;292.49;313.68;181.745;194.912;21190.0;13.167;0.28;6240.0;6240.0;50000.0;50000.0;45714.0;302.7;188.1;360.0;223.7;360.0;223.7;A;A;A;Chatham;Windsor
via_existing;TO-WDN-0113;TO-WDN;313.69;314.14;194.918;195.198;450.0;0.28;0.45;3901.0;3901.0;4085.0;4646.0;4682.0;239.3;148.7;301.3;187.2;359.5;223.4;C;A;A;Chatham;Windsor
via_existing;TO-WDN-0114;TO-WDN;314.15;314.81;195.204;195.614;660.0;0.41;0.61;2821.0;2848.0;2843.0;3301.0;3406.0;204.5;127.1;257.4;159.9;307.1;190.8;C;B;A;Chatham;Windsor
via_existing;TO-WDN-0115;TO-WDN;314.82;336.01;195.62;208.787;21190.0;13.167;0.45;3886.0;3886.0;50000.0;50000.0;43801.0;238.9;148.4;300.7;186.8;358.7;222.9;C;A;A;Chatham;Windsor
via_existing;TO-WDN-0116;TO-WDN;336.02;336.52;208.793;209.104;500.0;0.311;0.53;3255.0;3278.0;3266.0;3574.0;3771.0;219.4;136.3;276.2;171.6;329.5;204.7;C;B;A;Chatham;Windsor
via_existing;TO-WDN-0117;TO-WDN;336.53;360.08;209.11;223.743;23550.0;14.633;0.28;6345.0;6345.0;50000.0;50000.0;48585.0;305.2;189.6;360.0;223.7;360.0;223.7;A;A;A;Chatham;Windsor
via_existing;TO-SAR-0000;TO-SAR;0.0;0.36;0.0;0.224;360.0;0.224;0.03;50000.0;50000.0;50000.0;50000.0;50000.0;360.0;223.7;360.0;223.7;360.0;223.7;A;A;A;Toronto;Malton
via_existing;TO-SAR-0001;TO-SAR;0.37;0.49;0.23;0.304;120.0;0.075;0.95;1829.0;1829.0;1829.0;1829.0;2115.0;163.9;101.8;206.4;128.3;246.2;153.0;D;C;C;Toronto;Malton
via_existing;TO-SAR-0002;TO-SAR;0.5;0.86;0.311;0.534;360.0;0.224;1.89;925.0;925.0;50000.0;50000.0;9433.0;116.6;72.5;146.8;91.2;175.1;108.8;E;E;D;Toronto;Malton
via_existing;TO-SAR-0003;TO-SAR;0.87;0.88;0.541;0.547;10.0;0.006;1.17;1317.0;1492.0;1317.0;1492.0;1472.0;148.0;92.0;186.4;115.8;222.3;138.1;E;D;C;Toronto;Malton
via_existing;TO-SAR-0004;TO-SAR;0.89;1.31;0.553;0.814;420.0;0.261;0.89;1967.0;1967.0;3142.0;50000.0;8673.0;169.9;105.6;214.0;133.0;255.2;158.6;D;C;B;Toronto;Malton
via_existing;TO-SAR-0005;TO-SAR;1.32;1.77;0.82;1.1;450.0;0.28;0.64;2727.0;2727.0;3059.0;4504.0;4128.0;200.1;124.3;251.9;156.5;300.5;186.7;C;B;A;Toronto;Malton
via_existing;TO-SAR-0006;TO-SAR;1.78;2.39;1.106;1.485;610.0;0.379;0.74;2358.0;2370.0;2369.0;2511.0;2784.0;186.5;115.9;234.9;146.0;280.2;174.1;D;C;B;Toronto;Malton
via_existing;TO-SAR-0007;TO-SAR;2.4;3.04;1.491;1.889;640.0;0.398;0.27;6469.0;6469.0;10579.0;50000.0;27588.0;308.2;191.5;360.0;223.7;360.0;223.7;A;A;A;Toronto;Malton
via_existing;TO-SAR-0008;TO-SAR;3.05;3.91;1.895;2.43;860.0;0.534;1.5;1158.0;1168.0;1173.0;1534.0;1671.0;131.0;81.4;164.9;102.5;196.7;122.2;E;D;D;Toronto;Malton
via_existing;TO-SAR-0010;TO-SAR;3.93;4.16;2.442;2.585;230.0;0.143;0.98;1791.0;1791.0;1934.0;2836.0;2809.0;162.2;100.8;204.2;126.9;243.5;151.3;D;C;C;Toronto;Malton
via_existing;TO-SAR-0011;TO-SAR;4.17;5.0;2.591;3.107;830.0;0.516;0.64;2712.0;2712.0;3177.0;9358.0;7207.0;199.6;124.0;251.3;156.2;299.7;186.2;D;B;B;Toronto;Malton
via_existing;TO-SAR-0012;TO-SAR;5.01;5.78;3.113;3.592;770.0;0.478;0.85;2033.0;2043.0;2045.0;2258.0;2468.0;173.2;107.6;218.1;135.5;260.1;161.6;D;C;B;Toronto;Malton
via_existing;TO-SAR-0013;TO-SAR;5.79;9.15;3.598;5.686;3360.0;2.088;0.45;3874.0;3874.0;50000.0;50000.0;29714.0;238.5;148.2;300.3;186.6;358.2;222.6;C;A;A;Toronto;Malton
via_existing;TO-SAR-0014;TO-SAR;9.16;10.19;5.692;6.332;1030.0;0.64;0.56;3098.0;3109.0;3108.0;3308.0;3477.0;213.7;132.8;269.0;167.1;320.9;199.4;C;B;A;Toronto;Malton
via_existing;TO-SAR-0015;TO-SAR;10.2;14.35;6.338;8.917;4150.0;2.579;0.64;2714.0;2714.0;7646.0;50000.0;24010.0;199.6;124.0;251.4;156.2;299.8;186.3;D;B;B;Toronto;Malton
via_existing;TO-SAR-0016;TO-SAR;14.36;14.64;8.923;9.097;280.0;0.174;0.92;1891.0;1891.0;1921.0;2131.0;2154.0;166.6;103.5;209.8;130.4;250.3;155.5;D;C;B;Toronto;Malton
via_existing;TO-SAR-0017;TO-SAR;14.65;15.19;9.103;9.439;540.0;0.336;0.98;1776.0;1785.0;1781.0;1837.0;1828.0;161.9;100.6;203.8;126.6;243.1;151.1;D;C;C;Toronto;Malton
via_existing;TO-SAR-0018;TO-SAR;15.2;15.59;9.445;9.687;390.0;0.242;0.92;1892.0;1892.0;1973.0;2602.0;2693.0;166.7;103.6;209.9;130.4;250.3;155.5;D;C;B;Toronto;Malton
via_existing;TO-SAR-0019;TO-SAR;15.6;27.02;9.693;16.789;11420.0;7.096;0.44;3938.0;3938.0;50000.0;50000.0;38261.0;240.5;149.4;302.8;188.2;360.0;223.7;C;A;A;Toronto;Malton
via_existing;TO-SAR-0020;TO-SAR;27.03;27.72;16.796;17.224;690.0;0.429;0.6;2920.0;2935.0;2935.0;3346.0;3583.0;207.6;129.0;261.4;162.4;311.8;193.7;C;B;A;Malton;Brampton
via_existing;TO-SAR-0021;TO-SAR;27.73;48.33;17.231;30.031;20600.0;12.8;0.46;2926.0;3761.0;50000.0;50000.0;44665.0;235.0;146.0;295.9;183.9;352.9;219.3;C;B;A;Brampton;Georgetown
via_existing;TO-SAR-0022;TO-SAR;48.34;48.73;30.037;30.279;390.0;0.242;1.87;933.0;933.0;1975.0;2953.0;2558.0;117.0;72.7;147.3;91.5;175.7;109.2;E;E;D;Georgetown;Guelph
via_existing;TO-SAR-0023;TO-SAR;48.74;48.8;30.286;30.323;60.0;0.037;2.76;440.0;633.0;440.0;633.0;586.0;96.4;59.9;121.3;75.4;144.7;89.9;F;E;E;Georgetown;Guelph
via_existing;TO-SAR-0024;TO-SAR;48.81;49.02;30.329;30.46;210.0;0.13;0.03;50000.0;50000.0;50000.0;50000.0;50000.0;360.0;223.7;360.0;223.7;360.0;223.7;A;A;A;Georgetown;Guelph
via_existing;TO-SAR-0025;TO-SAR;49.03;49.06;30.466;30.484;30.0;0.019;0.33;5214.0;5214.0;5214.0;5214.0;5268.0;276.7;171.9;348.4;216.5;360.0;223.7;B;A;A;Georgetown;Guelph
via_existing;TO-SAR-0026;TO-SAR;49.07;52.75;30.491;32.777;3680.0;2.287;0.28;6232.0;6232.0;50000.0;50000.0;40922.0;302.5;188.0;360.0;223.7;360.0;223.7;A;A;A;Georgetown;Guelph
via_existing;TO-SAR-0027;TO-SAR;52.76;53.07;32.784;32.976;310.0;0.193;0.33;5198.0;5233.0;5200.0;5410.0;5478.0;277.2;172.2;349.0;216.9;360.0;223.7;B;A;A;Georgetown;Guelph
via_existing;TO-SAR-0028;TO-SAR;53.08;54.57;32.982;33.908;1490.0;0.926;1.01;1727.0;1727.0;2831.0;50000.0;9496.0;159.2;98.9;200.5;124.6;239.2;148.6;E;C;C;Georgetown;Guelph
via_existing;TO-SAR-0029;TO-SAR;54.58;54.81;33.914;34.057;230.0;0.143;1.44;1211.0;1211.0;1230.0;1358.0;1375.0;133.3;82.8;167.9;104.3;200.3;124.5;E;D;C;Georgetown;Guelph
via_existing;TO-SAR-0030;TO-SAR;54.82;55.17;34.064;34.281;350.0;0.217;1.49;1170.0;1170.0;1170.0;1174.0;1179.0;131.1;81.5;165.0;102.5;196.9;122.3;E;D;D;Georgetown;Guelph
via_existing;TO-SAR-0031;TO-SAR;55.18;55.7;34.287;34.61;520.0;0.323;1.44;1213.0;1213.0;1259.0;1778.0;1851.0;133.4;82.9;168.0;104.4;200.4;124.5;E;D;C;Georgetown;Guelph
via_existing;TO-SAR-0032;TO-SAR;55.71;57.54;34.617;35.754;1830.0;1.137;1.01;1727.0;1727.0;2499.0;50000.0;9740.0;159.2;98.9;200.5;124.6;239.2;148.6;E;C;C;Georgetown;Guelph
via_existing;TO-SAR-0033;TO-SAR;57.55;57.89;35.76;35.971;340.0;0.211;1.09;1588.0;1595.0;1589.0;1629.0;1651.0;153.0;95.1;192.7;119.7;229.8;142.8;E;D;C;Georgetown;Guelph
via_existing;TO-SAR-0034;TO-SAR;57.9;58.38;35.977;36.276;480.0;0.298;0.92;1892.0;1892.0;2061.0;2583.0;2732.0;166.7;103.6;209.9;130.4;250.3;155.5;D;C;B;Georgetown;Guelph
via_existing;TO-SAR-0035;TO-SAR;58.39;66.78;36.282;41.495;8390.0;5.213;1.01;1726.0;1726.0;50000.0;50000.0;29017.0;159.2;98.9;200.4;124.5;239.1;148.6;E;C;C;Georgetown;Guelph
via_existing;TO-SAR-0036;TO-SAR;66.79;67.0;41.501;41.632;210.0;0.13;1.44;1214.0;1214.0;1233.0;1379.0;1391.0;133.5;83.0;168.1;104.5;200.5;124.6;E;D;C;Georgetown;Guelph
via_existing;TO-SAR-0037;TO-SAR;67.01;67.21;41.638;41.762;200.0;0.124;1.47;1187.0;1189.0;1187.0;1192.0;1194.0;132.1;82.1;166.3;103.3;198.4;123.3;E;D;D;Georgetown;Guelph
via_existing;TO-SAR-0038;TO-SAR;67.22;68.07;41.769;42.297;850.0;0.528;1.44;1212.0;1212.0;1240.0;1739.0;1866.0;133.4;82.9;167.9;104.3;200.3;124.5;E;D;C;Georgetown;Guelph
via_existing;TO-SAR-0039;TO-SAR;68.08;71.63;42.303;44.509;3550.0;2.206;0.28;6275.0;6275.0;50000.0;50000.0;41820.0;303.5;188.6;360.0;223.7;360.0;223.7;A;A;A;Georgetown;Guelph
via_existing;TO-SAR-0040;TO-SAR;71.64;72.39;44.515;44.981;750.0;0.466;0.4;4372.0;4374.0;4375.0;4702.0;4863.0;253.4;157.5;319.1;198.3;360.0;223.7;B;A;A;Georgetown;Guelph
via_existing;TO-SAR-0041;TO-SAR;72.4;75.25;44.987;46.758;2850.0;1.771;1.02;1719.0;1719.0;3258.0;50000.0;12750.0;158.9;98.7;200.0;124.3;238.6;148.3;E;C;C;Georgetown;Guelph
via_existing;TO-SAR-0042;TO-SAR;75.26;75.67;46.764;47.019;410.0;0.255;1.09;1601.0;1607.0;1604.0;1652.0;1673.0;153.6;95.4;193.4;120.2;230.7;143.4;E;D;C;Georgetown;Guelph
via_existing;TO-SAR-0043;TO-SAR;75.68;76.26;47.025;47.386;580.0;0.36;0.92;1894.0;1894.0;2036.0;2137.0;2297.0;166.8;103.6;210.0;130.5;250.5;155.7;D;C;B;Georgetown;Guelph
via_existing;TO-SAR-0044;TO-SAR;76.27;76.95;47.392;47.815;680.0;0.423;1.0;1745.0;1745.0;1779.0;2273.0;2108.0;160.1;99.5;201.5;125.2;240.4;149.4;D;C;C;Georgetown;Guelph
via_existing;TO-SAR-0045;TO-SAR;76.96;77.0;47.821;47.846;40.0;0.025;1.0;1742.0;1742.0;1742.0;1742.0;1743.0;159.9;99.4;201.4;125.1;240.2;149.3;E;C;C;Georgetown;Guelph
via_existing;TO-SAR-0046;TO-SAR;77.01;77.33;47.852;48.051;320.0;0.199;1.0;1744.0;1744.0;1744.0;1763.0;1778.0;160.0;99.4;201.5;125.2;240.3;149.3;D;C;C;Georgetown;Guelph
via_existing;TO-SAR-0047;TO-SAR;77.34;77.82;48.057;48.355;480.0;0.298;0.92;1898.0;1898.0;2000.0;2977.0;2931.0;166.9;103.7;210.2;130.6;250.7;155.8;D;C;B;Georgetown;Guelph
via_existing;TO-SAR-0048;TO-SAR;77.83;78.48;48.361;48.765;650.0;0.404;0.28;6154.0;6154.0;6211.0;50000.0;12570.0;300.6;186.8;360.0;223.7;360.0;223.7;A;A;A;Georgetown;Guelph
via_existing;TO-SAR-0049;TO-SAR;78.49;79.34;48.771;49.3;850.0;0.528;1.05;1662.0;1662.0;1662.0;1662.0;1899.0;156.2;97.1;196.7;122.2;234.6;145.8;E;D;C;Guelph;Kitchener
via_existing;TO-SAR-0050;TO-SAR;79.35;79.72;49.306;49.536;370.0;0.23;0.28;6274.0;6274.0;6830.0;10842.0;10780.0;303.5;188.6;360.0;223.7;360.0;223.7;A;A;A;Guelph;Kitchener
via_existing;TO-SAR-0051;TO-SAR;79.73;79.94;49.542;49.672;210.0;0.13;0.41;4283.0;4283.0;4395.0;4956.0;4980.0;250.8;155.8;315.7;196.2;360.0;223.7;B;A;A;Guelph;Kitchener
via_existing;TO-SAR-0052;TO-SAR;79.95;80.21;49.679;49.84;260.0;0.162;0.45;3876.0;3908.0;3879.0;3980.0;4004.0;239.5;148.8;301.6;187.4;359.7;223.5;C;A;A;Guelph;Kitchener
via_existing;TO-SAR-0053;TO-SAR;80.22;80.42;49.846;49.971;200.0;0.124;0.41;4298.0;4298.0;4419.0;4965.0;4984.0;251.2;156.1;316.3;196.5;360.0;223.7;B;A;A;Guelph;Kitchener
via_existing;TO-SAR-0054;TO-SAR;80.43;93.07;49.977;57.831;12640.0;7.854;0.45;3895.0;3895.0;50000.0;50000.0;38450.0;239.1;148.6;301.1;187.1;359.1;223.1;C;A;A;Guelph;Kitchener
via_existing;TO-SAR-0055;TO-SAR;93.08;93.5;57.837;58.098;420.0;0.261;0.47;3709.0;3727.0;3717.0;3861.0;4153.0;233.9;145.3;294.5;183.0;351.4;218.3;C;B;A;Guelph;Kitchener
via_existing;TO-SAR-0056;TO-SAR;93.51;95.57;58.104;59.384;2060.0;1.28;0.41;4303.0;4303.0;6800.0;50000.0;20521.0;251.3;156.2;316.5;196.7;360.0;223.7;B;A;A;Guelph;Kitchener
via_existing;TO-SAR-0057;TO-SAR;95.58;95.74;59.391;59.49;160.0;0.099;0.43;4075.0;4106.0;4075.0;4118.0;4134.0;245.5;152.5;309.2;192.1;360.0;223.7;C;A;A;Guelph;Kitchener
via_existing;TO-SAR-0058;TO-SAR;95.75;105.72;59.496;65.691;9970.0;6.195;0.45;3897.0;3897.0;50000.0;50000.0;32677.0;239.2;148.6;301.2;187.2;359.3;223.3;C;A;A;Guelph;Kitchener
via_existing;TO-SAR-0059;TO-SAR;105.73;106.2;65.698;65.99;470.0;0.292;0.47;3672.0;3696.0;3682.0;3893.0;4137.0;233.0;144.8;293.3;182.2;349.9;217.4;C;B;A;Kitchener;Stratford
via_existing;TO-SAR-0060;TO-SAR;106.21;109.27;65.996;67.897;3060.0;1.901;1.01;1736.0;1736.0;6611.0;50000.0;16556.0;159.7;99.2;201.0;124.9;239.8;149.0;E;C;C;Kitchener;Stratford
via_existing;TO-SAR-0061;TO-SAR;109.28;109.68;67.903;68.152;400.0;0.249;1.49;1166.0;1173.0;1168.0;1229.0;1285.0;131.2;81.5;165.2;102.7;197.1;122.5;E;D;D;Kitchener;Stratford
via_existing;TO-SAR-0062;TO-SAR;109.69;109.94;68.158;68.314;250.0;0.155;1.44;1210.0;1210.0;1240.0;1423.0;1435.0;133.3;82.8;167.8;104.3;200.1;124.3;E;D;C;Kitchener;Stratford
via_existing;TO-SAR-0063;TO-SAR;109.95;110.33;68.32;68.556;380.0;0.236;0.92;1896.0;1896.0;2128.0;2354.0;2298.0;166.9;103.7;210.1;130.6;250.6;155.7;D;C;B;Kitchener;Stratford
via_existing;TO-SAR-0064;TO-SAR;110.34;111.53;68.562;69.302;1190.0;0.739;0.45;3870.0;3870.0;4659.0;50000.0;13021.0;238.4;148.1;300.1;186.5;358.0;222.5;C;A;A;Kitchener;Stratford
via_existing;TO-SAR-0065;TO-SAR;111.54;112.74;69.308;70.053;1200.0;0.746;0.53;3313.0;3323.0;3347.0;3496.0;3679.0;220.9;137.3;278.1;172.8;331.7;206.1;C;B;A;Kitchener;Stratford
via_existing;TO-SAR-0066;TO-SAR;112.75;113.4;70.06;70.463;650.0;0.404;0.28;6235.0;6235.0;6856.0;50000.0;18257.0;302.6;188.0;360.0;223.7;360.0;223.7;A;A;A;Kitchener;Stratford
via_existing;TO-SAR-0067;TO-SAR;113.41;113.84;70.47;70.737;430.0;0.267;0.64;2709.0;2709.0;2872.0;3548.0;3345.0;199.4;123.9;251.1;156.0;299.5;186.1;D;B;B;Kitchener;Stratford
via_existing;TO-SAR-0068;TO-SAR;113.85;114.08;70.743;70.886;230.0;0.143;0.68;2549.0;2560.0;2550.0;2581.0;2595.0;193.9;120.5;244.1;151.7;291.2;180.9;D;C;B;Kitchener;Stratford
via_existing;TO-SAR-0069;TO-SAR;114.09;114.3;70.892;71.023;210.0;0.13;0.64;2725.0;2725.0;2789.0;3103.0;3138.0;200.0;124.3;251.8;156.5;300.4;186.7;C;B;A;Kitchener;Stratford
via_existing;TO-SAR-0070;TO-SAR;114.31;114.59;71.029;71.203;280.0;0.174;0.44;3953.0;3953.0;4167.0;4167.0;4155.0;240.9;149.7;303.3;188.5;360.0;223.7;C;A;A;Kitchener;Stratford
via_existing;TO-SAR-0071;TO-SAR;114.6;116.31;71.209;72.272;1710.0;1.063;1.02;1706.0;1709.0;1728.0;50000.0;4977.0;158.4;98.4;199.5;124.0;237.9;147.8;E;D;C;Kitchener;Stratford
via_existing;TO-SAR-0072;TO-SAR;116.32;116.34;72.278;72.29;20.0;0.012;1.01;1723.0;1728.0;1723.0;1728.0;1729.0;159.3;99.0;200.6;124.6;239.3;148.7;E;C;C;Kitchener;Stratford
via_existing;TO-SAR-0073;TO-SAR;116.35;116.84;72.297;72.601;490.0;0.304;1.0;1744.0;1744.0;1807.0;2456.0;2549.0;160.0;99.4;201.5;125.2;240.4;149.4;D;C;C;Kitchener;Stratford
via_existing;TO-SAR-0074;TO-SAR;116.85;119.34;72.607;74.154;2490.0;1.547;0.45;3884.0;3884.0;6630.0;50000.0;20524.0;238.8;148.4;300.7;186.8;358.7;222.9;C;A;A;Kitchener;Stratford
via_existing;TO-SAR-0075;TO-SAR;119.35;119.86;74.161;74.478;510.0;0.317;0.5;3485.0;3509.0;3498.0;3788.0;4010.0;227.0;141.1;285.8;177.6;340.9;211.8;C;B;A;Kitchener;Stratford
via_existing;TO-SAR-0076;TO-SAR;119.87;125.37;74.484;77.901;5500.0;3.418;0.45;3903.0;3903.0;50000.0;50000.0;30203.0;239.4;148.8;301.4;187.3;359.5;223.4;C;A;A;Kitchener;Stratford
via_existing;TO-SAR-0077;TO-SAR;125.38;126.56;77.908;78.641;1180.0;0.733;0.53;3299.0;3310.0;3319.0;3464.0;3500.0;220.5;137.0;277.6;172.5;331.1;205.7;C;B;A;Kitchener;Stratford
via_existing;TO-SAR-0078;TO-SAR;126.57;126.91;78.647;78.858;340.0;0.211;0.45;3882.0;3882.0;4027.0;4058.0;4044.0;238.7;148.3;300.6;186.8;358.6;222.8;C;A;A;Kitchener;Stratford
via_existing;TO-SAR-0079;TO-SAR;126.92;139.41;78.864;86.625;12490.0;7.761;0.28;6231.0;6231.0;50000.0;50000.0;47473.0;302.5;188.0;360.0;223.7;360.0;223.7;A;A;A;Kitchener;Stratford
via_existing;TO-SAR-0080;TO-SAR;139.42;139.83;86.632;86.886;410.0;0.255;0.45;3873.0;3873.0;3900.0;4409.0;4479.0;238.5;148.2;300.2;186.5;358.1;222.5;C;A;A;Kitchener;Stratford
via_existing;TO-SAR-0081;TO-SAR;139.84;140.61;86.893;87.371;770.0;0.478;0.51;3410.0;3410.0;3410.0;3410.0;3502.0;223.8;139.1;281.7;175.0;336.1;208.8;C;B;A;Kitchener;Stratford
via_existing;TO-SAR-0082;TO-SAR;140.62;141.49;87.377;87.918;870.0;0.541;0.92;1896.0;1896.0;1896.0;1896.0;2216.0;166.8;103.6;210.1;130.6;250.6;155.7;D;C;B;Kitchener;Stratford
via_existing;TO-SAR-0083;TO-SAR;141.5;143.35;87.924;89.074;1850.0;1.15;0.94;1844.0;1852.0;1912.0;50000.0;7311.0;164.9;102.5;207.6;129.0;247.7;153.9;D;C;C;Kitchener;Stratford
via_existing;TO-SAR-0084;TO-SAR;143.36;144.0;89.08;89.477;640.0;0.398;0.92;1898.0;1898.0;2029.0;4782.0;4137.0;166.9;103.7;210.2;130.6;250.7;155.8;D;C;B;Stratford;St. Marys
via_existing;TO-SAR-0085;TO-SAR;144.01;144.46;89.484;89.763;450.0;0.28;0.65;2687.0;2687.0;3045.0;6046.0;4968.0;198.6;123.4;250.1;155.4;298.3;185.4;D;B;B;Stratford;St. Marys
via_existing;TO-SAR-0086;TO-SAR;144.47;144.66;89.769;89.888;190.0;0.118;0.92;1899.0;1899.0;1939.0;2151.0;2169.0;167.0;103.8;210.2;130.6;250.8;155.8;D;C;B;Stratford;St. Marys
via_existing;TO-SAR-0087;TO-SAR;144.67;144.94;89.894;90.062;270.0;0.168;0.98;1772.0;1783.0;1773.0;1811.0;1815.0;161.8;100.5;203.7;126.6;243.0;151.0;D;C;C;Stratford;St. Marys
via_existing;TO-SAR-0088;TO-SAR;144.95;145.35;90.068;90.316;400.0;0.249;0.92;1888.0;1888.0;1940.0;2600.0;2680.0;166.5;103.5;209.6;130.2;250.1;155.4;D;C;B;Stratford;St. Marys
via_existing;TO-SAR-0089;TO-SAR;145.36;160.02;90.323;99.432;14660.0;9.109;1.55;1126.0;1126.0;50000.0;50000.0;31085.0;128.6;79.9;161.9;100.6;193.1;120.0;E;D;D;Stratford;St. Marys
via_existing;TO-SAR-0090;TO-SAR;160.03;160.22;99.438;99.556;190.0;0.118;2.24;778.0;778.0;795.0;886.0;895.0;106.9;66.4;134.6;83.6;160.5;99.7;E;E;D;Stratford;St. Marys
via_existing;TO-SAR-0091;TO-SAR;160.23;160.86;99.562;99.954;630.0;0.391;2.4;724.0;729.0;728.0;741.0;740.0;103.5;64.3;130.3;81.0;155.4;96.6;E;E;E;Stratford;St. Marys
via_existing;TO-SAR-0092;TO-SAR;160.87;162.47;99.96;100.954;1600.0;0.994;1.6;1081.0;1090.0;1124.0;1136.0;1133.0;126.5;78.6;159.3;99.0;190.0;118.1;E;E;D;St. Marys;London
via_existing;TO-SAR-0093;TO-SAR;162.48;162.92;100.96;101.234;440.0;0.273;1.44;1217.0;1217.0;1339.0;1643.0;1566.0;133.7;83.1;168.3;104.6;200.8;124.8;E;D;C;St. Marys;London
via_existing;TO-SAR-0094;TO-SAR;162.93;164.91;101.24;102.47;1980.0;1.23;0.64;2739.0;2739.0;6792.0;50000.0;20471.0;200.6;124.6;252.5;156.9;301.2;187.2;C;B;A;St. Marys;London
via_existing;TO-SAR-0095;TO-SAR;164.92;165.42;102.477;102.787;500.0;0.311;0.75;2307.0;2325.0;2316.0;2540.0;2748.0;184.8;114.8;232.6;144.5;277.5;172.4;D;C;B;St. Marys;London
via_existing;TO-SAR-0096;TO-SAR;165.43;181.94;102.793;113.052;16510.0;10.259;0.64;2729.0;2729.0;50000.0;50000.0;40895.0;200.2;124.4;252.0;156.6;300.6;186.8;C;B;A;St. Marys;London
via_existing;TO-SAR-0097;TO-SAR;181.95;182.63;113.058;113.481;680.0;0.423;0.91;1901.0;1917.0;1916.0;2271.0;2420.0;167.8;104.3;211.2;131.2;252.0;156.6;D;C;B;St. Marys;London
via_existing;TO-SAR-0098;TO-SAR;182.64;188.74;113.487;117.278;6100.0;3.79;0.66;2637.0;2658.0;11987.0;50000.0;23453.0;197.6;122.8;248.7;154.5;296.7;184.4;D;C;B;St. Marys;London
via_existing;TO-SAR-0099;TO-SAR;188.75;188.76;117.284;117.29;10.0;0.006;0.65;2689.0;2699.0;2689.0;2699.0;2699.0;199.1;123.7;250.7;155.8;299.0;185.8;D;B;B;St. Marys;London
via_existing;TO-SAR-0100;TO-SAR;188.77;189.02;117.296;117.452;250.0;0.155;0.64;2734.0;2734.0;2812.0;3482.0;3574.0;200.3;124.5;252.3;156.8;300.9;187.0;C;B;A;St. Marys;London
via_existing;TO-SAR-0101;TO-SAR;189.03;191.84;117.458;119.204;2810.0;1.746;0.28;6285.0;6285.0;50000.0;50000.0;41637.0;303.8;188.8;360.0;223.7;360.0;223.7;A;A;A;St. Marys;London
via_existing;TO-SAR-0102;TO-SAR;191.85;191.87;119.21;119.222;20.0;0.012;0.3;5915.0;5915.0;5915.0;5915.0;5915.0;294.7;183.1;360.0;223.7;360.0;223.7;B;A;A;St. Marys;London
via_existing;TO-SAR-0103;TO-SAR;191.88;192.35;119.229;119.521;470.0;0.292;1.58;1102.0;1102.0;1205.0;2144.0;2105.0;127.2;79.0;160.2;99.5;191.0;118.7;E;D;D;St. Marys;London
via_existing;TO-SAR-0104;TO-SAR;192.36;193.32;119.527;120.123;960.0;0.597;1.73;1001.0;1007.0;1016.0;1939.0;1818.0;121.6;75.6;153.1;95.1;182.6;113.5;E;E;D;St. Marys;London
via_existing;TO-SAR-0105;TO-SAR;193.33;193.85;120.13;120.453;520.0;0.323;1.26;1381.0;1381.0;1381.0;1381.0;1398.0;142.4;88.5;179.3;111.4;213.8;132.8;E;D;C;St. Marys;London
via_existing;TO-SAR-0106;TO-SAR;193.86;194.97;120.459;121.149;1110.0;0.69;0.82;2125.0;2125.0;2125.0;2308.0;2651.0;176.6;109.7;222.4;138.2;265.3;164.8;D;C;B;St. Marys;London
via_existing;TO-SAR-0107;TO-SAR;194.98;195.57;121.155;121.522;590.0;0.367;0.46;3837.0;3837.0;50000.0;50000.0;31220.0;237.4;147.5;298.8;185.7;356.5;221.5;C;B;A;St. Marys;London
via_existing;TO-SAR-0108;TO-SAR;195.58;195.61;121.528;121.546;30.0;0.019;0.43;3905.0;4035.0;3905.0;4035.0;4041.0;243.4;151.2;306.5;190.5;360.0;223.7;C;A;A;St. Marys;London
via_existing;TO-SAR-0109;TO-SAR;195.62;196.58;121.553;122.149;960.0;0.597;0.4;4335.0;4335.0;6661.0;50000.0;20216.0;252.3;156.8;317.6;197.3;360.0;223.7;B;A;A;London;Strathroy
via_existing;TO-SAR-0110;TO-SAR;196.59;197.28;122.155;122.584;690.0;0.429;0.94;1838.0;1849.0;1848.0;2027.0;1974.0;164.8;102.4;207.4;128.9;247.4;153.7;D;C;C;London;Strathroy
via_existing;TO-SAR-0111;TO-SAR;197.29;198.14;122.59;123.118;850.0;0.528;0.92;1891.0;1891.0;1956.0;2070.0;2358.0;166.6;103.5;209.8;130.4;250.2;155.5;D;C;B;London;Strathroy
via_existing;TO-SAR-0112;TO-SAR;198.15;204.08;123.125;126.809;5930.0;3.685;0.65;2696.0;2696.0;50000.0;50000.0;29769.0;199.0;123.7;250.5;155.7;298.8;185.7;D;B;B;London;Strathroy
via_existing;TO-SAR-0113;TO-SAR;204.09;204.39;126.816;127.002;300.0;0.186;0.92;1889.0;1889.0;1921.0;2094.0;2130.0;166.5;103.5;209.7;130.3;250.1;155.4;D;C;B;London;Strathroy
via_existing;TO-SAR-0114;TO-SAR;204.4;204.68;127.008;127.182;280.0;0.174;1.01;1722.0;1722.0;1748.0;1803.0;1802.0;159.0;98.8;200.2;124.4;238.8;148.4;E;C;C;London;Strathroy
via_existing;TO-SAR-0115;TO-SAR;204.69;205.16;127.188;127.481;470.0;0.292;1.07;1629.0;1632.0;1630.0;1667.0;1694.0;154.8;96.2;194.9;121.1;232.5;144.5;E;D;C;London;Strathroy
via_existing;TO-SAR-0116;TO-SAR;205.17;205.63;127.487;127.773;460.0;0.286;0.92;1897.0;1897.0;1983.0;2835.0;2808.0;166.9;103.7;210.1;130.6;250.6;155.7;D;C;B;London;Strathroy
via_existing;TO-SAR-0117;TO-SAR;205.64;212.33;127.779;131.936;6690.0;4.157;0.63;2755.0;2755.0;50000.0;50000.0;31010.0;201.1;125.0;253.2;157.3;302.0;187.7;C;B;A;London;Strathroy
via_existing;TO-SAR-0118;TO-SAR;212.34;212.53;131.942;132.06;190.0;0.118;0.92;1895.0;1895.0;1935.0;2170.0;2188.0;166.8;103.6;210.0;130.5;250.5;155.7;D;C;B;London;Strathroy
via_existing;TO-SAR-0119;TO-SAR;212.54;212.8;132.066;132.228;260.0;0.162;0.98;1763.0;1773.0;1764.0;1795.0;1802.0;161.3;100.2;203.1;126.2;242.3;150.6;D;C;C;London;Strathroy
via_existing;TO-SAR-0120;TO-SAR;212.81;213.22;132.234;132.489;410.0;0.255;0.92;1895.0;1895.0;1986.0;2702.0;2767.0;166.8;103.6;210.0;130.5;250.5;155.7;D;C;B;London;Strathroy
via_existing;TO-SAR-0121;TO-SAR;213.23;217.25;132.495;134.993;4020.0;2.498;0.45;3905.0;3905.0;10038.0;50000.0;27471.0;239.4;148.8;301.5;187.3;359.6;223.4;C;A;A;London;Strathroy
via_existing;TO-SAR-0122;TO-SAR;217.26;217.96;134.999;135.434;700.0;0.435;0.52;3364.0;3376.0;3376.0;3597.0;3799.0;222.6;138.3;280.3;174.2;334.4;207.8;C;B;A;London;Strathroy
via_existing;TO-SAR-0123;TO-SAR;217.97;225.96;135.44;140.405;7990.0;4.965;0.45;3871.0;3871.0;50000.0;50000.0;33794.0;238.4;148.1;300.2;186.5;358.1;222.5;C;A;A;London;Strathroy
via_existing;TO-SAR-0124;TO-SAR;225.97;226.58;140.411;140.79;610.0;0.379;0.5;3466.0;3476.0;3474.0;3704.0;3903.0;225.9;140.4;284.4;176.7;339.3;210.8;C;B;A;London;Strathroy
via_existing;TO-SAR-0125;TO-SAR;226.59;238.01;140.796;147.893;11420.0;7.096;0.41;4273.0;4273.0;50000.0;50000.0;39994.0;250.5;155.7;315.4;196.0;360.0;223.7;B;A;A;Strathroy;Sarnia
via_existing;TO-SAR-0126;TO-SAR;238.02;238.36;147.899;148.11;340.0;0.211;0.43;4017.0;4041.0;4021.0;4180.0;4396.0;243.6;151.4;306.7;190.6;360.0;223.7;C;A;A;Strathroy;Sarnia
via_existing;TO-SAR-0127;TO-SAR;238.37;287.32;148.116;178.532;48950.0;30.416;0.4;4366.0;4366.0;50000.0;50000.0;47509.0;253.2;157.3;318.8;198.1;360.0;223.7;B;A;A;Strathroy;Sarnia
via_existing;TO-SAR-0128;TO-SAR;287.33;287.39;178.539;178.576;60.0;0.037;0.44;3885.0;3950.0;3885.0;3950.0;3997.0;240.8;149.6;303.2;188.4;360.0;223.7;C;A;A;Strathroy;Sarnia
via_existing;TO-SAR-0129;TO-SAR;287.4;287.87;178.582;178.874;470.0;0.292;0.03;50000.0;50000.0;50000.0;50000.0;50000.0;360.0;223.7;360.0;223.7;360.0;223.7;A;A;A;Strathroy;Sarnia
via_existing;TO-SAR-0130;TO-SAR;287.88;288.23;178.88;179.098;350.0;0.217;0.62;2804.0;2817.0;2806.0;3021.0;3252.0;203.4;126.4;256.1;159.1;305.4;189.8;C;B;A;Strathroy;Sarnia
via_existing;TO-SAR-0131;TO-SAR;288.24;288.27;179.104;179.123;30.0;0.019;0.66;2630.0;2630.0;2630.0;2630.0;2846.0;196.5;122.1;247.4;153.7;295.1;183.4;D;C;B;Strathroy;Sarnia
via_existing;TO-SAR-0132;TO-SAR;288.28;289.14;179.129;179.663;860.0;0.534;0.64;2728.0;2728.0;3709.0;50000.0;12296.0;200.1;124.3;252.0;156.6;300.6;186.8;C;B;A;Strathroy;Sarnia
via_existing;TO-SAR-0133;TO-SAR;289.15;289.25;179.669;179.732;100.0;0.062;0.71;2423.0;2470.0;2423.0;2470.0;2497.0;190.4;118.3;239.8;149.0;286.0;177.7;D;C;B;Strathroy;Sarnia
via_existing;TO-SAR-0134;TO-SAR;289.26;289.75;179.738;180.042;490.0;0.304;0.03;50000.0;50000.0;50000.0;50000.0;50000.0;360.0;223.7;360.0;223.7;360.0;223.7;A;A;A;Strathroy;Sarnia
via_existing;TO-SAR-0135;TO-SAR;289.76;290.03;180.049;180.216;270.0;0.168;0.72;2415.0;2415.0;2425.0;2918.0;3090.0;188.3;117.0;237.1;147.3;282.8;175.7;D;C;B;Strathroy;Sarnia
via_existing;TO-SAR-0136;TO-SAR;290.04;291.08;180.223;180.869;1040.0;0.646;0.27;6485.0;6485.0;19290.0;50000.0;34899.0;308.6;191.8;360.0;223.7;360.0;223.7;A;A;A;Strathroy;Sarnia
