scenario;vitesse_cible_kmh;vitesse_cible_mph;troncon;km_debut;km_fin;mille_debut;mille_fin;longueur_km;longueur_mille;degre_courbure_actuel_max_deg;R_actuel_min_m;degre_courbure_cible_max_deg;rayon_cible_m;gare_amont;gare_aval
base;160;99.4;MTL-QC;0.0;2.91;0.0;1.81;2.89;1.8;7.22;242;1.0;1744;Montréal;Saint-Lambert
base;160;99.4;MTL-QC;19.55;20.18;12.15;12.54;0.63;0.39;1.74;1006;1.0;1744;Saint-Lambert;Saint-Hyacinthe
base;160;99.4;MTL-QC;28.97;34.62;18.0;21.51;5.59;3.47;6.99;250;1.0;1744;Saint-Lambert;Saint-Hyacinthe
base;160;99.4;MTL-QC;58.44;62.6;36.31;38.9;4.14;2.57;2.94;594;1.0;1744;Saint-Hyacinthe;Drummondville
base;160;99.4;MTL-QC;63.84;64.57;39.67;40.12;0.72;0.45;1.86;938;1.0;1744;Saint-Hyacinthe;Drummondville
base;160;99.4;MTL-QC;65.93;66.88;40.97;41.56;0.93;0.58;1.98;884;1.0;1744;Saint-Hyacinthe;Drummondville
base;160;99.4;MTL-QC;68.38;69.44;42.49;43.15;1.05;0.65;3.07;568;1.0;1744;Saint-Hyacinthe;Drummondville
base;160;99.4;MTL-QC;89.98;90.52;55.91;56.25;0.54;0.34;1.56;1118;1.0;1744;Saint-Hyacinthe;Drummondville
base;160;99.4;MTL-QC;93.55;94.38;58.13;58.65;0.82;0.51;1.96;893;1.0;1744;Saint-Hyacinthe;Drummondville
base;160;99.4;MTL-QC;95.87;96.52;59.57;59.97;0.63;0.39;1.94;901;1.0;1744;Saint-Hyacinthe;Drummondville
base;160;99.4;MTL-QC;100.26;101.07;62.3;62.8;0.8;0.5;2.22;787;1.0;1744;Saint-Hyacinthe;Charny
base;160;99.4;MTL-QC;101.68;103.56;63.18;64.35;1.85;1.15;2.29;762;1.0;1744;Drummondville;Charny
base;160;99.4;MTL-QC;108.15;121.7;67.2;75.62;13.45;8.36;3.63;481;1.0;1744;Drummondville;Charny
base;160;99.4;MTL-QC;124.95;126.23;77.64;78.44;1.27;0.79;3.8;460;1.0;1744;Drummondville;Charny
base;160;99.4;MTL-QC;128.42;129.13;79.8;80.24;0.71;0.44;1.67;1048;1.0;1744;Drummondville;Charny
base;160;99.4;MTL-QC;129.5;130.42;80.47;81.04;0.91;0.57;2.39;730;1.0;1744;Drummondville;Charny
base;160;99.4;MTL-QC;131.88;132.41;81.95;82.28;0.53;0.33;1.57;1113;1.0;1744;Drummondville;Charny
base;160;99.4;MTL-QC;149.93;152.05;93.16;94.48;2.11;1.31;6.77;258;1.0;1744;Drummondville;Charny
base;160;99.4;MTL-QC;157.56;161.61;97.9;100.42;4.03;2.5;4.47;391;1.0;1744;Drummondville;Charny
base;160;99.4;MTL-QC;169.25;193.61;105.17;120.3;24.29;15.09;5.46;320;1.0;1744;Drummondville;Charny
base;160;99.4;MTL-QC;200.93;211.68;124.85;131.53;10.71;6.65;3.67;476;1.0;1744;Drummondville;Charny
base;160;99.4;MTL-QC;214.04;214.75;133.0;133.44;0.71;0.44;1.78;980;1.0;1744;Drummondville;Charny
base;160;99.4;MTL-QC;224.76;225.33;139.66;140.01;0.57;0.35;2.38;734;1.0;1744;Drummondville;Charny
base;160;99.4;MTL-QC;231.78;232.25;144.02;144.31;0.47;0.29;1.41;1238;1.0;1744;Drummondville;Charny
base;160;99.4;MTL-QC;243.28;251.47;151.17;156.26;8.09;5.03;9.11;192;1.0;1744;Drummondville;Sainte-Foy
base;160;99.4;MTL-QC;253.12;256.93;157.28;159.65;3.73;2.32;11.21;156;1.0;1744;Sainte-Foy;Québec
base;160;99.4;MTL-QC;257.16;258.35;159.79;160.53;1.18;0.73;6.33;276;1.0;1744;Sainte-Foy;Québec
base;160;99.4;MTL-QC;259.17;262.76;161.04;163.27;3.53;2.19;6.4;273;1.0;1744;Sainte-Foy;Québec
base;160;99.4;MTL-QC;267.23;269.04;166.05;167.17;1.8;1.12;9.11;192;1.0;1744;Sainte-Foy;Québec
base;160;99.4;MTL-QC;270.61;271.1;168.15;168.45;0.49;0.3;2.3;758;1.0;1744;Sainte-Foy;Québec
base;160;99.4;MTL-Ott;0.0;5.36;0.0;3.33;5.32;3.31;5.11;342;1.0;1744;Montréal;Dorval
base;160;99.4;MTL-Ott;9.92;11.14;6.16;6.92;1.2;0.75;2.11;828;1.0;1744;Montréal;Dorval
base;160;99.4;MTL-Ott;34.9;36.36;21.69;22.59;1.42;0.88;6.83;256;1.0;1744;Aéroport Montréal Pierre-Elliott Trudeau;Coteau
base;160;99.4;MTL-Ott;40.23;41.67;25.0;25.89;1.42;0.88;1.9;921;1.0;1744;Aéroport Montréal Pierre-Elliott Trudeau;Coteau
base;160;99.4;MTL-Ott;59.02;63.79;36.67;39.64;4.75;2.95;3.28;532;1.0;1744;Aéroport Montréal Pierre-Elliott Trudeau;Alexandria
base;160;99.4;MTL-Ott;74.98;75.7;46.59;47.04;0.72;0.45;1.83;952;1.0;1744;Coteau;Alexandria
base;160;99.4;MTL-Ott;80.48;85.53;50.01;53.15;5.0;3.11;2.68;652;1.0;1744;Coteau;Alexandria
base;160;99.4;MTL-Ott;87.16;98.74;54.16;61.35;11.56;7.18;3.51;497;1.0;1744;Coteau;Alexandria
base;160;99.4;MTL-Ott;99.84;106.15;62.04;65.96;6.27;3.9;3.47;504;1.0;1744;Alexandria;Casselman
base;160;99.4;MTL-Ott;108.07;111.88;67.15;69.52;3.77;2.34;2.88;606;1.0;1744;Alexandria;Casselman
base;160;99.4;MTL-Ott;113.13;115.81;70.3;71.96;2.66;1.65;3.68;474;1.0;1744;Alexandria;Casselman
base;160;99.4;MTL-Ott;117.27;127.33;72.87;79.12;10.02;6.23;3.76;464;1.0;1744;Alexandria;Casselman
base;160;99.4;MTL-Ott;128.75;140.84;80.0;87.51;12.08;7.51;3.29;531;1.0;1744;Alexandria;Ottawa
base;160;99.4;MTL-Ott;143.03;143.54;88.87;89.19;0.51;0.32;1.31;1333;1.0;1744;Casselman;Ottawa
base;160;99.4;MTL-Ott;143.84;180.83;89.38;112.36;36.97;22.97;4.53;386;1.0;1744;Casselman;Ottawa
base;160;99.4;MTL-Ott;181.68;183.04;112.89;113.74;1.35;0.84;4.99;350;1.0;1744;Casselman;Ottawa
base;160;99.4;MTL-Ott;184.29;185.56;114.51;115.3;1.26;0.78;2.14;816;1.0;1744;Casselman;Ottawa
base;160;99.4;Ott-TO;0.01;1.03;0.01;0.64;1.01;0.63;8.74;200;1.0;1744;Ottawa;Smiths Falls
base;160;99.4;Ott-TO;1.67;7.35;1.04;4.57;5.61;3.49;2.78;629;1.0;1744;Ottawa;Smiths Falls
base;160;99.4;Ott-TO;7.97;19.53;4.95;12.14;11.52;7.16;3.28;532;1.0;1744;Ottawa;Smiths Falls
base;160;99.4;Ott-TO;22.47;23.39;13.96;14.53;0.91;0.57;2.97;588;1.0;1744;Ottawa;Smiths Falls
base;160;99.4;Ott-TO;26.6;27.03;16.53;16.8;0.43;0.27;1.37;1272;1.0;1744;Ottawa;Smiths Falls
base;160;99.4;Ott-TO;48.51;48.74;30.14;30.29;0.23;0.14;1.39;1260;1.0;1744;Ottawa;Smiths Falls
base;160;99.4;Ott-TO;61.64;69.47;38.3;43.17;7.76;4.82;8.17;214;1.0;1744;Ottawa;Brockville
base;160;99.4;Ott-TO;90.22;95.59;56.06;59.4;5.34;3.32;2.02;864;1.0;1744;Smiths Falls;Brockville
base;160;99.4;Ott-TO;109.07;110.92;67.77;68.92;1.82;1.13;8.87;197;1.0;1744;Smiths Falls;Brockville
base;160;99.4;Ott-TO;111.19;112.05;69.09;69.62;0.86;0.53;1.85;946;1.0;1744;Brockville;Gananoque
base;160;99.4;Ott-TO;117.74;118.03;73.16;73.34;0.29;0.18;1.85;943;1.0;1744;Brockville;Gananoque
base;160;99.4;Ott-TO;119.78;121.26;74.43;75.35;1.47;0.91;2.44;716;1.0;1744;Brockville;Gananoque
base;160;99.4;Ott-TO;125.95;126.5;78.26;78.6;0.55;0.34;1.67;1044;1.0;1744;Brockville;Gananoque
base;160;99.4;Ott-TO;136.03;138.46;84.53;86.04;2.39;1.49;3.03;576;1.0;1744;Brockville;Gananoque
base;160;99.4;Ott-TO;151.1;158.7;93.89;98.61;7.55;4.69;2.91;600;1.0;1744;Brockville;Kingston
base;160;99.4;Ott-TO;160.49;161.13;99.72;100.12;0.64;0.4;1.72;1017;1.0;1744;Gananoque;Kingston
base;160;99.4;Ott-TO;175.4;188.25;108.99;116.97;12.72;7.9;3.85;454;1.0;1744;Gananoque;Kingston
base;160;99.4;Ott-TO;188.61;190.42;117.2;118.32;1.79;1.11;3.54;494;1.0;1744;Gananoque;Kingston
base;160;99.4;Ott-TO;192.54;194.39;119.64;120.79;1.83;1.14;1.85;944;1.0;1744;Kingston;Napanee
base;160;99.4;Ott-TO;194.83;196.78;121.06;122.27;1.93;1.2;2.15;811;1.0;1744;Kingston;Napanee
base;160;99.4;Ott-TO;196.99;205.27;122.4;127.55;8.25;5.13;2.19;798;1.0;1744;Kingston;Napanee
base;160;99.4;Ott-TO;212.01;222.57;131.74;138.3;10.53;6.54;2.1;830;1.0;1744;Kingston;Napanee
base;160;99.4;Ott-TO;223.07;224.97;138.61;139.79;1.88;1.17;2.2;793;1.0;1744;Kingston;Napanee
base;160;99.4;Ott-TO;226.8;228.65;140.93;142.08;1.84;1.14;3.15;554;1.0;1744;Kingston;Belleville
base;160;99.4;Ott-TO;236.47;237.05;146.94;147.3;0.58;0.36;1.67;1048;1.0;1744;Napanee;Belleville
base;160;99.4;Ott-TO;239.02;241.66;148.52;150.16;2.62;1.63;2.0;872;1.0;1744;Napanee;Belleville
base;160;99.4;Ott-TO;252.07;252.65;156.63;156.99;0.58;0.36;1.78;980;1.0;1744;Napanee;Belleville
base;160;99.4;Ott-TO;252.89;255.1;157.14;158.51;2.2;1.37;2.12;824;1.0;1744;Napanee;Belleville
base;160;99.4;Ott-TO;279.71;280.72;173.8;174.43;0.99;0.62;1.89;923;1.0;1744;Belleville;Trenton Junction
base;160;99.4;Ott-TO;282.23;282.61;175.37;175.61;0.38;0.24;1.56;1120;1.0;1744;Belleville;Trenton Junction
base;160;99.4;Ott-TO;283.98;284.59;176.46;176.84;0.61;0.38;1.7;1029;1.0;1744;Trenton Junction;Cobourg
base;160;99.4;Ott-TO;330.51;333.82;205.37;207.43;3.28;2.04;2.02;864;1.0;1744;Trenton Junction;Port Hope
base;160;99.4;Ott-TO;334.46;336.71;207.82;209.22;2.23;1.39;2.03;860;1.0;1744;Cobourg;Port Hope
base;160;99.4;Ott-TO;343.71;345.34;213.57;214.58;1.62;1.01;2.65;659;1.0;1744;Cobourg;Oshawa
base;160;99.4;Ott-TO;353.65;354.22;219.75;220.1;0.57;0.35;1.63;1069;1.0;1744;Port Hope;Oshawa
base;160;99.4;Ott-TO;355.64;356.13;220.98;221.29;0.49;0.3;1.82;962;1.0;1744;Port Hope;Oshawa
base;160;99.4;Ott-TO;357.31;358.08;222.02;222.5;0.77;0.48;1.48;1181;1.0;1744;Port Hope;Oshawa
base;160;99.4;Ott-TO;365.04;366.42;226.83;227.68;1.35;0.84;2.01;868;1.0;1744;Port Hope;Oshawa
base;160;99.4;Ott-TO;367.12;367.77;228.12;228.52;0.65;0.4;1.75;998;1.0;1744;Port Hope;Oshawa
base;160;99.4;Ott-TO;368.67;369.38;229.08;229.52;0.71;0.44;1.68;1040;1.0;1744;Port Hope;Oshawa
base;160;99.4;Ott-TO;374.23;374.9;232.54;232.95;0.67;0.42;1.85;944;1.0;1744;Port Hope;Oshawa
base;160;99.4;Ott-TO;376.71;377.68;234.08;234.68;0.95;0.59;2.98;586;1.0;1744;Port Hope;Oshawa
base;160;99.4;Ott-TO;380.03;381.15;236.14;236.84;1.1;0.68;2.0;873;1.0;1744;Port Hope;Oshawa
base;160;99.4;Ott-TO;382.43;383.5;237.63;238.3;1.05;0.65;1.98;882;1.0;1744;Port Hope;Oshawa
base;160;99.4;Ott-TO;384.73;385.45;239.06;239.51;0.7;0.43;1.98;882;1.0;1744;Port Hope;Oshawa
base;160;99.4;Ott-TO;385.81;388.01;239.73;241.1;2.17;1.35;2.75;634;1.0;1744;Port Hope;Oshawa
base;160;99.4;Ott-TO;388.98;390.04;241.7;242.36;1.04;0.65;2.01;870;1.0;1744;Port Hope;Oshawa
base;160;99.4;Ott-TO;397.22;398.04;246.82;247.33;0.81;0.5;2.01;869;1.0;1744;Oshawa;Guildwood
base;160;99.4;Ott-TO;400.23;401.52;248.69;249.49;1.27;0.79;2.01;867;1.0;1744;Oshawa;Guildwood
base;160;99.4;Ott-TO;409.02;415.69;254.15;258.3;6.62;4.11;2.02;865;1.0;1744;Oshawa;Guildwood
base;160;99.4;Ott-TO;416.23;417.44;258.63;259.39;1.19;0.74;1.97;886;1.0;1744;Oshawa;Guildwood
base;160;99.4;Ott-TO;421.21;421.8;261.73;262.09;0.59;0.37;2.4;728;1.0;1744;Oshawa;Guildwood
base;160;99.4;Ott-TO;426.08;426.52;264.75;265.03;0.44;0.27;1.71;1020;1.0;1744;Guildwood;Toronto
base;160;99.4;Ott-TO;426.8;428.13;265.2;266.03;1.3;0.81;6.15;284;1.0;1744;Guildwood;Toronto
base;160;99.4;Ott-TO;430.22;430.85;267.33;267.72;0.63;0.39;1.99;877;1.0;1744;Guildwood;Toronto
base;160;99.4;Ott-TO;434.36;434.56;269.9;270.02;0.2;0.12;1.84;947;1.0;1744;Guildwood;Toronto
base;160;99.4;Ott-TO;435.49;435.93;270.6;270.87;0.44;0.27;1.85;946;1.0;1744;Guildwood;Toronto
base;160;99.4;Ott-TO;440.86;444.8;273.94;276.39;3.88;2.41;2.32;752;1.0;1744;Guildwood;Toronto
base;160;99.4;Ott-TO;445.88;445.92;277.06;277.08;0.04;0.02;2.7;646;1.0;1744;Guildwood;Toronto
base;160;99.4;MTL-TO;0.0;5.36;0.0;3.33;5.32;3.31;5.09;343;1.0;1744;Montréal;Dorval
base;160;99.4;MTL-TO;9.92;11.14;6.16;6.92;1.2;0.75;2.11;828;1.0;1744;Montréal;Dorval
base;160;99.4;MTL-TO;34.89;36.35;21.68;22.59;1.42;0.88;6.22;281;1.0;1744;Aéroport Montréal Pierre-Elliott Trudeau;Coteau
base;160;99.4;MTL-TO;40.59;41.66;25.22;25.89;1.05;0.65;1.9;921;1.0;1744;Aéroport Montréal Pierre-Elliott Trudeau;Coteau
base;160;99.4;MTL-TO;59.0;59.79;36.66;37.15;0.79;0.49;1.4;1250;1.0;1744;Aéroport Montréal Pierre-Elliott Trudeau;Coteau
base;160;99.4;MTL-TO;102.47;104.9;63.67;65.18;2.4;1.49;2.05;852;1.0;1744;Coteau;Brockville
base;160;99.4;MTL-TO;107.39;108.52;66.73;67.43;1.11;0.69;1.99;876;1.0;1744;Coteau;Brockville
base;160;99.4;MTL-TO;123.36;124.31;76.65;77.24;0.93;0.58;1.99;876;1.0;1744;Coteau;Brockville
base;160;99.4;MTL-TO;181.56;182.15;112.82;113.18;0.58;0.36;1.93;906;1.0;1744;Coteau;Brockville
base;160;99.4;MTL-TO;182.69;183.97;113.52;114.31;1.26;0.78;2.03;859;1.0;1744;Coteau;Brockville
base;160;99.4;MTL-TO;201.98;204.36;125.5;126.98;2.34;1.45;2.92;599;1.0;1744;Coteau;Brockville
base;160;99.4;MTL-TO;205.41;206.2;127.64;128.13;0.79;0.49;1.85;946;1.0;1744;Brockville;Gananoque
base;160;99.4;MTL-TO;211.9;212.19;131.67;131.85;0.29;0.18;1.85;944;1.0;1744;Brockville;Gananoque
base;160;99.4;MTL-TO;213.93;215.42;132.93;133.86;1.48;0.92;2.41;725;1.0;1744;Brockville;Gananoque
base;160;99.4;MTL-TO;220.11;220.66;136.77;137.11;0.55;0.34;1.67;1044;1.0;1744;Brockville;Gananoque
base;160;99.4;MTL-TO;230.18;231.36;143.03;143.76;1.17;0.73;1.88;928;1.0;1744;Brockville;Gananoque
base;160;99.4;MTL-TO;251.06;252.87;156.0;157.13;1.77;1.1;2.91;600;1.0;1744;Gananoque;Kingston
base;160;99.4;MTL-TO;254.66;255.29;158.24;158.63;0.63;0.39;1.72;1017;1.0;1744;Gananoque;Kingston
base;160;99.4;MTL-TO;269.56;282.41;167.5;175.48;12.71;7.9;4.12;424;1.0;1744;Gananoque;Kingston
base;160;99.4;MTL-TO;282.76;284.57;175.7;176.82;1.79;1.11;3.54;494;1.0;1744;Gananoque;Kingston
base;160;99.4;MTL-TO;286.69;288.54;178.14;179.29;1.83;1.14;1.84;948;1.0;1744;Kingston;Napanee
base;160;99.4;MTL-TO;288.99;290.93;179.57;180.78;1.92;1.19;2.15;812;1.0;1744;Kingston;Napanee
base;160;99.4;MTL-TO;291.15;299.43;180.91;186.06;8.25;5.13;2.19;798;1.0;1744;Kingston;Napanee
base;160;99.4;MTL-TO;306.17;316.82;190.25;196.86;10.61;6.59;2.1;830;1.0;1744;Kingston;Napanee
base;160;99.4;MTL-TO;317.21;319.12;197.11;198.29;1.89;1.17;2.2;793;1.0;1744;Kingston;Napanee
base;160;99.4;MTL-TO;320.95;322.79;199.43;200.57;1.83;1.14;3.18;550;1.0;1744;Kingston;Napanee
base;160;99.4;MTL-TO;330.62;331.2;205.44;205.8;0.58;0.36;1.67;1046;1.0;1744;Napanee;Belleville
base;160;99.4;MTL-TO;333.17;335.81;207.02;208.66;2.62;1.63;2.01;868;1.0;1744;Napanee;Belleville
base;160;99.4;MTL-TO;346.21;346.79;215.12;215.49;0.58;0.36;1.78;980;1.0;1744;Napanee;Belleville
base;160;99.4;MTL-TO;347.03;349.24;215.63;217.01;2.2;1.37;2.12;824;1.0;1744;Napanee;Belleville
base;160;99.4;MTL-TO;373.9;374.9;232.33;232.95;0.98;0.61;1.89;922;1.0;1744;Belleville;Trenton Junction
base;160;99.4;MTL-TO;376.42;377.07;233.9;234.3;0.65;0.4;1.56;1118;1.0;1744;Belleville;Trenton Junction
base;160;99.4;MTL-TO;378.16;378.77;234.98;235.36;0.61;0.38;1.7;1028;1.0;1744;Trenton Junction;Cobourg
base;160;99.4;MTL-TO;424.68;427.99;263.88;265.94;3.28;2.04;2.02;864;1.0;1744;Trenton Junction;Port Hope
base;160;99.4;MTL-TO;428.63;430.88;266.34;267.74;2.23;1.39;2.03;860;1.0;1744;Cobourg;Port Hope
base;160;99.4;MTL-TO;437.88;439.51;272.09;273.1;1.62;1.01;2.65;659;1.0;1744;Cobourg;Oshawa
base;160;99.4;MTL-TO;447.82;448.39;278.26;278.62;0.57;0.35;1.63;1069;1.0;1744;Port Hope;Oshawa
base;160;99.4;MTL-TO;449.81;450.3;279.5;279.8;0.49;0.3;1.82;962;1.0;1744;Port Hope;Oshawa
base;160;99.4;MTL-TO;451.48;452.25;280.54;281.02;0.77;0.48;1.48;1181;1.0;1744;Port Hope;Oshawa
base;160;99.4;MTL-TO;459.21;460.59;285.34;286.2;1.35;0.84;2.01;868;1.0;1744;Port Hope;Oshawa
base;160;99.4;MTL-TO;461.29;461.94;286.63;287.04;0.65;0.4;1.75;998;1.0;1744;Port Hope;Oshawa
base;160;99.4;MTL-TO;462.84;463.55;287.6;288.04;0.71;0.44;1.68;1041;1.0;1744;Port Hope;Oshawa
base;160;99.4;MTL-TO;468.4;469.07;291.05;291.47;0.67;0.42;1.85;944;1.0;1744;Port Hope;Oshawa
base;160;99.4;MTL-TO;470.88;471.85;292.59;293.19;0.95;0.59;2.98;586;1.0;1744;Port Hope;Oshawa
base;160;99.4;MTL-TO;474.2;475.32;294.65;295.35;1.1;0.68;2.0;873;1.0;1744;Port Hope;Oshawa
base;160;99.4;MTL-TO;476.6;477.67;296.15;296.81;1.05;0.65;1.98;882;1.0;1744;Port Hope;Oshawa
base;160;99.4;MTL-TO;478.9;479.62;297.57;298.02;0.7;0.43;1.98;882;1.0;1744;Port Hope;Oshawa
base;160;99.4;MTL-TO;479.98;482.18;298.25;299.61;2.17;1.35;2.75;634;1.0;1744;Port Hope;Oshawa
base;160;99.4;MTL-TO;483.15;484.14;300.22;300.83;0.97;0.6;2.01;870;1.0;1744;Port Hope;Oshawa
base;160;99.4;MTL-TO;491.01;492.21;305.1;305.85;1.17;0.73;2.01;869;1.0;1744;Oshawa;Guildwood
base;160;99.4;MTL-TO;494.74;495.68;307.42;308.0;0.92;0.57;2.02;866;1.0;1744;Oshawa;Guildwood
base;160;99.4;MTL-TO;503.18;509.83;312.66;316.79;6.6;4.1;2.02;865;1.0;1744;Oshawa;Guildwood
base;160;99.4;MTL-TO;510.4;511.61;317.15;317.9;1.19;0.74;1.97;886;1.0;1744;Oshawa;Guildwood
base;160;99.4;MTL-TO;514.4;515.99;319.63;320.62;1.58;0.98;2.19;798;1.0;1744;Oshawa;Guildwood
base;160;99.4;MTL-TO;520.24;520.69;323.26;323.54;0.45;0.28;1.71;1020;1.0;1744;Guildwood;Toronto
base;160;99.4;MTL-TO;520.96;522.29;323.71;324.54;1.3;0.81;5.14;340;1.0;1744;Guildwood;Toronto
base;160;99.4;MTL-TO;524.38;525.01;325.83;326.23;0.63;0.39;1.99;876;1.0;1744;Guildwood;Toronto
base;160;99.4;MTL-TO;528.52;528.72;328.41;328.53;0.2;0.12;1.84;949;1.0;1744;Guildwood;Toronto
base;160;99.4;MTL-TO;529.65;530.09;329.11;329.38;0.44;0.27;1.85;944;1.0;1744;Guildwood;Toronto
base;160;99.4;MTL-TO;535.02;538.97;332.45;334.9;3.89;2.42;2.32;753;1.0;1744;Guildwood;Toronto
base;160;99.4;MTL-TO;540.04;540.08;335.57;335.59;0.04;0.02;2.48;703;1.0;1744;Guildwood;Toronto
base;177;110.0;MTL-QC;0.0;2.91;0.0;1.81;2.89;1.8;7.22;242;0.82;2134;Montréal;Saint-Lambert
base;177;110.0;MTL-QC;19.55;20.18;12.15;12.54;0.63;0.39;1.74;1006;0.82;2134;Saint-Lambert;Saint-Hyacinthe
base;177;110.0;MTL-QC;28.97;34.62;18.0;21.51;5.59;3.47;6.99;250;0.82;2134;Saint-Lambert;Saint-Hyacinthe
base;177;110.0;MTL-QC;58.44;62.6;36.31;38.9;4.14;2.57;2.94;594;0.82;2134;Saint-Hyacinthe;Drummondville
base;177;110.0;MTL-QC;63.84;64.57;39.67;40.12;0.72;0.45;1.86;938;0.82;2134;Saint-Hyacinthe;Drummondville
base;177;110.0;MTL-QC;65.93;66.88;40.97;41.56;0.93;0.58;1.98;884;0.82;2134;Saint-Hyacinthe;Drummondville
base;177;110.0;MTL-QC;68.38;69.44;42.49;43.15;1.05;0.65;3.07;568;0.82;2134;Saint-Hyacinthe;Drummondville
base;177;110.0;MTL-QC;89.98;90.52;55.91;56.25;0.54;0.34;1.56;1118;0.82;2134;Saint-Hyacinthe;Drummondville
base;177;110.0;MTL-QC;93.55;94.38;58.13;58.65;0.82;0.51;1.96;893;0.82;2134;Saint-Hyacinthe;Drummondville
base;177;110.0;MTL-QC;95.87;96.52;59.57;59.97;0.63;0.39;1.94;901;0.82;2134;Saint-Hyacinthe;Drummondville
base;177;110.0;MTL-QC;100.26;101.07;62.3;62.8;0.8;0.5;2.22;787;0.82;2134;Saint-Hyacinthe;Charny
base;177;110.0;MTL-QC;101.68;103.56;63.18;64.35;1.85;1.15;2.29;762;0.82;2134;Drummondville;Charny
base;177;110.0;MTL-QC;108.15;121.7;67.2;75.62;13.45;8.36;3.63;481;0.82;2134;Drummondville;Charny
base;177;110.0;MTL-QC;124.95;126.23;77.64;78.44;1.27;0.79;3.8;460;0.82;2134;Drummondville;Charny
base;177;110.0;MTL-QC;128.42;129.13;79.8;80.24;0.71;0.44;1.67;1048;0.82;2134;Drummondville;Charny
base;177;110.0;MTL-QC;129.5;130.42;80.47;81.04;0.91;0.57;2.39;730;0.82;2134;Drummondville;Charny
base;177;110.0;MTL-QC;131.88;132.41;81.95;82.28;0.53;0.33;1.57;1113;0.82;2134;Drummondville;Charny
base;177;110.0;MTL-QC;149.93;161.61;93.16;100.42;11.63;7.23;6.77;258;0.82;2134;Drummondville;Charny
base;177;110.0;MTL-QC;169.25;193.61;105.17;120.3;24.29;15.09;5.46;320;0.82;2134;Drummondville;Charny
base;177;110.0;MTL-QC;200.93;211.68;124.85;131.53;10.71;6.65;3.67;476;0.82;2134;Drummondville;Charny
base;177;110.0;MTL-QC;214.04;225.33;133.0;140.01;11.27;7.0;2.38;734;0.82;2134;Drummondville;Charny
base;177;110.0;MTL-QC;231.78;232.25;144.02;144.31;0.47;0.29;1.41;1238;0.82;2134;Drummondville;Charny
base;177;110.0;MTL-QC;242.36;251.47;150.6;156.26;9.0;5.59;9.11;192;0.82;2134;Drummondville;Sainte-Foy
base;177;110.0;MTL-QC;253.12;256.93;157.28;159.65;3.73;2.32;11.21;156;0.82;2134;Sainte-Foy;Québec
base;177;110.0;MTL-QC;257.16;258.35;159.79;160.53;1.18;0.73;6.33;276;0.82;2134;Sainte-Foy;Québec
base;177;110.0;MTL-QC;259.17;262.76;161.04;163.27;3.53;2.19;6.4;273;0.82;2134;Sainte-Foy;Québec
base;177;110.0;MTL-QC;264.83;271.1;164.56;168.45;6.23;3.87;9.11;192;0.82;2134;Sainte-Foy;Québec
base;177;110.0;MTL-Ott;0.0;5.36;0.0;3.33;5.32;3.31;5.11;342;0.82;2134;Montréal;Dorval
base;177;110.0;MTL-Ott;9.92;11.14;6.16;6.92;1.2;0.75;2.11;828;0.82;2134;Montréal;Dorval
base;177;110.0;MTL-Ott;34.9;36.36;21.69;22.59;1.42;0.88;6.83;256;0.82;2134;Aéroport Montréal Pierre-Elliott Trudeau;Coteau
base;177;110.0;MTL-Ott;40.23;41.67;25.0;25.89;1.42;0.88;1.9;921;0.82;2134;Aéroport Montréal Pierre-Elliott Trudeau;Coteau
base;177;110.0;MTL-Ott;59.02;63.79;36.67;39.64;4.75;2.95;3.28;532;0.82;2134;Aéroport Montréal Pierre-Elliott Trudeau;Alexandria
base;177;110.0;MTL-Ott;74.98;75.7;46.59;47.04;0.72;0.45;1.83;952;0.82;2134;Coteau;Alexandria
base;177;110.0;MTL-Ott;79.55;85.53;49.43;53.15;5.92;3.68;2.68;652;0.82;2134;Coteau;Alexandria
base;177;110.0;MTL-Ott;87.16;98.74;54.16;61.35;11.56;7.18;3.51;497;0.82;2134;Coteau;Alexandria
base;177;110.0;MTL-Ott;99.84;106.15;62.04;65.96;6.27;3.9;3.47;504;0.82;2134;Alexandria;Casselman
base;177;110.0;MTL-Ott;108.07;111.88;67.15;69.52;3.77;2.34;2.88;606;0.82;2134;Alexandria;Casselman
base;177;110.0;MTL-Ott;113.13;115.81;70.3;71.96;2.66;1.65;3.68;474;0.82;2134;Alexandria;Casselman
base;177;110.0;MTL-Ott;117.27;127.33;72.87;79.12;10.02;6.23;3.76;464;0.82;2134;Alexandria;Casselman
base;177;110.0;MTL-Ott;128.75;140.84;80.0;87.51;12.08;7.51;3.29;531;0.82;2134;Alexandria;Ottawa
base;177;110.0;MTL-Ott;143.03;143.54;88.87;89.19;0.51;0.32;1.31;1333;0.82;2134;Casselman;Ottawa
base;177;110.0;MTL-Ott;143.84;180.83;89.38;112.36;36.97;22.97;4.53;386;0.82;2134;Casselman;Ottawa
base;177;110.0;MTL-Ott;181.68;183.04;112.89;113.74;1.35;0.84;4.99;350;0.82;2134;Casselman;Ottawa
base;177;110.0;MTL-Ott;184.29;185.56;114.51;115.3;1.26;0.78;2.14;816;0.82;2134;Casselman;Ottawa
base;177;110.0;Ott-TO;0.01;1.03;0.01;0.64;1.01;0.63;8.74;200;0.82;2134;Ottawa;Smiths Falls
base;177;110.0;Ott-TO;1.67;7.35;1.04;4.57;5.61;3.49;2.78;629;0.82;2134;Ottawa;Smiths Falls
base;177;110.0;Ott-TO;7.97;23.39;4.95;14.53;15.35;9.54;3.28;532;0.82;2134;Ottawa;Smiths Falls
base;177;110.0;Ott-TO;26.6;27.03;16.53;16.8;0.43;0.27;1.37;1272;0.82;2134;Ottawa;Smiths Falls
base;177;110.0;Ott-TO;48.51;48.74;30.14;30.29;0.23;0.14;1.39;1260;0.82;2134;Ottawa;Smiths Falls
base;177;110.0;Ott-TO;61.64;69.47;38.3;43.17;7.76;4.82;8.17;214;0.82;2134;Ottawa;Brockville
base;177;110.0;Ott-TO;90.22;95.59;56.06;59.4;5.34;3.32;2.02;864;0.82;2134;Smiths Falls;Brockville
base;177;110.0;Ott-TO;109.07;110.92;67.77;68.92;1.82;1.13;8.87;197;0.82;2134;Smiths Falls;Brockville
base;177;110.0;Ott-TO;111.19;112.05;69.09;69.62;0.86;0.53;1.85;946;0.82;2134;Brockville;Gananoque
base;177;110.0;Ott-TO;117.74;119.26;73.16;74.1;1.51;0.94;1.85;943;0.82;2134;Brockville;Gananoque
base;177;110.0;Ott-TO;119.78;121.26;74.43;75.35;1.47;0.91;2.44;716;0.82;2134;Brockville;Gananoque
base;177;110.0;Ott-TO;125.95;126.5;78.26;78.6;0.55;0.34;1.67;1044;0.82;2134;Brockville;Gananoque
base;177;110.0;Ott-TO;136.03;138.46;84.53;86.04;2.39;1.49;3.03;576;0.82;2134;Brockville;Gananoque
base;177;110.0;Ott-TO;151.1;158.7;93.89;98.61;7.55;4.69;2.91;600;0.82;2134;Brockville;Kingston
base;177;110.0;Ott-TO;160.49;161.13;99.72;100.12;0.64;0.4;1.72;1017;0.82;2134;Gananoque;Kingston
base;177;110.0;Ott-TO;175.4;188.25;108.99;116.97;12.72;7.9;3.85;454;0.82;2134;Gananoque;Kingston
base;177;110.0;Ott-TO;188.61;190.42;117.2;118.32;1.79;1.11;3.54;494;0.82;2134;Gananoque;Kingston
base;177;110.0;Ott-TO;192.54;194.39;119.64;120.79;1.83;1.14;1.85;944;0.82;2134;Kingston;Napanee
base;177;110.0;Ott-TO;194.83;196.78;121.06;122.27;1.93;1.2;2.15;811;0.82;2134;Kingston;Napanee
base;177;110.0;Ott-TO;196.99;205.27;122.4;127.55;8.25;5.13;2.19;798;0.82;2134;Kingston;Napanee
base;177;110.0;Ott-TO;212.01;222.57;131.74;138.3;10.53;6.54;2.1;830;0.82;2134;Kingston;Napanee
base;177;110.0;Ott-TO;223.07;224.97;138.61;139.79;1.88;1.17;2.2;793;0.82;2134;Kingston;Napanee
base;177;110.0;Ott-TO;225.87;228.65;140.35;142.08;2.76;1.71;3.15;554;0.82;2134;Kingston;Belleville
base;177;110.0;Ott-TO;236.47;237.05;146.94;147.3;0.58;0.36;1.67;1048;0.82;2134;Napanee;Belleville
base;177;110.0;Ott-TO;239.02;241.66;148.52;150.16;2.62;1.63;2.0;872;0.82;2134;Napanee;Belleville
base;177;110.0;Ott-TO;252.07;252.65;156.63;156.99;0.58;0.36;1.78;980;0.82;2134;Napanee;Belleville
base;177;110.0;Ott-TO;252.89;255.1;157.14;158.51;2.2;1.37;2.12;824;0.82;2134;Napanee;Belleville
base;177;110.0;Ott-TO;279.71;280.72;173.8;174.43;0.99;0.62;1.89;923;0.82;2134;Belleville;Trenton Junction
base;177;110.0;Ott-TO;282.23;282.61;175.37;175.61;0.38;0.24;1.56;1120;0.82;2134;Belleville;Trenton Junction
base;177;110.0;Ott-TO;283.98;284.59;176.46;176.84;0.61;0.38;1.7;1029;0.82;2134;Trenton Junction;Cobourg
base;177;110.0;Ott-TO;330.51;333.82;205.37;207.43;3.28;2.04;2.02;864;0.82;2134;Trenton Junction;Port Hope
base;177;110.0;Ott-TO;334.46;336.71;207.82;209.22;2.23;1.39;2.03;860;0.82;2134;Cobourg;Port Hope
base;177;110.0;Ott-TO;341.85;345.34;212.42;214.58;3.47;2.16;2.65;659;0.82;2134;Cobourg;Oshawa
base;177;110.0;Ott-TO;353.65;354.22;219.75;220.1;0.57;0.35;1.63;1069;0.82;2134;Port Hope;Oshawa
base;177;110.0;Ott-TO;355.64;356.13;220.98;221.29;0.49;0.3;1.82;962;0.82;2134;Port Hope;Oshawa
base;177;110.0;Ott-TO;357.31;358.08;222.02;222.5;0.77;0.48;1.48;1181;0.82;2134;Port Hope;Oshawa
base;177;110.0;Ott-TO;365.04;366.42;226.83;227.68;1.35;0.84;2.01;868;0.82;2134;Port Hope;Oshawa
base;177;110.0;Ott-TO;367.12;367.77;228.12;228.52;0.65;0.4;1.75;998;0.82;2134;Port Hope;Oshawa
base;177;110.0;Ott-TO;368.67;369.38;229.08;229.52;0.71;0.44;1.68;1040;0.82;2134;Port Hope;Oshawa
base;177;110.0;Ott-TO;373.0;374.9;231.77;232.95;1.89;1.17;1.85;944;0.82;2134;Port Hope;Oshawa
base;177;110.0;Ott-TO;375.75;377.68;233.48;234.68;1.9;1.18;2.98;586;0.82;2134;Port Hope;Oshawa
base;177;110.0;Ott-TO;380.03;381.15;236.14;236.84;1.1;0.68;2.0;873;0.82;2134;Port Hope;Oshawa
base;177;110.0;Ott-TO;382.43;383.5;237.63;238.3;1.05;0.65;1.98;882;0.82;2134;Port Hope;Oshawa
base;177;110.0;Ott-TO;384.73;385.45;239.06;239.51;0.7;0.43;1.98;882;0.82;2134;Port Hope;Oshawa
base;177;110.0;Ott-TO;385.81;390.04;239.73;242.36;4.16;2.58;2.75;634;0.82;2134;Port Hope;Oshawa
base;177;110.0;Ott-TO;393.28;398.04;244.37;247.33;4.74;2.95;2.01;869;0.82;2134;Oshawa;Guildwood
base;177;110.0;Ott-TO;400.23;401.52;248.69;249.49;1.27;0.79;2.01;867;0.82;2134;Oshawa;Guildwood
base;177;110.0;Ott-TO;409.02;415.69;254.15;258.3;6.62;4.11;2.02;865;0.82;2134;Oshawa;Guildwood
base;177;110.0;Ott-TO;416.23;417.44;258.63;259.39;1.19;0.74;1.97;886;0.82;2134;Oshawa;Guildwood
base;177;110.0;Ott-TO;420.23;421.8;261.12;262.09;1.56;0.97;2.4;728;0.82;2134;Oshawa;Guildwood
base;177;110.0;Ott-TO;426.08;426.52;264.75;265.03;0.44;0.27;1.71;1020;0.82;2134;Guildwood;Toronto
base;177;110.0;Ott-TO;426.8;428.13;265.2;266.03;1.3;0.81;6.15;284;0.82;2134;Guildwood;Toronto
base;177;110.0;Ott-TO;428.6;430.85;266.32;267.72;2.24;1.39;1.99;877;0.82;2134;Guildwood;Toronto
base;177;110.0;Ott-TO;434.36;435.93;269.9;270.87;1.55;0.96;1.85;946;0.82;2134;Guildwood;Toronto
base;177;110.0;Ott-TO;437.85;444.8;272.07;276.39;6.88;4.28;2.32;752;0.82;2134;Guildwood;Toronto
base;177;110.0;Ott-TO;445.88;445.92;277.06;277.08;0.04;0.02;2.7;646;0.82;2134;Guildwood;Toronto
base;177;110.0;MTL-TO;0.0;5.36;0.0;3.33;5.32;3.31;5.09;343;0.82;2134;Montréal;Dorval
base;177;110.0;MTL-TO;9.92;11.14;6.16;6.92;1.2;0.75;2.11;828;0.82;2134;Montréal;Dorval
base;177;110.0;MTL-TO;34.89;36.35;21.68;22.59;1.42;0.88;6.22;281;0.82;2134;Aéroport Montréal Pierre-Elliott Trudeau;Coteau
base;177;110.0;MTL-TO;40.59;41.66;25.22;25.89;1.05;0.65;1.9;921;0.82;2134;Aéroport Montréal Pierre-Elliott Trudeau;Coteau
base;177;110.0;MTL-TO;59.0;59.79;36.66;37.15;0.79;0.49;1.4;1250;0.82;2134;Aéroport Montréal Pierre-Elliott Trudeau;Coteau
base;177;110.0;MTL-TO;102.47;104.9;63.67;65.18;2.4;1.49;2.05;852;0.82;2134;Coteau;Brockville
base;177;110.0;MTL-TO;107.39;108.52;66.73;67.43;1.11;0.69;1.99;876;0.82;2134;Coteau;Brockville
base;177;110.0;MTL-TO;123.36;124.31;76.65;77.24;0.93;0.58;1.99;876;0.82;2134;Coteau;Brockville
base;177;110.0;MTL-TO;181.56;182.15;112.82;113.18;0.58;0.36;1.93;906;0.82;2134;Coteau;Brockville
base;177;110.0;MTL-TO;182.69;183.97;113.52;114.31;1.26;0.78;2.03;859;0.82;2134;Coteau;Brockville
base;177;110.0;MTL-TO;201.98;204.36;125.5;126.98;2.34;1.45;2.92;599;0.82;2134;Coteau;Brockville
base;177;110.0;MTL-TO;205.41;206.2;127.64;128.13;0.79;0.49;1.85;946;0.82;2134;Brockville;Gananoque
base;177;110.0;MTL-TO;211.9;213.42;131.67;132.61;1.51;0.94;1.85;944;0.82;2134;Brockville;Gananoque
base;177;110.0;MTL-TO;213.93;215.42;132.93;133.86;1.48;0.92;2.41;725;0.82;2134;Brockville;Gananoque
base;177;110.0;MTL-TO;220.11;220.66;136.77;137.11;0.55;0.34;1.67;1044;0.82;2134;Brockville;Gananoque
base;177;110.0;MTL-TO;230.18;231.36;143.03;143.76;1.17;0.73;1.88;928;0.82;2134;Brockville;Gananoque
base;177;110.0;MTL-TO;245.26;252.87;152.4;157.13;7.56;4.7;2.91;600;0.82;2134;Brockville;Kingston
base;177;110.0;MTL-TO;254.66;255.29;158.24;158.63;0.63;0.39;1.72;1017;0.82;2134;Gananoque;Kingston
base;177;110.0;MTL-TO;269.56;282.41;167.5;175.48;12.71;7.9;4.12;424;0.82;2134;Gananoque;Kingston
base;177;110.0;MTL-TO;282.76;284.57;175.7;176.82;1.79;1.11;3.54;494;0.82;2134;Gananoque;Kingston
base;177;110.0;MTL-TO;286.69;288.54;178.14;179.29;1.83;1.14;1.84;948;0.82;2134;Kingston;Napanee
base;177;110.0;MTL-TO;288.99;290.93;179.57;180.78;1.92;1.19;2.15;812;0.82;2134;Kingston;Napanee
base;177;110.0;MTL-TO;291.15;299.43;180.91;186.06;8.25;5.13;2.19;798;0.82;2134;Kingston;Napanee
base;177;110.0;MTL-TO;306.17;316.82;190.25;196.86;10.61;6.59;2.1;830;0.82;2134;Kingston;Napanee
base;177;110.0;MTL-TO;317.21;319.12;197.11;198.29;1.89;1.17;2.2;793;0.82;2134;Kingston;Napanee
base;177;110.0;MTL-TO;320.01;322.79;198.84;200.57;2.76;1.71;3.18;550;0.82;2134;Kingston;Napanee
base;177;110.0;MTL-TO;330.62;331.2;205.44;205.8;0.58;0.36;1.67;1046;0.82;2134;Napanee;Belleville
base;177;110.0;MTL-TO;333.17;335.81;207.02;208.66;2.62;1.63;2.01;868;0.82;2134;Napanee;Belleville
base;177;110.0;MTL-TO;346.21;346.79;215.12;215.49;0.58;0.36;1.78;980;0.82;2134;Napanee;Belleville
base;177;110.0;MTL-TO;347.03;349.24;215.63;217.01;2.2;1.37;2.12;824;0.82;2134;Napanee;Belleville
base;177;110.0;MTL-TO;373.9;374.9;232.33;232.95;0.98;0.61;1.89;922;0.82;2134;Belleville;Trenton Junction
base;177;110.0;MTL-TO;376.42;377.07;233.9;234.3;0.65;0.4;1.56;1118;0.82;2134;Belleville;Trenton Junction
base;177;110.0;MTL-TO;378.16;378.77;234.98;235.36;0.61;0.38;1.7;1028;0.82;2134;Trenton Junction;Cobourg
base;177;110.0;MTL-TO;424.68;427.99;263.88;265.94;3.28;2.04;2.02;864;0.82;2134;Trenton Junction;Port Hope
base;177;110.0;MTL-TO;428.63;430.88;266.34;267.74;2.23;1.39;2.03;860;0.82;2134;Cobourg;Port Hope
base;177;110.0;MTL-TO;436.02;439.51;270.93;273.1;3.47;2.16;2.65;659;0.82;2134;Cobourg;Oshawa
base;177;110.0;MTL-TO;447.82;448.39;278.26;278.62;0.57;0.35;1.63;1069;0.82;2134;Port Hope;Oshawa
base;177;110.0;MTL-TO;449.81;450.3;279.5;279.8;0.49;0.3;1.82;962;0.82;2134;Port Hope;Oshawa
base;177;110.0;MTL-TO;451.48;452.25;280.54;281.02;0.77;0.48;1.48;1181;0.82;2134;Port Hope;Oshawa
base;177;110.0;MTL-TO;459.21;460.59;285.34;286.2;1.35;0.84;2.01;868;0.82;2134;Port Hope;Oshawa
base;177;110.0;MTL-TO;461.29;461.94;286.63;287.04;0.65;0.4;1.75;998;0.82;2134;Port Hope;Oshawa
base;177;110.0;MTL-TO;462.84;463.55;287.6;288.04;0.71;0.44;1.68;1041;0.82;2134;Port Hope;Oshawa
base;177;110.0;MTL-TO;467.17;469.07;290.29;291.47;1.89;1.17;1.85;944;0.82;2134;Port Hope;Oshawa
base;177;110.0;MTL-TO;469.92;471.85;291.99;293.19;1.9;1.18;2.98;586;0.82;2134;Port Hope;Oshawa
base;177;110.0;MTL-TO;474.2;475.32;294.65;295.35;1.1;0.68;2.0;873;0.82;2134;Port Hope;Oshawa
base;177;110.0;MTL-TO;476.6;477.67;296.15;296.81;1.05;0.65;1.98;882;0.82;2134;Port Hope;Oshawa
base;177;110.0;MTL-TO;478.9;479.62;297.57;298.02;0.7;0.43;1.98;882;0.82;2134;Port Hope;Oshawa
base;177;110.0;MTL-TO;479.98;484.14;298.25;300.83;4.09;2.54;2.75;634;0.82;2134;Port Hope;Oshawa
base;177;110.0;MTL-TO;491.01;492.21;305.1;305.85;1.17;0.73;2.01;869;0.82;2134;Oshawa;Guildwood
base;177;110.0;MTL-TO;494.74;495.68;307.42;308.0;0.92;0.57;2.02;866;0.82;2134;Oshawa;Guildwood
base;177;110.0;MTL-TO;503.18;509.83;312.66;316.79;6.6;4.1;2.02;865;0.82;2134;Oshawa;Guildwood
base;177;110.0;MTL-TO;510.4;511.61;317.15;317.9;1.19;0.74;1.97;886;0.82;2134;Oshawa;Guildwood
base;177;110.0;MTL-TO;514.4;515.99;319.63;320.62;1.58;0.98;2.19;798;0.82;2134;Oshawa;Guildwood
base;177;110.0;MTL-TO;520.24;520.69;323.26;323.54;0.45;0.28;1.71;1020;0.82;2134;Guildwood;Toronto
base;177;110.0;MTL-TO;520.96;522.29;323.71;324.54;1.3;0.81;5.14;340;0.82;2134;Guildwood;Toronto
base;177;110.0;MTL-TO;522.77;525.01;324.83;326.23;2.23;1.39;1.99;876;0.82;2134;Guildwood;Toronto
base;177;110.0;MTL-TO;528.52;530.09;328.41;329.38;1.55;0.96;1.85;944;0.82;2134;Guildwood;Toronto
base;177;110.0;MTL-TO;532.19;538.97;330.69;334.9;6.71;4.17;2.32;753;0.82;2134;Guildwood;Toronto
base;177;110.0;MTL-TO;540.04;540.08;335.57;335.59;0.04;0.02;2.48;703;0.82;2134;Guildwood;Toronto
base;200;124.3;MTL-QC;0.0;2.91;0.0;1.81;2.89;1.8;7.22;242;0.64;2724;Montréal;Saint-Lambert
base;200;124.3;MTL-QC;8.01;20.18;4.98;12.54;12.16;7.56;1.74;1006;0.64;2724;Saint-Lambert;Saint-Hyacinthe
base;200;124.3;MTL-QC;28.97;34.62;18.0;21.51;5.59;3.47;6.99;250;0.64;2724;Saint-Lambert;Saint-Hyacinthe
base;200;124.3;MTL-QC;58.44;62.6;36.31;38.9;4.14;2.57;2.94;594;0.64;2724;Saint-Hyacinthe;Drummondville
base;200;124.3;MTL-QC;63.84;64.57;39.67;40.12;0.72;0.45;1.86;938;0.64;2724;Saint-Hyacinthe;Drummondville
base;200;124.3;MTL-QC;65.93;66.88;40.97;41.56;0.93;0.58;1.98;884;0.64;2724;Saint-Hyacinthe;Drummondville
base;200;124.3;MTL-QC;68.38;69.44;42.49;43.15;1.05;0.65;3.07;568;0.64;2724;Saint-Hyacinthe;Drummondville
base;200;124.3;MTL-QC;80.87;90.52;50.25;56.25;9.64;5.99;1.56;1118;0.64;2724;Saint-Hyacinthe;Drummondville
base;200;124.3;MTL-QC;93.55;94.38;58.13;58.65;0.82;0.51;1.96;893;0.64;2724;Saint-Hyacinthe;Drummondville
base;200;124.3;MTL-QC;95.87;96.52;59.57;59.97;0.63;0.39;1.94;901;0.64;2724;Saint-Hyacinthe;Drummondville
base;200;124.3;MTL-QC;100.26;101.07;62.3;62.8;0.8;0.5;2.22;787;0.64;2724;Saint-Hyacinthe;Charny
base;200;124.3;MTL-QC;101.68;103.56;63.18;64.35;1.85;1.15;2.29;762;0.64;2724;Drummondville;Charny
base;200;124.3;MTL-QC;108.15;121.7;67.2;75.62;13.45;8.36;3.63;481;0.64;2724;Drummondville;Charny
base;200;124.3;MTL-QC;124.95;129.13;77.64;80.24;4.15;2.58;3.8;460;0.64;2724;Drummondville;Charny
base;200;124.3;MTL-QC;129.5;130.42;80.47;81.04;0.91;0.57;2.39;730;0.64;2724;Drummondville;Charny
base;200;124.3;MTL-QC;131.88;132.41;81.95;82.28;0.53;0.33;1.57;1113;0.64;2724;Drummondville;Charny
base;200;124.3;MTL-QC;149.93;161.61;93.16;100.42;11.63;7.23;6.77;258;0.64;2724;Drummondville;Charny
base;200;124.3;MTL-QC;169.25;225.33;105.17;140.01;55.91;34.74;5.46;320;0.64;2724;Drummondville;Charny
base;200;124.3;MTL-QC;230.01;232.25;142.92;144.31;2.23;1.39;1.41;1238;0.64;2724;Drummondville;Charny
base;200;124.3;MTL-QC;240.1;251.47;149.19;156.26;11.25;6.99;9.11;192;0.64;2724;Drummondville;Sainte-Foy
base;200;124.3;MTL-QC;253.12;256.93;157.28;159.65;3.73;2.32;11.21;156;0.64;2724;Sainte-Foy;Québec
base;200;124.3;MTL-QC;257.16;258.35;159.79;160.53;1.18;0.73;6.33;276;0.64;2724;Sainte-Foy;Québec
base;200;124.3;MTL-QC;259.17;262.76;161.04;163.27;3.53;2.19;6.4;273;0.64;2724;Sainte-Foy;Québec
base;200;124.3;MTL-QC;264.83;271.1;164.56;168.45;6.23;3.87;9.11;192;0.64;2724;Sainte-Foy;Québec
base;200;124.3;MTL-Ott;0.0;5.36;0.0;3.33;5.32;3.31;5.11;342;0.64;2724;Montréal;Dorval
base;200;124.3;MTL-Ott;9.62;11.14;5.98;6.92;1.49;0.93;2.11;828;0.64;2724;Montréal;Dorval
base;200;124.3;MTL-Ott;34.9;36.36;21.69;22.59;1.42;0.88;6.83;256;0.64;2724;Aéroport Montréal Pierre-Elliott Trudeau;Coteau
base;200;124.3;MTL-Ott;40.23;41.67;25.0;25.89;1.42;0.88;1.9;921;0.64;2724;Aéroport Montréal Pierre-Elliott Trudeau;Coteau
base;200;124.3;MTL-Ott;59.02;75.7;36.67;47.04;16.64;10.34;3.28;532;0.64;2724;Aéroport Montréal Pierre-Elliott Trudeau;Alexandria
base;200;124.3;MTL-Ott;79.55;85.53;49.43;53.15;5.92;3.68;2.68;652;0.64;2724;Coteau;Alexandria
base;200;124.3;MTL-Ott;87.16;98.74;54.16;61.35;11.56;7.18;3.51;497;0.64;2724;Coteau;Alexandria
base;200;124.3;MTL-Ott;99.84;106.15;62.04;65.96;6.27;3.9;3.47;504;0.64;2724;Alexandria;Casselman
base;200;124.3;MTL-Ott;107.73;107.75;66.94;66.95;0.02;0.01;0.64;2724;0.64;2724;Alexandria;Casselman
base;200;124.3;MTL-Ott;108.07;111.88;67.15;69.52;3.77;2.34;2.88;606;0.64;2724;Alexandria;Casselman
base;200;124.3;MTL-Ott;113.13;116.99;70.3;72.69;3.82;2.37;3.68;474;0.64;2724;Alexandria;Casselman
base;200;124.3;MTL-Ott;117.27;127.33;72.87;79.12;10.02;6.23;3.76;464;0.64;2724;Alexandria;Casselman
base;200;124.3;MTL-Ott;128.75;140.84;80.0;87.51;12.08;7.51;3.29;531;0.64;2724;Alexandria;Ottawa
base;200;124.3;MTL-Ott;143.03;143.56;88.87;89.2;0.52;0.32;1.31;1333;0.64;2724;Casselman;Ottawa
base;200;124.3;MTL-Ott;143.84;180.83;89.38;112.36;36.97;22.97;4.53;386;0.64;2724;Casselman;Ottawa
base;200;124.3;MTL-Ott;181.68;183.04;112.89;113.74;1.35;0.84;4.99;350;0.64;2724;Casselman;Ottawa
base;200;124.3;MTL-Ott;184.29;185.56;114.51;115.3;1.26;0.78;2.14;816;0.64;2724;Casselman;Ottawa
base;200;124.3;Ott-TO;0.01;1.03;0.01;0.64;1.01;0.63;8.74;200;0.64;2724;Ottawa;Smiths Falls
base;200;124.3;Ott-TO;1.67;7.35;1.04;4.57;5.61;3.49;2.78;629;0.64;2724;Ottawa;Smiths Falls
base;200;124.3;Ott-TO;7.97;27.03;4.95;16.8;18.97;11.79;3.28;532;0.64;2724;Ottawa;Smiths Falls
base;200;124.3;Ott-TO;43.36;48.74;26.94;30.29;5.37;3.34;1.39;1260;0.64;2724;Ottawa;Smiths Falls
base;200;124.3;Ott-TO;61.64;69.47;38.3;43.17;7.76;4.82;8.17;214;0.64;2724;Ottawa;Brockville
base;200;124.3;Ott-TO;90.22;95.59;56.06;59.4;5.34;3.32;2.02;864;0.64;2724;Smiths Falls;Brockville
base;200;124.3;Ott-TO;96.07;97.12;59.7;60.35;1.05;0.65;0.74;2357;0.64;2724;Smiths Falls;Brockville
base;200;124.3;Ott-TO;109.07;112.05;67.77;69.62;2.93;1.82;8.87;197;0.64;2724;Smiths Falls;Gananoque
base;200;124.3;Ott-TO;113.16;114.07;70.31;70.88;0.91;0.57;0.68;2574;0.64;2724;Brockville;Gananoque
base;200;124.3;Ott-TO;117.74;119.26;73.16;74.1;1.51;0.94;1.85;943;0.64;2724;Brockville;Gananoque
base;200;124.3;Ott-TO;119.78;126.5;74.43;78.6;6.69;4.16;2.44;716;0.64;2724;Brockville;Gananoque
base;200;124.3;Ott-TO;133.08;138.46;82.69;86.04;5.33;3.31;3.03;576;0.64;2724;Brockville;Gananoque
base;200;124.3;Ott-TO;151.1;158.7;93.89;98.61;7.55;4.69;2.91;600;0.64;2724;Brockville;Kingston
base;200;124.3;Ott-TO;160.49;161.13;99.72;100.12;0.64;0.4;1.72;1017;0.64;2724;Gananoque;Kingston
base;200;124.3;Ott-TO;165.06;171.76;102.56;106.73;6.7;4.16;0.68;2563;0.64;2724;Gananoque;Kingston
base;200;124.3;Ott-TO;172.01;188.25;106.88;116.97;16.1;10.0;3.85;454;0.64;2724;Gananoque;Kingston
base;200;124.3;Ott-TO;188.61;194.39;117.2;120.79;5.72;3.55;3.54;494;0.64;2724;Gananoque;Napanee
base;200;124.3;Ott-TO;194.83;196.78;121.06;122.27;1.93;1.2;2.15;811;0.64;2724;Kingston;Napanee
base;200;124.3;Ott-TO;196.99;205.27;122.4;127.55;8.25;5.13;2.19;798;0.64;2724;Kingston;Napanee
base;200;124.3;Ott-TO;212.01;222.57;131.74;138.3;10.53;6.54;2.1;830;0.64;2724;Kingston;Napanee
base;200;124.3;Ott-TO;223.07;224.97;138.61;139.79;1.88;1.17;2.2;793;0.64;2724;Kingston;Napanee
base;200;124.3;Ott-TO;225.87;228.65;140.35;142.08;2.76;1.71;3.15;554;0.64;2724;Kingston;Belleville
base;200;124.3;Ott-TO;236.47;237.05;146.94;147.3;0.58;0.36;1.67;1048;0.64;2724;Napanee;Belleville
base;200;124.3;Ott-TO;239.02;252.65;148.52;156.99;13.59;8.44;2.0;872;0.64;2724;Napanee;Belleville
base;200;124.3;Ott-TO;252.89;255.1;157.14;158.51;2.2;1.37;2.12;824;0.64;2724;Napanee;Belleville
base;200;124.3;Ott-TO;279.71;283.02;173.8;175.86;3.26;2.03;1.89;923;0.64;2724;Belleville;Cobourg
base;200;124.3;Ott-TO;283.98;284.59;176.46;176.84;0.61;0.38;1.7;1029;0.64;2724;Trenton Junction;Cobourg
base;200;124.3;Ott-TO;330.51;333.82;205.37;207.43;3.28;2.04;2.02;864;0.64;2724;Trenton Junction;Port Hope
base;200;124.3;Ott-TO;334.46;338.97;207.82;210.63;4.48;2.78;2.03;860;0.64;2724;Cobourg;Port Hope
base;200;124.3;Ott-TO;341.85;345.34;212.42;214.58;3.47;2.16;2.65;659;0.64;2724;Cobourg;Oshawa
base;200;124.3;Ott-TO;352.06;354.22;218.76;220.1;2.15;1.34;1.63;1069;0.64;2724;Port Hope;Oshawa
base;200;124.3;Ott-TO;355.64;356.13;220.98;221.29;0.49;0.3;1.82;962;0.64;2724;Port Hope;Oshawa
base;200;124.3;Ott-TO;356.85;358.08;221.74;222.5;1.22;0.76;1.48;1181;0.64;2724;Port Hope;Oshawa
base;200;124.3;Ott-TO;365.04;366.42;226.83;227.68;1.35;0.84;2.01;868;0.64;2724;Port Hope;Oshawa
base;200;124.3;Ott-TO;367.12;367.77;228.12;228.52;0.65;0.4;1.75;998;0.64;2724;Port Hope;Oshawa
base;200;124.3;Ott-TO;368.67;369.38;229.08;229.52;0.71;0.44;1.68;1040;0.64;2724;Port Hope;Oshawa
base;200;124.3;Ott-TO;373.0;374.9;231.77;232.95;1.89;1.17;1.85;944;0.64;2724;Port Hope;Oshawa
base;200;124.3;Ott-TO;375.75;377.68;233.48;234.68;1.9;1.18;2.98;586;0.64;2724;Port Hope;Oshawa
base;200;124.3;Ott-TO;380.03;381.15;236.14;236.84;1.1;0.68;2.0;873;0.64;2724;Port Hope;Oshawa
base;200;124.3;Ott-TO;382.43;383.85;237.63;238.51;1.39;0.86;1.98;882;0.64;2724;Port Hope;Oshawa
base;200;124.3;Ott-TO;384.73;390.04;239.06;242.36;5.2;3.23;2.75;634;0.64;2724;Port Hope;Oshawa
base;200;124.3;Ott-TO;393.28;398.04;244.37;247.33;4.74;2.95;2.01;869;0.64;2724;Oshawa;Guildwood
base;200;124.3;Ott-TO;400.23;415.69;248.69;258.3;15.37;9.55;2.02;865;0.64;2724;Oshawa;Guildwood
base;200;124.3;Ott-TO;416.23;417.44;258.63;259.39;1.19;0.74;1.97;886;0.64;2724;Oshawa;Guildwood
base;200;124.3;Ott-TO;420.23;426.52;261.12;265.03;6.26;3.89;2.4;728;0.64;2724;Oshawa;Toronto
base;200;124.3;Ott-TO;426.8;428.13;265.2;266.03;1.3;0.81;6.15;284;0.64;2724;Guildwood;Toronto
base;200;124.3;Ott-TO;428.6;430.85;266.32;267.72;2.24;1.39;1.99;877;0.64;2724;Guildwood;Toronto
base;200;124.3;Ott-TO;434.36;435.93;269.9;270.87;1.55;0.96;1.85;946;0.64;2724;Guildwood;Toronto
base;200;124.3;Ott-TO;437.85;444.8;272.07;276.39;6.88;4.28;2.32;752;0.64;2724;Guildwood;Toronto
base;200;124.3;Ott-TO;445.88;445.92;277.06;277.08;0.04;0.02;2.7;646;0.64;2724;Guildwood;Toronto
base;200;124.3;MTL-TO;0.0;5.36;0.0;3.33;5.32;3.31;5.09;343;0.64;2724;Montréal;Dorval
base;200;124.3;MTL-TO;9.62;11.14;5.98;6.92;1.49;0.93;2.11;828;0.64;2724;Montréal;Dorval
base;200;124.3;MTL-TO;34.89;36.35;21.68;22.59;1.42;0.88;6.22;281;0.64;2724;Aéroport Montréal Pierre-Elliott Trudeau;Coteau
base;200;124.3;MTL-TO;40.23;41.66;25.0;25.89;1.4;0.87;1.9;921;0.64;2724;Aéroport Montréal Pierre-Elliott Trudeau;Coteau
base;200;124.3;MTL-TO;59.0;59.79;36.66;37.15;0.79;0.49;1.4;1250;0.64;2724;Aéroport Montréal Pierre-Elliott Trudeau;Coteau
base;200;124.3;MTL-TO;102.47;133.56;63.67;82.99;30.97;19.24;2.05;852;0.64;2724;Coteau;Brockville
base;200;124.3;MTL-TO;181.56;182.15;112.82;113.18;0.58;0.36;1.93;906;0.64;2724;Coteau;Brockville
base;200;124.3;MTL-TO;182.69;183.97;113.52;114.31;1.26;0.78;2.03;859;0.64;2724;Coteau;Brockville
base;200;124.3;MTL-TO;201.98;204.36;125.5;126.98;2.34;1.45;2.92;599;0.64;2724;Coteau;Brockville
base;200;124.3;MTL-TO;205.12;206.2;127.46;128.13;1.07;0.66;1.85;946;0.64;2724;Brockville;Gananoque
base;200;124.3;MTL-TO;207.32;208.24;128.82;129.39;0.92;0.57;0.68;2571;0.64;2724;Brockville;Gananoque
base;200;124.3;MTL-TO;208.92;213.42;129.82;132.61;4.48;2.78;1.85;944;0.64;2724;Brockville;Gananoque
base;200;124.3;MTL-TO;213.93;220.66;132.93;137.11;6.7;4.16;2.41;725;0.64;2724;Brockville;Gananoque
base;200;124.3;MTL-TO;230.18;231.36;143.03;143.76;1.17;0.73;1.88;928;0.64;2724;Brockville;Gananoque
base;200;124.3;MTL-TO;245.26;252.87;152.4;157.13;7.56;4.7;2.91;600;0.64;2724;Brockville;Kingston
base;200;124.3;MTL-TO;254.26;255.29;157.99;158.63;1.02;0.63;1.72;1017;0.64;2724;Gananoque;Kingston
base;200;124.3;MTL-TO;259.23;265.91;161.08;165.23;6.68;4.15;0.68;2566;0.64;2724;Gananoque;Kingston
base;200;124.3;MTL-TO;266.17;282.41;165.39;175.48;16.09;10.0;4.12;424;0.64;2724;Gananoque;Kingston
base;200;124.3;MTL-TO;282.76;284.57;175.7;176.82;1.79;1.11;3.54;494;0.64;2724;Gananoque;Kingston
base;200;124.3;MTL-TO;286.69;288.54;178.14;179.29;1.83;1.14;1.84;948;0.64;2724;Kingston;Napanee
base;200;124.3;MTL-TO;288.99;290.93;179.57;180.78;1.92;1.19;2.15;812;0.64;2724;Kingston;Napanee
base;200;124.3;MTL-TO;291.15;299.43;180.91;186.06;8.25;5.13;2.19;798;0.64;2724;Kingston;Napanee
base;200;124.3;MTL-TO;306.17;316.82;190.25;196.86;10.61;6.59;2.1;830;0.64;2724;Kingston;Napanee
base;200;124.3;MTL-TO;317.21;319.12;197.11;198.29;1.89;1.17;2.2;793;0.64;2724;Kingston;Napanee
base;200;124.3;MTL-TO;320.01;322.79;198.84;200.57;2.76;1.71;3.18;550;0.64;2724;Kingston;Napanee
base;200;124.3;MTL-TO;328.33;331.2;204.01;205.8;2.86;1.78;1.67;1046;0.64;2724;Napanee;Belleville
base;200;124.3;MTL-TO;333.17;346.79;207.02;215.49;13.58;8.44;2.01;868;0.64;2724;Napanee;Belleville
base;200;124.3;MTL-TO;347.03;349.24;215.63;217.01;2.2;1.37;2.12;824;0.64;2724;Napanee;Belleville
base;200;124.3;MTL-TO;370.75;377.07;230.37;234.3;6.27;3.9;1.89;922;0.64;2724;Belleville;Trenton Junction
base;200;124.3;MTL-TO;378.16;378.77;234.98;235.36;0.61;0.38;1.7;1028;0.64;2724;Trenton Junction;Cobourg
base;200;124.3;MTL-TO;424.68;427.99;263.88;265.94;3.28;2.04;2.02;864;0.64;2724;Trenton Junction;Port Hope
base;200;124.3;MTL-TO;428.63;433.14;266.34;269.14;4.48;2.78;2.03;860;0.64;2724;Cobourg;Port Hope
base;200;124.3;MTL-TO;436.02;439.51;270.93;273.1;3.47;2.16;2.65;659;0.64;2724;Cobourg;Oshawa
base;200;124.3;MTL-TO;446.23;448.39;277.27;278.62;2.15;1.34;1.63;1069;0.64;2724;Port Hope;Oshawa
base;200;124.3;MTL-TO;449.81;450.3;279.5;279.8;0.49;0.3;1.82;962;0.64;2724;Port Hope;Oshawa
base;200;124.3;MTL-TO;451.02;452.25;280.25;281.02;1.22;0.76;1.48;1181;0.64;2724;Port Hope;Oshawa
base;200;124.3;MTL-TO;459.21;460.59;285.34;286.2;1.35;0.84;2.01;868;0.64;2724;Port Hope;Oshawa
base;200;124.3;MTL-TO;461.29;461.94;286.63;287.04;0.65;0.4;1.75;998;0.64;2724;Port Hope;Oshawa
base;200;124.3;MTL-TO;462.84;463.55;287.6;288.04;0.71;0.44;1.68;1041;0.64;2724;Port Hope;Oshawa
base;200;124.3;MTL-TO;467.17;469.07;290.29;291.47;1.89;1.17;1.85;944;0.64;2724;Port Hope;Oshawa
base;200;124.3;MTL-TO;469.92;471.85;291.99;293.19;1.9;1.18;2.98;586;0.64;2724;Port Hope;Oshawa
base;200;124.3;MTL-TO;474.2;475.32;294.65;295.35;1.1;0.68;2.0;873;0.64;2724;Port Hope;Oshawa
base;200;124.3;MTL-TO;476.6;478.02;296.15;297.03;1.39;0.86;1.98;882;0.64;2724;Port Hope;Oshawa
base;200;124.3;MTL-TO;478.9;484.14;297.57;300.83;5.13;3.19;2.75;634;0.64;2724;Port Hope;Oshawa
base;200;124.3;MTL-TO;491.01;492.21;305.1;305.85;1.17;0.73;2.01;869;0.64;2724;Oshawa;Guildwood
base;200;124.3;MTL-TO;494.74;495.68;307.42;308.0;0.92;0.57;2.02;866;0.64;2724;Oshawa;Guildwood
base;200;124.3;MTL-TO;503.18;509.83;312.66;316.79;6.6;4.1;2.02;865;0.64;2724;Oshawa;Guildwood
base;200;124.3;MTL-TO;510.4;511.61;317.15;317.9;1.19;0.74;1.97;886;0.64;2724;Oshawa;Guildwood
base;200;124.3;MTL-TO;512.53;515.99;318.47;320.62;3.44;2.14;2.19;798;0.64;2724;Oshawa;Guildwood
base;200;124.3;MTL-TO;520.24;520.69;323.26;323.54;0.45;0.28;1.71;1020;0.64;2724;Guildwood;Toronto
base;200;124.3;MTL-TO;520.96;522.29;323.71;324.54;1.3;0.81;5.14;340;0.64;2724;Guildwood;Toronto
base;200;124.3;MTL-TO;522.77;525.01;324.83;326.23;2.23;1.39;1.99;876;0.64;2724;Guildwood;Toronto
base;200;124.3;MTL-TO;528.52;530.09;328.41;329.38;1.55;0.96;1.85;944;0.64;2724;Guildwood;Toronto
base;200;124.3;MTL-TO;532.19;538.97;330.69;334.9;6.71;4.17;2.32;753;0.64;2724;Guildwood;Toronto
base;200;124.3;MTL-TO;540.04;540.08;335.57;335.59;0.04;0.02;2.48;703;0.64;2724;Guildwood;Toronto
base;250;155.3;MTL-QC;0.0;3.33;0.0;2.07;3.3;2.05;7.22;242;0.41;4257;Montréal;Saint-Lambert
base;250;155.3;MTL-QC;3.56;66.88;2.21;41.56;63.09;39.2;6.99;250;0.41;4257;Montréal;Drummondville
base;250;155.3;MTL-QC;68.38;94.38;42.49;58.65;25.92;16.11;3.07;568;0.41;4257;Saint-Hyacinthe;Drummondville
base;250;155.3;MTL-QC;95.52;121.7;59.35;75.62;25.91;16.1;3.63;481;0.41;4257;Saint-Hyacinthe;Charny
base;250;155.3;MTL-QC;124.95;129.13;77.64;80.24;4.15;2.58;3.8;460;0.41;4257;Drummondville;Charny
base;250;155.3;MTL-QC;129.5;225.33;80.47;140.01;95.51;59.35;6.77;258;0.41;4257;Drummondville;Charny
base;250;155.3;MTL-QC;230.01;232.25;142.92;144.31;2.23;1.39;1.41;1238;0.41;4257;Drummondville;Charny
base;250;155.3;MTL-QC;233.18;251.47;144.89;156.26;18.14;11.27;9.11;192;0.41;4257;Drummondville;Sainte-Foy
base;250;155.3;MTL-QC;253.12;256.93;157.28;159.65;3.73;2.32;11.21;156;0.41;4257;Sainte-Foy;Québec
base;250;155.3;MTL-QC;257.16;262.76;159.79;163.27;5.51;3.42;6.4;273;0.41;4257;Sainte-Foy;Québec
base;250;155.3;MTL-QC;264.83;271.1;164.56;168.45;6.23;3.87;9.11;192;0.41;4257;Sainte-Foy;Québec
base;250;155.3;MTL-Ott;0.0;5.68;0.0;3.53;5.62;3.49;5.11;342;0.41;4257;Montréal;Dorval
base;250;155.3;MTL-Ott;7.59;11.14;4.72;6.92;3.49;2.17;2.11;828;0.41;4257;Montréal;Dorval
base;250;155.3;MTL-Ott;13.89;14.75;8.63;9.17;0.85;0.53;0.6;2891;0.41;4257;Montréal;Dorval
base;250;155.3;MTL-Ott;15.36;22.96;9.54;14.27;7.59;4.72;0.5;3463;0.41;4257;Dorval;Coteau
base;250;155.3;MTL-Ott;27.65;27.75;17.18;17.24;0.1;0.06;0.42;4200;0.41;4257;Aéroport Montréal Pierre-Elliott Trudeau;Coteau
base;250;155.3;MTL-Ott;27.96;39.62;17.37;24.62;11.56;7.18;6.83;256;0.41;4257;Aéroport Montréal Pierre-Elliott Trudeau;Coteau
base;250;155.3;MTL-Ott;40.23;41.67;25.0;25.89;1.42;0.88;1.9;921;0.41;4257;Aéroport Montréal Pierre-Elliott Trudeau;Coteau
base;250;155.3;MTL-Ott;43.1;43.43;26.78;26.99;0.33;0.21;0.44;3951;0.41;4257;Aéroport Montréal Pierre-Elliott Trudeau;Coteau
base;250;155.3;MTL-Ott;44.89;44.94;27.89;27.92;0.05;0.03;0.41;4238;0.41;4257;Aéroport Montréal Pierre-Elliott Trudeau;Coteau
base;250;155.3;MTL-Ott;46.41;75.7;28.84;47.04;29.21;18.15;3.28;532;0.41;4257;Aéroport Montréal Pierre-Elliott Trudeau;Alexandria
base;250;155.3;MTL-Ott;79.19;85.53;49.21;53.15;6.27;3.9;2.68;652;0.41;4257;Coteau;Alexandria
base;250;155.3;MTL-Ott;87.16;98.74;54.16;61.35;11.56;7.18;3.51;497;0.41;4257;Coteau;Alexandria
base;250;155.3;MTL-Ott;99.84;106.15;62.04;65.96;6.27;3.9;3.47;504;0.41;4257;Alexandria;Casselman
base;250;155.3;MTL-Ott;107.28;111.88;66.66;69.52;4.53;2.81;2.88;606;0.41;4257;Alexandria;Casselman
base;250;155.3;MTL-Ott;113.13;140.84;70.3;87.51;27.57;17.13;3.76;464;0.41;4257;Alexandria;Ottawa
base;250;155.3;MTL-Ott;143.03;180.83;88.87;112.36;37.75;23.46;4.53;386;0.41;4257;Casselman;Ottawa
base;250;155.3;MTL-Ott;181.68;183.97;112.89;114.31;2.26;1.4;4.99;350;0.41;4257;Casselman;Ottawa
base;250;155.3;MTL-Ott;184.29;185.56;114.51;115.3;1.26;0.78;2.14;816;0.41;4257;Casselman;Ottawa
base;250;155.3;Ott-TO;0.01;7.35;0.01;4.57;7.24;4.5;8.74;200;0.41;4257;Ottawa;Smiths Falls
base;250;155.3;Ott-TO;7.97;33.56;4.95;20.85;25.48;15.83;3.28;532;0.41;4257;Ottawa;Smiths Falls
base;250;155.3;Ott-TO;43.36;75.29;26.94;46.78;31.78;19.75;8.17;214;0.41;4257;Ottawa;Brockville
base;250;155.3;Ott-TO;88.77;97.12;55.16;60.35;8.27;5.14;2.02;864;0.41;4257;Smiths Falls;Brockville
base;250;155.3;Ott-TO;108.85;119.26;67.64;74.1;10.27;6.38;8.87;197;0.41;4257;Smiths Falls;Gananoque
base;250;155.3;Ott-TO;119.78;126.5;74.43;78.6;6.69;4.16;2.44;716;0.41;4257;Brockville;Gananoque
base;250;155.3;Ott-TO;127.29;139.36;79.09;86.59;11.97;7.44;3.03;576;0.41;4257;Brockville;Gananoque
base;250;155.3;Ott-TO;140.43;159.03;87.26;98.82;18.5;11.5;2.91;600;0.41;4257;Brockville;Kingston
base;250;155.3;Ott-TO;159.75;161.13;99.26;100.12;1.36;0.85;1.72;1017;0.41;4257;Gananoque;Kingston
base;250;155.3;Ott-TO;162.17;188.25;100.77;116.97;25.89;16.09;3.85;454;0.41;4257;Gananoque;Kingston
base;250;155.3;Ott-TO;188.61;196.78;117.2;122.27;8.06;5.01;3.54;494;0.41;4257;Gananoque;Napanee
base;250;155.3;Ott-TO;196.99;222.57;122.4;138.3;25.47;15.83;2.19;798;0.41;4257;Kingston;Napanee
base;250;155.3;Ott-TO;223.07;224.97;138.61;139.79;1.88;1.17;2.2;793;0.41;4257;Kingston;Napanee
base;250;155.3;Ott-TO;225.87;228.65;140.35;142.08;2.76;1.71;3.15;554;0.41;4257;Kingston;Belleville
base;250;155.3;Ott-TO;234.18;255.1;145.51;158.51;20.81;12.93;2.12;824;0.41;4257;Napanee;Belleville
base;250;155.3;Ott-TO;264.33;264.75;164.25;164.51;0.42;0.26;0.44;3938;0.41;4257;Belleville;Trenton Junction
base;250;155.3;Ott-TO;276.21;293.26;171.63;182.22;16.94;10.53;1.89;923;0.41;4257;Belleville;Cobourg
base;250;155.3;Ott-TO;294.1;309.18;182.75;192.12;15.07;9.36;0.48;3658;0.41;4257;Trenton Junction;Cobourg
base;250;155.3;Ott-TO;326.96;327.22;203.16;203.33;0.26;0.16;0.44;3952;0.41;4257;Trenton Junction;Cobourg
base;250;155.3;Ott-TO;330.51;334.19;205.37;207.66;3.64;2.26;2.02;864;0.41;4257;Trenton Junction;Port Hope
base;250;155.3;Ott-TO;334.46;356.47;207.82;221.5;21.84;13.57;2.65;659;0.41;4257;Cobourg;Oshawa
base;250;155.3;Ott-TO;356.85;358.08;221.74;222.5;1.22;0.76;1.48;1181;0.41;4257;Port Hope;Oshawa
base;250;155.3;Ott-TO;359.46;359.84;223.36;223.59;0.38;0.24;0.44;3997;0.41;4257;Port Hope;Oshawa
base;250;155.3;Ott-TO;360.98;362.96;224.3;225.53;1.97;1.22;0.5;3465;0.41;4257;Port Hope;Oshawa
base;250;155.3;Ott-TO;364.7;366.42;226.61;227.68;1.68;1.04;2.01;868;0.41;4257;Port Hope;Oshawa
base;250;155.3;Ott-TO;366.78;381.15;227.91;236.84;14.2;8.82;2.98;586;0.41;4257;Port Hope;Oshawa
base;250;155.3;Ott-TO;382.43;398.04;237.63;247.33;15.4;9.57;2.75;634;0.41;4257;Port Hope;Guildwood
base;250;155.3;Ott-TO;400.23;415.69;248.69;258.3;15.37;9.55;2.02;865;0.41;4257;Oshawa;Guildwood
base;250;155.3;Ott-TO;416.23;417.44;258.63;259.39;1.19;0.74;1.97;886;0.41;4257;Oshawa;Guildwood
base;250;155.3;Ott-TO;418.36;426.52;259.96;265.03;8.12;5.05;2.4;728;0.41;4257;Oshawa;Toronto
base;250;155.3;Ott-TO;426.8;428.35;265.2;266.16;1.51;0.94;6.15;284;0.41;4257;Guildwood;Toronto
base;250;155.3;Ott-TO;428.6;437.63;266.32;271.93;8.96;5.57;1.99;877;0.41;4257;Guildwood;Toronto
base;250;155.3;Ott-TO;437.85;445.02;272.07;276.52;7.09;4.41;2.32;752;0.41;4257;Guildwood;Toronto
base;250;155.3;Ott-TO;445.88;445.92;277.06;277.08;0.04;0.02;2.7;646;0.41;4257;Guildwood;Toronto
base;250;155.3;MTL-TO;0.0;5.68;0.0;3.53;5.62;3.49;5.09;343;0.41;4257;Montréal;Dorval
base;250;155.3;MTL-TO;7.59;11.14;4.72;6.92;3.49;2.17;2.11;828;0.41;4257;Montréal;Dorval
base;250;155.3;MTL-TO;13.89;14.75;8.63;9.17;0.85;0.53;0.6;2891;0.41;4257;Montréal;Dorval
base;250;155.3;MTL-TO;15.36;22.96;9.54;14.27;7.59;4.72;0.5;3463;0.41;4257;Dorval;Coteau
base;250;155.3;MTL-TO;27.65;27.75;17.18;17.24;0.1;0.06;0.42;4200;0.41;4257;Aéroport Montréal Pierre-Elliott Trudeau;Coteau
base;250;155.3;MTL-TO;27.96;39.61;17.37;24.61;11.55;7.18;6.22;281;0.41;4257;Aéroport Montréal Pierre-Elliott Trudeau;Coteau
base;250;155.3;MTL-TO;40.23;41.66;25.0;25.89;1.4;0.87;1.9;921;0.41;4257;Aéroport Montréal Pierre-Elliott Trudeau;Coteau
base;250;155.3;MTL-TO;43.08;43.42;26.77;26.98;0.34;0.21;0.44;3949;0.41;4257;Aéroport Montréal Pierre-Elliott Trudeau;Coteau
base;250;155.3;MTL-TO;44.87;44.92;27.88;27.91;0.05;0.03;0.41;4238;0.41;4257;Aéroport Montréal Pierre-Elliott Trudeau;Coteau
base;250;155.3;MTL-TO;46.39;139.15;28.83;86.46;92.52;57.49;2.05;852;0.41;4257;Aéroport Montréal Pierre-Elliott Trudeau;Brockville
base;250;155.3;MTL-TO;160.39;171.86;99.66;106.79;11.41;7.09;0.53;3285;0.41;4257;Coteau;Brockville
base;250;155.3;MTL-TO;173.3;177.78;107.68;110.47;4.45;2.77;0.48;3624;0.41;4257;Coteau;Brockville
base;250;155.3;MTL-TO;181.22;182.48;112.6;113.39;1.22;0.76;1.93;906;0.41;4257;Coteau;Brockville
base;250;155.3;MTL-TO;182.69;183.97;113.52;114.31;1.26;0.78;2.03;859;0.41;4257;Coteau;Brockville
base;250;155.3;MTL-TO;187.46;187.49;116.48;116.5;0.03;0.02;0.41;4251;0.41;4257;Coteau;Brockville
base;250;155.3;MTL-TO;187.72;197.41;116.64;122.66;9.64;5.99;0.5;3472;0.41;4257;Coteau;Brockville
base;250;155.3;MTL-TO;198.21;199.37;123.16;123.88;1.15;0.71;0.51;3458;0.41;4257;Coteau;Brockville
base;250;155.3;MTL-TO;199.7;201.46;124.09;125.18;1.75;1.09;0.5;3479;0.41;4257;Coteau;Brockville
base;250;155.3;MTL-TO;201.98;213.42;125.5;132.61;11.3;7.02;2.92;599;0.41;4257;Coteau;Gananoque
base;250;155.3;MTL-TO;213.93;220.66;132.93;137.11;6.7;4.16;2.41;725;0.41;4257;Brockville;Gananoque
base;250;155.3;MTL-TO;221.45;231.36;137.6;143.76;9.86;6.13;1.88;928;0.41;4257;Brockville;Gananoque
base;250;155.3;MTL-TO;231.98;233.52;144.15;145.1;1.52;0.94;0.59;2948;0.41;4257;Brockville;Gananoque
base;250;155.3;MTL-TO;234.59;253.21;145.77;157.34;18.52;11.51;2.91;600;0.41;4257;Brockville;Kingston
base;250;155.3;MTL-TO;253.92;255.29;157.78;158.63;1.35;0.84;1.72;1017;0.41;4257;Gananoque;Kingston
base;250;155.3;MTL-TO;256.33;282.41;159.28;175.48;25.88;16.08;4.12;424;0.41;4257;Gananoque;Kingston
base;250;155.3;MTL-TO;282.76;290.93;175.7;180.78;8.06;5.01;3.54;494;0.41;4257;Gananoque;Napanee
base;250;155.3;MTL-TO;291.15;316.82;180.91;196.86;25.55;15.88;2.19;798;0.41;4257;Kingston;Napanee
base;250;155.3;MTL-TO;317.21;319.12;197.11;198.29;1.89;1.17;2.2;793;0.41;4257;Kingston;Napanee
base;250;155.3;MTL-TO;320.01;322.79;198.84;200.57;2.76;1.71;3.18;550;0.41;4257;Kingston;Napanee
base;250;155.3;MTL-TO;328.33;349.24;204.01;217.01;20.8;12.92;2.12;824;0.41;4257;Napanee;Belleville
base;250;155.3;MTL-TO;358.52;358.94;222.77;223.03;0.42;0.26;0.44;3937;0.41;4257;Belleville;Trenton Junction
base;250;155.3;MTL-TO;370.39;377.07;230.15;234.3;6.62;4.11;1.89;922;0.41;4257;Belleville;Trenton Junction
base;250;155.3;MTL-TO;377.83;387.44;234.77;240.74;9.58;5.95;1.7;1028;0.41;4257;Trenton Junction;Cobourg
base;250;155.3;MTL-TO;388.28;403.36;241.27;250.64;15.07;9.36;0.48;3659;0.41;4257;Trenton Junction;Cobourg
base;250;155.3;MTL-TO;421.14;421.39;261.68;261.84;0.25;0.16;0.44;3951;0.41;4257;Trenton Junction;Cobourg
base;250;155.3;MTL-TO;424.68;428.36;263.88;266.17;3.64;2.26;2.02;864;0.41;4257;Trenton Junction;Port Hope
base;250;155.3;MTL-TO;428.63;450.64;266.34;280.01;21.84;13.57;2.65;659;0.41;4257;Cobourg;Oshawa
base;250;155.3;MTL-TO;451.02;452.25;280.25;281.02;1.22;0.76;1.48;1181;0.41;4257;Port Hope;Oshawa
base;250;155.3;MTL-TO;453.63;454.01;281.87;282.11;0.38;0.24;0.44;3998;0.41;4257;Port Hope;Oshawa
base;250;155.3;MTL-TO;455.15;460.59;282.82;286.2;5.38;3.34;2.01;868;0.41;4257;Port Hope;Oshawa
base;250;155.3;MTL-TO;460.95;475.32;286.42;295.35;14.2;8.82;2.98;586;0.41;4257;Port Hope;Oshawa
base;250;155.3;MTL-TO;476.6;484.14;296.15;300.83;7.38;4.59;2.75;634;0.41;4257;Port Hope;Oshawa
base;250;155.3;MTL-TO;484.36;492.21;300.97;305.85;7.79;4.84;2.01;869;0.41;4257;Port Hope;Guildwood
base;250;155.3;MTL-TO;494.4;510.08;307.21;316.95;15.57;9.67;2.02;865;0.41;4257;Oshawa;Guildwood
base;250;155.3;MTL-TO;510.4;511.61;317.15;317.9;1.19;0.74;1.97;886;0.41;4257;Oshawa;Guildwood
base;250;155.3;MTL-TO;512.53;520.69;318.47;323.54;8.12;5.05;2.19;798;0.41;4257;Oshawa;Toronto
base;250;155.3;MTL-TO;520.96;522.51;323.71;324.67;1.51;0.94;5.14;340;0.41;4257;Guildwood;Toronto
base;250;155.3;MTL-TO;522.77;531.79;324.83;330.44;8.95;5.56;1.99;876;0.41;4257;Guildwood;Toronto
base;250;155.3;MTL-TO;532.19;539.18;330.69;335.03;6.91;4.29;2.32;753;0.41;4257;Guildwood;Toronto
base;250;155.3;MTL-TO;540.04;540.08;335.57;335.59;0.04;0.02;2.48;703;0.41;4257;Guildwood;Toronto
base;300;186.4;MTL-QC;0.0;66.88;0.0;41.56;66.6;41.38;7.22;242;0.28;6130;Montréal;Drummondville
base;300;186.4;MTL-QC;68.38;94.38;42.49;58.65;25.92;16.11;3.07;568;0.28;6130;Saint-Hyacinthe;Drummondville
base;300;186.4;MTL-QC;95.52;121.7;59.35;75.62;25.91;16.1;3.63;481;0.28;6130;Saint-Hyacinthe;Charny
base;300;186.4;MTL-QC;124.95;129.13;77.64;80.24;4.15;2.58;3.8;460;0.28;6130;Drummondville;Charny
base;300;186.4;MTL-QC;129.5;225.33;80.47;140.01;95.51;59.35;6.77;258;0.28;6130;Drummondville;Charny
base;300;186.4;MTL-QC;229.6;251.47;142.67;156.26;21.68;13.47;9.11;192;0.28;6130;Drummondville;Sainte-Foy
base;300;186.4;MTL-QC;253.12;256.93;157.28;159.65;3.73;2.32;11.21;156;0.28;6130;Sainte-Foy;Québec
base;300;186.4;MTL-QC;257.16;262.76;159.79;163.27;5.51;3.42;6.4;273;0.28;6130;Sainte-Foy;Québec
base;300;186.4;MTL-QC;264.44;271.1;164.32;168.45;6.61;4.11;9.11;192;0.28;6130;Sainte-Foy;Québec
base;300;186.4;MTL-Ott;0.0;6.07;0.0;3.77;6.0;3.73;5.11;342;0.28;6130;Montréal;Dorval
base;300;186.4;MTL-Ott;6.54;7.03;4.06;4.37;0.49;0.3;0.33;5253;0.28;6130;Montréal;Dorval
base;300;186.4;MTL-Ott;7.59;11.14;4.72;6.92;3.49;2.17;2.11;828;0.28;6130;Montréal;Dorval
base;300;186.4;MTL-Ott;13.85;14.75;8.61;9.17;0.88;0.55;0.6;2891;0.28;6130;Montréal;Dorval
base;300;186.4;MTL-Ott;15.24;39.62;9.47;24.62;24.22;15.05;6.83;256;0.28;6130;Montréal;Coteau
base;300;186.4;MTL-Ott;40.23;43.43;25.0;26.99;3.16;1.96;1.9;921;0.28;6130;Aéroport Montréal Pierre-Elliott Trudeau;Coteau
base;300;186.4;MTL-Ott;43.79;44.14;27.21;27.43;0.35;0.22;0.39;4422;0.28;6130;Aéroport Montréal Pierre-Elliott Trudeau;Coteau
base;300;186.4;MTL-Ott;44.67;45.15;27.76;28.05;0.46;0.29;0.41;4238;0.28;6130;Aéroport Montréal Pierre-Elliott Trudeau;Coteau
base;300;186.4;MTL-Ott;46.04;85.53;28.61;53.15;39.31;24.43;3.28;532;0.28;6130;Aéroport Montréal Pierre-Elliott Trudeau;Alexandria
base;300;186.4;MTL-Ott;86.9;98.74;54.0;61.35;11.81;7.34;3.51;497;0.28;6130;Coteau;Alexandria
base;300;186.4;MTL-Ott;99.46;106.15;61.8;65.96;6.64;4.13;3.47;504;0.28;6130;Coteau;Casselman
base;300;186.4;MTL-Ott;107.28;111.88;66.66;69.52;4.53;2.81;2.88;606;0.28;6130;Alexandria;Casselman
base;300;186.4;MTL-Ott;112.51;140.84;69.91;87.51;28.18;17.51;3.76;464;0.28;6130;Alexandria;Ottawa
base;300;186.4;MTL-Ott;143.03;180.83;88.87;112.36;37.75;23.46;4.53;386;0.28;6130;Casselman;Ottawa
base;300;186.4;MTL-Ott;181.68;183.97;112.89;114.31;2.26;1.4;4.99;350;0.28;6130;Casselman;Ottawa
base;300;186.4;MTL-Ott;184.29;185.56;114.51;115.3;1.26;0.78;2.14;816;0.28;6130;Casselman;Ottawa
base;300;186.4;Ott-TO;0.01;7.35;0.01;4.57;7.24;4.5;8.74;200;0.28;6130;Ottawa;Smiths Falls
base;300;186.4;Ott-TO;7.97;33.56;4.95;20.85;25.48;15.83;3.28;532;0.28;6130;Ottawa;Smiths Falls
base;300;186.4;Ott-TO;43.2;75.29;26.84;46.78;31.93;19.84;8.17;214;0.28;6130;Ottawa;Brockville
base;300;186.4;Ott-TO;82.9;83.27;51.51;51.74;0.37;0.23;0.35;4963;0.28;6130;Smiths Falls;Brockville
base;300;186.4;Ott-TO;88.35;119.26;54.9;74.1;30.66;19.05;8.87;197;0.28;6130;Smiths Falls;Gananoque
base;300;186.4;Ott-TO;119.78;139.36;74.43;86.59;19.43;12.07;3.03;576;0.28;6130;Brockville;Gananoque
base;300;186.4;Ott-TO;140.14;159.03;87.08;98.82;18.78;11.67;2.91;600;0.28;6130;Brockville;Kingston
base;300;186.4;Ott-TO;159.45;161.13;99.08;100.12;1.65;1.03;1.72;1017;0.28;6130;Gananoque;Kingston
base;300;186.4;Ott-TO;161.75;188.25;100.51;116.97;26.3;16.34;3.85;454;0.28;6130;Gananoque;Kingston
base;300;186.4;Ott-TO;188.61;196.78;117.2;122.27;8.06;5.01;3.54;494;0.28;6130;Gananoque;Napanee
base;300;186.4;Ott-TO;196.99;222.57;122.4;138.3;25.47;15.83;2.19;798;0.28;6130;Kingston;Napanee
base;300;186.4;Ott-TO;223.07;224.97;138.61;139.79;1.88;1.17;2.2;793;0.28;6130;Kingston;Napanee
base;300;186.4;Ott-TO;225.87;228.65;140.35;142.08;2.76;1.71;3.15;554;0.28;6130;Kingston;Belleville
base;300;186.4;Ott-TO;230.84;231.1;143.44;143.6;0.26;0.16;0.31;5561;0.28;6130;Napanee;Belleville
base;300;186.4;Ott-TO;233.78;255.1;145.26;158.51;21.2;13.17;2.12;824;0.28;6130;Napanee;Belleville
base;300;186.4;Ott-TO;262.71;293.26;163.24;182.22;30.4;18.89;1.89;923;0.28;6130;Napanee;Cobourg
base;300;186.4;Ott-TO;293.93;328.13;182.64;203.89;34.15;21.22;0.48;3658;0.28;6130;Trenton Junction;Cobourg
base;300;186.4;Ott-TO;330.09;334.19;205.11;207.66;4.05;2.52;2.02;864;0.28;6130;Trenton Junction;Port Hope
base;300;186.4;Ott-TO;334.46;356.47;207.82;221.5;21.84;13.57;2.65;659;0.28;6130;Cobourg;Oshawa
base;300;186.4;Ott-TO;356.85;359.84;221.74;223.59;2.96;1.84;1.48;1181;0.28;6130;Port Hope;Oshawa
base;300;186.4;Ott-TO;360.52;362.96;224.02;225.53;2.42;1.5;0.5;3465;0.28;6130;Port Hope;Oshawa
base;300;186.4;Ott-TO;364.7;366.42;226.61;227.68;1.68;1.04;2.01;868;0.28;6130;Port Hope;Oshawa
base;300;186.4;Ott-TO;366.78;381.15;227.91;236.84;14.2;8.82;2.98;586;0.28;6130;Port Hope;Oshawa
base;300;186.4;Ott-TO;382.43;398.04;237.63;247.33;15.4;9.57;2.75;634;0.28;6130;Port Hope;Guildwood
base;300;186.4;Ott-TO;400.23;415.92;248.69;258.44;15.59;9.69;2.02;865;0.28;6130;Oshawa;Guildwood
base;300;186.4;Ott-TO;416.23;417.44;258.63;259.39;1.19;0.74;1.97;886;0.28;6130;Oshawa;Guildwood
base;300;186.4;Ott-TO;417.91;426.52;259.68;265.03;8.56;5.32;2.4;728;0.28;6130;Oshawa;Toronto
base;300;186.4;Ott-TO;426.8;445.92;265.2;277.08;18.86;11.72;6.15;284;0.28;6130;Guildwood;Toronto
base;300;186.4;MTL-TO;0.0;6.07;0.0;3.77;6.0;3.73;5.09;343;0.28;6130;Montréal;Dorval
base;300;186.4;MTL-TO;6.54;7.03;4.06;4.37;0.49;0.3;0.33;5253;0.28;6130;Montréal;Dorval
base;300;186.4;MTL-TO;7.59;11.14;4.72;6.92;3.49;2.17;2.11;828;0.28;6130;Montréal;Dorval
base;300;186.4;MTL-TO;13.85;14.75;8.61;9.17;0.88;0.55;0.6;2891;0.28;6130;Montréal;Dorval
base;300;186.4;MTL-TO;15.24;39.61;9.47;24.61;24.21;15.04;6.22;281;0.28;6130;Montréal;Coteau
base;300;186.4;MTL-TO;40.23;43.42;25.0;26.98;3.14;1.95;1.9;921;0.28;6130;Aéroport Montréal Pierre-Elliott Trudeau;Coteau
base;300;186.4;MTL-TO;43.78;44.13;27.2;27.42;0.35;0.22;0.39;4424;0.28;6130;Aéroport Montréal Pierre-Elliott Trudeau;Coteau
base;300;186.4;MTL-TO;44.66;45.13;27.75;28.04;0.45;0.28;0.41;4238;0.28;6130;Aéroport Montréal Pierre-Elliott Trudeau;Coteau
base;300;186.4;MTL-TO;46.02;172.08;28.6;106.93;125.72;78.12;2.05;852;0.28;6130;Aéroport Montréal Pierre-Elliott Trudeau;Brockville
base;300;186.4;MTL-TO;173.3;182.48;107.68;113.39;9.09;5.65;1.93;906;0.28;6130;Coteau;Brockville
base;300;186.4;MTL-TO;182.69;183.97;113.52;114.31;1.26;0.78;2.03;859;0.28;6130;Coteau;Brockville
base;300;186.4;MTL-TO;187.24;197.71;116.35;122.85;10.38;6.45;0.5;3472;0.28;6130;Coteau;Brockville
base;300;186.4;MTL-TO;198.21;201.76;123.16;125.37;3.5;2.17;0.51;3458;0.28;6130;Coteau;Brockville
base;300;186.4;MTL-TO;201.98;213.42;125.5;132.61;11.3;7.02;2.92;599;0.28;6130;Coteau;Gananoque
base;300;186.4;MTL-TO;213.93;231.36;132.93;143.76;17.33;10.77;2.41;725;0.28;6130;Brockville;Gananoque
base;300;186.4;MTL-TO;231.98;233.52;144.15;145.1;1.52;0.94;0.59;2948;0.28;6130;Brockville;Gananoque
base;300;186.4;MTL-TO;234.3;253.21;145.59;157.34;18.8;11.68;2.91;600;0.28;6130;Brockville;Kingston
base;300;186.4;MTL-TO;253.62;255.29;157.59;158.63;1.64;1.02;1.72;1017;0.28;6130;Gananoque;Kingston
base;300;186.4;MTL-TO;255.92;282.41;159.02;175.48;26.28;16.33;4.12;424;0.28;6130;Gananoque;Kingston
base;300;186.4;MTL-TO;282.76;290.93;175.7;180.78;8.06;5.01;3.54;494;0.28;6130;Gananoque;Napanee
base;300;186.4;MTL-TO;291.15;316.82;180.91;196.86;25.55;15.88;2.19;798;0.28;6130;Kingston;Napanee
base;300;186.4;MTL-TO;317.21;319.12;197.11;198.29;1.89;1.17;2.2;793;0.28;6130;Kingston;Napanee
base;300;186.4;MTL-TO;320.01;322.79;198.84;200.57;2.76;1.71;3.18;550;0.28;6130;Kingston;Napanee
base;300;186.4;MTL-TO;324.99;325.24;201.94;202.09;0.25;0.16;0.31;5554;0.28;6130;Napanee;Belleville
base;300;186.4;MTL-TO;327.93;349.24;203.77;217.01;21.19;13.17;2.12;824;0.28;6130;Napanee;Belleville
base;300;186.4;MTL-TO;356.89;377.07;221.76;234.3;20.08;12.48;1.89;922;0.28;6130;Napanee;Trenton Junction
base;300;186.4;MTL-TO;377.83;387.44;234.77;240.74;9.58;5.95;1.7;1028;0.28;6130;Trenton Junction;Cobourg
base;300;186.4;MTL-TO;388.11;422.3;241.16;262.41;34.14;21.21;0.48;3659;0.28;6130;Trenton Junction;Cobourg
base;300;186.4;MTL-TO;424.26;428.36;263.62;266.17;4.05;2.52;2.02;864;0.28;6130;Trenton Junction;Port Hope
base;300;186.4;MTL-TO;428.63;450.64;266.34;280.01;21.84;13.57;2.65;659;0.28;6130;Cobourg;Oshawa
base;300;186.4;MTL-TO;451.02;454.01;280.25;282.11;2.96;1.84;1.48;1181;0.28;6130;Port Hope;Oshawa
base;300;186.4;MTL-TO;454.69;460.59;282.53;286.2;5.83;3.62;2.01;868;0.28;6130;Port Hope;Oshawa
base;300;186.4;MTL-TO;460.95;475.32;286.42;295.35;14.2;8.82;2.98;586;0.28;6130;Port Hope;Oshawa
base;300;186.4;MTL-TO;476.6;492.21;296.15;305.85;15.37;9.55;2.75;634;0.28;6130;Port Hope;Guildwood
base;300;186.4;MTL-TO;494.4;510.08;307.21;316.95;15.57;9.67;2.02;865;0.28;6130;Oshawa;Guildwood
base;300;186.4;MTL-TO;510.4;511.61;317.15;317.9;1.19;0.74;1.97;886;0.28;6130;Oshawa;Guildwood
base;300;186.4;MTL-TO;512.07;520.69;318.19;323.54;8.57;5.33;2.19;798;0.28;6130;Oshawa;Toronto
base;300;186.4;MTL-TO;520.96;540.08;323.71;335.59;18.86;11.72;5.14;340;0.28;6130;Guildwood;Toronto
pendulaire;160;99.4;MTL-QC;0.0;2.91;0.0;1.81;2.89;1.8;7.22;242;1.59;1100;Montréal;Saint-Lambert
pendulaire;160;99.4;MTL-QC;19.55;20.18;12.15;12.54;0.63;0.39;1.74;1006;1.59;1100;Saint-Lambert;Saint-Hyacinthe
pendulaire;160;99.4;MTL-QC;28.97;31.32;18.0;19.46;2.31;1.44;6.99;250;1.59;1100;Saint-Lambert;Saint-Hyacinthe
pendulaire;160;99.4;MTL-QC;33.8;34.62;21.0;21.51;0.82;0.51;3.88;450;1.59;1100;Saint-Lambert;Saint-Hyacinthe
pendulaire;160;99.4;MTL-QC;61.71;62.6;38.34;38.9;0.88;0.55;2.94;594;1.59;1100;Saint-Hyacinthe;Drummondville
pendulaire;160;99.4;MTL-QC;63.84;64.57;39.67;40.12;0.72;0.45;1.86;938;1.59;1100;Saint-Hyacinthe;Drummondville
pendulaire;160;99.4;MTL-QC;65.93;66.88;40.97;41.56;0.93;0.58;1.98;884;1.59;1100;Saint-Hyacinthe;Drummondville
pendulaire;160;99.4;MTL-QC;68.38;69.44;42.49;43.15;1.05;0.65;3.07;568;1.59;1100;Saint-Hyacinthe;Drummondville
pendulaire;160;99.4;MTL-QC;93.55;94.38;58.13;58.65;0.82;0.51;1.96;893;1.59;1100;Saint-Hyacinthe;Drummondville
pendulaire;160;99.4;MTL-QC;95.87;96.52;59.57;59.97;0.63;0.39;1.94;901;1.59;1100;Saint-Hyacinthe;Drummondville
pendulaire;160;99.4;MTL-QC;100.26;101.07;62.3;62.8;0.8;0.5;2.22;787;1.59;1100;Saint-Hyacinthe;Charny
pendulaire;160;99.4;MTL-QC;101.68;103.56;63.18;64.35;1.85;1.15;2.29;762;1.59;1100;Drummondville;Charny
pendulaire;160;99.4;MTL-QC;110.88;112.31;68.9;69.79;1.42;0.88;3.15;554;1.59;1100;Drummondville;Charny
pendulaire;160;99.4;MTL-QC;115.86;116.21;71.99;72.21;0.34;0.21;2.02;864;1.59;1100;Drummondville;Charny
pendulaire;160;99.4;MTL-QC;119.58;121.7;74.3;75.62;2.09;1.3;3.63;481;1.59;1100;Drummondville;Charny
pendulaire;160;99.4;MTL-QC;124.95;126.23;77.64;78.44;1.27;0.79;3.8;460;1.59;1100;Drummondville;Charny
pendulaire;160;99.4;MTL-QC;128.42;129.13;79.8;80.24;0.71;0.44;1.67;1048;1.59;1100;Drummondville;Charny
pendulaire;160;99.4;MTL-QC;129.5;130.42;80.47;81.04;0.91;0.57;2.39;730;1.59;1100;Drummondville;Charny
pendulaire;160;99.4;MTL-QC;149.93;152.05;93.16;94.48;2.11;1.31;6.77;258;1.59;1100;Drummondville;Charny
pendulaire;160;99.4;MTL-QC;157.56;158.19;97.9;98.29;0.63;0.39;2.82;620;1.59;1100;Drummondville;Charny
pendulaire;160;99.4;MTL-QC;160.84;161.61;99.94;100.42;0.77;0.48;4.47;391;1.59;1100;Drummondville;Charny
pendulaire;160;99.4;MTL-QC;169.25;170.86;105.17;106.17;1.6;0.99;5.46;320;1.59;1100;Drummondville;Charny
pendulaire;160;99.4;MTL-QC;173.48;193.61;107.8;120.3;20.09;12.48;3.51;498;1.59;1100;Drummondville;Charny
pendulaire;160;99.4;MTL-QC;200.93;201.74;124.85;125.36;0.79;0.49;1.95;894;1.59;1100;Drummondville;Charny
pendulaire;160;99.4;MTL-QC;210.97;211.68;131.09;131.53;0.71;0.44;3.67;476;1.59;1100;Drummondville;Charny
pendulaire;160;99.4;MTL-QC;214.04;214.75;133.0;133.44;0.71;0.44;1.78;980;1.59;1100;Drummondville;Charny
pendulaire;160;99.4;MTL-QC;224.76;225.33;139.66;140.01;0.57;0.35;2.38;734;1.59;1100;Drummondville;Charny
pendulaire;160;99.4;MTL-QC;243.28;251.47;151.17;156.26;8.09;5.03;9.11;192;1.59;1100;Drummondville;Sainte-Foy
pendulaire;160;99.4;MTL-QC;253.12;256.93;157.28;159.65;3.73;2.32;11.21;156;1.59;1100;Sainte-Foy;Québec
pendulaire;160;99.4;MTL-QC;257.16;258.35;159.79;160.53;1.18;0.73;6.33;276;1.59;1100;Sainte-Foy;Québec
pendulaire;160;99.4;MTL-QC;259.57;262.76;161.29;163.27;3.14;1.95;6.4;273;1.59;1100;Sainte-Foy;Québec
pendulaire;160;99.4;MTL-QC;267.23;269.04;166.05;167.17;1.8;1.12;9.11;192;1.59;1100;Sainte-Foy;Québec
pendulaire;160;99.4;MTL-QC;270.61;271.1;168.15;168.45;0.49;0.3;2.3;758;1.59;1100;Sainte-Foy;Québec
pendulaire;160;99.4;MTL-Ott;0.0;5.36;0.0;3.33;5.32;3.31;5.11;342;1.59;1100;Montréal;Dorval
pendulaire;160;99.4;MTL-Ott;9.92;11.14;6.16;6.92;1.2;0.75;2.11;828;1.59;1100;Montréal;Dorval
pendulaire;160;99.4;MTL-Ott;34.9;36.36;21.69;22.59;1.42;0.88;6.83;256;1.59;1100;Aéroport Montréal Pierre-Elliott Trudeau;Coteau
pendulaire;160;99.4;MTL-Ott;40.23;41.67;25.0;25.89;1.42;0.88;1.9;921;1.59;1100;Aéroport Montréal Pierre-Elliott Trudeau;Coteau
pendulaire;160;99.4;MTL-Ott;59.82;63.79;37.17;39.64;3.96;2.46;3.28;532;1.59;1100;Aéroport Montréal Pierre-Elliott Trudeau;Alexandria
pendulaire;160;99.4;MTL-Ott;74.98;75.7;46.59;47.04;0.72;0.45;1.83;952;1.59;1100;Coteau;Alexandria
pendulaire;160;99.4;MTL-Ott;81.45;85.53;50.61;53.15;4.04;2.51;2.68;652;1.59;1100;Coteau;Alexandria
pendulaire;160;99.4;MTL-Ott;97.98;98.74;60.88;61.35;0.75;0.47;3.51;497;1.59;1100;Coteau;Alexandria
pendulaire;160;99.4;MTL-Ott;102.69;104.3;63.81;64.81;1.6;0.99;2.83;618;1.59;1100;Alexandria;Casselman
pendulaire;160;99.4;MTL-Ott;105.41;106.15;65.5;65.96;0.74;0.46;3.47;504;1.59;1100;Alexandria;Casselman
pendulaire;160;99.4;MTL-Ott;109.07;111.88;67.77;69.52;2.78;1.73;2.88;606;1.59;1100;Alexandria;Casselman
pendulaire;160;99.4;MTL-Ott;114.96;115.81;71.43;71.96;0.84;0.52;3.68;474;1.59;1100;Alexandria;Casselman
pendulaire;160;99.4;MTL-Ott;121.17;121.39;75.29;75.43;0.22;0.14;1.96;892;1.59;1100;Alexandria;Casselman
pendulaire;160;99.4;MTL-Ott;126.54;127.33;78.63;79.12;0.79;0.49;3.76;464;1.59;1100;Alexandria;Casselman
pendulaire;160;99.4;MTL-Ott;140.26;140.84;87.15;87.51;0.58;0.36;3.29;531;1.59;1100;Casselman;Ottawa
pendulaire;160;99.4;MTL-Ott;179.94;180.83;111.81;112.36;0.88;0.55;4.53;386;1.59;1100;Casselman;Ottawa
pendulaire;160;99.4;MTL-Ott;181.68;183.04;112.89;113.74;1.35;0.84;4.99;350;1.59;1100;Casselman;Ottawa
pendulaire;160;99.4;MTL-Ott;184.29;185.56;114.51;115.3;1.26;0.78;2.14;816;1.59;1100;Casselman;Ottawa
pendulaire;160;99.4;Ott-TO;0.01;1.03;0.01;0.64;1.01;0.63;8.74;200;1.59;1100;Ottawa;Smiths Falls
pendulaire;160;99.4;Ott-TO;1.67;3.5;1.04;2.17;1.81;1.12;2.21;792;1.59;1100;Ottawa;Smiths Falls
pendulaire;160;99.4;Ott-TO;4.93;7.35;3.06;4.57;2.39;1.49;2.78;629;1.59;1100;Ottawa;Smiths Falls
pendulaire;160;99.4;Ott-TO;7.97;10.03;4.95;6.23;2.04;1.27;3.28;532;1.59;1100;Ottawa;Smiths Falls
pendulaire;160;99.4;Ott-TO;18.82;19.53;11.69;12.14;0.71;0.44;2.68;652;1.59;1100;Ottawa;Smiths Falls
pendulaire;160;99.4;Ott-TO;22.47;23.39;13.96;14.53;0.91;0.57;2.97;588;1.59;1100;Ottawa;Smiths Falls
pendulaire;160;99.4;Ott-TO;61.64;62.99;38.3;39.14;1.33;0.83;2.01;867;1.59;1100;Ottawa;Smiths Falls
pendulaire;160;99.4;Ott-TO;65.7;67.79;40.82;42.12;2.08;1.29;8.17;214;1.59;1100;Smiths Falls;Brockville
pendulaire;160;99.4;Ott-TO;94.48;95.03;58.71;59.05;0.54;0.34;2.02;864;1.59;1100;Smiths Falls;Brockville
pendulaire;160;99.4;Ott-TO;109.07;110.92;67.77;68.92;1.82;1.13;8.87;197;1.59;1100;Smiths Falls;Brockville
pendulaire;160;99.4;Ott-TO;111.19;112.05;69.09;69.62;0.86;0.53;1.85;946;1.59;1100;Brockville;Gananoque
pendulaire;160;99.4;Ott-TO;117.74;118.03;73.16;73.34;0.29;0.18;1.85;943;1.59;1100;Brockville;Gananoque
pendulaire;160;99.4;Ott-TO;119.78;120.57;74.43;74.92;0.79;0.49;2.44;716;1.59;1100;Brockville;Gananoque
pendulaire;160;99.4;Ott-TO;125.95;126.5;78.26;78.6;0.55;0.34;1.67;1044;1.59;1100;Brockville;Gananoque
pendulaire;160;99.4;Ott-TO;136.03;138.46;84.53;86.04;2.39;1.49;3.03;576;1.59;1100;Brockville;Gananoque
pendulaire;160;99.4;Ott-TO;156.9;158.7;97.49;98.61;1.76;1.09;2.91;600;1.59;1100;Gananoque;Kingston
pendulaire;160;99.4;Ott-TO;160.49;161.13;99.72;100.12;0.64;0.4;1.72;1017;1.59;1100;Gananoque;Kingston
pendulaire;160;99.4;Ott-TO;175.4;176.11;108.99;109.43;0.7;0.43;1.85;942;1.59;1100;Gananoque;Kingston
pendulaire;160;99.4;Ott-TO;180.61;181.08;112.23;112.52;0.47;0.29;2.03;860;1.59;1100;Gananoque;Kingston
pendulaire;160;99.4;Ott-TO;183.11;185.17;113.78;115.06;2.03;1.26;3.8;460;1.59;1100;Gananoque;Kingston
pendulaire;160;99.4;Ott-TO;186.11;187.68;115.64;116.62;1.56;0.97;3.85;454;1.59;1100;Gananoque;Kingston
pendulaire;160;99.4;Ott-TO;188.61;190.42;117.2;118.32;1.79;1.11;3.54;494;1.59;1100;Gananoque;Kingston
pendulaire;160;99.4;Ott-TO;194.14;194.39;120.63;120.79;0.25;0.16;1.85;944;1.59;1100;Kingston;Napanee
pendulaire;160;99.4;Ott-TO;194.83;196.78;121.06;122.27;1.93;1.2;2.15;811;1.59;1100;Kingston;Napanee
pendulaire;160;99.4;Ott-TO;196.99;198.77;122.4;123.51;1.76;1.09;2.19;798;1.59;1100;Kingston;Napanee
pendulaire;160;99.4;Ott-TO;215.07;215.71;133.64;134.04;0.64;0.4;2.1;830;1.59;1100;Kingston;Napanee
pendulaire;160;99.4;Ott-TO;222.0;222.57;137.94;138.3;0.57;0.35;2.06;846;1.59;1100;Kingston;Napanee
pendulaire;160;99.4;Ott-TO;223.07;224.97;138.61;139.79;1.88;1.17;2.2;793;1.59;1100;Kingston;Napanee
pendulaire;160;99.4;Ott-TO;226.8;228.65;140.93;142.08;1.84;1.14;3.15;554;1.59;1100;Kingston;Belleville
pendulaire;160;99.4;Ott-TO;236.47;237.05;146.94;147.3;0.58;0.36;1.67;1048;1.59;1100;Napanee;Belleville
pendulaire;160;99.4;Ott-TO;241.18;241.66;149.86;150.16;0.48;0.3;2.0;872;1.59;1100;Napanee;Belleville
pendulaire;160;99.4;Ott-TO;252.07;252.65;156.63;156.99;0.58;0.36;1.78;980;1.59;1100;Napanee;Belleville
pendulaire;160;99.4;Ott-TO;254.41;255.1;158.08;158.51;0.69;0.43;2.12;824;1.59;1100;Napanee;Belleville
pendulaire;160;99.4;Ott-TO;279.71;280.72;173.8;174.43;0.99;0.62;1.89;923;1.59;1100;Belleville;Trenton Junction
pendulaire;160;99.4;Ott-TO;283.98;284.59;176.46;176.84;0.61;0.38;1.7;1029;1.59;1100;Trenton Junction;Cobourg
pendulaire;160;99.4;Ott-TO;333.23;333.82;207.06;207.43;0.57;0.35;2.02;864;1.59;1100;Trenton Junction;Port Hope
pendulaire;160;99.4;Ott-TO;334.46;335.01;207.82;208.17;0.55;0.34;2.03;860;1.59;1100;Cobourg;Port Hope
pendulaire;160;99.4;Ott-TO;335.96;336.71;208.76;209.22;0.75;0.47;1.97;886;1.59;1100;Cobourg;Port Hope
pendulaire;160;99.4;Ott-TO;343.71;345.34;213.57;214.58;1.62;1.01;2.65;659;1.59;1100;Cobourg;Oshawa
pendulaire;160;99.4;Ott-TO;353.65;354.22;219.75;220.1;0.57;0.35;1.63;1069;1.59;1100;Port Hope;Oshawa
pendulaire;160;99.4;Ott-TO;355.64;356.13;220.98;221.29;0.49;0.3;1.82;962;1.59;1100;Port Hope;Oshawa
pendulaire;160;99.4;Ott-TO;365.04;366.42;226.83;227.68;1.35;0.84;2.01;868;1.59;1100;Port Hope;Oshawa
pendulaire;160;99.4;Ott-TO;367.12;367.77;228.12;228.52;0.65;0.4;1.75;998;1.59;1100;Port Hope;Oshawa
pendulaire;160;99.4;Ott-TO;368.67;369.38;229.08;229.52;0.71;0.44;1.68;1040;1.59;1100;Port Hope;Oshawa
pendulaire;160;99.4;Ott-TO;374.23;374.9;232.54;232.95;0.67;0.42;1.85;944;1.59;1100;Port Hope;Oshawa
pendulaire;160;99.4;Ott-TO;376.71;377.68;234.08;234.68;0.95;0.59;2.98;586;1.59;1100;Port Hope;Oshawa
pendulaire;160;99.4;Ott-TO;380.03;381.15;236.14;236.84;1.1;0.68;2.0;873;1.59;1100;Port Hope;Oshawa
pendulaire;160;99.4;Ott-TO;382.43;383.5;237.63;238.3;1.05;0.65;1.98;882;1.59;1100;Port Hope;Oshawa
pendulaire;160;99.4;Ott-TO;384.73;385.45;239.06;239.51;0.7;0.43;1.98;882;1.59;1100;Port Hope;Oshawa
pendulaire;160;99.4;Ott-TO;385.81;388.01;239.73;241.1;2.17;1.35;2.75;634;1.59;1100;Port Hope;Oshawa
pendulaire;160;99.4;Ott-TO;388.98;390.04;241.7;242.36;1.04;0.65;2.01;870;1.59;1100;Port Hope;Oshawa
pendulaire;160;99.4;Ott-TO;397.22;398.04;246.82;247.33;0.81;0.5;2.01;869;1.59;1100;Oshawa;Guildwood
pendulaire;160;99.4;Ott-TO;400.23;401.52;248.69;249.49;1.27;0.79;2.01;867;1.59;1100;Oshawa;Guildwood
pendulaire;160;99.4;Ott-TO;409.02;409.58;254.15;254.5;0.56;0.35;1.59;1096;1.59;1100;Oshawa;Guildwood
pendulaire;160;99.4;Ott-TO;414.39;415.69;257.49;258.3;1.27;0.79;2.02;865;1.59;1100;Oshawa;Guildwood
pendulaire;160;99.4;Ott-TO;416.23;417.44;258.63;259.39;1.19;0.74;1.97;886;1.59;1100;Oshawa;Guildwood
pendulaire;160;99.4;Ott-TO;421.21;421.8;261.73;262.09;0.59;0.37;2.4;728;1.59;1100;Oshawa;Guildwood
pendulaire;160;99.4;Ott-TO;426.08;426.52;264.75;265.03;0.44;0.27;1.71;1020;1.59;1100;Guildwood;Toronto
pendulaire;160;99.4;Ott-TO;426.88;428.13;265.25;266.03;1.23;0.76;6.15;284;1.59;1100;Guildwood;Toronto
pendulaire;160;99.4;Ott-TO;430.22;430.85;267.33;267.72;0.63;0.39;1.99;877;1.59;1100;Guildwood;Toronto
pendulaire;160;99.4;Ott-TO;434.36;434.56;269.9;270.02;0.2;0.12;1.84;947;1.59;1100;Guildwood;Toronto
pendulaire;160;99.4;Ott-TO;435.49;435.93;270.6;270.87;0.44;0.27;1.85;946;1.59;1100;Guildwood;Toronto
pendulaire;160;99.4;Ott-TO;440.86;444.25;273.94;276.04;3.35;2.08;2.32;752;1.59;1100;Guildwood;Toronto
pendulaire;160;99.4;Ott-TO;444.76;444.8;276.36;276.39;0.04;0.02;2.05;854;1.59;1100;Guildwood;Toronto
pendulaire;160;99.4;Ott-TO;445.88;445.92;277.06;277.08;0.04;0.02;2.7;646;1.59;1100;Guildwood;Toronto
pendulaire;160;99.4;MTL-TO;0.0;5.36;0.0;3.33;5.32;3.31;5.09;343;1.59;1100;Montréal;Dorval
pendulaire;160;99.4;MTL-TO;9.92;11.14;6.16;6.92;1.2;0.75;2.11;828;1.59;1100;Montréal;Dorval
pendulaire;160;99.4;MTL-TO;34.89;36.35;21.68;22.59;1.42;0.88;6.22;281;1.59;1100;Aéroport Montréal Pierre-Elliott Trudeau;Coteau
pendulaire;160;99.4;MTL-TO;40.59;41.66;25.22;25.89;1.05;0.65;1.9;921;1.59;1100;Aéroport Montréal Pierre-Elliott Trudeau;Coteau
pendulaire;160;99.4;MTL-TO;102.47;104.9;63.67;65.18;2.4;1.49;2.05;852;1.59;1100;Coteau;Brockville
pendulaire;160;99.4;MTL-TO;107.39;108.52;66.73;67.43;1.11;0.69;1.99;876;1.59;1100;Coteau;Brockville
pendulaire;160;99.4;MTL-TO;123.36;124.31;76.65;77.24;0.93;0.58;1.99;876;1.59;1100;Coteau;Brockville
pendulaire;160;99.4;MTL-TO;181.56;182.15;112.82;113.18;0.58;0.36;1.93;906;1.59;1100;Coteau;Brockville
pendulaire;160;99.4;MTL-TO;182.69;183.97;113.52;114.31;1.26;0.78;2.03;859;1.59;1100;Coteau;Brockville
pendulaire;160;99.4;MTL-TO;201.98;204.36;125.5;126.98;2.34;1.45;2.92;599;1.59;1100;Coteau;Brockville
pendulaire;160;99.4;MTL-TO;205.41;206.2;127.64;128.13;0.79;0.49;1.85;946;1.59;1100;Brockville;Gananoque
pendulaire;160;99.4;MTL-TO;211.9;212.19;131.67;131.85;0.29;0.18;1.85;944;1.59;1100;Brockville;Gananoque
pendulaire;160;99.4;MTL-TO;213.93;214.72;132.93;133.42;0.79;0.49;2.41;725;1.59;1100;Brockville;Gananoque
pendulaire;160;99.4;MTL-TO;220.11;220.66;136.77;137.11;0.55;0.34;1.67;1044;1.59;1100;Brockville;Gananoque
pendulaire;160;99.4;MTL-TO;230.18;231.36;143.03;143.76;1.17;0.73;1.88;928;1.59;1100;Brockville;Gananoque
pendulaire;160;99.4;MTL-TO;251.06;252.87;156.0;157.13;1.77;1.1;2.91;600;1.59;1100;Gananoque;Kingston
pendulaire;160;99.4;MTL-TO;254.66;255.29;158.24;158.63;0.63;0.39;1.72;1017;1.59;1100;Gananoque;Kingston
pendulaire;160;99.4;MTL-TO;269.56;270.27;167.5;167.94;0.7;0.43;1.85;943;1.59;1100;Gananoque;Kingston
pendulaire;160;99.4;MTL-TO;274.77;275.24;170.73;171.03;0.46;0.29;2.02;864;1.59;1100;Gananoque;Kingston
pendulaire;160;99.4;MTL-TO;277.26;279.33;172.28;173.57;2.04;1.27;3.81;458;1.59;1100;Gananoque;Kingston
pendulaire;160;99.4;MTL-TO;280.27;281.84;174.15;175.13;1.56;0.97;4.12;424;1.59;1100;Gananoque;Kingston
pendulaire;160;99.4;MTL-TO;282.76;284.57;175.7;176.82;1.79;1.11;3.54;494;1.59;1100;Gananoque;Kingston
pendulaire;160;99.4;MTL-TO;288.3;288.54;179.14;179.29;0.24;0.15;1.84;948;1.59;1100;Kingston;Napanee
pendulaire;160;99.4;MTL-TO;288.99;290.93;179.57;180.78;1.92;1.19;2.15;812;1.59;1100;Kingston;Napanee
pendulaire;160;99.4;MTL-TO;291.15;292.93;180.91;182.02;1.76;1.09;2.19;798;1.59;1100;Kingston;Napanee
pendulaire;160;99.4;MTL-TO;309.22;309.86;192.14;192.54;0.64;0.4;2.1;830;1.59;1100;Kingston;Napanee
pendulaire;160;99.4;MTL-TO;316.27;316.82;196.52;196.86;0.54;0.34;2.02;863;1.59;1100;Kingston;Napanee
pendulaire;160;99.4;MTL-TO;317.21;319.12;197.11;198.29;1.89;1.17;2.2;793;1.59;1100;Kingston;Napanee
pendulaire;160;99.4;MTL-TO;320.95;322.79;199.43;200.57;1.83;1.14;3.18;550;1.59;1100;Kingston;Napanee
pendulaire;160;99.4;MTL-TO;330.62;331.2;205.44;205.8;0.58;0.36;1.67;1046;1.59;1100;Napanee;Belleville
pendulaire;160;99.4;MTL-TO;335.31;335.81;208.35;208.66;0.49;0.3;2.01;868;1.59;1100;Napanee;Belleville
pendulaire;160;99.4;MTL-TO;346.21;346.79;215.12;215.49;0.58;0.36;1.78;980;1.59;1100;Napanee;Belleville
pendulaire;160;99.4;MTL-TO;348.55;349.24;216.58;217.01;0.69;0.43;2.12;824;1.59;1100;Napanee;Belleville
pendulaire;160;99.4;MTL-TO;373.9;374.9;232.33;232.95;0.98;0.61;1.89;922;1.59;1100;Belleville;Trenton Junction
pendulaire;160;99.4;MTL-TO;378.16;378.77;234.98;235.36;0.61;0.38;1.7;1028;1.59;1100;Trenton Junction;Cobourg
pendulaire;160;99.4;MTL-TO;427.4;427.99;265.57;265.94;0.57;0.35;2.02;864;1.59;1100;Trenton Junction;Port Hope
pendulaire;160;99.4;MTL-TO;428.63;429.18;266.34;266.68;0.55;0.34;2.03;860;1.59;1100;Cobourg;Port Hope
pendulaire;160;99.4;MTL-TO;430.13;430.88;267.27;267.74;0.75;0.47;1.97;886;1.59;1100;Cobourg;Port Hope
pendulaire;160;99.4;MTL-TO;437.88;439.51;272.09;273.1;1.62;1.01;2.65;659;1.59;1100;Cobourg;Oshawa
pendulaire;160;99.4;MTL-TO;447.82;448.39;278.26;278.62;0.57;0.35;1.63;1069;1.59;1100;Port Hope;Oshawa
pendulaire;160;99.4;MTL-TO;449.81;450.3;279.5;279.8;0.49;0.3;1.82;962;1.59;1100;Port Hope;Oshawa
pendulaire;160;99.4;MTL-TO;459.21;460.59;285.34;286.2;1.35;0.84;2.01;868;1.59;1100;Port Hope;Oshawa
pendulaire;160;99.4;MTL-TO;461.29;461.94;286.63;287.04;0.65;0.4;1.75;998;1.59;1100;Port Hope;Oshawa
pendulaire;160;99.4;MTL-TO;462.84;463.55;287.6;288.04;0.71;0.44;1.68;1041;1.59;1100;Port Hope;Oshawa
pendulaire;160;99.4;MTL-TO;468.4;469.07;291.05;291.47;0.67;0.42;1.85;944;1.59;1100;Port Hope;Oshawa
pendulaire;160;99.4;MTL-TO;470.88;471.85;292.59;293.19;0.95;0.59;2.98;586;1.59;1100;Port Hope;Oshawa
pendulaire;160;99.4;MTL-TO;474.2;475.32;294.65;295.35;1.1;0.68;2.0;873;1.59;1100;Port Hope;Oshawa
pendulaire;160;99.4;MTL-TO;476.6;477.67;296.15;296.81;1.05;0.65;1.98;882;1.59;1100;Port Hope;Oshawa
pendulaire;160;99.4;MTL-TO;478.9;479.62;297.57;298.02;0.7;0.43;1.98;882;1.59;1100;Port Hope;Oshawa
pendulaire;160;99.4;MTL-TO;479.98;482.18;298.25;299.61;2.17;1.35;2.75;634;1.59;1100;Port Hope;Oshawa
pendulaire;160;99.4;MTL-TO;483.15;484.14;300.22;300.83;0.97;0.6;2.01;870;1.59;1100;Port Hope;Oshawa
pendulaire;160;99.4;MTL-TO;491.01;492.21;305.1;305.85;1.17;0.73;2.01;869;1.59;1100;Oshawa;Guildwood
pendulaire;160;99.4;MTL-TO;494.74;495.68;307.42;308.0;0.92;0.57;2.02;866;1.59;1100;Oshawa;Guildwood
pendulaire;160;99.4;MTL-TO;503.18;503.75;312.66;313.02;0.57;0.35;1.59;1097;1.59;1100;Oshawa;Guildwood
pendulaire;160;99.4;MTL-TO;508.56;509.83;316.0;316.79;1.24;0.77;2.02;865;1.59;1100;Oshawa;Guildwood
pendulaire;160;99.4;MTL-TO;510.4;511.61;317.15;317.9;1.19;0.74;1.97;886;1.59;1100;Oshawa;Guildwood
pendulaire;160;99.4;MTL-TO;515.43;515.99;320.27;320.62;0.56;0.35;2.19;798;1.59;1100;Oshawa;Guildwood
pendulaire;160;99.4;MTL-TO;520.24;520.69;323.26;323.54;0.45;0.28;1.71;1020;1.59;1100;Guildwood;Toronto
pendulaire;160;99.4;MTL-TO;521.04;522.29;323.76;324.54;1.23;0.76;5.14;340;1.59;1100;Guildwood;Toronto
pendulaire;160;99.4;MTL-TO;524.38;525.01;325.83;326.23;0.63;0.39;1.99;876;1.59;1100;Guildwood;Toronto
pendulaire;160;99.4;MTL-TO;528.52;528.72;328.41;328.53;0.2;0.12;1.84;949;1.59;1100;Guildwood;Toronto
pendulaire;160;99.4;MTL-TO;529.65;530.09;329.11;329.38;0.44;0.27;1.85;944;1.59;1100;Guildwood;Toronto
pendulaire;160;99.4;MTL-TO;535.02;538.41;332.45;334.55;3.35;2.08;2.32;753;1.59;1100;Guildwood;Toronto
pendulaire;160;99.4;MTL-TO;538.92;538.97;334.87;334.9;0.05;0.03;1.59;1099;1.59;1100;Guildwood;Toronto
pendulaire;160;99.4;MTL-TO;540.04;540.08;335.57;335.59;0.04;0.02;2.48;703;1.59;1100;Guildwood;Toronto
pendulaire;177;110.0;MTL-QC;0.0;2.91;0.0;1.81;2.89;1.8;7.22;242;1.3;1346;Montréal;Saint-Lambert
pendulaire;177;110.0;MTL-QC;19.55;20.18;12.15;12.54;0.63;0.39;1.74;1006;1.3;1346;Saint-Lambert;Saint-Hyacinthe
pendulaire;177;110.0;MTL-QC;28.97;34.62;18.0;21.51;5.59;3.47;6.99;250;1.3;1346;Saint-Lambert;Saint-Hyacinthe
pendulaire;177;110.0;MTL-QC;61.71;62.6;38.34;38.9;0.88;0.55;2.94;594;1.3;1346;Saint-Hyacinthe;Drummondville
pendulaire;177;110.0;MTL-QC;63.84;64.57;39.67;40.12;0.72;0.45;1.86;938;1.3;1346;Saint-Hyacinthe;Drummondville
pendulaire;177;110.0;MTL-QC;65.93;66.88;40.97;41.56;0.93;0.58;1.98;884;1.3;1346;Saint-Hyacinthe;Drummondville
pendulaire;177;110.0;MTL-QC;68.38;69.44;42.49;43.15;1.05;0.65;3.07;568;1.3;1346;Saint-Hyacinthe;Drummondville
pendulaire;177;110.0;MTL-QC;89.98;90.52;55.91;56.25;0.54;0.34;1.56;1118;1.3;1346;Saint-Hyacinthe;Drummondville
pendulaire;177;110.0;MTL-QC;93.55;94.38;58.13;58.65;0.82;0.51;1.96;893;1.3;1346;Saint-Hyacinthe;Drummondville
pendulaire;177;110.0;MTL-QC;95.87;96.52;59.57;59.97;0.63;0.39;1.94;901;1.3;1346;Saint-Hyacinthe;Drummondville
pendulaire;177;110.0;MTL-QC;100.26;101.07;62.3;62.8;0.8;0.5;2.22;787;1.3;1346;Saint-Hyacinthe;Charny
pendulaire;177;110.0;MTL-QC;101.68;103.56;63.18;64.35;1.85;1.15;2.29;762;1.3;1346;Drummondville;Charny
pendulaire;177;110.0;MTL-QC;110.88;112.31;68.9;69.79;1.42;0.88;3.15;554;1.3;1346;Drummondville;Charny
pendulaire;177;110.0;MTL-QC;115.86;121.7;71.99;75.62;5.78;3.59;3.63;481;1.3;1346;Drummondville;Charny
pendulaire;177;110.0;MTL-QC;124.95;126.23;77.64;78.44;1.27;0.79;3.8;460;1.3;1346;Drummondville;Charny
pendulaire;177;110.0;MTL-QC;128.42;129.13;79.8;80.24;0.71;0.44;1.67;1048;1.3;1346;Drummondville;Charny
pendulaire;177;110.0;MTL-QC;129.5;130.42;80.47;81.04;0.91;0.57;2.39;730;1.3;1346;Drummondville;Charny
pendulaire;177;110.0;MTL-QC;131.88;132.41;81.95;82.28;0.53;0.33;1.57;1113;1.3;1346;Drummondville;Charny
pendulaire;177;110.0;MTL-QC;149.93;152.05;93.16;94.48;2.11;1.31;6.77;258;1.3;1346;Drummondville;Charny
pendulaire;177;110.0;MTL-QC;157.56;161.61;97.9;100.42;4.03;2.5;4.47;391;1.3;1346;Drummondville;Charny
pendulaire;177;110.0;MTL-QC;169.25;193.61;105.17;120.3;24.29;15.09;5.46;320;1.3;1346;Drummondville;Charny
pendulaire;177;110.0;MTL-QC;200.93;211.68;124.85;131.53;10.71;6.65;3.67;476;1.3;1346;Drummondville;Charny
pendulaire;177;110.0;MTL-QC;214.04;214.75;133.0;133.44;0.71;0.44;1.78;980;1.3;1346;Drummondville;Charny
pendulaire;177;110.0;MTL-QC;224.76;225.33;139.66;140.01;0.57;0.35;2.38;734;1.3;1346;Drummondville;Charny
pendulaire;177;110.0;MTL-QC;231.78;232.25;144.02;144.31;0.47;0.29;1.41;1238;1.3;1346;Drummondville;Charny
pendulaire;177;110.0;MTL-QC;243.28;251.47;151.17;156.26;8.09;5.03;9.11;192;1.3;1346;Drummondville;Sainte-Foy
pendulaire;177;110.0;MTL-QC;253.12;256.93;157.28;159.65;3.73;2.32;11.21;156;1.3;1346;Sainte-Foy;Québec
pendulaire;177;110.0;MTL-QC;257.16;258.35;159.79;160.53;1.18;0.73;6.33;276;1.3;1346;Sainte-Foy;Québec
pendulaire;177;110.0;MTL-QC;259.17;262.76;161.04;163.27;3.53;2.19;6.4;273;1.3;1346;Sainte-Foy;Québec
pendulaire;177;110.0;MTL-QC;267.23;269.04;166.05;167.17;1.8;1.12;9.11;192;1.3;1346;Sainte-Foy;Québec
pendulaire;177;110.0;MTL-QC;270.61;271.1;168.15;168.45;0.49;0.3;2.3;758;1.3;1346;Sainte-Foy;Québec
pendulaire;177;110.0;MTL-Ott;0.0;5.36;0.0;3.33;5.32;3.31;5.11;342;1.3;1346;Montréal;Dorval
pendulaire;177;110.0;MTL-Ott;9.92;11.14;6.16;6.92;1.2;0.75;2.11;828;1.3;1346;Montréal;Dorval
pendulaire;177;110.0;MTL-Ott;34.9;36.36;21.69;22.59;1.42;0.88;6.83;256;1.3;1346;Aéroport Montréal Pierre-Elliott Trudeau;Coteau
pendulaire;177;110.0;MTL-Ott;40.23;41.67;25.0;25.89;1.42;0.88;1.9;921;1.3;1346;Aéroport Montréal Pierre-Elliott Trudeau;Coteau
pendulaire;177;110.0;MTL-Ott;59.02;63.79;36.67;39.64;4.75;2.95;3.28;532;1.3;1346;Aéroport Montréal Pierre-Elliott Trudeau;Alexandria
pendulaire;177;110.0;MTL-Ott;74.98;75.7;46.59;47.04;0.72;0.45;1.83;952;1.3;1346;Coteau;Alexandria
pendulaire;177;110.0;MTL-Ott;80.48;85.53;50.01;53.15;5.0;3.11;2.68;652;1.3;1346;Coteau;Alexandria
pendulaire;177;110.0;MTL-Ott;87.16;98.74;54.16;61.35;11.56;7.18;3.51;497;1.3;1346;Coteau;Alexandria
pendulaire;177;110.0;MTL-Ott;99.84;106.15;62.04;65.96;6.27;3.9;3.47;504;1.3;1346;Alexandria;Casselman
pendulaire;177;110.0;MTL-Ott;109.07;111.88;67.77;69.52;2.78;1.73;2.88;606;1.3;1346;Alexandria;Casselman
pendulaire;177;110.0;MTL-Ott;113.13;115.81;70.3;71.96;2.66;1.65;3.68;474;1.3;1346;Alexandria;Casselman
pendulaire;177;110.0;MTL-Ott;117.27;127.33;72.87;79.12;10.02;6.23;3.76;464;1.3;1346;Alexandria;Casselman
pendulaire;177;110.0;MTL-Ott;128.75;140.84;80.0;87.51;12.08;7.51;3.29;531;1.3;1346;Alexandria;Ottawa
pendulaire;177;110.0;MTL-Ott;143.03;143.54;88.87;89.19;0.51;0.32;1.31;1333;1.3;1346;Casselman;Ottawa
pendulaire;177;110.0;MTL-Ott;143.84;180.83;89.38;112.36;36.97;22.97;4.53;386;1.3;1346;Casselman;Ottawa
pendulaire;177;110.0;MTL-Ott;181.68;183.04;112.89;113.74;1.35;0.84;4.99;350;1.3;1346;Casselman;Ottawa
pendulaire;177;110.0;MTL-Ott;184.29;185.56;114.51;115.3;1.26;0.78;2.14;816;1.3;1346;Casselman;Ottawa
pendulaire;177;110.0;Ott-TO;0.01;1.03;0.01;0.64;1.01;0.63;8.74;200;1.3;1346;Ottawa;Smiths Falls
pendulaire;177;110.0;Ott-TO;1.67;3.5;1.04;2.17;1.81;1.12;2.21;792;1.3;1346;Ottawa;Smiths Falls
pendulaire;177;110.0;Ott-TO;4.93;7.35;3.06;4.57;2.39;1.49;2.78;629;1.3;1346;Ottawa;Smiths Falls
pendulaire;177;110.0;Ott-TO;7.97;10.03;4.95;6.23;2.04;1.27;3.28;532;1.3;1346;Ottawa;Smiths Falls
pendulaire;177;110.0;Ott-TO;18.82;19.53;11.69;12.14;0.71;0.44;2.68;652;1.3;1346;Ottawa;Smiths Falls
pendulaire;177;110.0;Ott-TO;22.47;23.39;13.96;14.53;0.91;0.57;2.97;588;1.3;1346;Ottawa;Smiths Falls
pendulaire;177;110.0;Ott-TO;26.6;27.03;16.53;16.8;0.43;0.27;1.37;1272;1.3;1346;Ottawa;Smiths Falls
pendulaire;177;110.0;Ott-TO;48.51;48.74;30.14;30.29;0.23;0.14;1.39;1260;1.3;1346;Ottawa;Smiths Falls
pendulaire;177;110.0;Ott-TO;61.64;62.99;38.3;39.14;1.33;0.83;2.01;867;1.3;1346;Ottawa;Smiths Falls
pendulaire;177;110.0;Ott-TO;64.68;69.47;40.19;43.17;4.76;2.96;8.17;214;1.3;1346;Smiths Falls;Brockville
pendulaire;177;110.0;Ott-TO;94.48;95.59;58.71;59.4;1.09;0.68;2.02;864;1.3;1346;Smiths Falls;Brockville
pendulaire;177;110.0;Ott-TO;109.07;110.92;67.77;68.92;1.82;1.13;8.87;197;1.3;1346;Smiths Falls;Brockville
pendulaire;177;110.0;Ott-TO;111.19;112.05;69.09;69.62;0.86;0.53;1.85;946;1.3;1346;Brockville;Gananoque
pendulaire;177;110.0;Ott-TO;117.74;118.03;73.16;73.34;0.29;0.18;1.85;943;1.3;1346;Brockville;Gananoque
pendulaire;177;110.0;Ott-TO;119.78;121.26;74.43;75.35;1.47;0.91;2.44;716;1.3;1346;Brockville;Gananoque
pendulaire;177;110.0;Ott-TO;125.95;126.5;78.26;78.6;0.55;0.34;1.67;1044;1.3;1346;Brockville;Gananoque
pendulaire;177;110.0;Ott-TO;136.03;138.46;84.53;86.04;2.39;1.49;3.03;576;1.3;1346;Brockville;Gananoque
pendulaire;177;110.0;Ott-TO;156.9;158.7;97.49;98.61;1.76;1.09;2.91;600;1.3;1346;Gananoque;Kingston
pendulaire;177;110.0;Ott-TO;160.49;161.13;99.72;100.12;0.64;0.4;1.72;1017;1.3;1346;Gananoque;Kingston
pendulaire;177;110.0;Ott-TO;175.4;176.11;108.99;109.43;0.7;0.43;1.85;942;1.3;1346;Gananoque;Kingston
pendulaire;177;110.0;Ott-TO;180.61;182.05;112.23;113.12;1.43;0.89;2.03;860;1.3;1346;Gananoque;Kingston
pendulaire;177;110.0;Ott-TO;183.11;188.25;113.78;116.97;5.07;3.15;3.85;454;1.3;1346;Gananoque;Kingston
pendulaire;177;110.0;Ott-TO;188.61;190.42;117.2;118.32;1.79;1.11;3.54;494;1.3;1346;Gananoque;Kingston
pendulaire;177;110.0;Ott-TO;192.54;193.02;119.64;119.94;0.48;0.3;1.45;1204;1.3;1346;Kingston;Napanee
pendulaire;177;110.0;Ott-TO;194.14;194.39;120.63;120.79;0.25;0.16;1.85;944;1.3;1346;Kingston;Napanee
pendulaire;177;110.0;Ott-TO;194.83;196.78;121.06;122.27;1.93;1.2;2.15;811;1.3;1346;Kingston;Napanee
pendulaire;177;110.0;Ott-TO;196.99;205.27;122.4;127.55;8.25;5.13;2.19;798;1.3;1346;Kingston;Napanee
pendulaire;177;110.0;Ott-TO;215.07;215.71;133.64;134.04;0.64;0.4;2.1;830;1.3;1346;Kingston;Napanee
pendulaire;177;110.0;Ott-TO;222.0;222.57;137.94;138.3;0.57;0.35;2.06;846;1.3;1346;Kingston;Napanee
pendulaire;177;110.0;Ott-TO;223.07;224.97;138.61;139.79;1.88;1.17;2.2;793;1.3;1346;Kingston;Napanee
pendulaire;177;110.0;Ott-TO;226.8;228.65;140.93;142.08;1.84;1.14;3.15;554;1.3;1346;Kingston;Belleville
pendulaire;177;110.0;Ott-TO;236.47;237.05;146.94;147.3;0.58;0.36;1.67;1048;1.3;1346;Napanee;Belleville
pendulaire;177;110.0;Ott-TO;241.18;241.66;149.86;150.16;0.48;0.3;2.0;872;1.3;1346;Napanee;Belleville
pendulaire;177;110.0;Ott-TO;252.07;252.65;156.63;156.99;0.58;0.36;1.78;980;1.3;1346;Napanee;Belleville
pendulaire;177;110.0;Ott-TO;254.41;255.1;158.08;158.51;0.69;0.43;2.12;824;1.3;1346;Napanee;Belleville
pendulaire;177;110.0;Ott-TO;279.71;280.72;173.8;174.43;0.99;0.62;1.89;923;1.3;1346;Belleville;Trenton Junction
pendulaire;177;110.0;Ott-TO;282.23;282.61;175.37;175.61;0.38;0.24;1.56;1120;1.3;1346;Belleville;Trenton Junction
pendulaire;177;110.0;Ott-TO;283.98;284.59;176.46;176.84;0.61;0.38;1.7;1029;1.3;1346;Trenton Junction;Cobourg
pendulaire;177;110.0;Ott-TO;333.23;333.82;207.06;207.43;0.57;0.35;2.02;864;1.3;1346;Trenton Junction;Port Hope
pendulaire;177;110.0;Ott-TO;334.46;336.71;207.82;209.22;2.23;1.39;2.03;860;1.3;1346;Cobourg;Port Hope
pendulaire;177;110.0;Ott-TO;343.71;345.34;213.57;214.58;1.62;1.01;2.65;659;1.3;1346;Cobourg;Oshawa
pendulaire;177;110.0;Ott-TO;353.65;354.22;219.75;220.1;0.57;0.35;1.63;1069;1.3;1346;Port Hope;Oshawa
pendulaire;177;110.0;Ott-TO;355.64;356.13;220.98;221.29;0.49;0.3;1.82;962;1.3;1346;Port Hope;Oshawa
pendulaire;177;110.0;Ott-TO;357.31;358.08;222.02;222.5;0.77;0.48;1.48;1181;1.3;1346;Port Hope;Oshawa
pendulaire;177;110.0;Ott-TO;365.04;366.42;226.83;227.68;1.35;0.84;2.01;868;1.3;1346;Port Hope;Oshawa
pendulaire;177;110.0;Ott-TO;367.12;367.77;228.12;228.52;0.65;0.4;1.75;998;1.3;1346;Port Hope;Oshawa
pendulaire;177;110.0;Ott-TO;368.67;369.38;229.08;229.52;0.71;0.44;1.68;1040;1.3;1346;Port Hope;Oshawa
pendulaire;177;110.0;Ott-TO;374.23;374.9;232.54;232.95;0.67;0.42;1.85;944;1.3;1346;Port Hope;Oshawa
pendulaire;177;110.0;Ott-TO;376.71;377.68;234.08;234.68;0.95;0.59;2.98;586;1.3;1346;Port Hope;Oshawa
pendulaire;177;110.0;Ott-TO;380.03;381.15;236.14;236.84;1.1;0.68;2.0;873;1.3;1346;Port Hope;Oshawa
pendulaire;177;110.0;Ott-TO;382.43;383.5;237.63;238.3;1.05;0.65;1.98;882;1.3;1346;Port Hope;Oshawa
pendulaire;177;110.0;Ott-TO;384.73;385.45;239.06;239.51;0.7;0.43;1.98;882;1.3;1346;Port Hope;Oshawa
pendulaire;177;110.0;Ott-TO;385.81;388.01;239.73;241.1;2.17;1.35;2.75;634;1.3;1346;Port Hope;Oshawa
pendulaire;177;110.0;Ott-TO;388.98;390.04;241.7;242.36;1.04;0.65;2.01;870;1.3;1346;Port Hope;Oshawa
pendulaire;177;110.0;Ott-TO;397.22;398.04;246.82;247.33;0.81;0.5;2.01;869;1.3;1346;Oshawa;Guildwood
pendulaire;177;110.0;Ott-TO;400.23;401.52;248.69;249.49;1.27;0.79;2.01;867;1.3;1346;Oshawa;Guildwood
pendulaire;177;110.0;Ott-TO;409.02;409.58;254.15;254.5;0.56;0.35;1.59;1096;1.3;1346;Oshawa;Guildwood
pendulaire;177;110.0;Ott-TO;414.39;415.69;257.49;258.3;1.27;0.79;2.02;865;1.3;1346;Oshawa;Guildwood
pendulaire;177;110.0;Ott-TO;416.23;417.44;258.63;259.39;1.19;0.74;1.97;886;1.3;1346;Oshawa;Guildwood
pendulaire;177;110.0;Ott-TO;421.21;421.8;261.73;262.09;0.59;0.37;2.4;728;1.3;1346;Oshawa;Guildwood
pendulaire;177;110.0;Ott-TO;426.08;426.52;264.75;265.03;0.44;0.27;1.71;1020;1.3;1346;Guildwood;Toronto
pendulaire;177;110.0;Ott-TO;426.8;428.13;265.2;266.03;1.3;0.81;6.15;284;1.3;1346;Guildwood;Toronto
pendulaire;177;110.0;Ott-TO;430.22;430.85;267.33;267.72;0.63;0.39;1.99;877;1.3;1346;Guildwood;Toronto
pendulaire;177;110.0;Ott-TO;434.36;434.56;269.9;270.02;0.2;0.12;1.84;947;1.3;1346;Guildwood;Toronto
pendulaire;177;110.0;Ott-TO;435.49;435.93;270.6;270.87;0.44;0.27;1.85;946;1.3;1346;Guildwood;Toronto
pendulaire;177;110.0;Ott-TO;440.86;444.8;273.94;276.39;3.88;2.41;2.32;752;1.3;1346;Guildwood;Toronto
pendulaire;177;110.0;Ott-TO;445.88;445.92;277.06;277.08;0.04;0.02;2.7;646;1.3;1346;Guildwood;Toronto
pendulaire;177;110.0;MTL-TO;0.0;5.36;0.0;3.33;5.32;3.31;5.09;343;1.3;1346;Montréal;Dorval
pendulaire;177;110.0;MTL-TO;9.92;11.14;6.16;6.92;1.2;0.75;2.11;828;1.3;1346;Montréal;Dorval
pendulaire;177;110.0;MTL-TO;34.89;36.35;21.68;22.59;1.42;0.88;6.22;281;1.3;1346;Aéroport Montréal Pierre-Elliott Trudeau;Coteau
pendulaire;177;110.0;MTL-TO;40.59;41.66;25.22;25.89;1.05;0.65;1.9;921;1.3;1346;Aéroport Montréal Pierre-Elliott Trudeau;Coteau
pendulaire;177;110.0;MTL-TO;59.0;59.79;36.66;37.15;0.79;0.49;1.4;1250;1.3;1346;Aéroport Montréal Pierre-Elliott Trudeau;Coteau
pendulaire;177;110.0;MTL-TO;102.47;104.9;63.67;65.18;2.4;1.49;2.05;852;1.3;1346;Coteau;Brockville
pendulaire;177;110.0;MTL-TO;107.39;108.52;66.73;67.43;1.11;0.69;1.99;876;1.3;1346;Coteau;Brockville
pendulaire;177;110.0;MTL-TO;123.36;124.31;76.65;77.24;0.93;0.58;1.99;876;1.3;1346;Coteau;Brockville
pendulaire;177;110.0;MTL-TO;181.56;182.15;112.82;113.18;0.58;0.36;1.93;906;1.3;1346;Coteau;Brockville
pendulaire;177;110.0;MTL-TO;182.69;183.97;113.52;114.31;1.26;0.78;2.03;859;1.3;1346;Coteau;Brockville
pendulaire;177;110.0;MTL-TO;201.98;204.36;125.5;126.98;2.34;1.45;2.92;599;1.3;1346;Coteau;Brockville
pendulaire;177;110.0;MTL-TO;205.41;206.2;127.64;128.13;0.79;0.49;1.85;946;1.3;1346;Brockville;Gananoque
pendulaire;177;110.0;MTL-TO;211.9;212.19;131.67;131.85;0.29;0.18;1.85;944;1.3;1346;Brockville;Gananoque
pendulaire;177;110.0;MTL-TO;213.93;215.42;132.93;133.86;1.48;0.92;2.41;725;1.3;1346;Brockville;Gananoque
pendulaire;177;110.0;MTL-TO;220.11;220.66;136.77;137.11;0.55;0.34;1.67;1044;1.3;1346;Brockville;Gananoque
pendulaire;177;110.0;MTL-TO;230.18;231.36;143.03;143.76;1.17;0.73;1.88;928;1.3;1346;Brockville;Gananoque
pendulaire;177;110.0;MTL-TO;251.06;252.87;156.0;157.13;1.77;1.1;2.91;600;1.3;1346;Gananoque;Kingston
pendulaire;177;110.0;MTL-TO;254.66;255.29;158.24;158.63;0.63;0.39;1.72;1017;1.3;1346;Gananoque;Kingston
pendulaire;177;110.0;MTL-TO;269.56;270.27;167.5;167.94;0.7;0.43;1.85;943;1.3;1346;Gananoque;Kingston
pendulaire;177;110.0;MTL-TO;274.77;276.21;170.73;171.63;1.42;0.88;2.02;864;1.3;1346;Gananoque;Kingston
pendulaire;177;110.0;MTL-TO;277.26;282.41;172.28;175.48;5.08;3.16;4.12;424;1.3;1346;Gananoque;Kingston
pendulaire;177;110.0;MTL-TO;282.76;284.57;175.7;176.82;1.79;1.11;3.54;494;1.3;1346;Gananoque;Kingston
pendulaire;177;110.0;MTL-TO;286.69;287.18;178.14;178.45;0.49;0.3;1.46;1198;1.3;1346;Kingston;Napanee
pendulaire;177;110.0;MTL-TO;288.3;288.54;179.14;179.29;0.24;0.15;1.84;948;1.3;1346;Kingston;Napanee
pendulaire;177;110.0;MTL-TO;288.99;290.93;179.57;180.78;1.92;1.19;2.15;812;1.3;1346;Kingston;Napanee
pendulaire;177;110.0;MTL-TO;291.15;299.43;180.91;186.06;8.25;5.13;2.19;798;1.3;1346;Kingston;Napanee
pendulaire;177;110.0;MTL-TO;309.22;309.86;192.14;192.54;0.64;0.4;2.1;830;1.3;1346;Kingston;Napanee
pendulaire;177;110.0;MTL-TO;316.27;316.82;196.52;196.86;0.54;0.34;2.02;863;1.3;1346;Kingston;Napanee
pendulaire;177;110.0;MTL-TO;317.21;319.12;197.11;198.29;1.89;1.17;2.2;793;1.3;1346;Kingston;Napanee
pendulaire;177;110.0;MTL-TO;320.95;322.79;199.43;200.57;1.83;1.14;3.18;550;1.3;1346;Kingston;Napanee
pendulaire;177;110.0;MTL-TO;330.62;331.2;205.44;205.8;0.58;0.36;1.67;1046;1.3;1346;Napanee;Belleville
pendulaire;177;110.0;MTL-TO;335.31;335.81;208.35;208.66;0.49;0.3;2.01;868;1.3;1346;Napanee;Belleville
pendulaire;177;110.0;MTL-TO;346.21;346.79;215.12;215.49;0.58;0.36;1.78;980;1.3;1346;Napanee;Belleville
pendulaire;177;110.0;MTL-TO;348.55;349.24;216.58;217.01;0.69;0.43;2.12;824;1.3;1346;Napanee;Belleville
pendulaire;177;110.0;MTL-TO;373.9;374.9;232.33;232.95;0.98;0.61;1.89;922;1.3;1346;Belleville;Trenton Junction
pendulaire;177;110.0;MTL-TO;376.42;377.07;233.9;234.3;0.65;0.4;1.56;1118;1.3;1346;Belleville;Trenton Junction
pendulaire;177;110.0;MTL-TO;378.16;378.77;234.98;235.36;0.61;0.38;1.7;1028;1.3;1346;Trenton Junction;Cobourg
pendulaire;177;110.0;MTL-TO;427.4;427.99;265.57;265.94;0.57;0.35;2.02;864;1.3;1346;Trenton Junction;Port Hope
pendulaire;177;110.0;MTL-TO;428.63;430.88;266.34;267.74;2.23;1.39;2.03;860;1.3;1346;Cobourg;Port Hope
pendulaire;177;110.0;MTL-TO;437.88;439.51;272.09;273.1;1.62;1.01;2.65;659;1.3;1346;Cobourg;Oshawa
pendulaire;177;110.0;MTL-TO;447.82;448.39;278.26;278.62;0.57;0.35;1.63;1069;1.3;1346;Port Hope;Oshawa
pendulaire;177;110.0;MTL-TO;449.81;450.3;279.5;279.8;0.49;0.3;1.82;962;1.3;1346;Port Hope;Oshawa
pendulaire;177;110.0;MTL-TO;451.48;452.25;280.54;281.02;0.77;0.48;1.48;1181;1.3;1346;Port Hope;Oshawa
pendulaire;177;110.0;MTL-TO;459.21;460.59;285.34;286.2;1.35;0.84;2.01;868;1.3;1346;Port Hope;Oshawa
pendulaire;177;110.0;MTL-TO;461.29;461.94;286.63;287.04;0.65;0.4;1.75;998;1.3;1346;Port Hope;Oshawa
pendulaire;177;110.0;MTL-TO;462.84;463.55;287.6;288.04;0.71;0.44;1.68;1041;1.3;1346;Port Hope;Oshawa
pendulaire;177;110.0;MTL-TO;468.4;469.07;291.05;291.47;0.67;0.42;1.85;944;1.3;1346;Port Hope;Oshawa
pendulaire;177;110.0;MTL-TO;470.88;471.85;292.59;293.19;0.95;0.59;2.98;586;1.3;1346;Port Hope;Oshawa
pendulaire;177;110.0;MTL-TO;474.2;475.32;294.65;295.35;1.1;0.68;2.0;873;1.3;1346;Port Hope;Oshawa
pendulaire;177;110.0;MTL-TO;476.6;477.67;296.15;296.81;1.05;0.65;1.98;882;1.3;1346;Port Hope;Oshawa
pendulaire;177;110.0;MTL-TO;478.9;479.62;297.57;298.02;0.7;0.43;1.98;882;1.3;1346;Port Hope;Oshawa
pendulaire;177;110.0;MTL-TO;479.98;482.18;298.25;299.61;2.17;1.35;2.75;634;1.3;1346;Port Hope;Oshawa
pendulaire;177;110.0;MTL-TO;483.15;484.14;300.22;300.83;0.97;0.6;2.01;870;1.3;1346;Port Hope;Oshawa
pendulaire;177;110.0;MTL-TO;491.01;492.21;305.1;305.85;1.17;0.73;2.01;869;1.3;1346;Oshawa;Guildwood
pendulaire;177;110.0;MTL-TO;494.74;495.68;307.42;308.0;0.92;0.57;2.02;866;1.3;1346;Oshawa;Guildwood
pendulaire;177;110.0;MTL-TO;503.18;503.75;312.66;313.02;0.57;0.35;1.59;1097;1.3;1346;Oshawa;Guildwood
pendulaire;177;110.0;MTL-TO;508.56;509.83;316.0;316.79;1.24;0.77;2.02;865;1.3;1346;Oshawa;Guildwood
pendulaire;177;110.0;MTL-TO;510.4;511.61;317.15;317.9;1.19;0.74;1.97;886;1.3;1346;Oshawa;Guildwood
pendulaire;177;110.0;MTL-TO;515.43;515.99;320.27;320.62;0.56;0.35;2.19;798;1.3;1346;Oshawa;Guildwood
pendulaire;177;110.0;MTL-TO;520.24;520.69;323.26;323.54;0.45;0.28;1.71;1020;1.3;1346;Guildwood;Toronto
pendulaire;177;110.0;MTL-TO;520.96;522.29;323.71;324.54;1.3;0.81;5.14;340;1.3;1346;Guildwood;Toronto
pendulaire;177;110.0;MTL-TO;524.38;525.01;325.83;326.23;0.63;0.39;1.99;876;1.3;1346;Guildwood;Toronto
pendulaire;177;110.0;MTL-TO;528.52;528.72;328.41;328.53;0.2;0.12;1.84;949;1.3;1346;Guildwood;Toronto
pendulaire;177;110.0;MTL-TO;529.65;530.09;329.11;329.38;0.44;0.27;1.85;944;1.3;1346;Guildwood;Toronto
pendulaire;177;110.0;MTL-TO;535.02;538.97;332.45;334.9;3.89;2.42;2.32;753;1.3;1346;Guildwood;Toronto
pendulaire;177;110.0;MTL-TO;540.04;540.08;335.57;335.59;0.04;0.02;2.48;703;1.3;1346;Guildwood;Toronto
pendulaire;200;124.3;MTL-QC;0.0;2.91;0.0;1.81;2.89;1.8;7.22;242;1.02;1719;Montréal;Saint-Lambert
pendulaire;200;124.3;MTL-QC;19.55;20.18;12.15;12.54;0.63;0.39;1.74;1006;1.02;1719;Saint-Lambert;Saint-Hyacinthe
pendulaire;200;124.3;MTL-QC;28.97;34.62;18.0;21.51;5.59;3.47;6.99;250;1.02;1719;Saint-Lambert;Saint-Hyacinthe
pendulaire;200;124.3;MTL-QC;61.71;62.6;38.34;38.9;0.88;0.55;2.94;594;1.02;1719;Saint-Hyacinthe;Drummondville
pendulaire;200;124.3;MTL-QC;63.84;64.57;39.67;40.12;0.72;0.45;1.86;938;1.02;1719;Saint-Hyacinthe;Drummondville
pendulaire;200;124.3;MTL-QC;65.93;66.88;40.97;41.56;0.93;0.58;1.98;884;1.02;1719;Saint-Hyacinthe;Drummondville
pendulaire;200;124.3;MTL-QC;68.38;69.44;42.49;43.15;1.05;0.65;3.07;568;1.02;1719;Saint-Hyacinthe;Drummondville
pendulaire;200;124.3;MTL-QC;89.98;90.52;55.91;56.25;0.54;0.34;1.56;1118;1.02;1719;Saint-Hyacinthe;Drummondville
pendulaire;200;124.3;MTL-QC;93.55;94.38;58.13;58.65;0.82;0.51;1.96;893;1.02;1719;Saint-Hyacinthe;Drummondville
pendulaire;200;124.3;MTL-QC;95.87;96.52;59.57;59.97;0.63;0.39;1.94;901;1.02;1719;Saint-Hyacinthe;Drummondville
pendulaire;200;124.3;MTL-QC;100.26;101.07;62.3;62.8;0.8;0.5;2.22;787;1.02;1719;Saint-Hyacinthe;Charny
pendulaire;200;124.3;MTL-QC;101.68;103.56;63.18;64.35;1.85;1.15;2.29;762;1.02;1719;Drummondville;Charny
pendulaire;200;124.3;MTL-QC;110.88;121.7;68.9;75.62;10.73;6.67;3.63;481;1.02;1719;Drummondville;Charny
pendulaire;200;124.3;MTL-QC;124.95;126.23;77.64;78.44;1.27;0.79;3.8;460;1.02;1719;Drummondville;Charny
pendulaire;200;124.3;MTL-QC;128.42;129.13;79.8;80.24;0.71;0.44;1.67;1048;1.02;1719;Drummondville;Charny
pendulaire;200;124.3;MTL-QC;129.5;130.42;80.47;81.04;0.91;0.57;2.39;730;1.02;1719;Drummondville;Charny
pendulaire;200;124.3;MTL-QC;131.88;132.41;81.95;82.28;0.53;0.33;1.57;1113;1.02;1719;Drummondville;Charny
pendulaire;200;124.3;MTL-QC;149.93;152.05;93.16;94.48;2.11;1.31;6.77;258;1.02;1719;Drummondville;Charny
pendulaire;200;124.3;MTL-QC;157.56;161.61;97.9;100.42;4.03;2.5;4.47;391;1.02;1719;Drummondville;Charny
pendulaire;200;124.3;MTL-QC;169.25;193.61;105.17;120.3;24.29;15.09;5.46;320;1.02;1719;Drummondville;Charny
pendulaire;200;124.3;MTL-QC;200.93;211.68;124.85;131.53;10.71;6.65;3.67;476;1.02;1719;Drummondville;Charny
pendulaire;200;124.3;MTL-QC;214.04;214.75;133.0;133.44;0.71;0.44;1.78;980;1.02;1719;Drummondville;Charny
pendulaire;200;124.3;MTL-QC;224.76;225.33;139.66;140.01;0.57;0.35;2.38;734;1.02;1719;Drummondville;Charny
pendulaire;200;124.3;MTL-QC;231.78;232.25;144.02;144.31;0.47;0.29;1.41;1238;1.02;1719;Drummondville;Charny
pendulaire;200;124.3;MTL-QC;243.28;251.47;151.17;156.26;8.09;5.03;9.11;192;1.02;1719;Drummondville;Sainte-Foy
pendulaire;200;124.3;MTL-QC;253.12;256.93;157.28;159.65;3.73;2.32;11.21;156;1.02;1719;Sainte-Foy;Québec
pendulaire;200;124.3;MTL-QC;257.16;258.35;159.79;160.53;1.18;0.73;6.33;276;1.02;1719;Sainte-Foy;Québec
pendulaire;200;124.3;MTL-QC;259.17;262.76;161.04;163.27;3.53;2.19;6.4;273;1.02;1719;Sainte-Foy;Québec
pendulaire;200;124.3;MTL-QC;267.23;269.04;166.05;167.17;1.8;1.12;9.11;192;1.02;1719;Sainte-Foy;Québec
pendulaire;200;124.3;MTL-QC;270.61;271.1;168.15;168.45;0.49;0.3;2.3;758;1.02;1719;Sainte-Foy;Québec
pendulaire;200;124.3;MTL-Ott;0.0;5.36;0.0;3.33;5.32;3.31;5.11;342;1.02;1719;Montréal;Dorval
pendulaire;200;124.3;MTL-Ott;9.92;11.14;6.16;6.92;1.2;0.75;2.11;828;1.02;1719;Montréal;Dorval
pendulaire;200;124.3;MTL-Ott;34.9;36.36;21.69;22.59;1.42;0.88;6.83;256;1.02;1719;Aéroport Montréal Pierre-Elliott Trudeau;Coteau
pendulaire;200;124.3;MTL-Ott;40.23;41.67;25.0;25.89;1.42;0.88;1.9;921;1.02;1719;Aéroport Montréal Pierre-Elliott Trudeau;Coteau
pendulaire;200;124.3;MTL-Ott;59.02;63.79;36.67;39.64;4.75;2.95;3.28;532;1.02;1719;Aéroport Montréal Pierre-Elliott Trudeau;Alexandria
pendulaire;200;124.3;MTL-Ott;74.98;75.7;46.59;47.04;0.72;0.45;1.83;952;1.02;1719;Coteau;Alexandria
pendulaire;200;124.3;MTL-Ott;80.48;85.53;50.01;53.15;5.0;3.11;2.68;652;1.02;1719;Coteau;Alexandria
pendulaire;200;124.3;MTL-Ott;87.16;98.74;54.16;61.35;11.56;7.18;3.51;497;1.02;1719;Coteau;Alexandria
pendulaire;200;124.3;MTL-Ott;99.84;106.15;62.04;65.96;6.27;3.9;3.47;504;1.02;1719;Alexandria;Casselman
pendulaire;200;124.3;MTL-Ott;109.07;111.88;67.77;69.52;2.78;1.73;2.88;606;1.02;1719;Alexandria;Casselman
pendulaire;200;124.3;MTL-Ott;113.13;115.81;70.3;71.96;2.66;1.65;3.68;474;1.02;1719;Alexandria;Casselman
pendulaire;200;124.3;MTL-Ott;117.27;127.33;72.87;79.12;10.02;6.23;3.76;464;1.02;1719;Alexandria;Casselman
pendulaire;200;124.3;MTL-Ott;128.75;140.84;80.0;87.51;12.08;7.51;3.29;531;1.02;1719;Alexandria;Ottawa
pendulaire;200;124.3;MTL-Ott;143.03;143.54;88.87;89.19;0.51;0.32;1.31;1333;1.02;1719;Casselman;Ottawa
pendulaire;200;124.3;MTL-Ott;143.84;180.83;89.38;112.36;36.97;22.97;4.53;386;1.02;1719;Casselman;Ottawa
pendulaire;200;124.3;MTL-Ott;181.68;183.04;112.89;113.74;1.35;0.84;4.99;350;1.02;1719;Casselman;Ottawa
pendulaire;200;124.3;MTL-Ott;184.29;185.56;114.51;115.3;1.26;0.78;2.14;816;1.02;1719;Casselman;Ottawa
pendulaire;200;124.3;Ott-TO;0.01;1.03;0.01;0.64;1.01;0.63;8.74;200;1.02;1719;Ottawa;Smiths Falls
pendulaire;200;124.3;Ott-TO;1.67;3.5;1.04;2.17;1.81;1.12;2.21;792;1.02;1719;Ottawa;Smiths Falls
pendulaire;200;124.3;Ott-TO;4.93;7.35;3.06;4.57;2.39;1.49;2.78;629;1.02;1719;Ottawa;Smiths Falls
pendulaire;200;124.3;Ott-TO;7.97;10.03;4.95;6.23;2.04;1.27;3.28;532;1.02;1719;Ottawa;Smiths Falls
pendulaire;200;124.3;Ott-TO;18.82;19.53;11.69;12.14;0.71;0.44;2.68;652;1.02;1719;Ottawa;Smiths Falls
pendulaire;200;124.3;Ott-TO;22.47;23.39;13.96;14.53;0.91;0.57;2.97;588;1.02;1719;Ottawa;Smiths Falls
pendulaire;200;124.3;Ott-TO;26.6;27.03;16.53;16.8;0.43;0.27;1.37;1272;1.02;1719;Ottawa;Smiths Falls
pendulaire;200;124.3;Ott-TO;48.51;48.74;30.14;30.29;0.23;0.14;1.39;1260;1.02;1719;Ottawa;Smiths Falls
pendulaire;200;124.3;Ott-TO;61.64;62.99;38.3;39.14;1.33;0.83;2.01;867;1.02;1719;Ottawa;Smiths Falls
pendulaire;200;124.3;Ott-TO;64.68;69.47;40.19;43.17;4.76;2.96;8.17;214;1.02;1719;Smiths Falls;Brockville
pendulaire;200;124.3;Ott-TO;90.22;95.59;56.06;59.4;5.34;3.32;2.02;864;1.02;1719;Smiths Falls;Brockville
pendulaire;200;124.3;Ott-TO;109.07;110.92;67.77;68.92;1.82;1.13;8.87;197;1.02;1719;Smiths Falls;Brockville
pendulaire;200;124.3;Ott-TO;111.19;112.05;69.09;69.62;0.86;0.53;1.85;946;1.02;1719;Brockville;Gananoque
pendulaire;200;124.3;Ott-TO;117.74;118.03;73.16;73.34;0.29;0.18;1.85;943;1.02;1719;Brockville;Gananoque
pendulaire;200;124.3;Ott-TO;119.78;121.26;74.43;75.35;1.47;0.91;2.44;716;1.02;1719;Brockville;Gananoque
pendulaire;200;124.3;Ott-TO;125.95;126.5;78.26;78.6;0.55;0.34;1.67;1044;1.02;1719;Brockville;Gananoque
pendulaire;200;124.3;Ott-TO;136.03;138.46;84.53;86.04;2.39;1.49;3.03;576;1.02;1719;Brockville;Gananoque
pendulaire;200;124.3;Ott-TO;156.9;158.7;97.49;98.61;1.76;1.09;2.91;600;1.02;1719;Gananoque;Kingston
pendulaire;200;124.3;Ott-TO;160.49;161.13;99.72;100.12;0.64;0.4;1.72;1017;1.02;1719;Gananoque;Kingston
pendulaire;200;124.3;Ott-TO;175.4;182.05;108.99;113.12;6.61;4.11;2.03;860;1.02;1719;Gananoque;Kingston
pendulaire;200;124.3;Ott-TO;183.11;188.25;113.78;116.97;5.07;3.15;3.85;454;1.02;1719;Gananoque;Kingston
pendulaire;200;124.3;Ott-TO;188.61;190.42;117.2;118.32;1.79;1.11;3.54;494;1.02;1719;Gananoque;Kingston
pendulaire;200;124.3;Ott-TO;192.54;194.39;119.64;120.79;1.83;1.14;1.85;944;1.02;1719;Kingston;Napanee
pendulaire;200;124.3;Ott-TO;194.83;196.78;121.06;122.27;1.93;1.2;2.15;811;1.02;1719;Kingston;Napanee
pendulaire;200;124.3;Ott-TO;196.99;205.27;122.4;127.55;8.25;5.13;2.19;798;1.02;1719;Kingston;Napanee
pendulaire;200;124.3;Ott-TO;215.07;215.71;133.64;134.04;0.64;0.4;2.1;830;1.02;1719;Kingston;Napanee
pendulaire;200;124.3;Ott-TO;222.0;222.57;137.94;138.3;0.57;0.35;2.06;846;1.02;1719;Kingston;Napanee
pendulaire;200;124.3;Ott-TO;223.07;224.97;138.61;139.79;1.88;1.17;2.2;793;1.02;1719;Kingston;Napanee
pendulaire;200;124.3;Ott-TO;226.8;228.65;140.93;142.08;1.84;1.14;3.15;554;1.02;1719;Kingston;Belleville
pendulaire;200;124.3;Ott-TO;236.47;237.05;146.94;147.3;0.58;0.36;1.67;1048;1.02;1719;Napanee;Belleville
pendulaire;200;124.3;Ott-TO;239.02;241.66;148.52;150.16;2.62;1.63;2.0;872;1.02;1719;Napanee;Belleville
pendulaire;200;124.3;Ott-TO;252.07;252.65;156.63;156.99;0.58;0.36;1.78;980;1.02;1719;Napanee;Belleville
pendulaire;200;124.3;Ott-TO;254.41;255.1;158.08;158.51;0.69;0.43;2.12;824;1.02;1719;Napanee;Belleville
pendulaire;200;124.3;Ott-TO;279.71;280.72;173.8;174.43;0.99;0.62;1.89;923;1.02;1719;Belleville;Trenton Junction
pendulaire;200;124.3;Ott-TO;282.23;282.61;175.37;175.61;0.38;0.24;1.56;1120;1.02;1719;Belleville;Trenton Junction
pendulaire;200;124.3;Ott-TO;283.98;284.59;176.46;176.84;0.61;0.38;1.7;1029;1.02;1719;Trenton Junction;Cobourg
pendulaire;200;124.3;Ott-TO;330.51;333.82;205.37;207.43;3.28;2.04;2.02;864;1.02;1719;Trenton Junction;Port Hope
pendulaire;200;124.3;Ott-TO;334.46;336.71;207.82;209.22;2.23;1.39;2.03;860;1.02;1719;Cobourg;Port Hope
pendulaire;200;124.3;Ott-TO;343.71;345.34;213.57;214.58;1.62;1.01;2.65;659;1.02;1719;Cobourg;Oshawa
pendulaire;200;124.3;Ott-TO;353.65;354.22;219.75;220.1;0.57;0.35;1.63;1069;1.02;1719;Port Hope;Oshawa
pendulaire;200;124.3;Ott-TO;355.64;356.13;220.98;221.29;0.49;0.3;1.82;962;1.02;1719;Port Hope;Oshawa
pendulaire;200;124.3;Ott-TO;357.31;358.08;222.02;222.5;0.77;0.48;1.48;1181;1.02;1719;Port Hope;Oshawa
pendulaire;200;124.3;Ott-TO;365.04;366.42;226.83;227.68;1.35;0.84;2.01;868;1.02;1719;Port Hope;Oshawa
pendulaire;200;124.3;Ott-TO;367.12;367.77;228.12;228.52;0.65;0.4;1.75;998;1.02;1719;Port Hope;Oshawa
pendulaire;200;124.3;Ott-TO;368.67;369.38;229.08;229.52;0.71;0.44;1.68;1040;1.02;1719;Port Hope;Oshawa
pendulaire;200;124.3;Ott-TO;374.23;374.9;232.54;232.95;0.67;0.42;1.85;944;1.02;1719;Port Hope;Oshawa
pendulaire;200;124.3;Ott-TO;376.71;377.68;234.08;234.68;0.95;0.59;2.98;586;1.02;1719;Port Hope;Oshawa
pendulaire;200;124.3;Ott-TO;380.03;381.15;236.14;236.84;1.1;0.68;2.0;873;1.02;1719;Port Hope;Oshawa
pendulaire;200;124.3;Ott-TO;382.43;383.5;237.63;238.3;1.05;0.65;1.98;882;1.02;1719;Port Hope;Oshawa
pendulaire;200;124.3;Ott-TO;384.73;385.45;239.06;239.51;0.7;0.43;1.98;882;1.02;1719;Port Hope;Oshawa
pendulaire;200;124.3;Ott-TO;385.81;388.01;239.73;241.1;2.17;1.35;2.75;634;1.02;1719;Port Hope;Oshawa
pendulaire;200;124.3;Ott-TO;388.98;390.04;241.7;242.36;1.04;0.65;2.01;870;1.02;1719;Port Hope;Oshawa
pendulaire;200;124.3;Ott-TO;397.22;398.04;246.82;247.33;0.81;0.5;2.01;869;1.02;1719;Oshawa;Guildwood
pendulaire;200;124.3;Ott-TO;400.23;401.52;248.69;249.49;1.27;0.79;2.01;867;1.02;1719;Oshawa;Guildwood
pendulaire;200;124.3;Ott-TO;409.02;415.69;254.15;258.3;6.62;4.11;2.02;865;1.02;1719;Oshawa;Guildwood
pendulaire;200;124.3;Ott-TO;416.23;417.44;258.63;259.39;1.19;0.74;1.97;886;1.02;1719;Oshawa;Guildwood
pendulaire;200;124.3;Ott-TO;421.21;421.8;261.73;262.09;0.59;0.37;2.4;728;1.02;1719;Oshawa;Guildwood
pendulaire;200;124.3;Ott-TO;426.08;426.52;264.75;265.03;0.44;0.27;1.71;1020;1.02;1719;Guildwood;Toronto
pendulaire;200;124.3;Ott-TO;426.8;428.13;265.2;266.03;1.3;0.81;6.15;284;1.02;1719;Guildwood;Toronto
pendulaire;200;124.3;Ott-TO;430.22;430.85;267.33;267.72;0.63;0.39;1.99;877;1.02;1719;Guildwood;Toronto
pendulaire;200;124.3;Ott-TO;434.36;434.56;269.9;270.02;0.2;0.12;1.84;947;1.02;1719;Guildwood;Toronto
pendulaire;200;124.3;Ott-TO;435.49;435.93;270.6;270.87;0.44;0.27;1.85;946;1.02;1719;Guildwood;Toronto
pendulaire;200;124.3;Ott-TO;440.86;444.8;273.94;276.39;3.88;2.41;2.32;752;1.02;1719;Guildwood;Toronto
pendulaire;200;124.3;Ott-TO;445.88;445.92;277.06;277.08;0.04;0.02;2.7;646;1.02;1719;Guildwood;Toronto
pendulaire;200;124.3;MTL-TO;0.0;5.36;0.0;3.33;5.32;3.31;5.09;343;1.02;1719;Montréal;Dorval
pendulaire;200;124.3;MTL-TO;9.92;11.14;6.16;6.92;1.2;0.75;2.11;828;1.02;1719;Montréal;Dorval
pendulaire;200;124.3;MTL-TO;34.89;36.35;21.68;22.59;1.42;0.88;6.22;281;1.02;1719;Aéroport Montréal Pierre-Elliott Trudeau;Coteau
pendulaire;200;124.3;MTL-TO;40.59;41.66;25.22;25.89;1.05;0.65;1.9;921;1.02;1719;Aéroport Montréal Pierre-Elliott Trudeau;Coteau
pendulaire;200;124.3;MTL-TO;59.0;59.79;36.66;37.15;0.79;0.49;1.4;1250;1.02;1719;Aéroport Montréal Pierre-Elliott Trudeau;Coteau
pendulaire;200;124.3;MTL-TO;102.47;104.9;63.67;65.18;2.4;1.49;2.05;852;1.02;1719;Coteau;Brockville
pendulaire;200;124.3;MTL-TO;107.39;108.52;66.73;67.43;1.11;0.69;1.99;876;1.02;1719;Coteau;Brockville
pendulaire;200;124.3;MTL-TO;123.36;124.31;76.65;77.24;0.93;0.58;1.99;876;1.02;1719;Coteau;Brockville
pendulaire;200;124.3;MTL-TO;181.56;182.15;112.82;113.18;0.58;0.36;1.93;906;1.02;1719;Coteau;Brockville
pendulaire;200;124.3;MTL-TO;182.69;183.97;113.52;114.31;1.26;0.78;2.03;859;1.02;1719;Coteau;Brockville
pendulaire;200;124.3;MTL-TO;201.98;204.36;125.5;126.98;2.34;1.45;2.92;599;1.02;1719;Coteau;Brockville
pendulaire;200;124.3;MTL-TO;205.41;206.2;127.64;128.13;0.79;0.49;1.85;946;1.02;1719;Brockville;Gananoque
pendulaire;200;124.3;MTL-TO;211.9;212.19;131.67;131.85;0.29;0.18;1.85;944;1.02;1719;Brockville;Gananoque
pendulaire;200;124.3;MTL-TO;213.93;215.42;132.93;133.86;1.48;0.92;2.41;725;1.02;1719;Brockville;Gananoque
pendulaire;200;124.3;MTL-TO;220.11;220.66;136.77;137.11;0.55;0.34;1.67;1044;1.02;1719;Brockville;Gananoque
pendulaire;200;124.3;MTL-TO;230.18;231.36;143.03;143.76;1.17;0.73;1.88;928;1.02;1719;Brockville;Gananoque
pendulaire;200;124.3;MTL-TO;251.06;252.87;156.0;157.13;1.77;1.1;2.91;600;1.02;1719;Gananoque;Kingston
pendulaire;200;124.3;MTL-TO;254.66;255.29;158.24;158.63;0.63;0.39;1.72;1017;1.02;1719;Gananoque;Kingston
pendulaire;200;124.3;MTL-TO;269.56;276.21;167.5;171.63;6.6;4.1;2.02;864;1.02;1719;Gananoque;Kingston
pendulaire;200;124.3;MTL-TO;277.26;282.41;172.28;175.48;5.08;3.16;4.12;424;1.02;1719;Gananoque;Kingston
pendulaire;200;124.3;MTL-TO;282.76;284.57;175.7;176.82;1.79;1.11;3.54;494;1.02;1719;Gananoque;Kingston
pendulaire;200;124.3;MTL-TO;286.69;288.54;178.14;179.29;1.83;1.14;1.84;948;1.02;1719;Kingston;Napanee
pendulaire;200;124.3;MTL-TO;288.99;290.93;179.57;180.78;1.92;1.19;2.15;812;1.02;1719;Kingston;Napanee
pendulaire;200;124.3;MTL-TO;291.15;299.43;180.91;186.06;8.25;5.13;2.19;798;1.02;1719;Kingston;Napanee
pendulaire;200;124.3;MTL-TO;309.22;316.82;192.14;196.86;7.57;4.7;2.1;830;1.02;1719;Kingston;Napanee
pendulaire;200;124.3;MTL-TO;317.21;319.12;197.11;198.29;1.89;1.17;2.2;793;1.02;1719;Kingston;Napanee
pendulaire;200;124.3;MTL-TO;320.95;322.79;199.43;200.57;1.83;1.14;3.18;550;1.02;1719;Kingston;Napanee
pendulaire;200;124.3;MTL-TO;330.62;331.2;205.44;205.8;0.58;0.36;1.67;1046;1.02;1719;Napanee;Belleville
pendulaire;200;124.3;MTL-TO;333.17;335.81;207.02;208.66;2.62;1.63;2.01;868;1.02;1719;Napanee;Belleville
pendulaire;200;124.3;MTL-TO;346.21;346.79;215.12;215.49;0.58;0.36;1.78;980;1.02;1719;Napanee;Belleville
pendulaire;200;124.3;MTL-TO;348.55;349.24;216.58;217.01;0.69;0.43;2.12;824;1.02;1719;Napanee;Belleville
pendulaire;200;124.3;MTL-TO;373.9;374.9;232.33;232.95;0.98;0.61;1.89;922;1.02;1719;Belleville;Trenton Junction
pendulaire;200;124.3;MTL-TO;376.42;377.07;233.9;234.3;0.65;0.4;1.56;1118;1.02;1719;Belleville;Trenton Junction
pendulaire;200;124.3;MTL-TO;378.16;378.77;234.98;235.36;0.61;0.38;1.7;1028;1.02;1719;Trenton Junction;Cobourg
pendulaire;200;124.3;MTL-TO;424.68;427.99;263.88;265.94;3.28;2.04;2.02;864;1.02;1719;Trenton Junction;Port Hope
pendulaire;200;124.3;MTL-TO;428.63;430.88;266.34;267.74;2.23;1.39;2.03;860;1.02;1719;Cobourg;Port Hope
pendulaire;200;124.3;MTL-TO;437.88;439.51;272.09;273.1;1.62;1.01;2.65;659;1.02;1719;Cobourg;Oshawa
pendulaire;200;124.3;MTL-TO;447.82;448.39;278.26;278.62;0.57;0.35;1.63;1069;1.02;1719;Port Hope;Oshawa
pendulaire;200;124.3;MTL-TO;449.81;450.3;279.5;279.8;0.49;0.3;1.82;962;1.02;1719;Port Hope;Oshawa
pendulaire;200;124.3;MTL-TO;451.48;452.25;280.54;281.02;0.77;0.48;1.48;1181;1.02;1719;Port Hope;Oshawa
pendulaire;200;124.3;MTL-TO;459.21;460.59;285.34;286.2;1.35;0.84;2.01;868;1.02;1719;Port Hope;Oshawa
pendulaire;200;124.3;MTL-TO;461.29;461.94;286.63;287.04;0.65;0.4;1.75;998;1.02;1719;Port Hope;Oshawa
pendulaire;200;124.3;MTL-TO;462.84;463.55;287.6;288.04;0.71;0.44;1.68;1041;1.02;1719;Port Hope;Oshawa
pendulaire;200;124.3;MTL-TO;468.4;469.07;291.05;291.47;0.67;0.42;1.85;944;1.02;1719;Port Hope;Oshawa
pendulaire;200;124.3;MTL-TO;470.88;471.85;292.59;293.19;0.95;0.59;2.98;586;1.02;1719;Port Hope;Oshawa
pendulaire;200;124.3;MTL-TO;474.2;475.32;294.65;295.35;1.1;0.68;2.0;873;1.02;1719;Port Hope;Oshawa
pendulaire;200;124.3;MTL-TO;476.6;477.67;296.15;296.81;1.05;0.65;1.98;882;1.02;1719;Port Hope;Oshawa
pendulaire;200;124.3;MTL-TO;478.9;479.62;297.57;298.02;0.7;0.43;1.98;882;1.02;1719;Port Hope;Oshawa
pendulaire;200;124.3;MTL-TO;479.98;482.18;298.25;299.61;2.17;1.35;2.75;634;1.02;1719;Port Hope;Oshawa
pendulaire;200;124.3;MTL-TO;483.15;484.14;300.22;300.83;0.97;0.6;2.01;870;1.02;1719;Port Hope;Oshawa
pendulaire;200;124.3;MTL-TO;491.01;492.21;305.1;305.85;1.17;0.73;2.01;869;1.02;1719;Oshawa;Guildwood
pendulaire;200;124.3;MTL-TO;494.74;495.68;307.42;308.0;0.92;0.57;2.02;866;1.02;1719;Oshawa;Guildwood
pendulaire;200;124.3;MTL-TO;503.18;509.83;312.66;316.79;6.6;4.1;2.02;865;1.02;1719;Oshawa;Guildwood
pendulaire;200;124.3;MTL-TO;510.4;511.61;317.15;317.9;1.19;0.74;1.97;886;1.02;1719;Oshawa;Guildwood
pendulaire;200;124.3;MTL-TO;515.43;515.99;320.27;320.62;0.56;0.35;2.19;798;1.02;1719;Oshawa;Guildwood
pendulaire;200;124.3;MTL-TO;520.24;520.69;323.26;323.54;0.45;0.28;1.71;1020;1.02;1719;Guildwood;Toronto
pendulaire;200;124.3;MTL-TO;520.96;522.29;323.71;324.54;1.3;0.81;5.14;340;1.02;1719;Guildwood;Toronto
pendulaire;200;124.3;MTL-TO;524.38;525.01;325.83;326.23;0.63;0.39;1.99;876;1.02;1719;Guildwood;Toronto
pendulaire;200;124.3;MTL-TO;528.52;528.72;328.41;328.53;0.2;0.12;1.84;949;1.02;1719;Guildwood;Toronto
pendulaire;200;124.3;MTL-TO;529.65;530.09;329.11;329.38;0.44;0.27;1.85;944;1.02;1719;Guildwood;Toronto
pendulaire;200;124.3;MTL-TO;535.02;538.97;332.45;334.9;3.89;2.42;2.32;753;1.02;1719;Guildwood;Toronto
pendulaire;200;124.3;MTL-TO;540.04;540.08;335.57;335.59;0.04;0.02;2.48;703;1.02;1719;Guildwood;Toronto
pendulaire;250;155.3;MTL-QC;0.0;2.91;0.0;1.81;2.89;1.8;7.22;242;0.65;2685;Montréal;Saint-Lambert
pendulaire;250;155.3;MTL-QC;19.55;20.18;12.15;12.54;0.63;0.39;1.74;1006;0.65;2685;Saint-Lambert;Saint-Hyacinthe
pendulaire;250;155.3;MTL-QC;28.97;34.62;18.0;21.51;5.59;3.47;6.99;250;0.65;2685;Saint-Lambert;Saint-Hyacinthe
pendulaire;250;155.3;MTL-QC;58.44;62.6;36.31;38.9;4.14;2.57;2.94;594;0.65;2685;Saint-Hyacinthe;Drummondville
pendulaire;250;155.3;MTL-QC;63.84;64.57;39.67;40.12;0.72;0.45;1.86;938;0.65;2685;Saint-Hyacinthe;Drummondville
pendulaire;250;155.3;MTL-QC;65.93;66.88;40.97;41.56;0.93;0.58;1.98;884;0.65;2685;Saint-Hyacinthe;Drummondville
pendulaire;250;155.3;MTL-QC;68.38;69.44;42.49;43.15;1.05;0.65;3.07;568;0.65;2685;Saint-Hyacinthe;Drummondville
pendulaire;250;155.3;MTL-QC;89.98;90.52;55.91;56.25;0.54;0.34;1.56;1118;0.65;2685;Saint-Hyacinthe;Drummondville
pendulaire;250;155.3;MTL-QC;93.55;94.38;58.13;58.65;0.82;0.51;1.96;893;0.65;2685;Saint-Hyacinthe;Drummondville
pendulaire;250;155.3;MTL-QC;95.87;96.52;59.57;59.97;0.63;0.39;1.94;901;0.65;2685;Saint-Hyacinthe;Drummondville
pendulaire;250;155.3;MTL-QC;100.26;101.07;62.3;62.8;0.8;0.5;2.22;787;0.65;2685;Saint-Hyacinthe;Charny
pendulaire;250;155.3;MTL-QC;101.68;103.56;63.18;64.35;1.85;1.15;2.29;762;0.65;2685;Drummondville;Charny
pendulaire;250;155.3;MTL-QC;108.15;121.7;67.2;75.62;13.45;8.36;3.63;481;0.65;2685;Drummondville;Charny
pendulaire;250;155.3;MTL-QC;124.95;126.23;77.64;78.44;1.27;0.79;3.8;460;0.65;2685;Drummondville;Charny
pendulaire;250;155.3;MTL-QC;128.42;129.13;79.8;80.24;0.71;0.44;1.67;1048;0.65;2685;Drummondville;Charny
pendulaire;250;155.3;MTL-QC;129.5;130.42;80.47;81.04;0.91;0.57;2.39;730;0.65;2685;Drummondville;Charny
pendulaire;250;155.3;MTL-QC;131.88;132.41;81.95;82.28;0.53;0.33;1.57;1113;0.65;2685;Drummondville;Charny
pendulaire;250;155.3;MTL-QC;149.93;161.61;93.16;100.42;11.63;7.23;6.77;258;0.65;2685;Drummondville;Charny
pendulaire;250;155.3;MTL-QC;169.25;193.61;105.17;120.3;24.29;15.09;5.46;320;0.65;2685;Drummondville;Charny
pendulaire;250;155.3;MTL-QC;200.93;211.68;124.85;131.53;10.71;6.65;3.67;476;0.65;2685;Drummondville;Charny
pendulaire;250;155.3;MTL-QC;214.04;225.33;133.0;140.01;11.27;7.0;2.38;734;0.65;2685;Drummondville;Charny
pendulaire;250;155.3;MTL-QC;231.78;232.25;144.02;144.31;0.47;0.29;1.41;1238;0.65;2685;Drummondville;Charny
pendulaire;250;155.3;MTL-QC;242.36;251.47;150.6;156.26;9.0;5.59;9.11;192;0.65;2685;Drummondville;Sainte-Foy
pendulaire;250;155.3;MTL-QC;253.12;256.93;157.28;159.65;3.73;2.32;11.21;156;0.65;2685;Sainte-Foy;Québec
pendulaire;250;155.3;MTL-QC;257.16;258.35;159.79;160.53;1.18;0.73;6.33;276;0.65;2685;Sainte-Foy;Québec
pendulaire;250;155.3;MTL-QC;259.17;262.76;161.04;163.27;3.53;2.19;6.4;273;0.65;2685;Sainte-Foy;Québec
pendulaire;250;155.3;MTL-QC;264.83;271.1;164.56;168.45;6.23;3.87;9.11;192;0.65;2685;Sainte-Foy;Québec
pendulaire;250;155.3;MTL-Ott;0.0;5.36;0.0;3.33;5.32;3.31;5.11;342;0.65;2685;Montréal;Dorval
pendulaire;250;155.3;MTL-Ott;9.92;11.14;6.16;6.92;1.2;0.75;2.11;828;0.65;2685;Montréal;Dorval
pendulaire;250;155.3;MTL-Ott;34.9;36.36;21.69;22.59;1.42;0.88;6.83;256;0.65;2685;Aéroport Montréal Pierre-Elliott Trudeau;Coteau
pendulaire;250;155.3;MTL-Ott;40.23;41.67;25.0;25.89;1.42;0.88;1.9;921;0.65;2685;Aéroport Montréal Pierre-Elliott Trudeau;Coteau
pendulaire;250;155.3;MTL-Ott;59.02;63.79;36.67;39.64;4.75;2.95;3.28;532;0.65;2685;Aéroport Montréal Pierre-Elliott Trudeau;Alexandria
pendulaire;250;155.3;MTL-Ott;74.98;75.7;46.59;47.04;0.72;0.45;1.83;952;0.65;2685;Coteau;Alexandria
pendulaire;250;155.3;MTL-Ott;79.55;85.53;49.43;53.15;5.92;3.68;2.68;652;0.65;2685;Coteau;Alexandria
pendulaire;250;155.3;MTL-Ott;87.16;98.74;54.16;61.35;11.56;7.18;3.51;497;0.65;2685;Coteau;Alexandria
pendulaire;250;155.3;MTL-Ott;99.84;106.15;62.04;65.96;6.27;3.9;3.47;504;0.65;2685;Alexandria;Casselman
pendulaire;250;155.3;MTL-Ott;108.07;111.88;67.15;69.52;3.77;2.34;2.88;606;0.65;2685;Alexandria;Casselman
pendulaire;250;155.3;MTL-Ott;113.13;116.97;70.3;72.68;3.81;2.37;3.68;474;0.65;2685;Alexandria;Casselman
pendulaire;250;155.3;MTL-Ott;117.27;127.33;72.87;79.12;10.02;6.23;3.76;464;0.65;2685;Alexandria;Casselman
pendulaire;250;155.3;MTL-Ott;128.75;140.84;80.0;87.51;12.08;7.51;3.29;531;0.65;2685;Alexandria;Ottawa
pendulaire;250;155.3;MTL-Ott;143.03;143.54;88.87;89.19;0.51;0.32;1.31;1333;0.65;2685;Casselman;Ottawa
pendulaire;250;155.3;MTL-Ott;143.84;180.83;89.38;112.36;36.97;22.97;4.53;386;0.65;2685;Casselman;Ottawa
pendulaire;250;155.3;MTL-Ott;181.68;183.04;112.89;113.74;1.35;0.84;4.99;350;0.65;2685;Casselman;Ottawa
pendulaire;250;155.3;MTL-Ott;184.29;185.56;114.51;115.3;1.26;0.78;2.14;816;0.65;2685;Casselman;Ottawa
pendulaire;250;155.3;Ott-TO;0.01;1.03;0.01;0.64;1.01;0.63;8.74;200;0.65;2685;Ottawa;Smiths Falls
pendulaire;250;155.3;Ott-TO;1.67;7.35;1.04;4.57;5.61;3.49;2.78;629;0.65;2685;Ottawa;Smiths Falls
pendulaire;250;155.3;Ott-TO;7.97;23.39;4.95;14.53;15.35;9.54;3.28;532;0.65;2685;Ottawa;Smiths Falls
pendulaire;250;155.3;Ott-TO;26.6;27.03;16.53;16.8;0.43;0.27;1.37;1272;0.65;2685;Ottawa;Smiths Falls
pendulaire;250;155.3;Ott-TO;48.51;48.74;30.14;30.29;0.23;0.14;1.39;1260;0.65;2685;Ottawa;Smiths Falls
pendulaire;250;155.3;Ott-TO;61.64;69.47;38.3;43.17;7.76;4.82;8.17;214;0.65;2685;Ottawa;Brockville
pendulaire;250;155.3;Ott-TO;90.22;95.59;56.06;59.4;5.34;3.32;2.02;864;0.65;2685;Smiths Falls;Brockville
pendulaire;250;155.3;Ott-TO;96.07;97.12;59.7;60.35;1.05;0.65;0.74;2357;0.65;2685;Smiths Falls;Brockville
pendulaire;250;155.3;Ott-TO;109.07;110.92;67.77;68.92;1.82;1.13;8.87;197;0.65;2685;Smiths Falls;Brockville
pendulaire;250;155.3;Ott-TO;111.19;112.05;69.09;69.62;0.86;0.53;1.85;946;0.65;2685;Brockville;Gananoque
pendulaire;250;155.3;Ott-TO;113.16;114.07;70.31;70.88;0.91;0.57;0.68;2574;0.65;2685;Brockville;Gananoque
pendulaire;250;155.3;Ott-TO;117.74;119.26;73.16;74.1;1.51;0.94;1.85;943;0.65;2685;Brockville;Gananoque
pendulaire;250;155.3;Ott-TO;119.78;121.26;74.43;75.35;1.47;0.91;2.44;716;0.65;2685;Brockville;Gananoque
pendulaire;250;155.3;Ott-TO;125.95;126.5;78.26;78.6;0.55;0.34;1.67;1044;0.65;2685;Brockville;Gananoque
pendulaire;250;155.3;Ott-TO;136.03;138.46;84.53;86.04;2.39;1.49;3.03;576;0.65;2685;Brockville;Gananoque
pendulaire;250;155.3;Ott-TO;151.1;158.7;93.89;98.61;7.55;4.69;2.91;600;0.65;2685;Brockville;Kingston
pendulaire;250;155.3;Ott-TO;160.49;161.13;99.72;100.12;0.64;0.4;1.72;1017;0.65;2685;Gananoque;Kingston
pendulaire;250;155.3;Ott-TO;165.06;171.76;102.56;106.73;6.7;4.16;0.68;2563;0.65;2685;Gananoque;Kingston
pendulaire;250;155.3;Ott-TO;175.4;188.25;108.99;116.97;12.72;7.9;3.85;454;0.65;2685;Gananoque;Kingston
pendulaire;250;155.3;Ott-TO;188.61;190.42;117.2;118.32;1.79;1.11;3.54;494;0.65;2685;Gananoque;Kingston
pendulaire;250;155.3;Ott-TO;192.54;194.39;119.64;120.79;1.83;1.14;1.85;944;0.65;2685;Kingston;Napanee
pendulaire;250;155.3;Ott-TO;194.83;196.78;121.06;122.27;1.93;1.2;2.15;811;0.65;2685;Kingston;Napanee
pendulaire;250;155.3;Ott-TO;196.99;205.27;122.4;127.55;8.25;5.13;2.19;798;0.65;2685;Kingston;Napanee
pendulaire;250;155.3;Ott-TO;212.01;222.57;131.74;138.3;10.53;6.54;2.1;830;0.65;2685;Kingston;Napanee
pendulaire;250;155.3;Ott-TO;223.07;224.97;138.61;139.79;1.88;1.17;2.2;793;0.65;2685;Kingston;Napanee
pendulaire;250;155.3;Ott-TO;225.87;228.65;140.35;142.08;2.76;1.71;3.15;554;0.65;2685;Kingston;Belleville
pendulaire;250;155.3;Ott-TO;236.47;237.05;146.94;147.3;0.58;0.36;1.67;1048;0.65;2685;Napanee;Belleville
pendulaire;250;155.3;Ott-TO;239.02;241.66;148.52;150.16;2.62;1.63;2.0;872;0.65;2685;Napanee;Belleville
pendulaire;250;155.3;Ott-TO;252.07;252.65;156.63;156.99;0.58;0.36;1.78;980;0.65;2685;Napanee;Belleville
pendulaire;250;155.3;Ott-TO;252.89;255.1;157.14;158.51;2.2;1.37;2.12;824;0.65;2685;Napanee;Belleville
pendulaire;250;155.3;Ott-TO;279.71;280.72;173.8;174.43;0.99;0.62;1.89;923;0.65;2685;Belleville;Trenton Junction
pendulaire;250;155.3;Ott-TO;282.23;282.61;175.37;175.61;0.38;0.24;1.56;1120;0.65;2685;Belleville;Trenton Junction
pendulaire;250;155.3;Ott-TO;283.98;284.59;176.46;176.84;0.61;0.38;1.7;1029;0.65;2685;Trenton Junction;Cobourg
pendulaire;250;155.3;Ott-TO;330.51;333.82;205.37;207.43;3.28;2.04;2.02;864;0.65;2685;Trenton Junction;Port Hope
pendulaire;250;155.3;Ott-TO;334.46;338.97;207.82;210.63;4.48;2.78;2.03;860;0.65;2685;Cobourg;Port Hope
pendulaire;250;155.3;Ott-TO;341.85;345.34;212.42;214.58;3.47;2.16;2.65;659;0.65;2685;Cobourg;Oshawa
pendulaire;250;155.3;Ott-TO;353.65;354.22;219.75;220.1;0.57;0.35;1.63;1069;0.65;2685;Port Hope;Oshawa
pendulaire;250;155.3;Ott-TO;355.64;356.13;220.98;221.29;0.49;0.3;1.82;962;0.65;2685;Port Hope;Oshawa
pendulaire;250;155.3;Ott-TO;357.31;358.08;222.02;222.5;0.77;0.48;1.48;1181;0.65;2685;Port Hope;Oshawa
pendulaire;250;155.3;Ott-TO;365.04;366.42;226.83;227.68;1.35;0.84;2.01;868;0.65;2685;Port Hope;Oshawa
pendulaire;250;155.3;Ott-TO;367.12;367.77;228.12;228.52;0.65;0.4;1.75;998;0.65;2685;Port Hope;Oshawa
pendulaire;250;155.3;Ott-TO;368.67;369.38;229.08;229.52;0.71;0.44;1.68;1040;0.65;2685;Port Hope;Oshawa
pendulaire;250;155.3;Ott-TO;373.0;374.9;231.77;232.95;1.89;1.17;1.85;944;0.65;2685;Port Hope;Oshawa
pendulaire;250;155.3;Ott-TO;375.75;377.68;233.48;234.68;1.9;1.18;2.98;586;0.65;2685;Port Hope;Oshawa
pendulaire;250;155.3;Ott-TO;380.03;381.15;236.14;236.84;1.1;0.68;2.0;873;0.65;2685;Port Hope;Oshawa
pendulaire;250;155.3;Ott-TO;382.43;383.5;237.63;238.3;1.05;0.65;1.98;882;0.65;2685;Port Hope;Oshawa
pendulaire;250;155.3;Ott-TO;384.73;385.45;239.06;239.51;0.7;0.43;1.98;882;0.65;2685;Port Hope;Oshawa
pendulaire;250;155.3;Ott-TO;385.81;390.04;239.73;242.36;4.16;2.58;2.75;634;0.65;2685;Port Hope;Oshawa
pendulaire;250;155.3;Ott-TO;393.28;398.04;244.37;247.33;4.74;2.95;2.01;869;0.65;2685;Oshawa;Guildwood
pendulaire;250;155.3;Ott-TO;400.23;401.52;248.69;249.49;1.27;0.79;2.01;867;0.65;2685;Oshawa;Guildwood
pendulaire;250;155.3;Ott-TO;409.02;415.69;254.15;258.3;6.62;4.11;2.02;865;0.65;2685;Oshawa;Guildwood
pendulaire;250;155.3;Ott-TO;416.23;417.44;258.63;259.39;1.19;0.74;1.97;886;0.65;2685;Oshawa;Guildwood
pendulaire;250;155.3;Ott-TO;420.23;421.8;261.12;262.09;1.56;0.97;2.4;728;0.65;2685;Oshawa;Guildwood
pendulaire;250;155.3;Ott-TO;426.08;426.52;264.75;265.03;0.44;0.27;1.71;1020;0.65;2685;Guildwood;Toronto
pendulaire;250;155.3;Ott-TO;426.8;428.13;265.2;266.03;1.3;0.81;6.15;284;0.65;2685;Guildwood;Toronto
pendulaire;250;155.3;Ott-TO;428.6;430.85;266.32;267.72;2.24;1.39;1.99;877;0.65;2685;Guildwood;Toronto
pendulaire;250;155.3;Ott-TO;434.36;435.93;269.9;270.87;1.55;0.96;1.85;946;0.65;2685;Guildwood;Toronto
pendulaire;250;155.3;Ott-TO;437.85;444.8;272.07;276.39;6.88;4.28;2.32;752;0.65;2685;Guildwood;Toronto
pendulaire;250;155.3;Ott-TO;445.88;445.92;277.06;277.08;0.04;0.02;2.7;646;0.65;2685;Guildwood;Toronto
pendulaire;250;155.3;MTL-TO;0.0;5.36;0.0;3.33;5.32;3.31;5.09;343;0.65;2685;Montréal;Dorval
pendulaire;250;155.3;MTL-TO;9.92;11.14;6.16;6.92;1.2;0.75;2.11;828;0.65;2685;Montréal;Dorval
pendulaire;250;155.3;MTL-TO;34.89;36.35;21.68;22.59;1.42;0.88;6.22;281;0.65;2685;Aéroport Montréal Pierre-Elliott Trudeau;Coteau
pendulaire;250;155.3;MTL-TO;40.59;41.66;25.22;25.89;1.05;0.65;1.9;921;0.65;2685;Aéroport Montréal Pierre-Elliott Trudeau;Coteau
pendulaire;250;155.3;MTL-TO;59.0;59.79;36.66;37.15;0.79;0.49;1.4;1250;0.65;2685;Aéroport Montréal Pierre-Elliott Trudeau;Coteau
pendulaire;250;155.3;MTL-TO;102.47;104.9;63.67;65.18;2.4;1.49;2.05;852;0.65;2685;Coteau;Brockville
pendulaire;250;155.3;MTL-TO;107.39;108.52;66.73;67.43;1.11;0.69;1.99;876;0.65;2685;Coteau;Brockville
pendulaire;250;155.3;MTL-TO;123.36;133.56;76.65;82.99;10.17;6.32;1.99;876;0.65;2685;Coteau;Brockville
pendulaire;250;155.3;MTL-TO;181.56;182.15;112.82;113.18;0.58;0.36;1.93;906;0.65;2685;Coteau;Brockville
pendulaire;250;155.3;MTL-TO;182.69;183.97;113.52;114.31;1.26;0.78;2.03;859;0.65;2685;Coteau;Brockville
pendulaire;250;155.3;MTL-TO;201.98;204.36;125.5;126.98;2.34;1.45;2.92;599;0.65;2685;Coteau;Brockville
pendulaire;250;155.3;MTL-TO;205.41;206.2;127.64;128.13;0.79;0.49;1.85;946;0.65;2685;Brockville;Gananoque
pendulaire;250;155.3;MTL-TO;207.32;208.24;128.82;129.39;0.92;0.57;0.68;2571;0.65;2685;Brockville;Gananoque
pendulaire;250;155.3;MTL-TO;211.9;213.42;131.67;132.61;1.51;0.94;1.85;944;0.65;2685;Brockville;Gananoque
pendulaire;250;155.3;MTL-TO;213.93;215.42;132.93;133.86;1.48;0.92;2.41;725;0.65;2685;Brockville;Gananoque
pendulaire;250;155.3;MTL-TO;220.11;220.66;136.77;137.11;0.55;0.34;1.67;1044;0.65;2685;Brockville;Gananoque
pendulaire;250;155.3;MTL-TO;230.18;231.36;143.03;143.76;1.17;0.73;1.88;928;0.65;2685;Brockville;Gananoque
pendulaire;250;155.3;MTL-TO;245.26;252.87;152.4;157.13;7.56;4.7;2.91;600;0.65;2685;Brockville;Kingston
pendulaire;250;155.3;MTL-TO;254.66;255.29;158.24;158.63;0.63;0.39;1.72;1017;0.65;2685;Gananoque;Kingston
pendulaire;250;155.3;MTL-TO;259.23;265.91;161.08;165.23;6.68;4.15;0.68;2566;0.65;2685;Gananoque;Kingston
pendulaire;250;155.3;MTL-TO;269.56;282.41;167.5;175.48;12.71;7.9;4.12;424;0.65;2685;Gananoque;Kingston
pendulaire;250;155.3;MTL-TO;282.76;284.57;175.7;176.82;1.79;1.11;3.54;494;0.65;2685;Gananoque;Kingston
pendulaire;250;155.3;MTL-TO;286.69;288.54;178.14;179.29;1.83;1.14;1.84;948;0.65;2685;Kingston;Napanee
pendulaire;250;155.3;MTL-TO;288.99;290.93;179.57;180.78;1.92;1.19;2.15;812;0.65;2685;Kingston;Napanee
pendulaire;250;155.3;MTL-TO;291.15;299.43;180.91;186.06;8.25;5.13;2.19;798;0.65;2685;Kingston;Napanee
pendulaire;250;155.3;MTL-TO;306.17;316.82;190.25;196.86;10.61;6.59;2.1;830;0.65;2685;Kingston;Napanee
pendulaire;250;155.3;MTL-TO;317.21;319.12;197.11;198.29;1.89;1.17;2.2;793;0.65;2685;Kingston;Napanee
pendulaire;250;155.3;MTL-TO;320.01;322.79;198.84;200.57;2.76;1.71;3.18;550;0.65;2685;Kingston;Napanee
pendulaire;250;155.3;MTL-TO;330.62;331.2;205.44;205.8;0.58;0.36;1.67;1046;0.65;2685;Napanee;Belleville
pendulaire;250;155.3;MTL-TO;333.17;335.81;207.02;208.66;2.62;1.63;2.01;868;0.65;2685;Napanee;Belleville
pendulaire;250;155.3;MTL-TO;346.21;346.79;215.12;215.49;0.58;0.36;1.78;980;0.65;2685;Napanee;Belleville
pendulaire;250;155.3;MTL-TO;347.03;349.24;215.63;217.01;2.2;1.37;2.12;824;0.65;2685;Napanee;Belleville
pendulaire;250;155.3;MTL-TO;373.9;374.9;232.33;232.95;0.98;0.61;1.89;922;0.65;2685;Belleville;Trenton Junction
pendulaire;250;155.3;MTL-TO;376.42;377.07;233.9;234.3;0.65;0.4;1.56;1118;0.65;2685;Belleville;Trenton Junction
pendulaire;250;155.3;MTL-TO;378.16;378.77;234.98;235.36;0.61;0.38;1.7;1028;0.65;2685;Trenton Junction;Cobourg
pendulaire;250;155.3;MTL-TO;424.68;427.99;263.88;265.94;3.28;2.04;2.02;864;0.65;2685;Trenton Junction;Port Hope
pendulaire;250;155.3;MTL-TO;428.63;433.14;266.34;269.14;4.48;2.78;2.03;860;0.65;2685;Cobourg;Port Hope
pendulaire;250;155.3;MTL-TO;436.02;439.51;270.93;273.1;3.47;2.16;2.65;659;0.65;2685;Cobourg;Oshawa
pendulaire;250;155.3;MTL-TO;447.82;448.39;278.26;278.62;0.57;0.35;1.63;1069;0.65;2685;Port Hope;Oshawa
pendulaire;250;155.3;MTL-TO;449.81;450.3;279.5;279.8;0.49;0.3;1.82;962;0.65;2685;Port Hope;Oshawa
pendulaire;250;155.3;MTL-TO;451.48;452.25;280.54;281.02;0.77;0.48;1.48;1181;0.65;2685;Port Hope;Oshawa
pendulaire;250;155.3;MTL-TO;459.21;460.59;285.34;286.2;1.35;0.84;2.01;868;0.65;2685;Port Hope;Oshawa
pendulaire;250;155.3;MTL-TO;461.29;461.94;286.63;287.04;0.65;0.4;1.75;998;0.65;2685;Port Hope;Oshawa
pendulaire;250;155.3;MTL-TO;462.84;463.55;287.6;288.04;0.71;0.44;1.68;1041;0.65;2685;Port Hope;Oshawa
pendulaire;250;155.3;MTL-TO;467.17;469.07;290.29;291.47;1.89;1.17;1.85;944;0.65;2685;Port Hope;Oshawa
pendulaire;250;155.3;MTL-TO;469.92;471.85;291.99;293.19;1.9;1.18;2.98;586;0.65;2685;Port Hope;Oshawa
pendulaire;250;155.3;MTL-TO;474.2;475.32;294.65;295.35;1.1;0.68;2.0;873;0.65;2685;Port Hope;Oshawa
pendulaire;250;155.3;MTL-TO;476.6;477.67;296.15;296.81;1.05;0.65;1.98;882;0.65;2685;Port Hope;Oshawa
pendulaire;250;155.3;MTL-TO;478.9;479.62;297.57;298.02;0.7;0.43;1.98;882;0.65;2685;Port Hope;Oshawa
pendulaire;250;155.3;MTL-TO;479.98;484.14;298.25;300.83;4.09;2.54;2.75;634;0.65;2685;Port Hope;Oshawa
pendulaire;250;155.3;MTL-TO;491.01;492.21;305.1;305.85;1.17;0.73;2.01;869;0.65;2685;Oshawa;Guildwood
pendulaire;250;155.3;MTL-TO;494.74;495.68;307.42;308.0;0.92;0.57;2.02;866;0.65;2685;Oshawa;Guildwood
pendulaire;250;155.3;MTL-TO;503.18;509.83;312.66;316.79;6.6;4.1;2.02;865;0.65;2685;Oshawa;Guildwood
pendulaire;250;155.3;MTL-TO;510.4;511.61;317.15;317.9;1.19;0.74;1.97;886;0.65;2685;Oshawa;Guildwood
pendulaire;250;155.3;MTL-TO;514.4;515.99;319.63;320.62;1.58;0.98;2.19;798;0.65;2685;Oshawa;Guildwood
pendulaire;250;155.3;MTL-TO;520.24;520.69;323.26;323.54;0.45;0.28;1.71;1020;0.65;2685;Guildwood;Toronto
pendulaire;250;155.3;MTL-TO;520.96;522.29;323.71;324.54;1.3;0.81;5.14;340;0.65;2685;Guildwood;Toronto
pendulaire;250;155.3;MTL-TO;522.77;525.01;324.83;326.23;2.23;1.39;1.99;876;0.65;2685;Guildwood;Toronto
pendulaire;250;155.3;MTL-TO;528.52;530.09;328.41;329.38;1.55;0.96;1.85;944;0.65;2685;Guildwood;Toronto
pendulaire;250;155.3;MTL-TO;532.19;538.97;330.69;334.9;6.71;4.17;2.32;753;0.65;2685;Guildwood;Toronto
pendulaire;250;155.3;MTL-TO;540.04;540.08;335.57;335.59;0.04;0.02;2.48;703;0.65;2685;Guildwood;Toronto
pendulaire;300;186.4;MTL-QC;0.0;3.33;0.0;2.07;3.3;2.05;7.22;242;0.45;3867;Montréal;Saint-Lambert
pendulaire;300;186.4;MTL-QC;7.07;34.62;4.39;21.51;27.45;17.06;6.99;250;0.45;3867;Saint-Lambert;Saint-Hyacinthe
pendulaire;300;186.4;MTL-QC;57.95;66.88;36.01;41.56;8.83;5.49;2.94;594;0.45;3867;Saint-Hyacinthe;Drummondville
pendulaire;300;186.4;MTL-QC;68.38;69.44;42.49;43.15;1.05;0.65;3.07;568;0.45;3867;Saint-Hyacinthe;Drummondville
pendulaire;300;186.4;MTL-QC;80.46;94.38;50.0;58.65;13.87;8.62;1.96;893;0.45;3867;Saint-Hyacinthe;Drummondville
pendulaire;300;186.4;MTL-QC;95.52;96.86;59.35;60.19;1.3;0.81;1.94;901;0.45;3867;Saint-Hyacinthe;Drummondville
pendulaire;300;186.4;MTL-QC;99.75;101.64;61.98;63.16;1.86;1.16;2.22;787;0.45;3867;Saint-Hyacinthe;Charny
pendulaire;300;186.4;MTL-QC;101.68;103.56;63.18;64.35;1.85;1.15;2.29;762;0.45;3867;Drummondville;Charny
pendulaire;300;186.4;MTL-QC;107.62;121.7;66.87;75.62;13.97;8.68;3.63;481;0.45;3867;Drummondville;Charny
pendulaire;300;186.4;MTL-QC;124.95;129.13;77.64;80.24;4.15;2.58;3.8;460;0.45;3867;Drummondville;Charny
pendulaire;300;186.4;MTL-QC;129.5;132.41;80.47;82.28;2.88;1.79;2.39;730;0.45;3867;Drummondville;Charny
pendulaire;300;186.4;MTL-QC;147.55;147.96;91.68;91.94;0.41;0.25;0.5;3528;0.45;3867;Drummondville;Charny
pendulaire;300;186.4;MTL-QC;149.55;225.33;92.93;140.01;75.53;46.93;6.77;258;0.45;3867;Drummondville;Charny
pendulaire;300;186.4;MTL-QC;230.01;232.25;142.92;144.31;2.23;1.39;1.41;1238;0.45;3867;Drummondville;Charny
pendulaire;300;186.4;MTL-QC;239.7;251.47;148.94;156.26;11.64;7.23;9.11;192;0.45;3867;Drummondville;Sainte-Foy
pendulaire;300;186.4;MTL-QC;253.12;256.93;157.28;159.65;3.73;2.32;11.21;156;0.45;3867;Sainte-Foy;Québec
pendulaire;300;186.4;MTL-QC;257.16;262.76;159.79;163.27;5.51;3.42;6.4;273;0.45;3867;Sainte-Foy;Québec
pendulaire;300;186.4;MTL-QC;264.83;271.1;164.56;168.45;6.23;3.87;9.11;192;0.45;3867;Sainte-Foy;Québec
pendulaire;300;186.4;MTL-Ott;0.0;5.66;0.0;3.52;5.61;3.49;5.11;342;0.45;3867;Montréal;Dorval
pendulaire;300;186.4;MTL-Ott;7.96;8.84;4.95;5.49;0.88;0.55;0.5;3485;0.45;3867;Montréal;Dorval
pendulaire;300;186.4;MTL-Ott;9.62;11.14;5.98;6.92;1.49;0.93;2.11;828;0.45;3867;Montréal;Dorval
pendulaire;300;186.4;MTL-Ott;14.45;14.75;8.98;9.17;0.3;0.19;0.6;2891;0.45;3867;Montréal;Dorval
pendulaire;300;186.4;MTL-Ott;21.69;22.96;13.48;14.27;1.27;0.79;0.5;3463;0.45;3867;Aéroport Montréal Pierre-Elliott Trudeau;Coteau
pendulaire;300;186.4;MTL-Ott;30.85;31.48;19.17;19.56;0.63;0.39;0.49;3545;0.45;3867;Aéroport Montréal Pierre-Elliott Trudeau;Coteau
pendulaire;300;186.4;MTL-Ott;34.8;36.36;21.62;22.59;1.51;0.94;6.83;256;0.45;3867;Aéroport Montréal Pierre-Elliott Trudeau;Coteau
pendulaire;300;186.4;MTL-Ott;36.75;39.62;22.84;24.62;2.87;1.78;0.52;3347;0.45;3867;Aéroport Montréal Pierre-Elliott Trudeau;Coteau
pendulaire;300;186.4;MTL-Ott;40.23;41.67;25.0;25.89;1.42;0.88;1.9;921;0.45;3867;Aéroport Montréal Pierre-Elliott Trudeau;Coteau
pendulaire;300;186.4;MTL-Ott;56.72;57.17;35.24;35.52;0.45;0.28;0.47;3716;0.45;3867;Aéroport Montréal Pierre-Elliott Trudeau;Coteau
pendulaire;300;186.4;MTL-Ott;58.0;75.7;36.04;47.04;17.65;10.97;3.28;532;0.45;3867;Aéroport Montréal Pierre-Elliott Trudeau;Alexandria
pendulaire;300;186.4;MTL-Ott;79.55;85.53;49.43;53.15;5.92;3.68;2.68;652;0.45;3867;Coteau;Alexandria
pendulaire;300;186.4;MTL-Ott;87.16;98.74;54.16;61.35;11.56;7.18;3.51;497;0.45;3867;Coteau;Alexandria
pendulaire;300;186.4;MTL-Ott;99.84;106.15;62.04;65.96;6.27;3.9;3.47;504;0.45;3867;Alexandria;Casselman
pendulaire;300;186.4;MTL-Ott;107.28;111.88;66.66;69.52;4.53;2.81;2.88;606;0.45;3867;Alexandria;Casselman
pendulaire;300;186.4;MTL-Ott;113.13;128.37;70.3;79.77;15.13;9.4;3.76;464;0.45;3867;Alexandria;Casselman
pendulaire;300;186.4;MTL-Ott;128.75;140.84;80.0;87.51;12.08;7.51;3.29;531;0.45;3867;Alexandria;Ottawa
pendulaire;300;186.4;MTL-Ott;143.03;180.83;88.87;112.36;37.75;23.46;4.53;386;0.45;3867;Casselman;Ottawa
pendulaire;300;186.4;MTL-Ott;181.68;183.59;112.89;114.08;1.89;1.17;4.99;350;0.45;3867;Casselman;Ottawa
pendulaire;300;186.4;MTL-Ott;184.29;185.56;114.51;115.3;1.26;0.78;2.14;816;0.45;3867;Casselman;Ottawa
pendulaire;300;186.4;Ott-TO;0.01;7.35;0.01;4.57;7.24;4.5;8.74;200;0.45;3867;Ottawa;Smiths Falls
pendulaire;300;186.4;Ott-TO;7.97;27.03;4.95;16.8;18.97;11.79;3.28;532;0.45;3867;Ottawa;Smiths Falls
pendulaire;300;186.4;Ott-TO;33.08;33.56;20.55;20.85;0.48;0.3;0.54;3210;0.45;3867;Ottawa;Smiths Falls
pendulaire;300;186.4;Ott-TO;43.36;69.47;26.94;43.17;26.0;16.16;8.17;214;0.45;3867;Ottawa;Brockville
pendulaire;300;186.4;Ott-TO;72.42;72.96;45.0;45.34;0.54;0.34;0.47;3678;0.45;3867;Smiths Falls;Brockville
pendulaire;300;186.4;Ott-TO;74.71;75.29;46.42;46.78;0.58;0.36;0.55;3157;0.45;3867;Smiths Falls;Brockville
pendulaire;300;186.4;Ott-TO;89.06;89.31;55.34;55.49;0.25;0.16;0.46;3786;0.45;3867;Smiths Falls;Brockville
pendulaire;300;186.4;Ott-TO;90.22;97.12;56.06;60.35;6.85;4.26;2.02;864;0.45;3867;Smiths Falls;Brockville
pendulaire;300;186.4;Ott-TO;109.07;114.63;67.77;71.23;5.47;3.4;8.87;197;0.45;3867;Smiths Falls;Gananoque
pendulaire;300;186.4;Ott-TO;114.67;119.26;71.25;74.1;4.57;2.84;1.85;943;0.45;3867;Brockville;Gananoque
pendulaire;300;186.4;Ott-TO;119.78;126.5;74.43;78.6;6.69;4.16;2.44;716;0.45;3867;Brockville;Gananoque
pendulaire;300;186.4;Ott-TO;132.28;138.46;82.19;86.04;6.12;3.8;3.03;576;0.45;3867;Brockville;Gananoque
pendulaire;300;186.4;Ott-TO;138.79;139.36;86.24;86.59;0.57;0.35;0.59;2983;0.45;3867;Brockville;Gananoque
pendulaire;300;186.4;Ott-TO;145.49;145.99;90.4;90.71;0.5;0.31;0.49;3548;0.45;3867;Brockville;Gananoque
pendulaire;300;186.4;Ott-TO;150.18;159.03;93.32;98.82;8.78;5.46;2.91;600;0.45;3867;Brockville;Kingston
pendulaire;300;186.4;Ott-TO;160.1;161.13;99.48;100.12;1.02;0.63;1.72;1017;0.45;3867;Gananoque;Kingston
pendulaire;300;186.4;Ott-TO;164.57;188.25;102.26;116.97;23.5;14.6;3.85;454;0.45;3867;Gananoque;Kingston
pendulaire;300;186.4;Ott-TO;188.61;194.78;117.2;121.03;6.1;3.79;3.54;494;0.45;3867;Gananoque;Napanee
pendulaire;300;186.4;Ott-TO;194.83;196.78;121.06;122.27;1.93;1.2;2.15;811;0.45;3867;Kingston;Napanee
pendulaire;300;186.4;Ott-TO;196.99;205.27;122.4;127.55;8.25;5.13;2.19;798;0.45;3867;Kingston;Napanee
pendulaire;300;186.4;Ott-TO;208.54;209.01;129.58;129.87;0.47;0.29;0.51;3410;0.45;3867;Kingston;Napanee
pendulaire;300;186.4;Ott-TO;211.19;222.57;131.23;138.3;11.34;7.05;2.1;830;0.45;3867;Kingston;Napanee
pendulaire;300;186.4;Ott-TO;223.07;224.97;138.61;139.79;1.88;1.17;2.2;793;0.45;3867;Kingston;Napanee
pendulaire;300;186.4;Ott-TO;225.87;228.65;140.35;142.08;2.76;1.71;3.15;554;0.45;3867;Kingston;Belleville
pendulaire;300;186.4;Ott-TO;234.18;237.05;145.51;147.3;2.86;1.78;1.67;1048;0.45;3867;Napanee;Belleville
pendulaire;300;186.4;Ott-TO;238.08;252.65;147.94;156.99;14.52;9.02;2.0;872;0.45;3867;Napanee;Belleville
pendulaire;300;186.4;Ott-TO;252.89;255.1;157.14;158.51;2.2;1.37;2.12;824;0.45;3867;Napanee;Belleville
pendulaire;300;186.4;Ott-TO;276.56;284.59;171.85;176.84;7.95;4.94;1.89;923;0.45;3867;Belleville;Cobourg
pendulaire;300;186.4;Ott-TO;292.76;293.26;181.91;182.22;0.5;0.31;0.49;3581;0.45;3867;Trenton Junction;Cobourg
pendulaire;300;186.4;Ott-TO;308.76;309.18;191.85;192.12;0.42;0.26;0.48;3658;0.45;3867;Trenton Junction;Cobourg
pendulaire;300;186.4;Ott-TO;330.51;334.19;205.37;207.66;3.64;2.26;2.02;864;0.45;3867;Trenton Junction;Port Hope
pendulaire;300;186.4;Ott-TO;334.46;339.27;207.82;210.81;4.76;2.96;2.03;860;0.45;3867;Cobourg;Port Hope
pendulaire;300;186.4;Ott-TO;340.8;345.34;211.76;214.58;4.51;2.8;2.65;659;0.45;3867;Cobourg;Oshawa
pendulaire;300;186.4;Ott-TO;349.23;356.47;217.0;221.5;7.19;4.47;1.82;962;0.45;3867;Port Hope;Oshawa
pendulaire;300;186.4;Ott-TO;356.85;358.08;221.74;222.5;1.22;0.76;1.48;1181;0.45;3867;Port Hope;Oshawa
pendulaire;300;186.4;Ott-TO;362.26;362.96;225.1;225.53;0.7;0.43;0.5;3465;0.45;3867;Port Hope;Oshawa
pendulaire;300;186.4;Ott-TO;364.7;366.42;226.61;227.68;1.68;1.04;2.01;868;0.45;3867;Port Hope;Oshawa
pendulaire;300;186.4;Ott-TO;366.78;369.38;227.91;229.52;2.57;1.6;1.75;998;0.45;3867;Port Hope;Oshawa
pendulaire;300;186.4;Ott-TO;371.76;374.9;231.0;232.95;3.12;1.94;1.85;944;0.45;3867;Port Hope;Oshawa
pendulaire;300;186.4;Ott-TO;375.28;381.15;233.19;236.84;5.79;3.6;2.98;586;0.45;3867;Port Hope;Oshawa
pendulaire;300;186.4;Ott-TO;382.43;390.04;237.63;242.36;7.45;4.63;2.75;634;0.45;3867;Port Hope;Oshawa
pendulaire;300;186.4;Ott-TO;392.83;398.04;244.09;247.33;5.18;3.22;2.01;869;0.45;3867;Port Hope;Guildwood
pendulaire;300;186.4;Ott-TO;400.23;415.69;248.69;258.3;15.37;9.55;2.02;865;0.45;3867;Oshawa;Guildwood
pendulaire;300;186.4;Ott-TO;416.23;417.44;258.63;259.39;1.19;0.74;1.97;886;0.45;3867;Oshawa;Guildwood
pendulaire;300;186.4;Ott-TO;418.36;426.52;259.96;265.03;8.12;5.05;2.4;728;0.45;3867;Oshawa;Toronto
pendulaire;300;186.4;Ott-TO;426.8;428.13;265.2;266.03;1.3;0.81;6.15;284;0.45;3867;Guildwood;Toronto
pendulaire;300;186.4;Ott-TO;428.6;435.93;266.32;270.87;7.28;4.52;1.99;877;0.45;3867;Guildwood;Toronto
pendulaire;300;186.4;Ott-TO;437.35;437.63;271.76;271.93;0.28;0.17;0.47;3688;0.45;3867;Guildwood;Toronto
pendulaire;300;186.4;Ott-TO;437.85;445.02;272.07;276.52;7.09;4.41;2.32;752;0.45;3867;Guildwood;Toronto
pendulaire;300;186.4;Ott-TO;445.88;445.92;277.06;277.08;0.04;0.02;2.7;646;0.45;3867;Guildwood;Toronto
pendulaire;300;186.4;MTL-TO;0.0;5.66;0.0;3.52;5.61;3.49;5.09;343;0.45;3867;Montréal;Dorval
pendulaire;300;186.4;MTL-TO;7.96;8.84;4.95;5.49;0.88;0.55;0.5;3485;0.45;3867;Montréal;Dorval
pendulaire;300;186.4;MTL-TO;9.62;11.14;5.98;6.92;1.49;0.93;2.11;828;0.45;3867;Montréal;Dorval
pendulaire;300;186.4;MTL-TO;14.45;14.75;8.98;9.17;0.3;0.19;0.6;2891;0.45;3867;Montréal;Dorval
pendulaire;300;186.4;MTL-TO;21.69;22.96;13.48;14.27;1.27;0.79;0.5;3463;0.45;3867;Aéroport Montréal Pierre-Elliott Trudeau;Coteau
pendulaire;300;186.4;MTL-TO;30.84;31.47;19.16;19.55;0.63;0.39;0.49;3544;0.45;3867;Aéroport Montréal Pierre-Elliott Trudeau;Coteau
pendulaire;300;186.4;MTL-TO;34.79;36.35;21.62;22.59;1.51;0.94;6.22;281;0.45;3867;Aéroport Montréal Pierre-Elliott Trudeau;Coteau
pendulaire;300;186.4;MTL-TO;36.74;39.61;22.83;24.61;2.87;1.78;0.52;3346;0.45;3867;Aéroport Montréal Pierre-Elliott Trudeau;Coteau
pendulaire;300;186.4;MTL-TO;40.23;41.66;25.0;25.89;1.4;0.87;1.9;921;0.45;3867;Aéroport Montréal Pierre-Elliott Trudeau;Coteau
pendulaire;300;186.4;MTL-TO;56.7;57.15;35.23;35.51;0.45;0.28;0.47;3711;0.45;3867;Aéroport Montréal Pierre-Elliott Trudeau;Coteau
pendulaire;300;186.4;MTL-TO;57.98;59.79;36.03;37.15;1.8;1.12;1.4;1250;0.45;3867;Aéroport Montréal Pierre-Elliott Trudeau;Coteau
pendulaire;300;186.4;MTL-TO;96.76;133.81;60.12;83.15;36.89;22.92;2.05;852;0.45;3867;Coteau;Brockville
pendulaire;300;186.4;MTL-TO;138.73;139.15;86.2;86.46;0.42;0.26;0.51;3458;0.45;3867;Coteau;Brockville
pendulaire;300;186.4;MTL-TO;163.41;164.46;101.54;102.19;1.05;0.65;0.5;3484;0.45;3867;Coteau;Brockville
pendulaire;300;186.4;MTL-TO;170.14;170.6;105.72;106.01;0.46;0.29;0.5;3510;0.45;3867;Coteau;Brockville
pendulaire;300;186.4;MTL-TO;171.08;171.86;106.3;106.79;0.78;0.48;0.53;3285;0.45;3867;Coteau;Brockville
pendulaire;300;186.4;MTL-TO;173.68;177.68;107.92;110.41;3.99;2.48;0.48;3624;0.45;3867;Coteau;Brockville
pendulaire;300;186.4;MTL-TO;181.25;182.48;112.62;113.39;1.2;0.75;1.93;906;0.45;3867;Coteau;Brockville
pendulaire;300;186.4;MTL-TO;182.69;183.97;113.52;114.31;1.26;0.78;2.03;859;0.45;3867;Coteau;Brockville
pendulaire;300;186.4;MTL-TO;187.72;190.73;116.64;118.51;3.01;1.87;0.45;3858;0.45;3867;Coteau;Brockville
pendulaire;300;186.4;MTL-TO;190.83;192.4;118.58;119.55;1.57;0.98;0.46;3756;0.45;3867;Coteau;Brockville
pendulaire;300;186.4;MTL-TO;196.45;197.41;122.07;122.66;0.96;0.6;0.5;3472;0.45;3867;Coteau;Brockville
pendulaire;300;186.4;MTL-TO;198.58;199.37;123.39;123.88;0.79;0.49;0.51;3458;0.45;3867;Coteau;Brockville
pendulaire;300;186.4;MTL-TO;200.96;201.46;124.87;125.18;0.5;0.31;0.5;3479;0.45;3867;Coteau;Brockville
pendulaire;300;186.4;MTL-TO;201.98;204.36;125.5;126.98;2.34;1.45;2.92;599;0.45;3867;Coteau;Brockville
pendulaire;300;186.4;MTL-TO;205.12;213.42;127.46;132.61;8.22;5.11;1.85;944;0.45;3867;Brockville;Gananoque
pendulaire;300;186.4;MTL-TO;213.93;220.66;132.93;137.11;6.7;4.16;2.41;725;0.45;3867;Brockville;Gananoque
pendulaire;300;186.4;MTL-TO;226.44;231.36;140.7;143.76;4.89;3.04;1.88;928;0.45;3867;Brockville;Gananoque
pendulaire;300;186.4;MTL-TO;231.98;232.62;144.15;144.54;0.64;0.4;0.59;2948;0.45;3867;Brockville;Gananoque
pendulaire;300;186.4;MTL-TO;232.95;233.52;144.75;145.1;0.57;0.35;0.59;2982;0.45;3867;Brockville;Gananoque
pendulaire;300;186.4;MTL-TO;239.65;240.15;148.91;149.22;0.5;0.31;0.49;3546;0.45;3867;Brockville;Gananoque
pendulaire;300;186.4;MTL-TO;244.34;253.21;151.83;157.34;8.8;5.47;2.91;600;0.45;3867;Brockville;Kingston
pendulaire;300;186.4;MTL-TO;254.26;255.29;157.99;158.63;1.02;0.63;1.72;1017;0.45;3867;Gananoque;Kingston
pendulaire;300;186.4;MTL-TO;258.74;282.41;160.77;175.48;23.48;14.59;4.12;424;0.45;3867;Gananoque;Kingston
pendulaire;300;186.4;MTL-TO;282.76;288.94;175.7;179.54;6.11;3.8;3.54;494;0.45;3867;Gananoque;Napanee
pendulaire;300;186.4;MTL-TO;288.99;290.93;179.57;180.78;1.92;1.19;2.15;812;0.45;3867;Kingston;Napanee
pendulaire;300;186.4;MTL-TO;291.15;299.43;180.91;186.06;8.25;5.13;2.19;798;0.45;3867;Kingston;Napanee
pendulaire;300;186.4;MTL-TO;302.7;303.17;188.09;188.38;0.47;0.29;0.51;3413;0.45;3867;Kingston;Napanee
pendulaire;300;186.4;MTL-TO;305.35;316.82;189.74;196.86;11.42;7.1;2.1;830;0.45;3867;Kingston;Napanee
pendulaire;300;186.4;MTL-TO;317.21;319.12;197.11;198.29;1.89;1.17;2.2;793;0.45;3867;Kingston;Napanee
pendulaire;300;186.4;MTL-TO;320.01;322.79;198.84;200.57;2.76;1.71;3.18;550;0.45;3867;Kingston;Napanee
pendulaire;300;186.4;MTL-TO;328.33;331.2;204.01;205.8;2.86;1.78;1.67;1046;0.45;3867;Napanee;Belleville
pendulaire;300;186.4;MTL-TO;332.23;346.79;206.44;215.49;14.51;9.02;2.01;868;0.45;3867;Napanee;Belleville
pendulaire;300;186.4;MTL-TO;347.03;349.24;215.63;217.01;2.2;1.37;2.12;824;0.45;3867;Napanee;Belleville
pendulaire;300;186.4;MTL-TO;370.75;377.07;230.37;234.3;6.27;3.9;1.89;922;0.45;3867;Belleville;Trenton Junction
pendulaire;300;186.4;MTL-TO;377.83;378.77;234.77;235.36;0.93;0.58;1.7;1028;0.45;3867;Trenton Junction;Cobourg
pendulaire;300;186.4;MTL-TO;386.94;387.44;240.43;240.74;0.5;0.31;0.49;3580;0.45;3867;Trenton Junction;Cobourg
pendulaire;300;186.4;MTL-TO;402.94;403.36;250.38;250.64;0.42;0.26;0.48;3659;0.45;3867;Trenton Junction;Cobourg
pendulaire;300;186.4;MTL-TO;424.68;428.36;263.88;266.17;3.64;2.26;2.02;864;0.45;3867;Trenton Junction;Port Hope
pendulaire;300;186.4;MTL-TO;428.63;433.44;266.34;269.33;4.76;2.96;2.03;860;0.45;3867;Cobourg;Port Hope
pendulaire;300;186.4;MTL-TO;434.97;439.51;270.28;273.1;4.51;2.8;2.65;659;0.45;3867;Cobourg;Oshawa
pendulaire;300;186.4;MTL-TO;443.4;450.64;275.52;280.01;7.19;4.47;1.82;962;0.45;3867;Port Hope;Oshawa
pendulaire;300;186.4;MTL-TO;451.02;452.25;280.25;281.02;1.22;0.76;1.48;1181;0.45;3867;Port Hope;Oshawa
pendulaire;300;186.4;MTL-TO;456.43;460.59;283.61;286.2;4.11;2.55;2.01;868;0.45;3867;Port Hope;Oshawa
pendulaire;300;186.4;MTL-TO;460.95;463.55;286.42;288.04;2.57;1.6;1.75;998;0.45;3867;Port Hope;Oshawa
pendulaire;300;186.4;MTL-TO;465.93;469.07;289.52;291.47;3.12;1.94;1.85;944;0.45;3867;Port Hope;Oshawa
pendulaire;300;186.4;MTL-TO;469.45;475.32;291.7;295.35;5.79;3.6;2.98;586;0.45;3867;Port Hope;Oshawa
pendulaire;300;186.4;MTL-TO;476.6;484.14;296.15;300.83;7.38;4.59;2.75;634;0.45;3867;Port Hope;Oshawa
pendulaire;300;186.4;MTL-TO;487.0;492.21;302.61;305.85;5.16;3.21;2.01;869;0.45;3867;Port Hope;Guildwood
pendulaire;300;186.4;MTL-TO;494.4;509.83;307.21;316.79;15.33;9.53;2.02;865;0.45;3867;Oshawa;Guildwood
pendulaire;300;186.4;MTL-TO;510.4;511.61;317.15;317.9;1.19;0.74;1.97;886;0.45;3867;Oshawa;Guildwood
pendulaire;300;186.4;MTL-TO;512.53;520.69;318.47;323.54;8.12;5.05;2.19;798;0.45;3867;Oshawa;Toronto
pendulaire;300;186.4;MTL-TO;520.96;522.29;323.71;324.54;1.3;0.81;5.14;340;0.45;3867;Guildwood;Toronto
pendulaire;300;186.4;MTL-TO;522.77;530.09;324.83;329.38;7.27;4.52;1.99;876;0.45;3867;Guildwood;Toronto
pendulaire;300;186.4;MTL-TO;531.52;531.79;330.27;330.44;0.27;0.17;0.47;3684;0.45;3867;Guildwood;Toronto
pendulaire;300;186.4;MTL-TO;532.19;539.18;330.69;335.03;6.91;4.29;2.32;753;0.45;3867;Guildwood;Toronto
pendulaire;300;186.4;MTL-TO;540.04;540.08;335.57;335.59;0.04;0.02;2.48;703;0.45;3867;Guildwood;Toronto
reference-interne;160;99.4;MTL-QC;0.0;2.91;0.0;1.81;2.89;1.8;7.22;242;2.26;773;Montréal;Saint-Lambert
reference-interne;160;99.4;MTL-QC;30.04;31.32;18.67;19.46;1.27;0.79;6.99;250;2.26;773;Saint-Lambert;Saint-Hyacinthe
reference-interne;160;99.4;MTL-QC;33.8;34.62;21.0;21.51;0.82;0.51;3.88;450;2.26;773;Saint-Lambert;Saint-Hyacinthe
reference-interne;160;99.4;MTL-QC;61.71;62.6;38.34;38.9;0.88;0.55;2.94;594;2.26;773;Saint-Hyacinthe;Drummondville
reference-interne;160;99.4;MTL-QC;68.38;69.44;42.49;43.15;1.05;0.65;3.07;568;2.26;773;Saint-Hyacinthe;Drummondville
reference-interne;160;99.4;MTL-QC;101.68;102.24;63.18;63.53;0.56;0.35;2.29;762;2.26;773;Drummondville;Charny
reference-interne;160;99.4;MTL-QC;110.88;111.15;68.9;69.07;0.27;0.17;3.15;554;2.26;773;Drummondville;Charny
reference-interne;160;99.4;MTL-QC;119.58;121.7;74.3;75.62;2.09;1.3;3.63;481;2.26;773;Drummondville;Charny
reference-interne;160;99.4;MTL-QC;124.95;126.23;77.64;78.44;1.27;0.79;3.8;460;2.26;773;Drummondville;Charny
reference-interne;160;99.4;MTL-QC;129.86;130.42;80.69;81.04;0.56;0.35;2.39;730;2.26;773;Drummondville;Charny
reference-interne;160;99.4;MTL-QC;149.93;152.05;93.16;94.48;2.11;1.31;6.77;258;2.26;773;Drummondville;Charny
reference-interne;160;99.4;MTL-QC;157.56;158.19;97.9;98.29;0.63;0.39;2.82;620;2.26;773;Drummondville;Charny
reference-interne;160;99.4;MTL-QC;160.84;161.61;99.94;100.42;0.77;0.48;4.47;391;2.26;773;Drummondville;Charny
reference-interne;160;99.4;MTL-QC;169.25;170.86;105.17;106.17;1.6;0.99;5.46;320;2.26;773;Drummondville;Charny
reference-interne;160;99.4;MTL-QC;174.42;175.0;108.38;108.74;0.58;0.36;3.51;498;2.26;773;Drummondville;Charny
reference-interne;160;99.4;MTL-QC;193.16;193.27;120.02;120.09;0.11;0.07;2.47;706;2.26;773;Drummondville;Charny
reference-interne;160;99.4;MTL-QC;210.97;211.68;131.09;131.53;0.71;0.44;3.67;476;2.26;773;Drummondville;Charny
reference-interne;160;99.4;MTL-QC;224.76;225.33;139.66;140.01;0.57;0.35;2.38;734;2.26;773;Drummondville;Charny
reference-interne;160;99.4;MTL-QC;244.85;246.68;152.14;153.28;1.81;1.12;7.73;226;2.26;773;Drummondville;Sainte-Foy
reference-interne;160;99.4;MTL-QC;247.45;251.47;153.76;156.26;4.0;2.49;9.11;192;2.26;773;Charny;Sainte-Foy
reference-interne;160;99.4;MTL-QC;253.12;256.93;157.28;159.65;3.73;2.32;11.21;156;2.26;773;Sainte-Foy;Québec
reference-interne;160;99.4;MTL-QC;257.16;257.35;159.79;159.91;0.19;0.12;6.33;276;2.26;773;Sainte-Foy;Québec
reference-interne;160;99.4;MTL-QC;260.36;262.76;161.78;163.27;2.36;1.47;6.4;273;2.26;773;Sainte-Foy;Québec
reference-interne;160;99.4;MTL-QC;267.23;269.04;166.05;167.17;1.8;1.12;9.11;192;2.26;773;Sainte-Foy;Québec
reference-interne;160;99.4;MTL-QC;270.61;271.1;168.15;168.45;0.49;0.3;2.3;758;2.26;773;Sainte-Foy;Québec
reference-interne;160;99.4;MTL-Ott;0.0;2.79;0.0;1.73;2.77;1.72;5.11;342;2.26;773;Montréal;Dorval
reference-interne;160;99.4;MTL-Ott;4.2;5.36;2.61;3.33;1.16;0.72;2.92;598;2.26;773;Montréal;Dorval
reference-interne;160;99.4;MTL-Ott;34.9;36.36;21.69;22.59;1.42;0.88;6.83;256;2.26;773;Aéroport Montréal Pierre-Elliott Trudeau;Coteau
reference-interne;160;99.4;MTL-Ott;59.82;63.79;37.17;39.64;3.96;2.46;3.28;532;2.26;773;Aéroport Montréal Pierre-Elliott Trudeau;Alexandria
reference-interne;160;99.4;MTL-Ott;83.34;84.14;51.79;52.28;0.8;0.5;2.68;652;2.26;773;Coteau;Alexandria
reference-interne;160;99.4;MTL-Ott;97.98;98.43;60.88;61.16;0.45;0.28;3.51;497;2.26;773;Coteau;Alexandria
reference-interne;160;99.4;MTL-Ott;103.86;104.3;64.54;64.81;0.44;0.27;2.83;618;2.26;773;Alexandria;Casselman
reference-interne;160;99.4;MTL-Ott;105.41;106.15;65.5;65.96;0.74;0.46;3.47;504;2.26;773;Alexandria;Casselman
reference-interne;160;99.4;MTL-Ott;111.43;111.88;69.24;69.52;0.45;0.28;2.88;606;2.26;773;Alexandria;Casselman
reference-interne;160;99.4;MTL-Ott;114.96;115.48;71.43;71.76;0.52;0.32;3.68;474;2.26;773;Alexandria;Casselman
reference-interne;160;99.4;MTL-Ott;126.54;127.33;78.63;79.12;0.79;0.49;3.76;464;2.26;773;Alexandria;Casselman
reference-interne;160;99.4;MTL-Ott;140.26;140.84;87.15;87.51;0.58;0.36;3.29;531;2.26;773;Casselman;Ottawa
reference-interne;160;99.4;MTL-Ott;179.94;180.83;111.81;112.36;0.88;0.55;4.53;386;2.26;773;Casselman;Ottawa
reference-interne;160;99.4;MTL-Ott;181.68;183.04;112.89;113.74;1.35;0.84;4.99;350;2.26;773;Casselman;Ottawa
reference-interne;160;99.4;Ott-TO;0.01;1.03;0.01;0.64;1.01;0.63;8.74;200;2.26;773;Ottawa;Smiths Falls
reference-interne;160;99.4;Ott-TO;4.93;5.68;3.06;3.53;0.75;0.47;2.78;629;2.26;773;Ottawa;Smiths Falls
reference-interne;160;99.4;Ott-TO;7.97;10.03;4.95;6.23;2.04;1.27;3.28;532;2.26;773;Ottawa;Smiths Falls
reference-interne;160;99.4;Ott-TO;18.82;19.53;11.69;12.14;0.71;0.44;2.68;652;2.26;773;Ottawa;Smiths Falls
reference-interne;160;99.4;Ott-TO;22.47;23.39;13.96;14.53;0.91;0.57;2.97;588;2.26;773;Ottawa;Smiths Falls
reference-interne;160;99.4;Ott-TO;65.7;67.79;40.82;42.12;2.08;1.29;8.17;214;2.26;773;Smiths Falls;Brockville
reference-interne;160;99.4;Ott-TO;109.07;110.92;67.77;68.92;1.82;1.13;8.87;197;2.26;773;Smiths Falls;Brockville
reference-interne;160;99.4;Ott-TO;119.78;120.57;74.43;74.92;0.79;0.49;2.44;716;2.26;773;Brockville;Gananoque
reference-interne;160;99.4;Ott-TO;137.21;137.83;85.26;85.64;0.62;0.39;3.03;576;2.26;773;Brockville;Gananoque
reference-interne;160;99.4;Ott-TO;156.9;157.63;97.49;97.95;0.72;0.45;2.91;600;2.26;773;Gananoque;Kingston
reference-interne;160;99.4;Ott-TO;183.11;185.17;113.78;115.06;2.03;1.26;3.8;460;2.26;773;Gananoque;Kingston
reference-interne;160;99.4;Ott-TO;186.11;187.68;115.64;116.62;1.56;0.97;3.85;454;2.26;773;Gananoque;Kingston
reference-interne;160;99.4;Ott-TO;188.61;190.08;117.2;118.11;1.46;0.91;3.54;494;2.26;773;Gananoque;Kingston
reference-interne;160;99.4;Ott-TO;226.8;227.63;140.93;141.44;0.83;0.52;3.15;554;2.26;773;Kingston;Napanee
reference-interne;160;99.4;Ott-TO;343.71;345.34;213.57;214.58;1.62;1.01;2.65;659;2.26;773;Cobourg;Oshawa
reference-interne;160;99.4;Ott-TO;376.71;377.68;234.08;234.68;0.95;0.59;2.98;586;2.26;773;Port Hope;Oshawa
reference-interne;160;99.4;Ott-TO;386.56;387.13;240.2;240.55;0.57;0.35;2.75;634;2.26;773;Port Hope;Oshawa
reference-interne;160;99.4;Ott-TO;421.21;421.8;261.73;262.09;0.59;0.37;2.4;728;2.26;773;Oshawa;Guildwood
reference-interne;160;99.4;Ott-TO;426.88;428.13;265.25;266.03;1.23;0.76;6.15;284;2.26;773;Guildwood;Toronto
reference-interne;160;99.4;Ott-TO;442.4;443.65;274.89;275.67;1.25;0.78;2.32;752;2.26;773;Guildwood;Toronto
reference-interne;160;99.4;Ott-TO;445.88;445.92;277.06;277.08;0.04;0.02;2.7;646;2.26;773;Guildwood;Toronto
reference-interne;160;99.4;MTL-TO;0.0;2.79;0.0;1.73;2.77;1.72;5.09;343;2.26;773;Montréal;Dorval
reference-interne;160;99.4;MTL-TO;4.2;5.36;2.61;3.33;1.16;0.72;2.92;598;2.26;773;Montréal;Dorval
reference-interne;160;99.4;MTL-TO;34.89;36.35;21.68;22.59;1.42;0.88;6.22;281;2.26;773;Aéroport Montréal Pierre-Elliott Trudeau;Coteau
reference-interne;160;99.4;MTL-TO;201.98;203.2;125.5;126.26;1.21;0.75;2.92;599;2.26;773;Coteau;Brockville
reference-interne;160;99.4;MTL-TO;213.93;214.72;132.93;133.42;0.79;0.49;2.41;725;2.26;773;Brockville;Gananoque
reference-interne;160;99.4;MTL-TO;251.06;251.8;156.0;156.46;0.73;0.45;2.91;600;2.26;773;Gananoque;Kingston
reference-interne;160;99.4;MTL-TO;277.26;279.33;172.28;173.57;2.04;1.27;3.81;458;2.26;773;Gananoque;Kingston
reference-interne;160;99.4;MTL-TO;280.27;281.84;174.15;175.13;1.56;0.97;4.12;424;2.26;773;Gananoque;Kingston
reference-interne;160;99.4;MTL-TO;282.76;284.23;175.7;176.61;1.46;0.91;3.54;494;2.26;773;Gananoque;Kingston
reference-interne;160;99.4;MTL-TO;320.95;321.78;199.43;199.94;0.83;0.52;3.18;550;2.26;773;Kingston;Napanee
reference-interne;160;99.4;MTL-TO;437.88;439.51;272.09;273.1;1.62;1.01;2.65;659;2.26;773;Cobourg;Oshawa
reference-interne;160;99.4;MTL-TO;470.88;471.85;292.59;293.19;0.95;0.59;2.98;586;2.26;773;Port Hope;Oshawa
reference-interne;160;99.4;MTL-TO;480.73;481.3;298.71;299.07;0.57;0.35;2.75;634;2.26;773;Port Hope;Oshawa
reference-interne;160;99.4;MTL-TO;521.04;522.29;323.76;324.54;1.23;0.76;5.14;340;2.26;773;Guildwood;Toronto
reference-interne;160;99.4;MTL-TO;536.56;537.81;333.4;334.18;1.25;0.78;2.32;753;2.26;773;Guildwood;Toronto
reference-interne;160;99.4;MTL-TO;540.04;540.08;335.57;335.59;0.04;0.02;2.48;703;2.26;773;Guildwood;Toronto
reference-interne;177;110.0;MTL-QC;0.0;2.91;0.0;1.81;2.89;1.8;7.22;242;1.85;946;Montréal;Saint-Lambert
reference-interne;177;110.0;MTL-QC;29.17;29.37;18.13;18.25;0.2;0.12;1.93;904;1.85;946;Saint-Lambert;Saint-Hyacinthe
reference-interne;177;110.0;MTL-QC;30.04;31.32;18.67;19.46;1.27;0.79;6.99;250;1.85;946;Saint-Lambert;Saint-Hyacinthe
reference-interne;177;110.0;MTL-QC;33.8;34.62;21.0;21.51;0.82;0.51;3.88;450;1.85;946;Saint-Lambert;Saint-Hyacinthe
reference-interne;177;110.0;MTL-QC;61.71;62.6;38.34;38.9;0.88;0.55;2.94;594;1.85;946;Saint-Hyacinthe;Drummondville
reference-interne;177;110.0;MTL-QC;63.84;64.15;39.67;39.86;0.31;0.19;1.86;938;1.85;946;Saint-Hyacinthe;Drummondville
reference-interne;177;110.0;MTL-QC;65.93;66.46;40.97;41.3;0.52;0.32;1.98;884;1.85;946;Saint-Hyacinthe;Drummondville
reference-interne;177;110.0;MTL-QC;68.38;69.44;42.49;43.15;1.05;0.65;3.07;568;1.85;946;Saint-Hyacinthe;Drummondville
reference-interne;177;110.0;MTL-QC;93.75;94.38;58.25;58.65;0.63;0.39;1.96;893;1.85;946;Saint-Hyacinthe;Drummondville
reference-interne;177;110.0;MTL-QC;96.08;96.3;59.7;59.84;0.22;0.14;1.94;901;1.85;946;Saint-Hyacinthe;Drummondville
reference-interne;177;110.0;MTL-QC;100.26;101.07;62.3;62.8;0.8;0.5;2.22;787;1.85;946;Saint-Hyacinthe;Charny
reference-interne;177;110.0;MTL-QC;101.68;103.56;63.18;64.35;1.85;1.15;2.29;762;1.85;946;Drummondville;Charny
reference-interne;177;110.0;MTL-QC;110.88;112.31;68.9;69.79;1.42;0.88;3.15;554;1.85;946;Drummondville;Charny
reference-interne;177;110.0;MTL-QC;115.86;116.21;71.99;72.21;0.34;0.21;2.02;864;1.85;946;Drummondville;Charny
reference-interne;177;110.0;MTL-QC;119.58;121.7;74.3;75.62;2.09;1.3;3.63;481;1.85;946;Drummondville;Charny
reference-interne;177;110.0;MTL-QC;124.95;126.23;77.64;78.44;1.27;0.79;3.8;460;1.85;946;Drummondville;Charny
reference-interne;177;110.0;MTL-QC;129.5;130.42;80.47;81.04;0.91;0.57;2.39;730;1.85;946;Drummondville;Charny
reference-interne;177;110.0;MTL-QC;149.93;152.05;93.16;94.48;2.11;1.31;6.77;258;1.85;946;Drummondville;Charny
reference-interne;177;110.0;MTL-QC;157.56;158.19;97.9;98.29;0.63;0.39;2.82;620;1.85;946;Drummondville;Charny
reference-interne;177;110.0;MTL-QC;160.84;161.61;99.94;100.42;0.77;0.48;4.47;391;1.85;946;Drummondville;Charny
reference-interne;177;110.0;MTL-QC;169.25;170.86;105.17;106.17;1.6;0.99;5.46;320;1.85;946;Drummondville;Charny
reference-interne;177;110.0;MTL-QC;173.48;175.0;107.8;108.74;1.51;0.94;3.51;498;1.85;946;Drummondville;Charny
reference-interne;177;110.0;MTL-QC;193.16;193.61;120.02;120.3;0.44;0.27;2.47;706;1.85;946;Drummondville;Charny
reference-interne;177;110.0;MTL-QC;201.13;201.34;124.98;125.11;0.21;0.13;1.95;894;1.85;946;Drummondville;Charny
reference-interne;177;110.0;MTL-QC;210.97;211.68;131.09;131.53;0.71;0.44;3.67;476;1.85;946;Drummondville;Charny
reference-interne;177;110.0;MTL-QC;224.76;225.33;139.66;140.01;0.57;0.35;2.38;734;1.85;946;Drummondville;Charny
reference-interne;177;110.0;MTL-QC;243.28;246.68;151.17;153.28;3.34;2.08;7.73;226;1.85;946;Drummondville;Sainte-Foy
reference-interne;177;110.0;MTL-QC;247.45;251.47;153.76;156.26;4.0;2.49;9.11;192;1.85;946;Charny;Sainte-Foy
reference-interne;177;110.0;MTL-QC;253.12;256.93;157.28;159.65;3.73;2.32;11.21;156;1.85;946;Sainte-Foy;Québec
reference-interne;177;110.0;MTL-QC;257.16;258.35;159.79;160.53;1.18;0.73;6.33;276;1.85;946;Sainte-Foy;Québec
reference-interne;177;110.0;MTL-QC;259.57;262.76;161.29;163.27;3.14;1.95;6.4;273;1.85;946;Sainte-Foy;Québec
reference-interne;177;110.0;MTL-QC;267.23;269.04;166.05;167.17;1.8;1.12;9.11;192;1.85;946;Sainte-Foy;Québec
reference-interne;177;110.0;MTL-QC;270.61;271.1;168.15;168.45;0.49;0.3;2.3;758;1.85;946;Sainte-Foy;Québec
reference-interne;177;110.0;MTL-Ott;0.0;5.36;0.0;3.33;5.32;3.31;5.11;342;1.85;946;Montréal;Dorval
reference-interne;177;110.0;MTL-Ott;9.92;10.67;6.16;6.63;0.74;0.46;2.11;828;1.85;946;Montréal;Dorval
reference-interne;177;110.0;MTL-Ott;34.9;36.36;21.69;22.59;1.42;0.88;6.83;256;1.85;946;Aéroport Montréal Pierre-Elliott Trudeau;Coteau
reference-interne;177;110.0;MTL-Ott;40.86;41.19;25.39;25.59;0.33;0.21;1.9;921;1.85;946;Aéroport Montréal Pierre-Elliott Trudeau;Coteau
reference-interne;177;110.0;MTL-Ott;59.82;63.79;37.17;39.64;3.96;2.46;3.28;532;1.85;946;Aéroport Montréal Pierre-Elliott Trudeau;Alexandria
reference-interne;177;110.0;MTL-Ott;81.45;82.04;50.61;50.98;0.59;0.37;1.91;912;1.85;946;Coteau;Alexandria
reference-interne;177;110.0;MTL-Ott;82.75;85.53;51.42;53.15;2.76;1.71;2.68;652;1.85;946;Coteau;Alexandria
reference-interne;177;110.0;MTL-Ott;97.98;98.43;60.88;61.16;0.45;0.28;3.51;497;1.85;946;Coteau;Alexandria
reference-interne;177;110.0;MTL-Ott;102.69;104.3;63.81;64.81;1.6;0.99;2.83;618;1.85;946;Alexandria;Casselman
reference-interne;177;110.0;MTL-Ott;105.41;106.15;65.5;65.96;0.74;0.46;3.47;504;1.85;946;Alexandria;Casselman
reference-interne;177;110.0;MTL-Ott;109.07;111.88;67.77;69.52;2.78;1.73;2.88;606;1.85;946;Alexandria;Casselman
reference-interne;177;110.0;MTL-Ott;114.96;115.48;71.43;71.76;0.52;0.32;3.68;474;1.85;946;Alexandria;Casselman
reference-interne;177;110.0;MTL-Ott;121.17;121.39;75.29;75.43;0.22;0.14;1.96;892;1.85;946;Alexandria;Casselman
reference-interne;177;110.0;MTL-Ott;126.54;127.33;78.63;79.12;0.79;0.49;3.76;464;1.85;946;Alexandria;Casselman
reference-interne;177;110.0;MTL-Ott;140.26;140.84;87.15;87.51;0.58;0.36;3.29;531;1.85;946;Casselman;Ottawa
reference-interne;177;110.0;MTL-Ott;179.94;180.83;111.81;112.36;0.88;0.55;4.53;386;1.85;946;Casselman;Ottawa
reference-interne;177;110.0;MTL-Ott;181.68;183.04;112.89;113.74;1.35;0.84;4.99;350;1.85;946;Casselman;Ottawa
reference-interne;177;110.0;MTL-Ott;184.29;185.56;114.51;115.3;1.26;0.78;2.14;816;1.85;946;Casselman;Ottawa
reference-interne;177;110.0;Ott-TO;0.01;1.03;0.01;0.64;1.01;0.63;8.74;200;1.85;946;Ottawa;Smiths Falls
reference-interne;177;110.0;Ott-TO;1.67;3.0;1.04;1.86;1.33;0.83;2.21;792;1.85;946;Ottawa;Smiths Falls
reference-interne;177;110.0;Ott-TO;3.05;3.5;1.9;2.17;0.45;0.28;1.87;936;1.85;946;Ottawa;Smiths Falls
reference-interne;177;110.0;Ott-TO;4.93;7.35;3.06;4.57;2.39;1.49;2.78;629;1.85;946;Ottawa;Smiths Falls
reference-interne;177;110.0;Ott-TO;7.97;10.03;4.95;6.23;2.04;1.27;3.28;532;1.85;946;Ottawa;Smiths Falls
reference-interne;177;110.0;Ott-TO;18.82;19.53;11.69;12.14;0.71;0.44;2.68;652;1.85;946;Ottawa;Smiths Falls
reference-interne;177;110.0;Ott-TO;22.47;23.39;13.96;14.53;0.91;0.57;2.97;588;1.85;946;Ottawa;Smiths Falls
reference-interne;177;110.0;Ott-TO;61.85;62.99;38.43;39.14;1.13;0.7;2.01;867;1.85;946;Ottawa;Smiths Falls
reference-interne;177;110.0;Ott-TO;65.7;67.79;40.82;42.12;2.08;1.29;8.17;214;1.85;946;Smiths Falls;Brockville
reference-interne;177;110.0;Ott-TO;94.48;95.03;58.71;59.05;0.54;0.34;2.02;864;1.85;946;Smiths Falls;Brockville
reference-interne;177;110.0;Ott-TO;109.07;110.92;67.77;68.92;1.82;1.13;8.87;197;1.85;946;Smiths Falls;Brockville
reference-interne;177;110.0;Ott-TO;117.74;118.03;73.16;73.34;0.29;0.18;1.85;943;1.85;946;Brockville;Gananoque
reference-interne;177;110.0;Ott-TO;119.78;120.57;74.43;74.92;0.79;0.49;2.44;716;1.85;946;Brockville;Gananoque
reference-interne;177;110.0;Ott-TO;136.54;137.83;84.84;85.64;1.28;0.8;3.03;576;1.85;946;Brockville;Gananoque
reference-interne;177;110.0;Ott-TO;156.9;158.7;97.49;98.61;1.76;1.09;2.91;600;1.85;946;Gananoque;Kingston
reference-interne;177;110.0;Ott-TO;175.4;175.68;108.99;109.16;0.28;0.17;1.85;942;1.85;946;Gananoque;Kingston
reference-interne;177;110.0;Ott-TO;180.61;181.08;112.23;112.52;0.47;0.29;2.03;860;1.85;946;Gananoque;Kingston
reference-interne;177;110.0;Ott-TO;183.11;185.17;113.78;115.06;2.03;1.26;3.8;460;1.85;946;Gananoque;Kingston
reference-interne;177;110.0;Ott-TO;186.11;187.68;115.64;116.62;1.56;0.97;3.85;454;1.85;946;Gananoque;Kingston
reference-interne;177;110.0;Ott-TO;188.61;190.08;117.2;118.11;1.46;0.91;3.54;494;1.85;946;Gananoque;Kingston
reference-interne;177;110.0;Ott-TO;194.14;194.39;120.63;120.79;0.25;0.16;1.85;944;1.85;946;Kingston;Napanee
reference-interne;177;110.0;Ott-TO;194.83;196.29;121.06;121.97;1.45;0.9;2.15;811;1.85;946;Kingston;Napanee
reference-interne;177;110.0;Ott-TO;196.99;198.77;122.4;123.51;1.76;1.09;2.19;798;1.85;946;Kingston;Napanee
reference-interne;177;110.0;Ott-TO;215.07;215.71;133.64;134.04;0.64;0.4;2.1;830;1.85;946;Kingston;Napanee
reference-interne;177;110.0;Ott-TO;222.0;222.57;137.94;138.3;0.57;0.35;2.06;846;1.85;946;Kingston;Napanee
reference-interne;177;110.0;Ott-TO;223.07;224.21;138.61;139.32;1.13;0.7;2.2;793;1.85;946;Kingston;Napanee
reference-interne;177;110.0;Ott-TO;226.8;228.65;140.93;142.08;1.84;1.14;3.15;554;1.85;946;Kingston;Belleville
reference-interne;177;110.0;Ott-TO;241.18;241.66;149.86;150.16;0.48;0.3;2.0;872;1.85;946;Napanee;Belleville
reference-interne;177;110.0;Ott-TO;254.41;255.1;158.08;158.51;0.69;0.43;2.12;824;1.85;946;Napanee;Belleville
reference-interne;177;110.0;Ott-TO;279.71;280.72;173.8;174.43;0.99;0.62;1.89;923;1.85;946;Belleville;Trenton Junction
reference-interne;177;110.0;Ott-TO;333.23;333.53;207.06;207.25;0.29;0.18;2.02;864;1.85;946;Trenton Junction;Cobourg
reference-interne;177;110.0;Ott-TO;334.46;335.01;207.82;208.17;0.55;0.34;2.03;860;1.85;946;Cobourg;Port Hope
reference-interne;177;110.0;Ott-TO;335.96;336.71;208.76;209.22;0.75;0.47;1.97;886;1.85;946;Cobourg;Port Hope
reference-interne;177;110.0;Ott-TO;343.71;345.34;213.57;214.58;1.62;1.01;2.65;659;1.85;946;Cobourg;Oshawa
reference-interne;177;110.0;Ott-TO;365.25;365.9;226.96;227.36;0.64;0.4;2.01;868;1.85;946;Port Hope;Oshawa
reference-interne;177;110.0;Ott-TO;374.23;374.9;232.54;232.95;0.67;0.42;1.85;944;1.85;946;Port Hope;Oshawa
reference-interne;177;110.0;Ott-TO;376.71;377.68;234.08;234.68;0.95;0.59;2.98;586;1.85;946;Port Hope;Oshawa
reference-interne;177;110.0;Ott-TO;380.23;380.73;236.26;236.57;0.5;0.31;2.0;873;1.85;946;Port Hope;Oshawa
reference-interne;177;110.0;Ott-TO;382.43;383.3;237.63;238.17;0.86;0.53;1.98;882;1.85;946;Port Hope;Oshawa
reference-interne;177;110.0;Ott-TO;384.94;385.24;239.19;239.38;0.3;0.19;1.98;882;1.85;946;Port Hope;Oshawa
reference-interne;177;110.0;Ott-TO;385.81;387.55;239.73;240.81;1.72;1.07;2.75;634;1.85;946;Port Hope;Oshawa
reference-interne;177;110.0;Ott-TO;388.98;389.63;241.7;242.1;0.64;0.4;2.01;870;1.85;946;Port Hope;Oshawa
reference-interne;177;110.0;Ott-TO;397.22;397.59;246.82;247.05;0.37;0.23;2.01;869;1.85;946;Oshawa;Guildwood
reference-interne;177;110.0;Ott-TO;400.23;401.52;248.69;249.49;1.27;0.79;2.01;867;1.85;946;Oshawa;Guildwood
reference-interne;177;110.0;Ott-TO;414.39;415.69;257.49;258.3;1.27;0.79;2.02;865;1.85;946;Oshawa;Guildwood
reference-interne;177;110.0;Ott-TO;416.79;417.04;258.98;259.14;0.25;0.16;1.97;886;1.85;946;Oshawa;Guildwood
reference-interne;177;110.0;Ott-TO;421.21;421.8;261.73;262.09;0.59;0.37;2.4;728;1.85;946;Oshawa;Guildwood
reference-interne;177;110.0;Ott-TO;426.88;428.13;265.25;266.03;1.23;0.76;6.15;284;1.85;946;Guildwood;Toronto
reference-interne;177;110.0;Ott-TO;430.22;430.85;267.33;267.72;0.63;0.39;1.99;877;1.85;946;Guildwood;Toronto
reference-interne;177;110.0;Ott-TO;440.86;443.65;273.94;275.67;2.76;1.71;2.32;752;1.85;946;Guildwood;Toronto
reference-interne;177;110.0;Ott-TO;444.76;444.8;276.36;276.39;0.04;0.02;2.05;854;1.85;946;Guildwood;Toronto
reference-interne;177;110.0;Ott-TO;445.88;445.92;277.06;277.08;0.04;0.02;2.7;646;1.85;946;Guildwood;Toronto
reference-interne;177;110.0;MTL-TO;0.0;5.36;0.0;3.33;5.32;3.31;5.09;343;1.85;946;Montréal;Dorval
reference-interne;177;110.0;MTL-TO;9.92;10.67;6.16;6.63;0.74;0.46;2.11;828;1.85;946;Montréal;Dorval
reference-interne;177;110.0;MTL-TO;34.89;36.35;21.68;22.59;1.42;0.88;6.22;281;1.85;946;Aéroport Montréal Pierre-Elliott Trudeau;Coteau
reference-interne;177;110.0;MTL-TO;40.59;41.18;25.22;25.59;0.58;0.36;1.9;921;1.85;946;Aéroport Montréal Pierre-Elliott Trudeau;Coteau
reference-interne;177;110.0;MTL-TO;102.47;104.5;63.67;64.93;2.01;1.25;2.05;852;1.85;946;Coteau;Brockville
reference-interne;177;110.0;MTL-TO;107.59;107.96;66.85;67.08;0.37;0.23;1.99;876;1.85;946;Coteau;Brockville
reference-interne;177;110.0;MTL-TO;123.56;123.9;76.78;76.99;0.34;0.21;1.99;876;1.85;946;Coteau;Brockville
reference-interne;177;110.0;MTL-TO;181.56;182.15;112.82;113.18;0.58;0.36;1.93;906;1.85;946;Coteau;Brockville
reference-interne;177;110.0;MTL-TO;182.69;183.97;113.52;114.31;1.26;0.78;2.03;859;1.85;946;Coteau;Brockville
reference-interne;177;110.0;MTL-TO;201.98;204.36;125.5;126.98;2.34;1.45;2.92;599;1.85;946;Coteau;Brockville
reference-interne;177;110.0;MTL-TO;211.9;212.19;131.67;131.85;0.29;0.18;1.85;944;1.85;946;Brockville;Gananoque
reference-interne;177;110.0;MTL-TO;213.93;214.72;132.93;133.42;0.79;0.49;2.41;725;1.85;946;Brockville;Gananoque
reference-interne;177;110.0;MTL-TO;230.7;231.36;143.35;143.76;0.66;0.41;1.88;928;1.85;946;Brockville;Gananoque
reference-interne;177;110.0;MTL-TO;251.06;252.87;156.0;157.13;1.77;1.1;2.91;600;1.85;946;Gananoque;Kingston
reference-interne;177;110.0;MTL-TO;269.56;269.84;167.5;167.67;0.28;0.17;1.85;943;1.85;946;Gananoque;Kingston
reference-interne;177;110.0;MTL-TO;274.77;275.24;170.73;171.03;0.46;0.29;2.02;864;1.85;946;Gananoque;Kingston
reference-interne;177;110.0;MTL-TO;277.26;279.33;172.28;173.57;2.04;1.27;3.81;458;1.85;946;Gananoque;Kingston
reference-interne;177;110.0;MTL-TO;280.27;281.84;174.15;175.13;1.56;0.97;4.12;424;1.85;946;Gananoque;Kingston
reference-interne;177;110.0;MTL-TO;282.76;284.57;175.7;176.82;1.79;1.11;3.54;494;1.85;946;Gananoque;Kingston
reference-interne;177;110.0;MTL-TO;288.99;290.45;179.57;180.48;1.45;0.9;2.15;812;1.85;946;Kingston;Napanee
reference-interne;177;110.0;MTL-TO;291.15;292.93;180.91;182.02;1.76;1.09;2.19;798;1.85;946;Kingston;Napanee
reference-interne;177;110.0;MTL-TO;309.22;309.86;192.14;192.54;0.64;0.4;2.1;830;1.85;946;Kingston;Napanee
reference-interne;177;110.0;MTL-TO;316.27;316.82;196.52;196.86;0.54;0.34;2.02;863;1.85;946;Kingston;Napanee
reference-interne;177;110.0;MTL-TO;317.21;319.12;197.11;198.29;1.89;1.17;2.2;793;1.85;946;Kingston;Napanee
reference-interne;177;110.0;MTL-TO;320.95;322.79;199.43;200.57;1.83;1.14;3.18;550;1.85;946;Kingston;Napanee
reference-interne;177;110.0;MTL-TO;335.31;335.81;208.35;208.66;0.49;0.3;2.01;868;1.85;946;Napanee;Belleville
reference-interne;177;110.0;MTL-TO;348.55;349.24;216.58;217.01;0.69;0.43;2.12;824;1.85;946;Napanee;Belleville
reference-interne;177;110.0;MTL-TO;374.18;374.45;232.5;232.67;0.27;0.17;1.89;922;1.85;946;Belleville;Trenton Junction
reference-interne;177;110.0;MTL-TO;427.4;427.7;265.57;265.76;0.29;0.18;2.02;864;1.85;946;Trenton Junction;Cobourg
reference-interne;177;110.0;MTL-TO;428.63;429.18;266.34;266.68;0.55;0.34;2.03;860;1.85;946;Cobourg;Port Hope
reference-interne;177;110.0;MTL-TO;430.13;430.88;267.27;267.74;0.75;0.47;1.97;886;1.85;946;Cobourg;Port Hope
reference-interne;177;110.0;MTL-TO;437.88;439.51;272.09;273.1;1.62;1.01;2.65;659;1.85;946;Cobourg;Oshawa
reference-interne;177;110.0;MTL-TO;459.42;460.07;285.47;285.87;0.64;0.4;2.01;868;1.85;946;Port Hope;Oshawa
reference-interne;177;110.0;MTL-TO;468.4;469.07;291.05;291.47;0.67;0.42;1.85;944;1.85;946;Port Hope;Oshawa
reference-interne;177;110.0;MTL-TO;470.88;471.85;292.59;293.19;0.95;0.59;2.98;586;1.85;946;Port Hope;Oshawa
reference-interne;177;110.0;MTL-TO;474.4;474.9;294.78;295.09;0.5;0.31;2.0;873;1.85;946;Port Hope;Oshawa
reference-interne;177;110.0;MTL-TO;476.6;477.47;296.15;296.69;0.86;0.53;1.98;882;1.85;946;Port Hope;Oshawa
reference-interne;177;110.0;MTL-TO;479.11;479.41;297.71;297.89;0.3;0.19;1.98;882;1.85;946;Port Hope;Oshawa
reference-interne;177;110.0;MTL-TO;479.98;481.72;298.25;299.33;1.72;1.07;2.75;634;1.85;946;Port Hope;Oshawa
reference-interne;177;110.0;MTL-TO;483.15;483.8;300.22;300.62;0.64;0.4;2.01;870;1.85;946;Port Hope;Oshawa
reference-interne;177;110.0;MTL-TO;491.01;491.76;305.1;305.57;0.73;0.45;2.01;869;1.85;946;Oshawa;Guildwood
reference-interne;177;110.0;MTL-TO;494.74;495.68;307.42;308.0;0.92;0.57;2.02;866;1.85;946;Oshawa;Guildwood
reference-interne;177;110.0;MTL-TO;508.56;509.48;316.0;316.58;0.9;0.56;2.02;865;1.85;946;Oshawa;Guildwood
reference-interne;177;110.0;MTL-TO;510.4;511.61;317.15;317.9;1.19;0.74;1.97;886;1.85;946;Oshawa;Guildwood
reference-interne;177;110.0;MTL-TO;515.43;515.99;320.27;320.62;0.56;0.35;2.19;798;1.85;946;Oshawa;Guildwood
reference-interne;177;110.0;MTL-TO;521.04;522.29;323.76;324.54;1.23;0.76;5.14;340;1.85;946;Guildwood;Toronto
reference-interne;177;110.0;MTL-TO;524.38;525.01;325.83;326.23;0.63;0.39;1.99;876;1.85;946;Guildwood;Toronto
reference-interne;177;110.0;MTL-TO;529.65;530.09;329.11;329.38;0.44;0.27;1.85;944;1.85;946;Guildwood;Toronto
reference-interne;177;110.0;MTL-TO;535.02;537.81;332.45;334.18;2.76;1.71;2.32;753;1.85;946;Guildwood;Toronto
reference-interne;177;110.0;MTL-TO;540.04;540.08;335.57;335.59;0.04;0.02;2.48;703;1.85;946;Guildwood;Toronto
reference-interne;200;124.3;MTL-QC;0.0;2.91;0.0;1.81;2.89;1.8;7.22;242;1.45;1208;Montréal;Saint-Lambert
reference-interne;200;124.3;MTL-QC;19.55;20.18;12.15;12.54;0.63;0.39;1.74;1006;1.45;1208;Saint-Lambert;Saint-Hyacinthe
reference-interne;200;124.3;MTL-QC;28.97;34.62;18.0;21.51;5.59;3.47;6.99;250;1.45;1208;Saint-Lambert;Saint-Hyacinthe
reference-interne;200;124.3;MTL-QC;61.71;62.6;38.34;38.9;0.88;0.55;2.94;594;1.45;1208;Saint-Hyacinthe;Drummondville
reference-interne;200;124.3;MTL-QC;63.84;64.57;39.67;40.12;0.72;0.45;1.86;938;1.45;1208;Saint-Hyacinthe;Drummondville
reference-interne;200;124.3;MTL-QC;65.93;66.88;40.97;41.56;0.93;0.58;1.98;884;1.45;1208;Saint-Hyacinthe;Drummondville
reference-interne;200;124.3;MTL-QC;68.38;69.44;42.49;43.15;1.05;0.65;3.07;568;1.45;1208;Saint-Hyacinthe;Drummondville
reference-interne;200;124.3;MTL-QC;89.98;90.52;55.91;56.25;0.54;0.34;1.56;1118;1.45;1208;Saint-Hyacinthe;Drummondville
reference-interne;200;124.3;MTL-QC;93.55;94.38;58.13;58.65;0.82;0.51;1.96;893;1.45;1208;Saint-Hyacinthe;Drummondville
reference-interne;200;124.3;MTL-QC;95.87;96.52;59.57;59.97;0.63;0.39;1.94;901;1.45;1208;Saint-Hyacinthe;Drummondville
reference-interne;200;124.3;MTL-QC;100.26;101.07;62.3;62.8;0.8;0.5;2.22;787;1.45;1208;Saint-Hyacinthe;Charny
reference-interne;200;124.3;MTL-QC;101.68;103.56;63.18;64.35;1.85;1.15;2.29;762;1.45;1208;Drummondville;Charny
reference-interne;200;124.3;MTL-QC;110.88;112.31;68.9;69.79;1.42;0.88;3.15;554;1.45;1208;Drummondville;Charny
reference-interne;200;124.3;MTL-QC;115.86;121.7;71.99;75.62;5.78;3.59;3.63;481;1.45;1208;Drummondville;Charny
reference-interne;200;124.3;MTL-QC;124.95;126.23;77.64;78.44;1.27;0.79;3.8;460;1.45;1208;Drummondville;Charny
reference-interne;200;124.3;MTL-QC;128.42;129.13;79.8;80.24;0.71;0.44;1.67;1048;1.45;1208;Drummondville;Charny
reference-interne;200;124.3;MTL-QC;129.5;130.42;80.47;81.04;0.91;0.57;2.39;730;1.45;1208;Drummondville;Charny
reference-interne;200;124.3;MTL-QC;131.88;132.41;81.95;82.28;0.53;0.33;1.57;1113;1.45;1208;Drummondville;Charny
reference-interne;200;124.3;MTL-QC;149.93;152.05;93.16;94.48;2.11;1.31;6.77;258;1.45;1208;Drummondville;Charny
reference-interne;200;124.3;MTL-QC;157.56;161.61;97.9;100.42;4.03;2.5;4.47;391;1.45;1208;Drummondville;Charny
reference-interne;200;124.3;MTL-QC;169.25;193.61;105.17;120.3;24.29;15.09;5.46;320;1.45;1208;Drummondville;Charny
reference-interne;200;124.3;MTL-QC;200.93;211.68;124.85;131.53;10.71;6.65;3.67;476;1.45;1208;Drummondville;Charny
reference-interne;200;124.3;MTL-QC;214.04;214.75;133.0;133.44;0.71;0.44;1.78;980;1.45;1208;Drummondville;Charny
reference-interne;200;124.3;MTL-QC;224.76;225.33;139.66;140.01;0.57;0.35;2.38;734;1.45;1208;Drummondville;Charny
reference-interne;200;124.3;MTL-QC;243.28;251.47;151.17;156.26;8.09;5.03;9.11;192;1.45;1208;Drummondville;Sainte-Foy
reference-interne;200;124.3;MTL-QC;253.12;256.93;157.28;159.65;3.73;2.32;11.21;156;1.45;1208;Sainte-Foy;Québec
reference-interne;200;124.3;MTL-QC;257.16;258.35;159.79;160.53;1.18;0.73;6.33;276;1.45;1208;Sainte-Foy;Québec
reference-interne;200;124.3;MTL-QC;259.57;262.76;161.29;163.27;3.14;1.95;6.4;273;1.45;1208;Sainte-Foy;Québec
reference-interne;200;124.3;MTL-QC;267.23;269.04;166.05;167.17;1.8;1.12;9.11;192;1.45;1208;Sainte-Foy;Québec
reference-interne;200;124.3;MTL-QC;270.61;271.1;168.15;168.45;0.49;0.3;2.3;758;1.45;1208;Sainte-Foy;Québec
reference-interne;200;124.3;MTL-Ott;0.0;5.36;0.0;3.33;5.32;3.31;5.11;342;1.45;1208;Montréal;Dorval
reference-interne;200;124.3;MTL-Ott;9.92;11.14;6.16;6.92;1.2;0.75;2.11;828;1.45;1208;Montréal;Dorval
reference-interne;200;124.3;MTL-Ott;34.9;36.36;21.69;22.59;1.42;0.88;6.83;256;1.45;1208;Aéroport Montréal Pierre-Elliott Trudeau;Coteau
reference-interne;200;124.3;MTL-Ott;40.23;41.67;25.0;25.89;1.42;0.88;1.9;921;1.45;1208;Aéroport Montréal Pierre-Elliott Trudeau;Coteau
reference-interne;200;124.3;MTL-Ott;59.82;63.79;37.17;39.64;3.96;2.46;3.28;532;1.45;1208;Aéroport Montréal Pierre-Elliott Trudeau;Alexandria
reference-interne;200;124.3;MTL-Ott;74.98;75.7;46.59;47.04;0.72;0.45;1.83;952;1.45;1208;Coteau;Alexandria
reference-interne;200;124.3;MTL-Ott;81.45;85.53;50.61;53.15;4.04;2.51;2.68;652;1.45;1208;Coteau;Alexandria
reference-interne;200;124.3;MTL-Ott;87.16;98.74;54.16;61.35;11.56;7.18;3.51;497;1.45;1208;Coteau;Alexandria
reference-interne;200;124.3;MTL-Ott;99.84;106.15;62.04;65.96;6.27;3.9;3.47;504;1.45;1208;Alexandria;Casselman
reference-interne;200;124.3;MTL-Ott;109.07;111.88;67.77;69.52;2.78;1.73;2.88;606;1.45;1208;Alexandria;Casselman
reference-interne;200;124.3;MTL-Ott;113.13;115.81;70.3;71.96;2.66;1.65;3.68;474;1.45;1208;Alexandria;Casselman
reference-interne;200;124.3;MTL-Ott;117.27;127.33;72.87;79.12;10.02;6.23;3.76;464;1.45;1208;Alexandria;Casselman
reference-interne;200;124.3;MTL-Ott;128.75;140.84;80.0;87.51;12.08;7.51;3.29;531;1.45;1208;Alexandria;Ottawa
reference-interne;200;124.3;MTL-Ott;143.84;180.83;89.38;112.36;36.97;22.97;4.53;386;1.45;1208;Casselman;Ottawa
reference-interne;200;124.3;MTL-Ott;181.68;183.04;112.89;113.74;1.35;0.84;4.99;350;1.45;1208;Casselman;Ottawa
reference-interne;200;124.3;MTL-Ott;184.29;185.56;114.51;115.3;1.26;0.78;2.14;816;1.45;1208;Casselman;Ottawa
reference-interne;200;124.3;Ott-TO;0.01;1.03;0.01;0.64;1.01;0.63;8.74;200;1.45;1208;Ottawa;Smiths Falls
reference-interne;200;124.3;Ott-TO;1.67;3.5;1.04;2.17;1.81;1.12;2.21;792;1.45;1208;Ottawa;Smiths Falls
reference-interne;200;124.3;Ott-TO;4.93;7.35;3.06;4.57;2.39;1.49;2.78;629;1.45;1208;Ottawa;Smiths Falls
reference-interne;200;124.3;Ott-TO;7.97;10.03;4.95;6.23;2.04;1.27;3.28;532;1.45;1208;Ottawa;Smiths Falls
reference-interne;200;124.3;Ott-TO;18.82;19.53;11.69;12.14;0.71;0.44;2.68;652;1.45;1208;Ottawa;Smiths Falls
reference-interne;200;124.3;Ott-TO;22.47;23.39;13.96;14.53;0.91;0.57;2.97;588;1.45;1208;Ottawa;Smiths Falls
reference-interne;200;124.3;Ott-TO;61.64;62.99;38.3;39.14;1.33;0.83;2.01;867;1.45;1208;Ottawa;Smiths Falls
reference-interne;200;124.3;Ott-TO;65.7;67.79;40.82;42.12;2.08;1.29;8.17;214;1.45;1208;Smiths Falls;Brockville
reference-interne;200;124.3;Ott-TO;94.48;95.59;58.71;59.4;1.09;0.68;2.02;864;1.45;1208;Smiths Falls;Brockville
reference-interne;200;124.3;Ott-TO;109.07;110.92;67.77;68.92;1.82;1.13;8.87;197;1.45;1208;Smiths Falls;Brockville
reference-interne;200;124.3;Ott-TO;111.19;112.05;69.09;69.62;0.86;0.53;1.85;946;1.45;1208;Brockville;Gananoque
reference-interne;200;124.3;Ott-TO;117.74;118.03;73.16;73.34;0.29;0.18;1.85;943;1.45;1208;Brockville;Gananoque
reference-interne;200;124.3;Ott-TO;119.78;120.57;74.43;74.92;0.79;0.49;2.44;716;1.45;1208;Brockville;Gananoque
reference-interne;200;124.3;Ott-TO;125.95;126.5;78.26;78.6;0.55;0.34;1.67;1044;1.45;1208;Brockville;Gananoque
reference-interne;200;124.3;Ott-TO;136.03;138.46;84.53;86.04;2.39;1.49;3.03;576;1.45;1208;Brockville;Gananoque
reference-interne;200;124.3;Ott-TO;156.9;158.7;97.49;98.61;1.76;1.09;2.91;600;1.45;1208;Gananoque;Kingston
reference-interne;200;124.3;Ott-TO;160.49;161.13;99.72;100.12;0.64;0.4;1.72;1017;1.45;1208;Gananoque;Kingston
reference-interne;200;124.3;Ott-TO;175.4;176.11;108.99;109.43;0.7;0.43;1.85;942;1.45;1208;Gananoque;Kingston
reference-interne;200;124.3;Ott-TO;180.61;181.08;112.23;112.52;0.47;0.29;2.03;860;1.45;1208;Gananoque;Kingston
reference-interne;200;124.3;Ott-TO;183.11;188.25;113.78;116.97;5.07;3.15;3.85;454;1.45;1208;Gananoque;Kingston
reference-interne;200;124.3;Ott-TO;188.61;190.42;117.2;118.32;1.79;1.11;3.54;494;1.45;1208;Gananoque;Kingston
reference-interne;200;124.3;Ott-TO;192.54;193.02;119.64;119.94;0.48;0.3;1.45;1204;1.45;1208;Kingston;Napanee
reference-interne;200;124.3;Ott-TO;194.14;194.39;120.63;120.79;0.25;0.16;1.85;944;1.45;1208;Kingston;Napanee
reference-interne;200;124.3;Ott-TO;194.83;196.78;121.06;122.27;1.93;1.2;2.15;811;1.45;1208;Kingston;Napanee
reference-interne;200;124.3;Ott-TO;196.99;198.77;122.4;123.51;1.76;1.09;2.19;798;1.45;1208;Kingston;Napanee
reference-interne;200;124.3;Ott-TO;215.07;215.71;133.64;134.04;0.64;0.4;2.1;830;1.45;1208;Kingston;Napanee
reference-interne;200;124.3;Ott-TO;222.0;222.57;137.94;138.3;0.57;0.35;2.06;846;1.45;1208;Kingston;Napanee
reference-interne;200;124.3;Ott-TO;223.07;224.97;138.61;139.79;1.88;1.17;2.2;793;1.45;1208;Kingston;Napanee
reference-interne;200;124.3;Ott-TO;226.8;228.65;140.93;142.08;1.84;1.14;3.15;554;1.45;1208;Kingston;Belleville
reference-interne;200;124.3;Ott-TO;236.47;237.05;146.94;147.3;0.58;0.36;1.67;1048;1.45;1208;Napanee;Belleville
reference-interne;200;124.3;Ott-TO;241.18;241.66;149.86;150.16;0.48;0.3;2.0;872;1.45;1208;Napanee;Belleville
reference-interne;200;124.3;Ott-TO;252.07;252.65;156.63;156.99;0.58;0.36;1.78;980;1.45;1208;Napanee;Belleville
reference-interne;200;124.3;Ott-TO;254.41;255.1;158.08;158.51;0.69;0.43;2.12;824;1.45;1208;Napanee;Belleville
reference-interne;200;124.3;Ott-TO;279.71;280.72;173.8;174.43;0.99;0.62;1.89;923;1.45;1208;Belleville;Trenton Junction
reference-interne;200;124.3;Ott-TO;282.23;282.61;175.37;175.61;0.38;0.24;1.56;1120;1.45;1208;Belleville;Trenton Junction
reference-interne;200;124.3;Ott-TO;283.98;284.59;176.46;176.84;0.61;0.38;1.7;1029;1.45;1208;Trenton Junction;Cobourg
reference-interne;200;124.3;Ott-TO;333.23;333.82;207.06;207.43;0.57;0.35;2.02;864;1.45;1208;Trenton Junction;Port Hope
reference-interne;200;124.3;Ott-TO;334.46;335.01;207.82;208.17;0.55;0.34;2.03;860;1.45;1208;Cobourg;Port Hope
reference-interne;200;124.3;Ott-TO;335.96;336.71;208.76;209.22;0.75;0.47;1.97;886;1.45;1208;Cobourg;Port Hope
reference-interne;200;124.3;Ott-TO;343.71;345.34;213.57;214.58;1.62;1.01;2.65;659;1.45;1208;Cobourg;Oshawa
reference-interne;200;124.3;Ott-TO;353.65;354.22;219.75;220.1;0.57;0.35;1.63;1069;1.45;1208;Port Hope;Oshawa
reference-interne;200;124.3;Ott-TO;355.64;356.13;220.98;221.29;0.49;0.3;1.82;962;1.45;1208;Port Hope;Oshawa
reference-interne;200;124.3;Ott-TO;357.31;358.08;222.02;222.5;0.77;0.48;1.48;1181;1.45;1208;Port Hope;Oshawa
reference-interne;200;124.3;Ott-TO;365.04;366.42;226.83;227.68;1.35;0.84;2.01;868;1.45;1208;Port Hope;Oshawa
reference-interne;200;124.3;Ott-TO;367.12;367.77;228.12;228.52;0.65;0.4;1.75;998;1.45;1208;Port Hope;Oshawa
reference-interne;200;124.3;Ott-TO;368.67;369.38;229.08;229.52;0.71;0.44;1.68;1040;1.45;1208;Port Hope;Oshawa
reference-interne;200;124.3;Ott-TO;374.23;374.9;232.54;232.95;0.67;0.42;1.85;944;1.45;1208;Port Hope;Oshawa
reference-interne;200;124.3;Ott-TO;376.71;377.68;234.08;234.68;0.95;0.59;2.98;586;1.45;1208;Port Hope;Oshawa
reference-interne;200;124.3;Ott-TO;380.03;381.15;236.14;236.84;1.1;0.68;2.0;873;1.45;1208;Port Hope;Oshawa
reference-interne;200;124.3;Ott-TO;382.43;383.5;237.63;238.3;1.05;0.65;1.98;882;1.45;1208;Port Hope;Oshawa
reference-interne;200;124.3;Ott-TO;384.73;385.45;239.06;239.51;0.7;0.43;1.98;882;1.45;1208;Port Hope;Oshawa
reference-interne;200;124.3;Ott-TO;385.81;388.01;239.73;241.1;2.17;1.35;2.75;634;1.45;1208;Port Hope;Oshawa
reference-interne;200;124.3;Ott-TO;388.98;390.04;241.7;242.36;1.04;0.65;2.01;870;1.45;1208;Port Hope;Oshawa
reference-interne;200;124.3;Ott-TO;397.22;398.04;246.82;247.33;0.81;0.5;2.01;869;1.45;1208;Oshawa;Guildwood
reference-interne;200;124.3;Ott-TO;400.23;401.52;248.69;249.49;1.27;0.79;2.01;867;1.45;1208;Oshawa;Guildwood
reference-interne;200;124.3;Ott-TO;409.02;409.58;254.15;254.5;0.56;0.35;1.59;1096;1.45;1208;Oshawa;Guildwood
reference-interne;200;124.3;Ott-TO;414.39;415.69;257.49;258.3;1.27;0.79;2.02;865;1.45;1208;Oshawa;Guildwood
reference-interne;200;124.3;Ott-TO;416.23;417.44;258.63;259.39;1.19;0.74;1.97;886;1.45;1208;Oshawa;Guildwood
reference-interne;200;124.3;Ott-TO;421.21;421.8;261.73;262.09;0.59;0.37;2.4;728;1.45;1208;Oshawa;Guildwood
reference-interne;200;124.3;Ott-TO;426.08;426.52;264.75;265.03;0.44;0.27;1.71;1020;1.45;1208;Guildwood;Toronto
reference-interne;200;124.3;Ott-TO;426.88;428.13;265.25;266.03;1.23;0.76;6.15;284;1.45;1208;Guildwood;Toronto
reference-interne;200;124.3;Ott-TO;430.22;430.85;267.33;267.72;0.63;0.39;1.99;877;1.45;1208;Guildwood;Toronto
reference-interne;200;124.3;Ott-TO;434.36;434.56;269.9;270.02;0.2;0.12;1.84;947;1.45;1208;Guildwood;Toronto
reference-interne;200;124.3;Ott-TO;435.49;435.93;270.6;270.87;0.44;0.27;1.85;946;1.45;1208;Guildwood;Toronto
reference-interne;200;124.3;Ott-TO;440.86;444.8;273.94;276.39;3.88;2.41;2.32;752;1.45;1208;Guildwood;Toronto
reference-interne;200;124.3;Ott-TO;445.88;445.92;277.06;277.08;0.04;0.02;2.7;646;1.45;1208;Guildwood;Toronto
reference-interne;200;124.3;MTL-TO;0.0;5.36;0.0;3.33;5.32;3.31;5.09;343;1.45;1208;Montréal;Dorval
reference-interne;200;124.3;MTL-TO;9.92;11.14;6.16;6.92;1.2;0.75;2.11;828;1.45;1208;Montréal;Dorval
reference-interne;200;124.3;MTL-TO;34.89;36.35;21.68;22.59;1.42;0.88;6.22;281;1.45;1208;Aéroport Montréal Pierre-Elliott Trudeau;Coteau
reference-interne;200;124.3;MTL-TO;40.59;41.66;25.22;25.89;1.05;0.65;1.9;921;1.45;1208;Aéroport Montréal Pierre-Elliott Trudeau;Coteau
reference-interne;200;124.3;MTL-TO;102.47;104.9;63.67;65.18;2.4;1.49;2.05;852;1.45;1208;Coteau;Brockville
reference-interne;200;124.3;MTL-TO;107.39;108.52;66.73;67.43;1.11;0.69;1.99;876;1.45;1208;Coteau;Brockville
reference-interne;200;124.3;MTL-TO;123.36;124.31;76.65;77.24;0.93;0.58;1.99;876;1.45;1208;Coteau;Brockville
reference-interne;200;124.3;MTL-TO;181.56;182.15;112.82;113.18;0.58;0.36;1.93;906;1.45;1208;Coteau;Brockville
reference-interne;200;124.3;MTL-TO;182.69;183.97;113.52;114.31;1.26;0.78;2.03;859;1.45;1208;Coteau;Brockville
reference-interne;200;124.3;MTL-TO;201.98;204.36;125.5;126.98;2.34;1.45;2.92;599;1.45;1208;Coteau;Brockville
reference-interne;200;124.3;MTL-TO;205.41;206.2;127.64;128.13;0.79;0.49;1.85;946;1.45;1208;Brockville;Gananoque
reference-interne;200;124.3;MTL-TO;211.9;212.19;131.67;131.85;0.29;0.18;1.85;944;1.45;1208;Brockville;Gananoque
reference-interne;200;124.3;MTL-TO;213.93;214.72;132.93;133.42;0.79;0.49;2.41;725;1.45;1208;Brockville;Gananoque
reference-interne;200;124.3;MTL-TO;220.11;220.66;136.77;137.11;0.55;0.34;1.67;1044;1.45;1208;Brockville;Gananoque
reference-interne;200;124.3;MTL-TO;230.18;231.36;143.03;143.76;1.17;0.73;1.88;928;1.45;1208;Brockville;Gananoque
reference-interne;200;124.3;MTL-TO;251.06;252.87;156.0;157.13;1.77;1.1;2.91;600;1.45;1208;Gananoque;Kingston
reference-interne;200;124.3;MTL-TO;254.66;255.29;158.24;158.63;0.63;0.39;1.72;1017;1.45;1208;Gananoque;Kingston
reference-interne;200;124.3;MTL-TO;269.56;270.27;167.5;167.94;0.7;0.43;1.85;943;1.45;1208;Gananoque;Kingston
reference-interne;200;124.3;MTL-TO;274.77;275.24;170.73;171.03;0.46;0.29;2.02;864;1.45;1208;Gananoque;Kingston
reference-interne;200;124.3;MTL-TO;277.26;282.41;172.28;175.48;5.08;3.16;4.12;424;1.45;1208;Gananoque;Kingston
reference-interne;200;124.3;MTL-TO;282.76;284.57;175.7;176.82;1.79;1.11;3.54;494;1.45;1208;Gananoque;Kingston
reference-interne;200;124.3;MTL-TO;286.69;287.18;178.14;178.45;0.49;0.3;1.46;1198;1.45;1208;Kingston;Napanee
reference-interne;200;124.3;MTL-TO;288.3;288.54;179.14;179.29;0.24;0.15;1.84;948;1.45;1208;Kingston;Napanee
reference-interne;200;124.3;MTL-TO;288.99;290.93;179.57;180.78;1.92;1.19;2.15;812;1.45;1208;Kingston;Napanee
reference-interne;200;124.3;MTL-TO;291.15;292.93;180.91;182.02;1.76;1.09;2.19;798;1.45;1208;Kingston;Napanee
reference-interne;200;124.3;MTL-TO;309.22;309.86;192.14;192.54;0.64;0.4;2.1;830;1.45;1208;Kingston;Napanee
reference-interne;200;124.3;MTL-TO;316.27;316.82;196.52;196.86;0.54;0.34;2.02;863;1.45;1208;Kingston;Napanee
reference-interne;200;124.3;MTL-TO;317.21;319.12;197.11;198.29;1.89;1.17;2.2;793;1.45;1208;Kingston;Napanee
reference-interne;200;124.3;MTL-TO;320.95;322.79;199.43;200.57;1.83;1.14;3.18;550;1.45;1208;Kingston;Napanee
reference-interne;200;124.3;MTL-TO;330.62;331.2;205.44;205.8;0.58;0.36;1.67;1046;1.45;1208;Napanee;Belleville
reference-interne;200;124.3;MTL-TO;335.31;335.81;208.35;208.66;0.49;0.3;2.01;868;1.45;1208;Napanee;Belleville
reference-interne;200;124.3;MTL-TO;346.21;346.79;215.12;215.49;0.58;0.36;1.78;980;1.45;1208;Napanee;Belleville
reference-interne;200;124.3;MTL-TO;348.55;349.24;216.58;217.01;0.69;0.43;2.12;824;1.45;1208;Napanee;Belleville
reference-interne;200;124.3;MTL-TO;373.9;374.9;232.33;232.95;0.98;0.61;1.89;922;1.45;1208;Belleville;Trenton Junction
reference-interne;200;124.3;MTL-TO;376.42;377.07;233.9;234.3;0.65;0.4;1.56;1118;1.45;1208;Belleville;Trenton Junction
reference-interne;200;124.3;MTL-TO;378.16;378.77;234.98;235.36;0.61;0.38;1.7;1028;1.45;1208;Trenton Junction;Cobourg
reference-interne;200;124.3;MTL-TO;427.4;427.99;265.57;265.94;0.57;0.35;2.02;864;1.45;1208;Trenton Junction;Port Hope
reference-interne;200;124.3;MTL-TO;428.63;429.18;266.34;266.68;0.55;0.34;2.03;860;1.45;1208;Cobourg;Port Hope
reference-interne;200;124.3;MTL-TO;430.13;430.88;267.27;267.74;0.75;0.47;1.97;886;1.45;1208;Cobourg;Port Hope
reference-interne;200;124.3;MTL-TO;437.88;439.51;272.09;273.1;1.62;1.01;2.65;659;1.45;1208;Cobourg;Oshawa
reference-interne;200;124.3;MTL-TO;447.82;448.39;278.26;278.62;0.57;0.35;1.63;1069;1.45;1208;Port Hope;Oshawa
reference-interne;200;124.3;MTL-TO;449.81;450.3;279.5;279.8;0.49;0.3;1.82;962;1.45;1208;Port Hope;Oshawa
reference-interne;200;124.3;MTL-TO;451.48;452.25;280.54;281.02;0.77;0.48;1.48;1181;1.45;1208;Port Hope;Oshawa
reference-interne;200;124.3;MTL-TO;459.21;460.59;285.34;286.2;1.35;0.84;2.01;868;1.45;1208;Port Hope;Oshawa
reference-interne;200;124.3;MTL-TO;461.29;461.94;286.63;287.04;0.65;0.4;1.75;998;1.45;1208;Port Hope;Oshawa
reference-interne;200;124.3;MTL-TO;462.84;463.55;287.6;288.04;0.71;0.44;1.68;1041;1.45;1208;Port Hope;Oshawa
reference-interne;200;124.3;MTL-TO;468.4;469.07;291.05;291.47;0.67;0.42;1.85;944;1.45;1208;Port Hope;Oshawa
reference-interne;200;124.3;MTL-TO;470.88;471.85;292.59;293.19;0.95;0.59;2.98;586;1.45;1208;Port Hope;Oshawa
reference-interne;200;124.3;MTL-TO;474.2;475.32;294.65;295.35;1.1;0.68;2.0;873;1.45;1208;Port Hope;Oshawa
reference-interne;200;124.3;MTL-TO;476.6;477.67;296.15;296.81;1.05;0.65;1.98;882;1.45;1208;Port Hope;Oshawa
reference-interne;200;124.3;MTL-TO;478.9;479.62;297.57;298.02;0.7;0.43;1.98;882;1.45;1208;Port Hope;Oshawa
reference-interne;200;124.3;MTL-TO;479.98;482.18;298.25;299.61;2.17;1.35;2.75;634;1.45;1208;Port Hope;Oshawa
reference-interne;200;124.3;MTL-TO;483.15;484.14;300.22;300.83;0.97;0.6;2.01;870;1.45;1208;Port Hope;Oshawa
reference-interne;200;124.3;MTL-TO;491.01;492.21;305.1;305.85;1.17;0.73;2.01;869;1.45;1208;Oshawa;Guildwood
reference-interne;200;124.3;MTL-TO;494.74;495.68;307.42;308.0;0.92;0.57;2.02;866;1.45;1208;Oshawa;Guildwood
reference-interne;200;124.3;MTL-TO;503.18;503.75;312.66;313.02;0.57;0.35;1.59;1097;1.45;1208;Oshawa;Guildwood
reference-interne;200;124.3;MTL-TO;508.56;509.83;316.0;316.79;1.24;0.77;2.02;865;1.45;1208;Oshawa;Guildwood
reference-interne;200;124.3;MTL-TO;510.4;511.61;317.15;317.9;1.19;0.74;1.97;886;1.45;1208;Oshawa;Guildwood
reference-interne;200;124.3;MTL-TO;515.43;515.99;320.27;320.62;0.56;0.35;2.19;798;1.45;1208;Oshawa;Guildwood
reference-interne;200;124.3;MTL-TO;520.24;520.69;323.26;323.54;0.45;0.28;1.71;1020;1.45;1208;Guildwood;Toronto
reference-interne;200;124.3;MTL-TO;521.04;522.29;323.76;324.54;1.23;0.76;5.14;340;1.45;1208;Guildwood;Toronto
reference-interne;200;124.3;MTL-TO;524.38;525.01;325.83;326.23;0.63;0.39;1.99;876;1.45;1208;Guildwood;Toronto
reference-interne;200;124.3;MTL-TO;528.52;528.72;328.41;328.53;0.2;0.12;1.84;949;1.45;1208;Guildwood;Toronto
reference-interne;200;124.3;MTL-TO;529.65;530.09;329.11;329.38;0.44;0.27;1.85;944;1.45;1208;Guildwood;Toronto
reference-interne;200;124.3;MTL-TO;535.02;538.41;332.45;334.55;3.35;2.08;2.32;753;1.45;1208;Guildwood;Toronto
reference-interne;200;124.3;MTL-TO;538.92;538.97;334.87;334.9;0.05;0.03;1.59;1099;1.45;1208;Guildwood;Toronto
reference-interne;200;124.3;MTL-TO;540.04;540.08;335.57;335.59;0.04;0.02;2.48;703;1.45;1208;Guildwood;Toronto
reference-interne;250;155.3;MTL-QC;0.0;2.91;0.0;1.81;2.89;1.8;7.22;242;0.93;1887;Montréal;Saint-Lambert
reference-interne;250;155.3;MTL-QC;19.55;20.18;12.15;12.54;0.63;0.39;1.74;1006;0.93;1887;Saint-Lambert;Saint-Hyacinthe
reference-interne;250;155.3;MTL-QC;28.97;34.62;18.0;21.51;5.59;3.47;6.99;250;0.93;1887;Saint-Lambert;Saint-Hyacinthe
reference-interne;250;155.3;MTL-QC;58.44;62.6;36.31;38.9;4.14;2.57;2.94;594;0.93;1887;Saint-Hyacinthe;Drummondville
reference-interne;250;155.3;MTL-QC;63.84;64.57;39.67;40.12;0.72;0.45;1.86;938;0.93;1887;Saint-Hyacinthe;Drummondville
reference-interne;250;155.3;MTL-QC;65.93;66.88;40.97;41.56;0.93;0.58;1.98;884;0.93;1887;Saint-Hyacinthe;Drummondville
reference-interne;250;155.3;MTL-QC;68.38;69.44;42.49;43.15;1.05;0.65;3.07;568;0.93;1887;Saint-Hyacinthe;Drummondville
reference-interne;250;155.3;MTL-QC;89.98;90.52;55.91;56.25;0.54;0.34;1.56;1118;0.93;1887;Saint-Hyacinthe;Drummondville
reference-interne;250;155.3;MTL-QC;93.55;94.38;58.13;58.65;0.82;0.51;1.96;893;0.93;1887;Saint-Hyacinthe;Drummondville
reference-interne;250;155.3;MTL-QC;95.87;96.52;59.57;59.97;0.63;0.39;1.94;901;0.93;1887;Saint-Hyacinthe;Drummondville
reference-interne;250;155.3;MTL-QC;100.26;101.07;62.3;62.8;0.8;0.5;2.22;787;0.93;1887;Saint-Hyacinthe;Charny
reference-interne;250;155.3;MTL-QC;101.68;103.56;63.18;64.35;1.85;1.15;2.29;762;0.93;1887;Drummondville;Charny
reference-interne;250;155.3;MTL-QC;108.15;121.7;67.2;75.62;13.45;8.36;3.63;481;0.93;1887;Drummondville;Charny
reference-interne;250;155.3;MTL-QC;124.95;126.23;77.64;78.44;1.27;0.79;3.8;460;0.93;1887;Drummondville;Charny
reference-interne;250;155.3;MTL-QC;128.42;129.13;79.8;80.24;0.71;0.44;1.67;1048;0.93;1887;Drummondville;Charny
reference-interne;250;155.3;MTL-QC;129.5;130.42;80.47;81.04;0.91;0.57;2.39;730;0.93;1887;Drummondville;Charny
reference-interne;250;155.3;MTL-QC;131.88;132.41;81.95;82.28;0.53;0.33;1.57;1113;0.93;1887;Drummondville;Charny
reference-interne;250;155.3;MTL-QC;149.93;161.61;93.16;100.42;11.63;7.23;6.77;258;0.93;1887;Drummondville;Charny
reference-interne;250;155.3;MTL-QC;169.25;193.61;105.17;120.3;24.29;15.09;5.46;320;0.93;1887;Drummondville;Charny
reference-interne;250;155.3;MTL-QC;200.93;211.68;124.85;131.53;10.71;6.65;3.67;476;0.93;1887;Drummondville;Charny
reference-interne;250;155.3;MTL-QC;214.04;225.33;133.0;140.01;11.27;7.0;2.38;734;0.93;1887;Drummondville;Charny
reference-interne;250;155.3;MTL-QC;231.78;232.25;144.02;144.31;0.47;0.29;1.41;1238;0.93;1887;Drummondville;Charny
reference-interne;250;155.3;MTL-QC;243.28;251.47;151.17;156.26;8.09;5.03;9.11;192;0.93;1887;Drummondville;Sainte-Foy
reference-interne;250;155.3;MTL-QC;253.12;256.93;157.28;159.65;3.73;2.32;11.21;156;0.93;1887;Sainte-Foy;Québec
reference-interne;250;155.3;MTL-QC;257.16;258.35;159.79;160.53;1.18;0.73;6.33;276;0.93;1887;Sainte-Foy;Québec
reference-interne;250;155.3;MTL-QC;259.17;262.76;161.04;163.27;3.53;2.19;6.4;273;0.93;1887;Sainte-Foy;Québec
reference-interne;250;155.3;MTL-QC;264.83;271.1;164.56;168.45;6.23;3.87;9.11;192;0.93;1887;Sainte-Foy;Québec
reference-interne;250;155.3;MTL-Ott;0.0;5.36;0.0;3.33;5.32;3.31;5.11;342;0.93;1887;Montréal;Dorval
reference-interne;250;155.3;MTL-Ott;9.92;11.14;6.16;6.92;1.2;0.75;2.11;828;0.93;1887;Montréal;Dorval
reference-interne;250;155.3;MTL-Ott;34.9;36.36;21.69;22.59;1.42;0.88;6.83;256;0.93;1887;Aéroport Montréal Pierre-Elliott Trudeau;Coteau
reference-interne;250;155.3;MTL-Ott;40.23;41.67;25.0;25.89;1.42;0.88;1.9;921;0.93;1887;Aéroport Montréal Pierre-Elliott Trudeau;Coteau
reference-interne;250;155.3;MTL-Ott;59.02;63.79;36.67;39.64;4.75;2.95;3.28;532;0.93;1887;Aéroport Montréal Pierre-Elliott Trudeau;Alexandria
reference-interne;250;155.3;MTL-Ott;74.98;75.7;46.59;47.04;0.72;0.45;1.83;952;0.93;1887;Coteau;Alexandria
reference-interne;250;155.3;MTL-Ott;79.55;85.53;49.43;53.15;5.92;3.68;2.68;652;0.93;1887;Coteau;Alexandria
reference-interne;250;155.3;MTL-Ott;87.16;98.74;54.16;61.35;11.56;7.18;3.51;497;0.93;1887;Coteau;Alexandria
reference-interne;250;155.3;MTL-Ott;99.84;106.15;62.04;65.96;6.27;3.9;3.47;504;0.93;1887;Alexandria;Casselman
reference-interne;250;155.3;MTL-Ott;108.07;111.88;67.15;69.52;3.77;2.34;2.88;606;0.93;1887;Alexandria;Casselman
reference-interne;250;155.3;MTL-Ott;113.13;115.81;70.3;71.96;2.66;1.65;3.68;474;0.93;1887;Alexandria;Casselman
reference-interne;250;155.3;MTL-Ott;117.27;127.33;72.87;79.12;10.02;6.23;3.76;464;0.93;1887;Alexandria;Casselman
reference-interne;250;155.3;MTL-Ott;128.75;140.84;80.0;87.51;12.08;7.51;3.29;531;0.93;1887;Alexandria;Ottawa
reference-interne;250;155.3;MTL-Ott;143.03;143.54;88.87;89.19;0.51;0.32;1.31;1333;0.93;1887;Casselman;Ottawa
reference-interne;250;155.3;MTL-Ott;143.84;180.83;89.38;112.36;36.97;22.97;4.53;386;0.93;1887;Casselman;Ottawa
reference-interne;250;155.3;MTL-Ott;181.68;183.04;112.89;113.74;1.35;0.84;4.99;350;0.93;1887;Casselman;Ottawa
reference-interne;250;155.3;MTL-Ott;184.29;185.56;114.51;115.3;1.26;0.78;2.14;816;0.93;1887;Casselman;Ottawa
reference-interne;250;155.3;Ott-TO;0.01;1.03;0.01;0.64;1.01;0.63;8.74;200;0.93;1887;Ottawa;Smiths Falls
reference-interne;250;155.3;Ott-TO;1.67;7.35;1.04;4.57;5.61;3.49;2.78;629;0.93;1887;Ottawa;Smiths Falls
reference-interne;250;155.3;Ott-TO;7.97;23.39;4.95;14.53;15.35;9.54;3.28;532;0.93;1887;Ottawa;Smiths Falls
reference-interne;250;155.3;Ott-TO;26.6;27.03;16.53;16.8;0.43;0.27;1.37;1272;0.93;1887;Ottawa;Smiths Falls
reference-interne;250;155.3;Ott-TO;48.51;48.74;30.14;30.29;0.23;0.14;1.39;1260;0.93;1887;Ottawa;Smiths Falls
reference-interne;250;155.3;Ott-TO;61.64;69.47;38.3;43.17;7.76;4.82;8.17;214;0.93;1887;Ottawa;Brockville
reference-interne;250;155.3;Ott-TO;90.22;95.59;56.06;59.4;5.34;3.32;2.02;864;0.93;1887;Smiths Falls;Brockville
reference-interne;250;155.3;Ott-TO;109.07;110.92;67.77;68.92;1.82;1.13;8.87;197;0.93;1887;Smiths Falls;Brockville
reference-interne;250;155.3;Ott-TO;111.19;112.05;69.09;69.62;0.86;0.53;1.85;946;0.93;1887;Brockville;Gananoque
reference-interne;250;155.3;Ott-TO;117.74;118.03;73.16;73.34;0.29;0.18;1.85;943;0.93;1887;Brockville;Gananoque
reference-interne;250;155.3;Ott-TO;119.78;121.26;74.43;75.35;1.47;0.91;2.44;716;0.93;1887;Brockville;Gananoque
reference-interne;250;155.3;Ott-TO;125.95;126.5;78.26;78.6;0.55;0.34;1.67;1044;0.93;1887;Brockville;Gananoque
reference-interne;250;155.3;Ott-TO;136.03;138.46;84.53;86.04;2.39;1.49;3.03;576;0.93;1887;Brockville;Gananoque
reference-interne;250;155.3;Ott-TO;151.1;158.7;93.89;98.61;7.55;4.69;2.91;600;0.93;1887;Brockville;Kingston
reference-interne;250;155.3;Ott-TO;160.49;161.13;99.72;100.12;0.64;0.4;1.72;1017;0.93;1887;Gananoque;Kingston
reference-interne;250;155.3;Ott-TO;175.4;188.25;108.99;116.97;12.72;7.9;3.85;454;0.93;1887;Gananoque;Kingston
reference-interne;250;155.3;Ott-TO;188.61;190.42;117.2;118.32;1.79;1.11;3.54;494;0.93;1887;Gananoque;Kingston
reference-interne;250;155.3;Ott-TO;192.54;194.39;119.64;120.79;1.83;1.14;1.85;944;0.93;1887;Kingston;Napanee
reference-interne;250;155.3;Ott-TO;194.83;196.78;121.06;122.27;1.93;1.2;2.15;811;0.93;1887;Kingston;Napanee
reference-interne;250;155.3;Ott-TO;196.99;205.27;122.4;127.55;8.25;5.13;2.19;798;0.93;1887;Kingston;Napanee
reference-interne;250;155.3;Ott-TO;212.01;222.57;131.74;138.3;10.53;6.54;2.1;830;0.93;1887;Kingston;Napanee
reference-interne;250;155.3;Ott-TO;223.07;224.97;138.61;139.79;1.88;1.17;2.2;793;0.93;1887;Kingston;Napanee
reference-interne;250;155.3;Ott-TO;226.8;228.65;140.93;142.08;1.84;1.14;3.15;554;0.93;1887;Kingston;Belleville
reference-interne;250;155.3;Ott-TO;236.47;237.05;146.94;147.3;0.58;0.36;1.67;1048;0.93;1887;Napanee;Belleville
reference-interne;250;155.3;Ott-TO;239.02;241.66;148.52;150.16;2.62;1.63;2.0;872;0.93;1887;Napanee;Belleville
reference-interne;250;155.3;Ott-TO;252.07;252.65;156.63;156.99;0.58;0.36;1.78;980;0.93;1887;Napanee;Belleville
reference-interne;250;155.3;Ott-TO;252.89;255.1;157.14;158.51;2.2;1.37;2.12;824;0.93;1887;Napanee;Belleville
reference-interne;250;155.3;Ott-TO;279.71;280.72;173.8;174.43;0.99;0.62;1.89;923;0.93;1887;Belleville;Trenton Junction
reference-interne;250;155.3;Ott-TO;282.23;282.61;175.37;175.61;0.38;0.24;1.56;1120;0.93;1887;Belleville;Trenton Junction
reference-interne;250;155.3;Ott-TO;283.98;284.59;176.46;176.84;0.61;0.38;1.7;1029;0.93;1887;Trenton Junction;Cobourg
reference-interne;250;155.3;Ott-TO;330.51;333.82;205.37;207.43;3.28;2.04;2.02;864;0.93;1887;Trenton Junction;Port Hope
reference-interne;250;155.3;Ott-TO;334.46;336.71;207.82;209.22;2.23;1.39;2.03;860;0.93;1887;Cobourg;Port Hope
reference-interne;250;155.3;Ott-TO;341.85;345.34;212.42;214.58;3.47;2.16;2.65;659;0.93;1887;Cobourg;Oshawa
reference-interne;250;155.3;Ott-TO;353.65;354.22;219.75;220.1;0.57;0.35;1.63;1069;0.93;1887;Port Hope;Oshawa
reference-interne;250;155.3;Ott-TO;355.64;356.13;220.98;221.29;0.49;0.3;1.82;962;0.93;1887;Port Hope;Oshawa
reference-interne;250;155.3;Ott-TO;357.31;358.08;222.02;222.5;0.77;0.48;1.48;1181;0.93;1887;Port Hope;Oshawa
reference-interne;250;155.3;Ott-TO;365.04;366.42;226.83;227.68;1.35;0.84;2.01;868;0.93;1887;Port Hope;Oshawa
reference-interne;250;155.3;Ott-TO;367.12;367.77;228.12;228.52;0.65;0.4;1.75;998;0.93;1887;Port Hope;Oshawa
reference-interne;250;155.3;Ott-TO;368.67;369.38;229.08;229.52;0.71;0.44;1.68;1040;0.93;1887;Port Hope;Oshawa
reference-interne;250;155.3;Ott-TO;373.0;374.9;231.77;232.95;1.89;1.17;1.85;944;0.93;1887;Port Hope;Oshawa
reference-interne;250;155.3;Ott-TO;375.75;377.68;233.48;234.68;1.9;1.18;2.98;586;0.93;1887;Port Hope;Oshawa
reference-interne;250;155.3;Ott-TO;380.03;381.15;236.14;236.84;1.1;0.68;2.0;873;0.93;1887;Port Hope;Oshawa
reference-interne;250;155.3;Ott-TO;382.43;383.5;237.63;238.3;1.05;0.65;1.98;882;0.93;1887;Port Hope;Oshawa
reference-interne;250;155.3;Ott-TO;384.73;385.45;239.06;239.51;0.7;0.43;1.98;882;0.93;1887;Port Hope;Oshawa
reference-interne;250;155.3;Ott-TO;385.81;390.04;239.73;242.36;4.16;2.58;2.75;634;0.93;1887;Port Hope;Oshawa
reference-interne;250;155.3;Ott-TO;393.28;398.04;244.37;247.33;4.74;2.95;2.01;869;0.93;1887;Oshawa;Guildwood
reference-interne;250;155.3;Ott-TO;400.23;401.52;248.69;249.49;1.27;0.79;2.01;867;0.93;1887;Oshawa;Guildwood
reference-interne;250;155.3;Ott-TO;409.02;415.69;254.15;258.3;6.62;4.11;2.02;865;0.93;1887;Oshawa;Guildwood
reference-interne;250;155.3;Ott-TO;416.23;417.44;258.63;259.39;1.19;0.74;1.97;886;0.93;1887;Oshawa;Guildwood
reference-interne;250;155.3;Ott-TO;420.23;421.8;261.12;262.09;1.56;0.97;2.4;728;0.93;1887;Oshawa;Guildwood
reference-interne;250;155.3;Ott-TO;426.08;426.52;264.75;265.03;0.44;0.27;1.71;1020;0.93;1887;Guildwood;Toronto
reference-interne;250;155.3;Ott-TO;426.8;428.13;265.2;266.03;1.3;0.81;6.15;284;0.93;1887;Guildwood;Toronto
reference-interne;250;155.3;Ott-TO;430.22;430.85;267.33;267.72;0.63;0.39;1.99;877;0.93;1887;Guildwood;Toronto
reference-interne;250;155.3;Ott-TO;434.36;435.93;269.9;270.87;1.55;0.96;1.85;946;0.93;1887;Guildwood;Toronto
reference-interne;250;155.3;Ott-TO;440.86;444.8;273.94;276.39;3.88;2.41;2.32;752;0.93;1887;Guildwood;Toronto
reference-interne;250;155.3;Ott-TO;445.88;445.92;277.06;277.08;0.04;0.02;2.7;646;0.93;1887;Guildwood;Toronto
reference-interne;250;155.3;MTL-TO;0.0;5.36;0.0;3.33;5.32;3.31;5.09;343;0.93;1887;Montréal;Dorval
reference-interne;250;155.3;MTL-TO;9.92;11.14;6.16;6.92;1.2;0.75;2.11;828;0.93;1887;Montréal;Dorval
reference-interne;250;155.3;MTL-TO;34.89;36.35;21.68;22.59;1.42;0.88;6.22;281;0.93;1887;Aéroport Montréal Pierre-Elliott Trudeau;Coteau
reference-interne;250;155.3;MTL-TO;40.59;41.66;25.22;25.89;1.05;0.65;1.9;921;0.93;1887;Aéroport Montréal Pierre-Elliott Trudeau;Coteau
reference-interne;250;155.3;MTL-TO;59.0;59.79;36.66;37.15;0.79;0.49;1.4;1250;0.93;1887;Aéroport Montréal Pierre-Elliott Trudeau;Coteau
reference-interne;250;155.3;MTL-TO;102.47;104.9;63.67;65.18;2.4;1.49;2.05;852;0.93;1887;Coteau;Brockville
reference-interne;250;155.3;MTL-TO;107.39;108.52;66.73;67.43;1.11;0.69;1.99;876;0.93;1887;Coteau;Brockville
reference-interne;250;155.3;MTL-TO;123.36;124.31;76.65;77.24;0.93;0.58;1.99;876;0.93;1887;Coteau;Brockville
reference-interne;250;155.3;MTL-TO;181.56;182.15;112.82;113.18;0.58;0.36;1.93;906;0.93;1887;Coteau;Brockville
reference-interne;250;155.3;MTL-TO;182.69;183.97;113.52;114.31;1.26;0.78;2.03;859;0.93;1887;Coteau;Brockville
reference-interne;250;155.3;MTL-TO;201.98;204.36;125.5;126.98;2.34;1.45;2.92;599;0.93;1887;Coteau;Brockville
reference-interne;250;155.3;MTL-TO;205.41;206.2;127.64;128.13;0.79;0.49;1.85;946;0.93;1887;Brockville;Gananoque
reference-interne;250;155.3;MTL-TO;211.9;212.19;131.67;131.85;0.29;0.18;1.85;944;0.93;1887;Brockville;Gananoque
reference-interne;250;155.3;MTL-TO;213.93;215.42;132.93;133.86;1.48;0.92;2.41;725;0.93;1887;Brockville;Gananoque
reference-interne;250;155.3;MTL-TO;220.11;220.66;136.77;137.11;0.55;0.34;1.67;1044;0.93;1887;Brockville;Gananoque
reference-interne;250;155.3;MTL-TO;230.18;231.36;143.03;143.76;1.17;0.73;1.88;928;0.93;1887;Brockville;Gananoque
reference-interne;250;155.3;MTL-TO;245.26;252.87;152.4;157.13;7.56;4.7;2.91;600;0.93;1887;Brockville;Kingston
reference-interne;250;155.3;MTL-TO;254.66;255.29;158.24;158.63;0.63;0.39;1.72;1017;0.93;1887;Gananoque;Kingston
reference-interne;250;155.3;MTL-TO;269.56;282.41;167.5;175.48;12.71;7.9;4.12;424;0.93;1887;Gananoque;Kingston
reference-interne;250;155.3;MTL-TO;282.76;284.57;175.7;176.82;1.79;1.11;3.54;494;0.93;1887;Gananoque;Kingston
reference-interne;250;155.3;MTL-TO;286.69;288.54;178.14;179.29;1.83;1.14;1.84;948;0.93;1887;Kingston;Napanee
reference-interne;250;155.3;MTL-TO;288.99;290.93;179.57;180.78;1.92;1.19;2.15;812;0.93;1887;Kingston;Napanee
reference-interne;250;155.3;MTL-TO;291.15;299.43;180.91;186.06;8.25;5.13;2.19;798;0.93;1887;Kingston;Napanee
reference-interne;250;155.3;MTL-TO;306.17;316.82;190.25;196.86;10.61;6.59;2.1;830;0.93;1887;Kingston;Napanee
reference-interne;250;155.3;MTL-TO;317.21;319.12;197.11;198.29;1.89;1.17;2.2;793;0.93;1887;Kingston;Napanee
reference-interne;250;155.3;MTL-TO;320.95;322.79;199.43;200.57;1.83;1.14;3.18;550;0.93;1887;Kingston;Napanee
reference-interne;250;155.3;MTL-TO;330.62;331.2;205.44;205.8;0.58;0.36;1.67;1046;0.93;1887;Napanee;Belleville
reference-interne;250;155.3;MTL-TO;333.17;335.81;207.02;208.66;2.62;1.63;2.01;868;0.93;1887;Napanee;Belleville
reference-interne;250;155.3;MTL-TO;346.21;346.79;215.12;215.49;0.58;0.36;1.78;980;0.93;1887;Napanee;Belleville
reference-interne;250;155.3;MTL-TO;347.03;349.24;215.63;217.01;2.2;1.37;2.12;824;0.93;1887;Napanee;Belleville
reference-interne;250;155.3;MTL-TO;373.9;374.9;232.33;232.95;0.98;0.61;1.89;922;0.93;1887;Belleville;Trenton Junction
reference-interne;250;155.3;MTL-TO;376.42;377.07;233.9;234.3;0.65;0.4;1.56;1118;0.93;1887;Belleville;Trenton Junction
reference-interne;250;155.3;MTL-TO;378.16;378.77;234.98;235.36;0.61;0.38;1.7;1028;0.93;1887;Trenton Junction;Cobourg
reference-interne;250;155.3;MTL-TO;424.68;427.99;263.88;265.94;3.28;2.04;2.02;864;0.93;1887;Trenton Junction;Port Hope
reference-interne;250;155.3;MTL-TO;428.63;430.88;266.34;267.74;2.23;1.39;2.03;860;0.93;1887;Cobourg;Port Hope
reference-interne;250;155.3;MTL-TO;436.02;439.51;270.93;273.1;3.47;2.16;2.65;659;0.93;1887;Cobourg;Oshawa
reference-interne;250;155.3;MTL-TO;447.82;448.39;278.26;278.62;0.57;0.35;1.63;1069;0.93;1887;Port Hope;Oshawa
reference-interne;250;155.3;MTL-TO;449.81;450.3;279.5;279.8;0.49;0.3;1.82;962;0.93;1887;Port Hope;Oshawa
reference-interne;250;155.3;MTL-TO;451.48;452.25;280.54;281.02;0.77;0.48;1.48;1181;0.93;1887;Port Hope;Oshawa
reference-interne;250;155.3;MTL-TO;459.21;460.59;285.34;286.2;1.35;0.84;2.01;868;0.93;1887;Port Hope;Oshawa
reference-interne;250;155.3;MTL-TO;461.29;461.94;286.63;287.04;0.65;0.4;1.75;998;0.93;1887;Port Hope;Oshawa
reference-interne;250;155.3;MTL-TO;462.84;463.55;287.6;288.04;0.71;0.44;1.68;1041;0.93;1887;Port Hope;Oshawa
reference-interne;250;155.3;MTL-TO;467.17;469.07;290.29;291.47;1.89;1.17;1.85;944;0.93;1887;Port Hope;Oshawa
reference-interne;250;155.3;MTL-TO;469.92;471.85;291.99;293.19;1.9;1.18;2.98;586;0.93;1887;Port Hope;Oshawa
reference-interne;250;155.3;MTL-TO;474.2;475.32;294.65;295.35;1.1;0.68;2.0;873;0.93;1887;Port Hope;Oshawa
reference-interne;250;155.3;MTL-TO;476.6;477.67;296.15;296.81;1.05;0.65;1.98;882;0.93;1887;Port Hope;Oshawa
reference-interne;250;155.3;MTL-TO;478.9;479.62;297.57;298.02;0.7;0.43;1.98;882;0.93;1887;Port Hope;Oshawa
reference-interne;250;155.3;MTL-TO;479.98;484.14;298.25;300.83;4.09;2.54;2.75;634;0.93;1887;Port Hope;Oshawa
reference-interne;250;155.3;MTL-TO;491.01;492.21;305.1;305.85;1.17;0.73;2.01;869;0.93;1887;Oshawa;Guildwood
reference-interne;250;155.3;MTL-TO;494.74;495.68;307.42;308.0;0.92;0.57;2.02;866;0.93;1887;Oshawa;Guildwood
reference-interne;250;155.3;MTL-TO;503.18;509.83;312.66;316.79;6.6;4.1;2.02;865;0.93;1887;Oshawa;Guildwood
reference-interne;250;155.3;MTL-TO;510.4;511.61;317.15;317.9;1.19;0.74;1.97;886;0.93;1887;Oshawa;Guildwood
reference-interne;250;155.3;MTL-TO;514.4;515.99;319.63;320.62;1.58;0.98;2.19;798;0.93;1887;Oshawa;Guildwood
reference-interne;250;155.3;MTL-TO;520.24;520.69;323.26;323.54;0.45;0.28;1.71;1020;0.93;1887;Guildwood;Toronto
reference-interne;250;155.3;MTL-TO;520.96;522.29;323.71;324.54;1.3;0.81;5.14;340;0.93;1887;Guildwood;Toronto
reference-interne;250;155.3;MTL-TO;524.38;525.01;325.83;326.23;0.63;0.39;1.99;876;0.93;1887;Guildwood;Toronto
reference-interne;250;155.3;MTL-TO;528.52;530.09;328.41;329.38;1.55;0.96;1.85;944;0.93;1887;Guildwood;Toronto
reference-interne;250;155.3;MTL-TO;535.02;538.97;332.45;334.9;3.89;2.42;2.32;753;0.93;1887;Guildwood;Toronto
reference-interne;250;155.3;MTL-TO;540.04;540.08;335.57;335.59;0.04;0.02;2.48;703;0.93;1887;Guildwood;Toronto
reference-interne;300;186.4;MTL-QC;0.0;2.91;0.0;1.81;2.89;1.8;7.22;242;0.64;2717;Montréal;Saint-Lambert
reference-interne;300;186.4;MTL-QC;8.01;20.18;4.98;12.54;12.16;7.56;1.74;1006;0.64;2717;Saint-Lambert;Saint-Hyacinthe
reference-interne;300;186.4;MTL-QC;28.97;34.62;18.0;21.51;5.59;3.47;6.99;250;0.64;2717;Saint-Lambert;Saint-Hyacinthe
reference-interne;300;186.4;MTL-QC;58.44;62.6;36.31;38.9;4.14;2.57;2.94;594;0.64;2717;Saint-Hyacinthe;Drummondville
reference-interne;300;186.4;MTL-QC;63.84;64.57;39.67;40.12;0.72;0.45;1.86;938;0.64;2717;Saint-Hyacinthe;Drummondville
reference-interne;300;186.4;MTL-QC;65.93;66.88;40.97;41.56;0.93;0.58;1.98;884;0.64;2717;Saint-Hyacinthe;Drummondville
reference-interne;300;186.4;MTL-QC;68.38;69.44;42.49;43.15;1.05;0.65;3.07;568;0.64;2717;Saint-Hyacinthe;Drummondville
reference-interne;300;186.4;MTL-QC;80.87;90.52;50.25;56.25;9.64;5.99;1.56;1118;0.64;2717;Saint-Hyacinthe;Drummondville
reference-interne;300;186.4;MTL-QC;93.55;94.38;58.13;58.65;0.82;0.51;1.96;893;0.64;2717;Saint-Hyacinthe;Drummondville
reference-interne;300;186.4;MTL-QC;95.87;96.52;59.57;59.97;0.63;0.39;1.94;901;0.64;2717;Saint-Hyacinthe;Drummondville
reference-interne;300;186.4;MTL-QC;100.26;101.07;62.3;62.8;0.8;0.5;2.22;787;0.64;2717;Saint-Hyacinthe;Charny
reference-interne;300;186.4;MTL-QC;101.68;103.56;63.18;64.35;1.85;1.15;2.29;762;0.64;2717;Drummondville;Charny
reference-interne;300;186.4;MTL-QC;108.15;121.7;67.2;75.62;13.45;8.36;3.63;481;0.64;2717;Drummondville;Charny
reference-interne;300;186.4;MTL-QC;124.95;129.13;77.64;80.24;4.15;2.58;3.8;460;0.64;2717;Drummondville;Charny
reference-interne;300;186.4;MTL-QC;129.5;130.42;80.47;81.04;0.91;0.57;2.39;730;0.64;2717;Drummondville;Charny
reference-interne;300;186.4;MTL-QC;131.88;132.41;81.95;82.28;0.53;0.33;1.57;1113;0.64;2717;Drummondville;Charny
reference-interne;300;186.4;MTL-QC;149.93;161.61;93.16;100.42;11.63;7.23;6.77;258;0.64;2717;Drummondville;Charny
reference-interne;300;186.4;MTL-QC;169.25;225.33;105.17;140.01;55.91;34.74;5.46;320;0.64;2717;Drummondville;Charny
reference-interne;300;186.4;MTL-QC;230.01;232.25;142.92;144.31;2.23;1.39;1.41;1238;0.64;2717;Drummondville;Charny
reference-interne;300;186.4;MTL-QC;242.36;251.47;150.6;156.26;9.0;5.59;9.11;192;0.64;2717;Drummondville;Sainte-Foy
reference-interne;300;186.4;MTL-QC;253.12;256.93;157.28;159.65;3.73;2.32;11.21;156;0.64;2717;Sainte-Foy;Québec
reference-interne;300;186.4;MTL-QC;257.16;258.35;159.79;160.53;1.18;0.73;6.33;276;0.64;2717;Sainte-Foy;Québec
reference-interne;300;186.4;MTL-QC;259.17;262.76;161.04;163.27;3.53;2.19;6.4;273;0.64;2717;Sainte-Foy;Québec
reference-interne;300;186.4;MTL-QC;264.83;271.1;164.56;168.45;6.23;3.87;9.11;192;0.64;2717;Sainte-Foy;Québec
reference-interne;300;186.4;MTL-Ott;0.0;5.36;0.0;3.33;5.32;3.31;5.11;342;0.64;2717;Montréal;Dorval
reference-interne;300;186.4;MTL-Ott;9.62;11.14;5.98;6.92;1.49;0.93;2.11;828;0.64;2717;Montréal;Dorval
reference-interne;300;186.4;MTL-Ott;34.9;36.36;21.69;22.59;1.42;0.88;6.83;256;0.64;2717;Aéroport Montréal Pierre-Elliott Trudeau;Coteau
reference-interne;300;186.4;MTL-Ott;40.23;41.67;25.0;25.89;1.42;0.88;1.9;921;0.64;2717;Aéroport Montréal Pierre-Elliott Trudeau;Coteau
reference-interne;300;186.4;MTL-Ott;59.02;75.7;36.67;47.04;16.64;10.34;3.28;532;0.64;2717;Aéroport Montréal Pierre-Elliott Trudeau;Alexandria
reference-interne;300;186.4;MTL-Ott;79.55;85.53;49.43;53.15;5.92;3.68;2.68;652;0.64;2717;Coteau;Alexandria
reference-interne;300;186.4;MTL-Ott;87.16;98.74;54.16;61.35;11.56;7.18;3.51;497;0.64;2717;Coteau;Alexandria
reference-interne;300;186.4;MTL-Ott;99.84;106.15;62.04;65.96;6.27;3.9;3.47;504;0.64;2717;Alexandria;Casselman
reference-interne;300;186.4;MTL-Ott;108.07;111.88;67.15;69.52;3.77;2.34;2.88;606;0.64;2717;Alexandria;Casselman
reference-interne;300;186.4;MTL-Ott;113.13;116.99;70.3;72.69;3.82;2.37;3.68;474;0.64;2717;Alexandria;Casselman
reference-interne;300;186.4;MTL-Ott;117.27;127.33;72.87;79.12;10.02;6.23;3.76;464;0.64;2717;Alexandria;Casselman
reference-interne;300;186.4;MTL-Ott;128.75;140.84;80.0;87.51;12.08;7.51;3.29;531;0.64;2717;Alexandria;Ottawa
reference-interne;300;186.4;MTL-Ott;143.03;143.56;88.87;89.2;0.52;0.32;1.31;1333;0.64;2717;Casselman;Ottawa
reference-interne;300;186.4;MTL-Ott;143.84;180.83;89.38;112.36;36.97;22.97;4.53;386;0.64;2717;Casselman;Ottawa
reference-interne;300;186.4;MTL-Ott;181.68;183.04;112.89;113.74;1.35;0.84;4.99;350;0.64;2717;Casselman;Ottawa
reference-interne;300;186.4;MTL-Ott;184.29;185.56;114.51;115.3;1.26;0.78;2.14;816;0.64;2717;Casselman;Ottawa
reference-interne;300;186.4;Ott-TO;0.01;1.03;0.01;0.64;1.01;0.63;8.74;200;0.64;2717;Ottawa;Smiths Falls
reference-interne;300;186.4;Ott-TO;1.67;7.35;1.04;4.57;5.61;3.49;2.78;629;0.64;2717;Ottawa;Smiths Falls
reference-interne;300;186.4;Ott-TO;7.97;27.03;4.95;16.8;18.97;11.79;3.28;532;0.64;2717;Ottawa;Smiths Falls
reference-interne;300;186.4;Ott-TO;48.51;48.74;30.14;30.29;0.23;0.14;1.39;1260;0.64;2717;Ottawa;Smiths Falls
reference-interne;300;186.4;Ott-TO;61.64;69.47;38.3;43.17;7.76;4.82;8.17;214;0.64;2717;Ottawa;Brockville
reference-interne;300;186.4;Ott-TO;90.22;95.59;56.06;59.4;5.34;3.32;2.02;864;0.64;2717;Smiths Falls;Brockville
reference-interne;300;186.4;Ott-TO;96.07;97.12;59.7;60.35;1.05;0.65;0.74;2357;0.64;2717;Smiths Falls;Brockville
reference-interne;300;186.4;Ott-TO;109.07;112.05;67.77;69.62;2.93;1.82;8.87;197;0.64;2717;Smiths Falls;Gananoque
reference-interne;300;186.4;Ott-TO;113.16;114.07;70.31;70.88;0.91;0.57;0.68;2574;0.64;2717;Brockville;Gananoque
reference-interne;300;186.4;Ott-TO;117.74;119.26;73.16;74.1;1.51;0.94;1.85;943;0.64;2717;Brockville;Gananoque
reference-interne;300;186.4;Ott-TO;119.78;126.5;74.43;78.6;6.69;4.16;2.44;716;0.64;2717;Brockville;Gananoque
reference-interne;300;186.4;Ott-TO;133.08;138.46;82.69;86.04;5.33;3.31;3.03;576;0.64;2717;Brockville;Gananoque
reference-interne;300;186.4;Ott-TO;151.1;158.7;93.89;98.61;7.55;4.69;2.91;600;0.64;2717;Brockville;Kingston
reference-interne;300;186.4;Ott-TO;160.49;161.13;99.72;100.12;0.64;0.4;1.72;1017;0.64;2717;Gananoque;Kingston
reference-interne;300;186.4;Ott-TO;165.06;171.76;102.56;106.73;6.7;4.16;0.68;2563;0.64;2717;Gananoque;Kingston
reference-interne;300;186.4;Ott-TO;172.01;188.25;106.88;116.97;16.1;10.0;3.85;454;0.64;2717;Gananoque;Kingston
reference-interne;300;186.4;Ott-TO;188.61;194.39;117.2;120.79;5.72;3.55;3.54;494;0.64;2717;Gananoque;Napanee
reference-interne;300;186.4;Ott-TO;194.83;196.78;121.06;122.27;1.93;1.2;2.15;811;0.64;2717;Kingston;Napanee
reference-interne;300;186.4;Ott-TO;196.99;205.27;122.4;127.55;8.25;5.13;2.19;798;0.64;2717;Kingston;Napanee
reference-interne;300;186.4;Ott-TO;212.01;222.57;131.74;138.3;10.53;6.54;2.1;830;0.64;2717;Kingston;Napanee
reference-interne;300;186.4;Ott-TO;223.07;224.97;138.61;139.79;1.88;1.17;2.2;793;0.64;2717;Kingston;Napanee
reference-interne;300;186.4;Ott-TO;225.87;228.65;140.35;142.08;2.76;1.71;3.15;554;0.64;2717;Kingston;Belleville
reference-interne;300;186.4;Ott-TO;236.47;237.05;146.94;147.3;0.58;0.36;1.67;1048;0.64;2717;Napanee;Belleville
reference-interne;300;186.4;Ott-TO;239.02;252.65;148.52;156.99;13.59;8.44;2.0;872;0.64;2717;Napanee;Belleville
reference-interne;300;186.4;Ott-TO;252.89;255.1;157.14;158.51;2.2;1.37;2.12;824;0.64;2717;Napanee;Belleville
reference-interne;300;186.4;Ott-TO;279.71;280.72;173.8;174.43;0.99;0.62;1.89;923;0.64;2717;Belleville;Trenton Junction
reference-interne;300;186.4;Ott-TO;282.23;283.02;175.37;175.86;0.78;0.48;1.56;1120;0.64;2717;Belleville;Cobourg
reference-interne;300;186.4;Ott-TO;283.98;284.59;176.46;176.84;0.61;0.38;1.7;1029;0.64;2717;Trenton Junction;Cobourg
reference-interne;300;186.4;Ott-TO;330.51;333.82;205.37;207.43;3.28;2.04;2.02;864;0.64;2717;Trenton Junction;Port Hope
reference-interne;300;186.4;Ott-TO;334.46;338.97;207.82;210.63;4.48;2.78;2.03;860;0.64;2717;Cobourg;Port Hope
reference-interne;300;186.4;Ott-TO;341.85;345.34;212.42;214.58;3.47;2.16;2.65;659;0.64;2717;Cobourg;Oshawa
reference-interne;300;186.4;Ott-TO;353.65;354.22;219.75;220.1;0.57;0.35;1.63;1069;0.64;2717;Port Hope;Oshawa
reference-interne;300;186.4;Ott-TO;355.64;356.13;220.98;221.29;0.49;0.3;1.82;962;0.64;2717;Port Hope;Oshawa
reference-interne;300;186.4;Ott-TO;356.85;358.08;221.74;222.5;1.22;0.76;1.48;1181;0.64;2717;Port Hope;Oshawa
reference-interne;300;186.4;Ott-TO;365.04;366.42;226.83;227.68;1.35;0.84;2.01;868;0.64;2717;Port Hope;Oshawa
reference-interne;300;186.4;Ott-TO;367.12;367.77;228.12;228.52;0.65;0.4;1.75;998;0.64;2717;Port Hope;Oshawa
reference-interne;300;186.4;Ott-TO;368.67;369.38;229.08;229.52;0.71;0.44;1.68;1040;0.64;2717;Port Hope;Oshawa
reference-interne;300;186.4;Ott-TO;373.0;374.9;231.77;232.95;1.89;1.17;1.85;944;0.64;2717;Port Hope;Oshawa
reference-interne;300;186.4;Ott-TO;375.75;377.68;233.48;234.68;1.9;1.18;2.98;586;0.64;2717;Port Hope;Oshawa
reference-interne;300;186.4;Ott-TO;380.03;381.15;236.14;236.84;1.1;0.68;2.0;873;0.64;2717;Port Hope;Oshawa
reference-interne;300;186.4;Ott-TO;382.43;383.85;237.63;238.51;1.39;0.86;1.98;882;0.64;2717;Port Hope;Oshawa
reference-interne;300;186.4;Ott-TO;384.73;390.04;239.06;242.36;5.2;3.23;2.75;634;0.64;2717;Port Hope;Oshawa
reference-interne;300;186.4;Ott-TO;393.28;398.04;244.37;247.33;4.74;2.95;2.01;869;0.64;2717;Oshawa;Guildwood
reference-interne;300;186.4;Ott-TO;400.23;415.69;248.69;258.3;15.37;9.55;2.02;865;0.64;2717;Oshawa;Guildwood
reference-interne;300;186.4;Ott-TO;416.23;417.44;258.63;259.39;1.19;0.74;1.97;886;0.64;2717;Oshawa;Guildwood
reference-interne;300;186.4;Ott-TO;420.23;421.8;261.12;262.09;1.56;0.97;2.4;728;0.64;2717;Oshawa;Guildwood
reference-interne;300;186.4;Ott-TO;426.08;426.52;264.75;265.03;0.44;0.27;1.71;1020;0.64;2717;Guildwood;Toronto
reference-interne;300;186.4;Ott-TO;426.8;428.13;265.2;266.03;1.3;0.81;6.15;284;0.64;2717;Guildwood;Toronto
reference-interne;300;186.4;Ott-TO;428.6;430.85;266.32;267.72;2.24;1.39;1.99;877;0.64;2717;Guildwood;Toronto
reference-interne;300;186.4;Ott-TO;434.36;435.93;269.9;270.87;1.55;0.96;1.85;946;0.64;2717;Guildwood;Toronto
reference-interne;300;186.4;Ott-TO;437.85;444.8;272.07;276.39;6.88;4.28;2.32;752;0.64;2717;Guildwood;Toronto
reference-interne;300;186.4;Ott-TO;445.88;445.92;277.06;277.08;0.04;0.02;2.7;646;0.64;2717;Guildwood;Toronto
reference-interne;300;186.4;MTL-TO;0.0;5.36;0.0;3.33;5.32;3.31;5.09;343;0.64;2717;Montréal;Dorval
reference-interne;300;186.4;MTL-TO;9.62;11.14;5.98;6.92;1.49;0.93;2.11;828;0.64;2717;Montréal;Dorval
reference-interne;300;186.4;MTL-TO;34.89;36.35;21.68;22.59;1.42;0.88;6.22;281;0.64;2717;Aéroport Montréal Pierre-Elliott Trudeau;Coteau
reference-interne;300;186.4;MTL-TO;40.23;41.66;25.0;25.89;1.4;0.87;1.9;921;0.64;2717;Aéroport Montréal Pierre-Elliott Trudeau;Coteau
reference-interne;300;186.4;MTL-TO;59.0;59.79;36.66;37.15;0.79;0.49;1.4;1250;0.64;2717;Aéroport Montréal Pierre-Elliott Trudeau;Coteau
reference-interne;300;186.4;MTL-TO;102.47;133.56;63.67;82.99;30.97;19.24;2.05;852;0.64;2717;Coteau;Brockville
reference-interne;300;186.4;MTL-TO;181.56;182.15;112.82;113.18;0.58;0.36;1.93;906;0.64;2717;Coteau;Brockville
reference-interne;300;186.4;MTL-TO;182.69;183.97;113.52;114.31;1.26;0.78;2.03;859;0.64;2717;Coteau;Brockville
reference-interne;300;186.4;MTL-TO;201.98;204.36;125.5;126.98;2.34;1.45;2.92;599;0.64;2717;Coteau;Brockville
reference-interne;300;186.4;MTL-TO;205.41;206.2;127.64;128.13;0.79;0.49;1.85;946;0.64;2717;Brockville;Gananoque
reference-interne;300;186.4;MTL-TO;207.32;208.24;128.82;129.39;0.92;0.57;0.68;2571;0.64;2717;Brockville;Gananoque
reference-interne;300;186.4;MTL-TO;208.92;213.42;129.82;132.61;4.48;2.78;1.85;944;0.64;2717;Brockville;Gananoque
reference-interne;300;186.4;MTL-TO;213.93;220.66;132.93;137.11;6.7;4.16;2.41;725;0.64;2717;Brockville;Gananoque
reference-interne;300;186.4;MTL-TO;230.18;231.36;143.03;143.76;1.17;0.73;1.88;928;0.64;2717;Brockville;Gananoque
reference-interne;300;186.4;MTL-TO;245.26;252.87;152.4;157.13;7.56;4.7;2.91;600;0.64;2717;Brockville;Kingston
reference-interne;300;186.4;MTL-TO;254.26;255.29;157.99;158.63;1.02;0.63;1.72;1017;0.64;2717;Gananoque;Kingston
reference-interne;300;186.4;MTL-TO;259.23;265.91;161.08;165.23;6.68;4.15;0.68;2566;0.64;2717;Gananoque;Kingston
reference-interne;300;186.4;MTL-TO;266.17;282.41;165.39;175.48;16.09;10.0;4.12;424;0.64;2717;Gananoque;Kingston
reference-interne;300;186.4;MTL-TO;282.76;284.57;175.7;176.82;1.79;1.11;3.54;494;0.64;2717;Gananoque;Kingston
reference-interne;300;186.4;MTL-TO;286.69;288.54;178.14;179.29;1.83;1.14;1.84;948;0.64;2717;Kingston;Napanee
reference-interne;300;186.4;MTL-TO;288.99;290.93;179.57;180.78;1.92;1.19;2.15;812;0.64;2717;Kingston;Napanee
reference-interne;300;186.4;MTL-TO;291.15;299.43;180.91;186.06;8.25;5.13;2.19;798;0.64;2717;Kingston;Napanee
reference-interne;300;186.4;MTL-TO;306.17;316.82;190.25;196.86;10.61;6.59;2.1;830;0.64;2717;Kingston;Napanee
reference-interne;300;186.4;MTL-TO;317.21;319.12;197.11;198.29;1.89;1.17;2.2;793;0.64;2717;Kingston;Napanee
reference-interne;300;186.4;MTL-TO;320.01;322.79;198.84;200.57;2.76;1.71;3.18;550;0.64;2717;Kingston;Napanee
reference-interne;300;186.4;MTL-TO;328.33;331.2;204.01;205.8;2.86;1.78;1.67;1046;0.64;2717;Napanee;Belleville
reference-interne;300;186.4;MTL-TO;333.17;346.79;207.02;215.49;13.58;8.44;2.01;868;0.64;2717;Napanee;Belleville
reference-interne;300;186.4;MTL-TO;347.03;349.24;215.63;217.01;2.2;1.37;2.12;824;0.64;2717;Napanee;Belleville
reference-interne;300;186.4;MTL-TO;370.75;377.07;230.37;234.3;6.27;3.9;1.89;922;0.64;2717;Belleville;Trenton Junction
reference-interne;300;186.4;MTL-TO;378.16;378.77;234.98;235.36;0.61;0.38;1.7;1028;0.64;2717;Trenton Junction;Cobourg
reference-interne;300;186.4;MTL-TO;424.68;427.99;263.88;265.94;3.28;2.04;2.02;864;0.64;2717;Trenton Junction;Port Hope
reference-interne;300;186.4;MTL-TO;428.63;433.14;266.34;269.14;4.48;2.78;2.03;860;0.64;2717;Cobourg;Port Hope
reference-interne;300;186.4;MTL-TO;436.02;439.51;270.93;273.1;3.47;2.16;2.65;659;0.64;2717;Cobourg;Oshawa
reference-interne;300;186.4;MTL-TO;447.82;448.39;278.26;278.62;0.57;0.35;1.63;1069;0.64;2717;Port Hope;Oshawa
reference-interne;300;186.4;MTL-TO;449.81;450.3;279.5;279.8;0.49;0.3;1.82;962;0.64;2717;Port Hope;Oshawa
reference-interne;300;186.4;MTL-TO;451.02;452.25;280.25;281.02;1.22;0.76;1.48;1181;0.64;2717;Port Hope;Oshawa
reference-interne;300;186.4;MTL-TO;459.21;460.59;285.34;286.2;1.35;0.84;2.01;868;0.64;2717;Port Hope;Oshawa
reference-interne;300;186.4;MTL-TO;461.29;461.94;286.63;287.04;0.65;0.4;1.75;998;0.64;2717;Port Hope;Oshawa
reference-interne;300;186.4;MTL-TO;462.84;463.55;287.6;288.04;0.71;0.44;1.68;1041;0.64;2717;Port Hope;Oshawa
reference-interne;300;186.4;MTL-TO;467.17;469.07;290.29;291.47;1.89;1.17;1.85;944;0.64;2717;Port Hope;Oshawa
reference-interne;300;186.4;MTL-TO;469.92;471.85;291.99;293.19;1.9;1.18;2.98;586;0.64;2717;Port Hope;Oshawa
reference-interne;300;186.4;MTL-TO;474.2;475.32;294.65;295.35;1.1;0.68;2.0;873;0.64;2717;Port Hope;Oshawa
reference-interne;300;186.4;MTL-TO;476.6;478.02;296.15;297.03;1.39;0.86;1.98;882;0.64;2717;Port Hope;Oshawa
reference-interne;300;186.4;MTL-TO;478.9;484.14;297.57;300.83;5.13;3.19;2.75;634;0.64;2717;Port Hope;Oshawa
reference-interne;300;186.4;MTL-TO;491.01;492.21;305.1;305.85;1.17;0.73;2.01;869;0.64;2717;Oshawa;Guildwood
reference-interne;300;186.4;MTL-TO;494.74;495.68;307.42;308.0;0.92;0.57;2.02;866;0.64;2717;Oshawa;Guildwood
reference-interne;300;186.4;MTL-TO;503.18;509.83;312.66;316.79;6.6;4.1;2.02;865;0.64;2717;Oshawa;Guildwood
reference-interne;300;186.4;MTL-TO;510.4;511.61;317.15;317.9;1.19;0.74;1.97;886;0.64;2717;Oshawa;Guildwood
reference-interne;300;186.4;MTL-TO;512.53;515.99;318.47;320.62;3.44;2.14;2.19;798;0.64;2717;Oshawa;Guildwood
reference-interne;300;186.4;MTL-TO;520.24;520.69;323.26;323.54;0.45;0.28;1.71;1020;0.64;2717;Guildwood;Toronto
reference-interne;300;186.4;MTL-TO;520.96;522.29;323.71;324.54;1.3;0.81;5.14;340;0.64;2717;Guildwood;Toronto
reference-interne;300;186.4;MTL-TO;522.77;525.01;324.83;326.23;2.23;1.39;1.99;876;0.64;2717;Guildwood;Toronto
reference-interne;300;186.4;MTL-TO;528.52;530.09;328.41;329.38;1.55;0.96;1.85;944;0.64;2717;Guildwood;Toronto
reference-interne;300;186.4;MTL-TO;532.19;538.97;330.69;334.9;6.71;4.17;2.32;753;0.64;2717;Guildwood;Toronto
reference-interne;300;186.4;MTL-TO;540.04;540.08;335.57;335.59;0.04;0.02;2.48;703;0.64;2717;Guildwood;Toronto
